observation_id,keyword_id,alias_group_id,source,lens,location,language,network,window_start,window_end,precision_mode,raw_text,value_low,value_high,three_month_change,yoy_change,competition,competition_index,bid_low,bid_high,currency,state,pulled_on,run_id,source_file,source_row
ob_000001,kw_000001,,volumes,country,United Kingdom,English,Google Search,2025-08-01,2026-07-31,encoded_band,50.0,10,100,0,0,Low,5,,,GBP,returned,2026-08-17,2026-09-11-01-legacy,raw/gkp-volumes-01-game-nights.csv,3
ob_000002,kw_000002,,volumes,country,United Kingdom,English,Google Search,2025-08-01,2026-07-31,encoded_band,,,,,,,,,,GBP,absent,2026-08-17,2026-09-11-01-legacy,raw/gkp-volumes-01-game-nights.csv,4
ob_000003,kw_000003,,volumes,country,United Kingdom,English,Google Search,2025-08-01,2026-07-31,encoded_band,,,,,,,,,,GBP,absent,2026-08-17,2026-09-11-01-legacy,raw/gkp-volumes-01-game-nights.csv,5
ob_000004,kw_000004,,volumes,country,United Kingdom,English,Google Search,2025-08-01,2026-07-31,encoded_band,500.0,100,1000,0,0,Low,7,1.09,4.81,GBP,returned,2026-08-17,2026-09-11-01-legacy,raw/gkp-volumes-01-game-nights.csv,6
ob_000005,kw_000005,,volumes,country,United Kingdom,English,Google Search,2025-08-01,2026-07-31,encoded_band,,,,,,,,,,GBP,absent,2026-08-17,2026-09-11-01-legacy,raw/gkp-volumes-01-game-nights.csv,7
ob_000006,kw_000006,,volumes,country,United Kingdom,English,Google Search,2025-08-01,2026-07-31,encoded_band,,,,,,,,,,GBP,absent,2026-08-17,2026-09-11-01-legacy,raw/gkp-volumes-01-game-nights.csv,8
ob_000007,kw_000007,,volumes,country,United Kingdom,English,Google Search,2025-08-01,2026-07-31,encoded_band,,,,,,,,,,GBP,absent,2026-08-17,2026-09-11-01-legacy,raw/gkp-volumes-01-game-nights.csv,9
ob_000008,kw_000008,,volumes,country,United Kingdom,English,Google Search,2025-08-01,2026-07-31,encoded_band,50.0,10,100,0,0,Low,21,3.9,9.49,GBP,returned,2026-08-17,2026-09-11-01-legacy,raw/gkp-volumes-01-game-nights.csv,10
ob_000009,kw_000009,,volumes,country,United Kingdom,English,Google Search,2025-08-01,2026-07-31,encoded_band,50.0,10,100,0,0,Low,7,,,GBP,returned,2026-08-17,2026-09-11-01-legacy,raw/gkp-volumes-01-game-nights.csv,11
ob_000010,kw_000010,,volumes,country,United Kingdom,English,Google Search,2025-08-01,2026-07-31,encoded_band,500.0,100,1000,0,0,Low,0,,,GBP,returned,2026-08-17,2026-09-11-01-legacy,raw/gkp-volumes-01-game-nights.csv,12
ob_000011,kw_000011,,volumes,country,United Kingdom,English,Google Search,2025-08-01,2026-07-31,encoded_band,50.0,10,100,0,0,Low,3,,,GBP,returned,2026-08-17,2026-09-11-01-legacy,raw/gkp-volumes-01-game-nights.csv,13
ob_000012,kw_000012,,volumes,country,United Kingdom,English,Google Search,2025-08-01,2026-07-31,encoded_band,50.0,10,100,0,0,Low,9,,,GBP,returned,2026-08-17,2026-09-11-01-legacy,raw/gkp-volumes-01-game-nights.csv,14
ob_000013,kw_000013,,volumes,country,United Kingdom,English,Google Search,2025-08-01,2026-07-31,encoded_band,,,,,,,,,,GBP,absent,2026-08-17,2026-09-11-01-legacy,raw/gkp-volumes-01-game-nights.csv,15
ob_000014,kw_000014,,volumes,country,United Kingdom,English,Google Search,2025-08-01,2026-07-31,encoded_band,5000.0,1000,10000,0,0,Low,28,0.14,0.73,GBP,returned,2026-08-17,2026-09-11-01-legacy,raw/gkp-volumes-01-game-nights.csv,16
ob_000015,kw_000015,,volumes,country,United Kingdom,English,Google Search,2025-08-01,2026-07-31,encoded_band,,,,,,,,,,GBP,absent,2026-08-17,2026-09-11-01-legacy,raw/gkp-volumes-01-game-nights.csv,17
ob_000016,kw_000016,,volumes,country,United Kingdom,English,Google Search,2025-08-01,2026-07-31,encoded_band,50.0,10,100,0,,Low,22,,,GBP,returned,2026-08-17,2026-09-11-01-legacy,raw/gkp-volumes-01-game-nights.csv,18
ob_000017,kw_000017,,volumes,country,United Kingdom,English,Google Search,2025-08-01,2026-07-31,encoded_band,50000.0,10000,100000,0,0,Low,32,0.26,0.78,GBP,returned,2026-08-17,2026-09-11-01-legacy,raw/gkp-volumes-01-game-nights.csv,19
ob_000018,kw_000018,,volumes,country,United Kingdom,English,Google Search,2025-08-01,2026-07-31,encoded_band,500.0,100,1000,0,0,Low,10,,,GBP,returned,2026-08-17,2026-09-11-01-legacy,raw/gkp-volumes-01-game-nights.csv,20
ob_000019,kw_000019,,volumes,country,United Kingdom,English,Google Search,2025-08-01,2026-07-31,encoded_band,500.0,100,1000,0,0,Low,19,,,GBP,returned,2026-08-17,2026-09-11-01-legacy,raw/gkp-volumes-01-game-nights.csv,21
ob_000020,kw_000020,,volumes,country,United Kingdom,English,Google Search,2025-08-01,2026-07-31,encoded_band,50.0,10,100,0,0,Low,13,,,GBP,returned,2026-08-17,2026-09-11-01-legacy,raw/gkp-volumes-01-game-nights.csv,22
ob_000021,kw_000021,,volumes,country,United Kingdom,English,Google Search,2025-08-01,2026-07-31,encoded_band,50.0,10,100,0,0,Low,11,,,GBP,returned,2026-08-17,2026-09-11-01-legacy,raw/gkp-volumes-01-game-nights.csv,23
ob_000022,kw_000022,,volumes,country,United Kingdom,English,Google Search,2025-08-01,2026-07-31,encoded_band,500.0,100,1000,0,0,Low,12,0.53,2.22,GBP,returned,2026-08-17,2026-09-11-01-legacy,raw/gkp-volumes-01-game-nights.csv,24
ob_000023,kw_000023,,volumes,country,United Kingdom,English,Google Search,2025-08-01,2026-07-31,encoded_band,500.0,100,1000,0,0,Low,2,,,GBP,returned,2026-08-17,2026-09-11-01-legacy,raw/gkp-volumes-01-game-nights.csv,25
ob_000024,kw_000024,,volumes,country,United Kingdom,English,Google Search,2025-08-01,2026-07-31,encoded_band,,,,,,,,,,GBP,absent,2026-08-17,2026-09-11-01-legacy,raw/gkp-volumes-01-game-nights.csv,26
ob_000025,kw_000025,,volumes,country,United Kingdom,English,Google Search,2025-08-01,2026-07-31,encoded_band,,,,,,,,,,GBP,absent,2026-08-17,2026-09-11-01-legacy,raw/gkp-volumes-01-game-nights.csv,27
ob_000026,kw_000026,,volumes,country,United Kingdom,English,Google Search,2025-08-01,2026-07-31,encoded_band,500.0,100,1000,0,0,Low,0,,,GBP,returned,2026-08-17,2026-09-11-01-legacy,raw/gkp-volumes-01-game-nights.csv,28
ob_000027,kw_000027,,volumes,country,United Kingdom,English,Google Search,2025-08-01,2026-07-31,encoded_band,50.0,10,100,0,0,Low,0,,,GBP,returned,2026-08-17,2026-09-11-01-legacy,raw/gkp-volumes-01-game-nights.csv,29
ob_000028,kw_000028,,volumes,country,United Kingdom,English,Google Search,2025-08-01,2026-07-31,encoded_band,,,,,,,,,,GBP,absent,2026-08-17,2026-09-11-01-legacy,raw/gkp-volumes-01-game-nights.csv,30
ob_000029,kw_000029,,volumes,country,United Kingdom,English,Google Search,2025-08-01,2026-07-31,encoded_band,50.0,10,100,0,0,,,,,GBP,returned,2026-08-17,2026-09-11-01-legacy,raw/gkp-volumes-01-game-nights.csv,31
ob_000030,kw_000030,,volumes,country,United Kingdom,English,Google Search,2025-08-01,2026-07-31,encoded_band,,,,,,,,,,GBP,absent,2026-08-17,2026-09-11-01-legacy,raw/gkp-volumes-01-game-nights.csv,32
ob_000031,kw_000031,,volumes,country,United Kingdom,English,Google Search,2025-08-01,2026-07-31,encoded_band,50.0,10,100,0,0,Low,0,,,GBP,returned,2026-08-17,2026-09-11-01-legacy,raw/gkp-volumes-01-game-nights.csv,33
ob_000032,kw_000032,,volumes,country,United Kingdom,English,Google Search,2025-08-01,2026-07-31,encoded_band,50.0,10,100,-1,-1,,,,,GBP,returned,2026-08-17,2026-09-11-01-legacy,raw/gkp-volumes-01-game-nights.csv,34
ob_000033,kw_000033,,volumes,country,United Kingdom,English,Google Search,2025-08-01,2026-07-31,encoded_band,50.0,10,100,0,,Low,0,,,GBP,returned,2026-08-17,2026-09-11-01-legacy,raw/gkp-volumes-01-game-nights.csv,35
ob_000034,kw_000034,,volumes,country,United Kingdom,English,Google Search,2025-08-01,2026-07-31,encoded_band,500.0,100,1000,0,-0.9,Low,0,,,GBP,returned,2026-08-17,2026-09-11-01-legacy,raw/gkp-volumes-01-game-nights.csv,36
ob_000035,kw_000035,,volumes,country,United Kingdom,English,Google Search,2025-08-01,2026-07-31,encoded_band,,,,,,,,,,GBP,absent,2026-08-17,2026-09-11-01-legacy,raw/gkp-volumes-01-game-nights.csv,37
ob_000036,kw_000036,,volumes,country,United Kingdom,English,Google Search,2025-08-01,2026-07-31,encoded_band,500.0,100,1000,0,0,Low,4,0.47,1.53,GBP,returned,2026-08-17,2026-09-11-01-legacy,raw/gkp-volumes-01-game-nights.csv,38
ob_000037,kw_000037,,volumes,country,United Kingdom,English,Google Search,2025-08-01,2026-07-31,encoded_band,,,,,,,,,,GBP,absent,2026-08-17,2026-09-11-01-legacy,raw/gkp-volumes-01-game-nights.csv,39
ob_000038,kw_000038,,volumes,country,United Kingdom,English,Google Search,2025-08-01,2026-07-31,encoded_band,,,,,,,,,,GBP,absent,2026-08-17,2026-09-11-01-legacy,raw/gkp-volumes-01-game-nights.csv,40
ob_000039,kw_000039,,volumes,country,United Kingdom,English,Google Search,2025-08-01,2026-07-31,encoded_band,,,,,,,,,,GBP,absent,2026-08-17,2026-09-11-01-legacy,raw/gkp-volumes-01-game-nights.csv,41
ob_000040,kw_000040,,volumes,country,United Kingdom,English,Google Search,2025-08-01,2026-07-31,encoded_band,,,,,,,,,,GBP,absent,2026-08-17,2026-09-11-01-legacy,raw/gkp-volumes-01-game-nights.csv,42
ob_000041,kw_000041,,volumes,country,United Kingdom,English,Google Search,2025-08-01,2026-07-31,encoded_band,5000.0,1000,10000,0,-0.9,Low,7,0.73,2.38,GBP,returned,2026-08-17,2026-09-11-01-legacy,raw/gkp-volumes-01-game-nights.csv,43
ob_000042,kw_000042,,volumes,country,United Kingdom,English,Google Search,2025-08-01,2026-07-31,encoded_band,50.0,10,100,0,0,Low,0,,,GBP,returned,2026-08-17,2026-09-11-01-legacy,raw/gkp-volumes-01-game-nights.csv,44
ob_000043,kw_000043,,volumes,country,United Kingdom,English,Google Search,2025-08-01,2026-07-31,encoded_band,50.0,10,100,0,0,Low,0,,,GBP,returned,2026-08-17,2026-09-11-01-legacy,raw/gkp-volumes-01-game-nights.csv,45
ob_000044,kw_000044,,volumes,country,United Kingdom,English,Google Search,2025-08-01,2026-07-31,encoded_band,500.0,100,1000,0,0,Low,4,0.69,1.49,GBP,returned,2026-08-17,2026-09-11-01-legacy,raw/gkp-volumes-01-game-nights.csv,46
ob_000045,kw_000045,,volumes,country,United Kingdom,English,Google Search,2025-08-01,2026-07-31,encoded_band,,,,,,,,,,GBP,absent,2026-08-17,2026-09-11-01-legacy,raw/gkp-volumes-01-game-nights.csv,47
ob_000046,kw_000046,,volumes,country,United Kingdom,English,Google Search,2025-08-01,2026-07-31,encoded_band,5000.0,1000,10000,0,0,Low,3,0.6,1.94,GBP,returned,2026-08-17,2026-09-11-01-legacy,raw/gkp-volumes-01-game-nights.csv,48
ob_000047,kw_000047,,volumes,country,United Kingdom,English,Google Search,2025-08-01,2026-07-31,encoded_band,,,,,,,,,,GBP,absent,2026-08-17,2026-09-11-01-legacy,raw/gkp-volumes-01-game-nights.csv,49
ob_000048,kw_000048,,volumes,country,United Kingdom,English,Google Search,2025-08-01,2026-07-31,encoded_band,,,,,,,,,,GBP,absent,2026-08-17,2026-09-11-01-legacy,raw/gkp-volumes-01-game-nights.csv,50
ob_000049,kw_000049,,volumes,country,United Kingdom,English,Google Search,2025-08-01,2026-07-31,encoded_band,,,,,,,,,,GBP,absent,2026-08-17,2026-09-11-01-legacy,raw/gkp-volumes-01-game-nights.csv,51
ob_000050,kw_000050,,volumes,country,United Kingdom,English,Google Search,2025-08-01,2026-07-31,encoded_band,50.0,10,100,0,0,Low,0,,,GBP,returned,2026-08-17,2026-09-11-01-legacy,raw/gkp-volumes-01-game-nights.csv,52
ob_000051,kw_000051,,volumes,country,United Kingdom,English,Google Search,2025-08-01,2026-07-31,encoded_band,50.0,10,100,0,0,Low,8,,,GBP,returned,2026-08-17,2026-09-11-01-legacy,raw/gkp-volumes-01-game-nights.csv,53
ob_000052,kw_000052,,volumes,country,United Kingdom,English,Google Search,2025-08-01,2026-07-31,encoded_band,5000.0,1000,10000,0,0,Low,2,,,GBP,returned,2026-08-17,2026-09-11-01-legacy,raw/gkp-volumes-01-game-nights.csv,54
ob_000053,kw_000053,,volumes,country,United Kingdom,English,Google Search,2025-08-01,2026-07-31,encoded_band,,,,,,,,,,GBP,absent,2026-08-17,2026-09-11-01-legacy,raw/gkp-volumes-01-game-nights.csv,55
ob_000054,kw_000054,,volumes,country,United Kingdom,English,Google Search,2025-08-01,2026-07-31,encoded_band,,,,,,,,,,GBP,absent,2026-08-17,2026-09-11-01-legacy,raw/gkp-volumes-01-game-nights.csv,56
ob_000055,kw_000055,,volumes,country,United Kingdom,English,Google Search,2025-08-01,2026-07-31,encoded_band,50.0,10,100,0,0,High,100,,,GBP,returned,2026-08-17,2026-09-11-01-legacy,raw/gkp-volumes-01-game-nights.csv,57
ob_000056,kw_000056,,volumes,country,United Kingdom,English,Google Search,2025-08-01,2026-07-31,encoded_band,,,,,,,,,,GBP,absent,2026-08-17,2026-09-11-01-legacy,raw/gkp-volumes-01-game-nights.csv,58
ob_000057,kw_000057,,volumes,country,United Kingdom,English,Google Search,2025-08-01,2026-07-31,encoded_band,50.0,10,100,0,0,Low,17,,,GBP,returned,2026-08-17,2026-09-11-01-legacy,raw/gkp-volumes-01-game-nights.csv,59
ob_000058,kw_000058,,volumes,country,United Kingdom,English,Google Search,2025-08-01,2026-07-31,encoded_band,50.0,10,100,0,0,Low,7,,,GBP,returned,2026-08-17,2026-09-11-01-legacy,raw/gkp-volumes-01-game-nights.csv,60
ob_000059,kw_000059,,volumes,country,United Kingdom,English,Google Search,2025-08-01,2026-07-31,encoded_band,500.0,100,1000,0,0,Low,0,,,GBP,returned,2026-08-17,2026-09-11-01-legacy,raw/gkp-volumes-01-game-nights.csv,61
ob_000060,kw_000060,,volumes,country,United Kingdom,English,Google Search,2025-08-01,2026-07-31,encoded_band,,,,,,,,,,GBP,absent,2026-08-17,2026-09-11-01-legacy,raw/gkp-volumes-01-game-nights.csv,62
ob_000061,kw_000061,,discover,country,United Kingdom,English,Google Search,2025-08-01,2026-07-31,encoded_band,500,100,1000,0,0,High,98,0.36,1.68,GBP,returned,2026-09-08,2026-09-11-01-legacy,raw/gkp-discover-01-whats-on-things-to-do.csv,1
ob_000062,kw_000062,,discover,country,United Kingdom,English,Google Search,2025-08-01,2026-07-31,encoded_band,500,100,1000,0,0,High,100,0.25,1.48,GBP,returned,2026-09-08,2026-09-11-01-legacy,raw/gkp-discover-01-whats-on-things-to-do.csv,2
ob_000063,kw_000063,,discover,country,United Kingdom,English,Google Search,2025-08-01,2026-07-31,encoded_band,500,100,1000,9,0,Low,12,0.23,1.15,GBP,returned,2026-09-08,2026-09-11-01-legacy,raw/gkp-discover-01-whats-on-things-to-do.csv,3
ob_000064,kw_000036,,discover,country,United Kingdom,English,Google Search,2025-08-01,2026-07-31,encoded_band,500,100,1000,0,0,Low,4,0.47,1.53,GBP,returned,2026-09-08,2026-09-11-01-legacy,raw/gkp-discover-01-whats-on-things-to-do.csv,4
ob_000065,kw_000046,,discover,country,United Kingdom,English,Google Search,2025-08-01,2026-07-31,encoded_band,5000,1000,10000,0,0,Low,3,0.6,1.94,GBP,returned,2026-09-08,2026-09-11-01-legacy,raw/gkp-discover-01-whats-on-things-to-do.csv,5
ob_000066,kw_000017,,discover,country,United Kingdom,English,Google Search,2025-08-01,2026-07-31,encoded_band,50000,10000,100000,0,0,Low,32,0.26,0.78,GBP,returned,2026-09-08,2026-09-11-01-legacy,raw/gkp-discover-01-whats-on-things-to-do.csv,6
ob_000067,kw_000004,,discover,country,United Kingdom,English,Google Search,2025-08-01,2026-07-31,encoded_band,500,100,1000,0,0,Low,7,1.09,4.81,GBP,returned,2026-09-08,2026-09-11-01-legacy,raw/gkp-discover-01-whats-on-things-to-do.csv,7
ob_000068,kw_000064,,discover,country,United Kingdom,English,Google Search,2025-08-01,2026-07-31,encoded_band,500,100,1000,0,0,Low,9,,,GBP,returned,2026-09-08,2026-09-11-01-legacy,raw/gkp-discover-01-whats-on-things-to-do.csv,8
ob_000069,kw_000065,,discover,country,United Kingdom,English,Google Search,2025-08-01,2026-07-31,encoded_band,50000,10000,100000,0,0,High,95,0.38,1.33,GBP,returned,2026-09-08,2026-09-11-01-legacy,raw/gkp-discover-01-whats-on-things-to-do.csv,9
ob_000070,kw_000066,,discover,country,United Kingdom,English,Google Search,2025-08-01,2026-07-31,encoded_band,5000,1000,10000,0,0,High,100,0.32,1.22,GBP,returned,2026-09-08,2026-09-11-01-legacy,raw/gkp-discover-01-whats-on-things-to-do.csv,10
ob_000071,kw_000067,,discover,country,United Kingdom,English,Google Search,2025-08-01,2026-07-31,encoded_band,5000,1000,10000,0,0,High,92,0.25,1.12,GBP,returned,2026-09-08,2026-09-11-01-legacy,raw/gkp-discover-01-whats-on-things-to-do.csv,11
ob_000072,kw_000068,,discover,country,United Kingdom,English,Google Search,2025-08-01,2026-07-31,encoded_band,5000,1000,10000,0,0,High,97,0.4,1.55,GBP,returned,2026-09-08,2026-09-11-01-legacy,raw/gkp-discover-01-whats-on-things-to-do.csv,12
ob_000073,kw_000069,,discover,country,United Kingdom,English,Google Search,2025-08-01,2026-07-31,encoded_band,5000,1000,10000,-0.9,0,High,100,0.35,1.43,GBP,returned,2026-09-08,2026-09-11-01-legacy,raw/gkp-discover-01-whats-on-things-to-do.csv,13
ob_000074,kw_000070,,discover,country,United Kingdom,English,Google Search,2025-08-01,2026-07-31,encoded_band,500,100,1000,-0.9,0,High,100,0.32,1.06,GBP,returned,2026-09-08,2026-09-11-01-legacy,raw/gkp-discover-01-whats-on-things-to-do.csv,14
ob_000075,kw_000071,,discover,country,United Kingdom,English,Google Search,2025-08-01,2026-07-31,encoded_band,500,100,1000,0,0,High,99,0.43,1.26,GBP,returned,2026-09-08,2026-09-11-01-legacy,raw/gkp-discover-01-whats-on-things-to-do.csv,15
ob_000076,kw_000072,,discover,country,United Kingdom,English,Google Search,2025-08-01,2026-07-31,encoded_band,50000,10000,100000,0,0,High,97,0.32,1.22,GBP,returned,2026-09-08,2026-09-11-01-legacy,raw/gkp-discover-01-whats-on-things-to-do.csv,16
ob_000077,kw_000014,,discover,country,United Kingdom,English,Google Search,2025-08-01,2026-07-31,encoded_band,5000,1000,10000,0,0,Low,28,0.14,0.73,GBP,returned,2026-09-08,2026-09-11-01-legacy,raw/gkp-discover-01-whats-on-things-to-do.csv,17
ob_000078,kw_000041,,discover,country,United Kingdom,English,Google Search,2025-08-01,2026-07-31,encoded_band,5000,1000,10000,0,-0.9,Low,7,0.73,2.38,GBP,returned,2026-09-08,2026-09-11-01-legacy,raw/gkp-discover-01-whats-on-things-to-do.csv,18
ob_000079,kw_000073,,discover,country,United Kingdom,English,Google Search,2025-08-01,2026-07-31,encoded_band,500,100,1000,0,0,High,100,0.37,1.2,GBP,returned,2026-09-08,2026-09-11-01-legacy,raw/gkp-discover-01-whats-on-things-to-do.csv,19
ob_000080,kw_000074,,discover,country,United Kingdom,English,Google Search,2025-08-01,2026-07-31,encoded_band,500,100,1000,0,0,High,95,0.53,14.77,GBP,returned,2026-09-08,2026-09-11-01-legacy,raw/gkp-discover-01-whats-on-things-to-do.csv,20
ob_000081,kw_000075,,discover,country,United Kingdom,English,Google Search,2025-08-01,2026-07-31,encoded_band,500,100,1000,0,0,High,99,0.4,1.5,GBP,returned,2026-09-08,2026-09-11-01-legacy,raw/gkp-discover-01-whats-on-things-to-do.csv,21
ob_000082,kw_000076,,discover,country,United Kingdom,English,Google Search,2025-08-01,2026-07-31,encoded_band,50,10,100,0,0,High,95,0.3,1.12,GBP,returned,2026-09-08,2026-09-11-01-legacy,raw/gkp-discover-01-whats-on-things-to-do.csv,22
ob_000083,kw_000077,,discover,country,United Kingdom,English,Google Search,2025-08-01,2026-07-31,encoded_band,500,100,1000,0,0,High,99,0.43,1.26,GBP,returned,2026-09-08,2026-09-11-01-legacy,raw/gkp-discover-01-whats-on-things-to-do.csv,23
ob_000084,kw_000078,,discover,country,United Kingdom,English,Google Search,2025-08-01,2026-07-31,encoded_band,5000,1000,10000,0,0,Low,31,0.23,0.75,GBP,returned,2026-09-08,2026-09-11-01-legacy,raw/gkp-discover-01-whats-on-things-to-do.csv,24
ob_000085,kw_000079,,discover,country,United Kingdom,English,Google Search,2025-08-01,2026-07-31,encoded_band,5000,1000,10000,0,0,Low,17,0.59,1.57,GBP,returned,2026-09-08,2026-09-11-01-legacy,raw/gkp-discover-01-whats-on-things-to-do.csv,25
ob_000086,kw_000080,,discover,country,United Kingdom,English,Google Search,2025-08-01,2026-07-31,encoded_band,500,100,1000,0,0,High,99,0.33,1.19,GBP,returned,2026-09-08,2026-09-11-01-legacy,raw/gkp-discover-01-whats-on-things-to-do.csv,26
ob_000087,kw_000081,,discover,country,United Kingdom,English,Google Search,2025-08-01,2026-07-31,encoded_band,500,100,1000,-0.9,0,High,94,0.46,10.33,GBP,returned,2026-09-08,2026-09-11-01-legacy,raw/gkp-discover-01-whats-on-things-to-do.csv,27
ob_000088,kw_000082,,discover,country,United Kingdom,English,Google Search,2025-08-01,2026-07-31,encoded_band,500,100,1000,0,0,Medium,44,0.38,1.61,GBP,returned,2026-09-08,2026-09-11-01-legacy,raw/gkp-discover-01-whats-on-things-to-do.csv,28
ob_000089,kw_000083,,discover,country,United Kingdom,English,Google Search,2025-08-01,2026-07-31,encoded_band,500,100,1000,0,9,High,99,0.3,1.16,GBP,returned,2026-09-08,2026-09-11-01-legacy,raw/gkp-discover-01-whats-on-things-to-do.csv,29
ob_000090,kw_000084,,discover,country,United Kingdom,English,Google Search,2025-08-01,2026-07-31,encoded_band,500,100,1000,0,0,Low,6,0.37,1.68,GBP,returned,2026-09-08,2026-09-11-01-legacy,raw/gkp-discover-01-whats-on-things-to-do.csv,30
ob_000091,kw_000085,,discover,country,United Kingdom,English,Google Search,2025-08-01,2026-07-31,encoded_band,5000,1000,10000,0,0,Low,17,0.43,1.02,GBP,returned,2026-09-08,2026-09-11-01-legacy,raw/gkp-discover-01-whats-on-things-to-do.csv,31
ob_000092,kw_000086,,discover,country,United Kingdom,English,Google Search,2025-08-01,2026-07-31,encoded_band,500,100,1000,0,0,High,100,0.3,1.26,GBP,returned,2026-09-08,2026-09-11-01-legacy,raw/gkp-discover-01-whats-on-things-to-do.csv,32
ob_000093,kw_000087,,discover,country,United Kingdom,English,Google Search,2025-08-01,2026-07-31,encoded_band,50,10,100,0,0,High,93,0.36,1.75,GBP,returned,2026-09-08,2026-09-11-01-legacy,raw/gkp-discover-01-whats-on-things-to-do.csv,33
ob_000094,kw_000058,,discover,country,United Kingdom,English,Google Search,2025-08-01,2026-07-31,encoded_band,50,10,100,0,0,Low,7,,,GBP,returned,2026-09-08,2026-09-11-01-legacy,raw/gkp-discover-01-whats-on-things-to-do.csv,34
ob_000095,kw_000088,,discover,country,United Kingdom,English,Google Search,2025-08-01,2026-07-31,encoded_band,50,10,100,-0.9,0,High,98,0.33,1.08,GBP,returned,2026-09-08,2026-09-11-01-legacy,raw/gkp-discover-01-whats-on-things-to-do.csv,35
ob_000096,kw_000089,,discover,country,United Kingdom,English,Google Search,2025-08-01,2026-07-31,encoded_band,50,10,100,-0.9,0,High,89,0.43,1.34,GBP,returned,2026-09-08,2026-09-11-01-legacy,raw/gkp-discover-01-whats-on-things-to-do.csv,36
ob_000097,kw_000090,,discover,country,United Kingdom,English,Google Search,2025-08-01,2026-07-31,encoded_band,5000,1000,10000,0,-0.9,Low,4,,,GBP,returned,2026-09-08,2026-09-11-01-legacy,raw/gkp-discover-01-whats-on-things-to-do.csv,37
ob_000098,kw_000091,,discover,country,United Kingdom,English,Google Search,2025-08-01,2026-07-31,encoded_band,50,10,100,0,0,High,92,0.54,2.04,GBP,returned,2026-09-08,2026-09-11-01-legacy,raw/gkp-discover-01-whats-on-things-to-do.csv,38
ob_000099,kw_000092,,discover,country,United Kingdom,English,Google Search,2025-08-01,2026-07-31,encoded_band,500,100,1000,0,0,Low,29,0.25,0.72,GBP,returned,2026-09-08,2026-09-11-01-legacy,raw/gkp-discover-01-whats-on-things-to-do.csv,39
ob_000100,kw_000093,,discover,country,United Kingdom,English,Google Search,2025-08-01,2026-07-31,encoded_band,500,100,1000,0,0,Low,16,0.57,1.6,GBP,returned,2026-09-08,2026-09-11-01-legacy,raw/gkp-discover-01-whats-on-things-to-do.csv,40
ob_000101,kw_000094,,discover,country,United Kingdom,English,Google Search,2025-08-01,2026-07-31,encoded_band,500,100,1000,0,0,Low,27,0.22,0.7,GBP,returned,2026-09-08,2026-09-11-01-legacy,raw/gkp-discover-01-whats-on-things-to-do.csv,41
ob_000102,kw_000095,,discover,country,United Kingdom,English,Google Search,2025-08-01,2026-07-31,encoded_band,500,100,1000,0,0,High,100,0.35,1.3,GBP,returned,2026-09-08,2026-09-11-01-legacy,raw/gkp-discover-01-whats-on-things-to-do.csv,42
ob_000103,kw_000096,,discover,country,United Kingdom,English,Google Search,2025-08-01,2026-07-31,encoded_band,5000,1000,10000,-0.9,0,High,100,0.33,1.38,GBP,returned,2026-09-08,2026-09-11-01-legacy,raw/gkp-discover-01-whats-on-things-to-do.csv,43
ob_000104,kw_000097,,discover,country,United Kingdom,English,Google Search,2025-08-01,2026-07-31,encoded_band,5000,1000,10000,0,0,High,100,0.25,1.15,GBP,returned,2026-09-08,2026-09-11-01-legacy,raw/gkp-discover-01-whats-on-things-to-do.csv,44
ob_000105,kw_000098,,discover,country,United Kingdom,English,Google Search,2025-08-01,2026-07-31,encoded_band,500,100,1000,0,0,Low,2,0.43,0.77,GBP,returned,2026-09-08,2026-09-11-01-legacy,raw/gkp-discover-01-whats-on-things-to-do.csv,45
ob_000106,kw_000099,,discover,country,United Kingdom,English,Google Search,2025-08-01,2026-07-31,encoded_band,500,100,1000,0,0,Low,33,0.25,0.66,GBP,returned,2026-09-08,2026-09-11-01-legacy,raw/gkp-discover-01-whats-on-things-to-do.csv,46
ob_000107,kw_000100,,discover,country,United Kingdom,English,Google Search,2025-08-01,2026-07-31,encoded_band,500,100,1000,0,0,Low,4,,,GBP,returned,2026-09-08,2026-09-11-01-legacy,raw/gkp-discover-01-whats-on-things-to-do.csv,47
ob_000108,kw_000101,,discover,country,United Kingdom,English,Google Search,2025-08-01,2026-07-31,encoded_band,50000,10000,100000,0,0,High,97,0.32,1.22,GBP,returned,2026-09-08,2026-09-11-01-legacy,raw/gkp-discover-01-whats-on-things-to-do.csv,48
ob_000109,kw_000102,,discover,country,United Kingdom,English,Google Search,2025-08-01,2026-07-31,encoded_band,50,10,100,0,0,High,95,0.45,0.74,GBP,returned,2026-09-08,2026-09-11-01-legacy,raw/gkp-discover-01-whats-on-things-to-do.csv,49
ob_000110,kw_000103,,discover,country,United Kingdom,English,Google Search,2025-08-01,2026-07-31,encoded_band,500,100,1000,0,0,High,99,0.22,0.83,GBP,returned,2026-09-08,2026-09-11-01-legacy,raw/gkp-discover-01-whats-on-things-to-do.csv,50
ob_000111,kw_000104,,discover,country,United Kingdom,English,Google Search,2025-08-01,2026-07-31,encoded_band,50,10,100,0,-0.9,Low,29,0.76,1.55,GBP,returned,2026-09-08,2026-09-11-01-legacy,raw/gkp-discover-01-whats-on-things-to-do.csv,51
ob_000112,kw_000105,,discover,country,United Kingdom,English,Google Search,2025-08-01,2026-07-31,encoded_band,50,10,100,0,0,High,97,,,GBP,returned,2026-09-08,2026-09-11-01-legacy,raw/gkp-discover-01-whats-on-things-to-do.csv,52
ob_000113,kw_000106,,discover,country,United Kingdom,English,Google Search,2025-08-01,2026-07-31,encoded_band,50,10,100,0,0,High,84,0.14,1.87,GBP,returned,2026-09-08,2026-09-11-01-legacy,raw/gkp-discover-01-whats-on-things-to-do.csv,53
ob_000114,kw_000107,,discover,country,United Kingdom,English,Google Search,2025-08-01,2026-07-31,encoded_band,50,10,100,-0.9,0,High,89,0.43,1.34,GBP,returned,2026-09-08,2026-09-11-01-legacy,raw/gkp-discover-01-whats-on-things-to-do.csv,54
ob_000115,kw_000108,,discover,country,United Kingdom,English,Google Search,2025-08-01,2026-07-31,encoded_band,500,100,1000,0,0,High,100,0.37,1.16,GBP,returned,2026-09-08,2026-09-11-01-legacy,raw/gkp-discover-01-whats-on-things-to-do.csv,55
ob_000116,kw_000109,,discover,country,United Kingdom,English,Google Search,2025-08-01,2026-07-31,encoded_band,50,10,100,0,0,Low,32,0.43,1.19,GBP,returned,2026-09-08,2026-09-11-01-legacy,raw/gkp-discover-01-whats-on-things-to-do.csv,56
ob_000117,kw_000110,,discover,country,United Kingdom,English,Google Search,2025-08-01,2026-07-31,encoded_band,50,10,100,0,0,High,78,0.34,1.17,GBP,returned,2026-09-08,2026-09-11-01-legacy,raw/gkp-discover-01-whats-on-things-to-do.csv,57
ob_000118,kw_000111,,discover,country,United Kingdom,English,Google Search,2025-08-01,2026-07-31,encoded_band,50,10,100,0,9,High,98,0.27,1.13,GBP,returned,2026-09-08,2026-09-11-01-legacy,raw/gkp-discover-01-whats-on-things-to-do.csv,58
ob_000119,kw_000112,,discover,country,United Kingdom,English,Google Search,2025-08-01,2026-07-31,encoded_band,500,100,1000,0,0,Low,29,0.25,0.72,GBP,returned,2026-09-08,2026-09-11-01-legacy,raw/gkp-discover-01-whats-on-things-to-do.csv,59
ob_000120,kw_000113,,discover,country,United Kingdom,English,Google Search,2025-08-01,2026-07-31,encoded_band,50,10,100,0,0,High,100,,,GBP,returned,2026-09-08,2026-09-11-01-legacy,raw/gkp-discover-01-whats-on-things-to-do.csv,60
ob_000121,kw_000114,,discover,country,United Kingdom,English,Google Search,2025-08-01,2026-07-31,encoded_band,50,10,100,0,0,High,92,0.54,2.04,GBP,returned,2026-09-08,2026-09-11-01-legacy,raw/gkp-discover-01-whats-on-things-to-do.csv,61
ob_000122,kw_000115,,discover,country,United Kingdom,English,Google Search,2025-08-01,2026-07-31,encoded_band,50,10,100,0,0,Medium,39,,,GBP,returned,2026-09-08,2026-09-11-01-legacy,raw/gkp-discover-01-whats-on-things-to-do.csv,62
ob_000123,kw_000116,,discover,country,United Kingdom,English,Google Search,2025-08-01,2026-07-31,encoded_band,50,10,100,0,0,High,99,0.67,14.77,GBP,returned,2026-09-08,2026-09-11-01-legacy,raw/gkp-discover-01-whats-on-things-to-do.csv,63
ob_000124,kw_000117,,discover,country,United Kingdom,English,Google Search,2025-08-01,2026-07-31,encoded_band,50,10,100,0,9,High,99,0.19,0.88,GBP,returned,2026-09-08,2026-09-11-01-legacy,raw/gkp-discover-01-whats-on-things-to-do.csv,64
ob_000125,kw_000118,,discover,country,United Kingdom,English,Google Search,2025-08-01,2026-07-31,encoded_band,50,10,100,0,0,High,81,0.5,1.15,GBP,returned,2026-09-08,2026-09-11-01-legacy,raw/gkp-discover-01-whats-on-things-to-do.csv,65
ob_000126,kw_000119,,discover,country,United Kingdom,English,Google Search,2025-08-01,2026-07-31,encoded_band,50000,10000,100000,0,0,High,95,0.38,1.33,GBP,returned,2026-09-08,2026-09-11-01-legacy,raw/gkp-discover-01-whats-on-things-to-do.csv,66
ob_000127,kw_000120,,discover,country,United Kingdom,English,Google Search,2025-08-01,2026-07-31,encoded_band,50,10,100,0,0,High,97,,,GBP,returned,2026-09-08,2026-09-11-01-legacy,raw/gkp-discover-01-whats-on-things-to-do.csv,67
ob_000128,kw_000121,,discover,country,United Kingdom,English,Google Search,2025-08-01,2026-07-31,encoded_band,500,100,1000,-0.9,0,High,100,0.32,1.06,GBP,returned,2026-09-08,2026-09-11-01-legacy,raw/gkp-discover-01-whats-on-things-to-do.csv,68
ob_000129,kw_000122,,discover,country,United Kingdom,English,Google Search,2025-08-01,2026-07-31,encoded_band,500,100,1000,0,0,High,99,0.32,1.32,GBP,returned,2026-09-08,2026-09-11-01-legacy,raw/gkp-discover-01-whats-on-things-to-do.csv,69
ob_000130,kw_000123,,discover,country,United Kingdom,English,Google Search,2025-08-01,2026-07-31,encoded_band,50,10,100,0,0,Medium,60,0.54,4.36,GBP,returned,2026-09-08,2026-09-11-01-legacy,raw/gkp-discover-01-whats-on-things-to-do.csv,70
ob_000131,kw_000124,,discover,country,United Kingdom,English,Google Search,2025-08-01,2026-07-31,encoded_band,50,10,100,0,0,Unknown,,,,GBP,returned,2026-09-08,2026-09-11-01-legacy,raw/gkp-discover-01-whats-on-things-to-do.csv,71
ob_000132,kw_000125,,discover,country,United Kingdom,English,Google Search,2025-08-01,2026-07-31,encoded_band,50,10,100,0,0,High,94,0.45,1.27,GBP,returned,2026-09-08,2026-09-11-01-legacy,raw/gkp-discover-01-whats-on-things-to-do.csv,72
ob_000133,kw_000126,,discover,country,United Kingdom,English,Google Search,2025-08-01,2026-07-31,encoded_band,50,10,100,0,0,High,77,,,GBP,returned,2026-09-08,2026-09-11-01-legacy,raw/gkp-discover-01-whats-on-things-to-do.csv,73
ob_000134,kw_000127,,discover,country,United Kingdom,English,Google Search,2025-08-01,2026-07-31,encoded_band,50,10,100,0,0,High,100,0.34,0.87,GBP,returned,2026-09-08,2026-09-11-01-legacy,raw/gkp-discover-01-whats-on-things-to-do.csv,74
ob_000135,kw_000128,,discover,country,United Kingdom,English,Google Search,2025-08-01,2026-07-31,encoded_band,500,100,1000,0,0,High,100,0.51,7.21,GBP,returned,2026-09-08,2026-09-11-01-legacy,raw/gkp-discover-01-whats-on-things-to-do.csv,75
ob_000136,kw_000129,,discover,country,United Kingdom,English,Google Search,2025-08-01,2026-07-31,encoded_band,500,100,1000,-0.9,0,High,100,0.32,1.06,GBP,returned,2026-09-08,2026-09-11-01-legacy,raw/gkp-discover-01-whats-on-things-to-do.csv,76
ob_000137,kw_000130,,discover,country,United Kingdom,English,Google Search,2025-08-01,2026-07-31,encoded_band,50,10,100,0,0,High,95,0.28,1.78,GBP,returned,2026-09-08,2026-09-11-01-legacy,raw/gkp-discover-01-whats-on-things-to-do.csv,77
ob_000138,kw_000131,,discover,country,United Kingdom,English,Google Search,2025-08-01,2026-07-31,encoded_band,500,100,1000,0,0,Medium,45,,,GBP,returned,2026-09-08,2026-09-11-01-legacy,raw/gkp-discover-01-whats-on-things-to-do.csv,78
ob_000139,kw_000132,,discover,country,United Kingdom,English,Google Search,2025-08-01,2026-07-31,encoded_band,50,10,100,0,0,High,75,0.16,1.21,GBP,returned,2026-09-08,2026-09-11-01-legacy,raw/gkp-discover-01-whats-on-things-to-do.csv,79
ob_000140,kw_000133,,discover,country,United Kingdom,English,Google Search,2025-08-01,2026-07-31,encoded_band,500,100,1000,0,0,High,100,0.14,0.86,GBP,returned,2026-09-08,2026-09-11-01-legacy,raw/gkp-discover-01-whats-on-things-to-do.csv,80
ob_000141,kw_000134,,discover,country,United Kingdom,English,Google Search,2025-08-01,2026-07-31,encoded_band,500,100,1000,0,0,Unknown,,,,GBP,returned,2026-09-08,2026-09-11-01-legacy,raw/gkp-discover-01-whats-on-things-to-do.csv,81
ob_000142,kw_000135,,discover,country,United Kingdom,English,Google Search,2025-08-01,2026-07-31,encoded_band,500,100,1000,-0.9,-0.9,Low,2,,,GBP,returned,2026-09-08,2026-09-11-01-legacy,raw/gkp-discover-01-whats-on-things-to-do.csv,82
ob_000143,kw_000136,,discover,country,United Kingdom,English,Google Search,2025-08-01,2026-07-31,encoded_band,50,10,100,0,0,High,100,,,GBP,returned,2026-09-08,2026-09-11-01-legacy,raw/gkp-discover-01-whats-on-things-to-do.csv,83
ob_000144,kw_000137,,discover,country,United Kingdom,English,Google Search,2025-08-01,2026-07-31,encoded_band,50,10,100,0,0,High,88,0.38,1.56,GBP,returned,2026-09-08,2026-09-11-01-legacy,raw/gkp-discover-01-whats-on-things-to-do.csv,84
ob_000145,kw_000138,,discover,country,United Kingdom,English,Google Search,2025-08-01,2026-07-31,encoded_band,50,10,100,0,0,High,100,0.32,1.72,GBP,returned,2026-09-08,2026-09-11-01-legacy,raw/gkp-discover-01-whats-on-things-to-do.csv,85
ob_000146,kw_000139,,discover,country,United Kingdom,English,Google Search,2025-08-01,2026-07-31,encoded_band,50,10,100,0,0,High,83,,,GBP,returned,2026-09-08,2026-09-11-01-legacy,raw/gkp-discover-01-whats-on-things-to-do.csv,86
ob_000147,kw_000140,,discover,country,United Kingdom,English,Google Search,2025-08-01,2026-07-31,encoded_band,50,10,100,0,0,Low,22,,,GBP,returned,2026-09-08,2026-09-11-01-legacy,raw/gkp-discover-01-whats-on-things-to-do.csv,87
ob_000148,kw_000141,,discover,country,United Kingdom,English,Google Search,2025-08-01,2026-07-31,encoded_band,50,10,100,0,0,High,100,0.4,0.95,GBP,returned,2026-09-08,2026-09-11-01-legacy,raw/gkp-discover-01-whats-on-things-to-do.csv,88
ob_000149,kw_000142,,discover,country,United Kingdom,English,Google Search,2025-08-01,2026-07-31,encoded_band,50,10,100,-1,-1,Unknown,,,,GBP,returned,2026-09-08,2026-09-11-01-legacy,raw/gkp-discover-01-whats-on-things-to-do.csv,89
ob_000150,kw_000143,,discover,country,United Kingdom,English,Google Search,2025-08-01,2026-07-31,encoded_band,5000,1000,10000,0,0,High,100,0.32,1.22,GBP,returned,2026-09-08,2026-09-11-01-legacy,raw/gkp-discover-01-whats-on-things-to-do.csv,90
ob_000151,kw_000144,,discover,country,United Kingdom,English,Google Search,2025-08-01,2026-07-31,encoded_band,50,10,100,0,0,High,100,,,GBP,returned,2026-09-08,2026-09-11-01-legacy,raw/gkp-discover-01-whats-on-things-to-do.csv,91
ob_000152,kw_000145,,discover,country,United Kingdom,English,Google Search,2025-08-01,2026-07-31,encoded_band,50,10,100,9,9,High,100,0.22,0.97,GBP,returned,2026-09-08,2026-09-11-01-legacy,raw/gkp-discover-01-whats-on-things-to-do.csv,92
ob_000153,kw_000146,,discover,country,United Kingdom,English,Google Search,2025-08-01,2026-07-31,encoded_band,50,10,100,0,0,High,100,,,GBP,returned,2026-09-08,2026-09-11-01-legacy,raw/gkp-discover-01-whats-on-things-to-do.csv,93
ob_000154,kw_000147,,discover,country,United Kingdom,English,Google Search,2025-08-01,2026-07-31,encoded_band,50,10,100,0,0,Medium,57,,,GBP,returned,2026-09-08,2026-09-11-01-legacy,raw/gkp-discover-01-whats-on-things-to-do.csv,94
ob_000155,kw_000148,,discover,country,United Kingdom,English,Google Search,2025-08-01,2026-07-31,encoded_band,500,100,1000,0,0,High,87,0.24,1.12,GBP,returned,2026-09-08,2026-09-11-01-legacy,raw/gkp-discover-01-whats-on-things-to-do.csv,95
ob_000156,kw_000149,,discover,country,United Kingdom,English,Google Search,2025-08-01,2026-07-31,encoded_band,50,10,100,-1,0,Unknown,,,,GBP,returned,2026-09-08,2026-09-11-01-legacy,raw/gkp-discover-01-whats-on-things-to-do.csv,96
ob_000157,kw_000150,,discover,country,United Kingdom,English,Google Search,2025-08-01,2026-07-31,encoded_band,500,100,1000,0,0,Low,9,,,GBP,returned,2026-09-08,2026-09-11-01-legacy,raw/gkp-discover-01-whats-on-things-to-do.csv,97
ob_000158,kw_000151,,discover,country,United Kingdom,English,Google Search,2025-08-01,2026-07-31,encoded_band,50,10,100,0,0,High,95,,,GBP,returned,2026-09-08,2026-09-11-01-legacy,raw/gkp-discover-01-whats-on-things-to-do.csv,98
ob_000159,kw_000152,,discover,country,United Kingdom,English,Google Search,2025-08-01,2026-07-31,encoded_band,500,100,1000,0,0,Low,22,0.54,1.49,GBP,returned,2026-09-08,2026-09-11-01-legacy,raw/gkp-discover-01-whats-on-things-to-do.csv,99
ob_000160,kw_000153,,discover,country,United Kingdom,English,Google Search,2025-08-01,2026-07-31,encoded_band,500,100,1000,0,0,High,100,0.3,1.26,GBP,returned,2026-09-08,2026-09-11-01-legacy,raw/gkp-discover-01-whats-on-things-to-do.csv,100
ob_000161,kw_000154,,discover,country,United Kingdom,English,Google Search,2025-08-01,2026-07-31,encoded_band,50,10,100,0,-0.9,Low,29,0.76,1.55,GBP,returned,2026-09-08,2026-09-11-01-legacy,raw/gkp-discover-01-whats-on-things-to-do.csv,101
ob_000162,kw_000155,,discover,country,United Kingdom,English,Google Search,2025-08-01,2026-07-31,encoded_band,50,10,100,0,9,High,99,0.29,0.96,GBP,returned,2026-09-08,2026-09-11-01-legacy,raw/gkp-discover-01-whats-on-things-to-do.csv,102
ob_000163,kw_000156,,discover,country,United Kingdom,English,Google Search,2025-08-01,2026-07-31,encoded_band,50,10,100,0,0,Low,28,0.26,0.65,GBP,returned,2026-09-08,2026-09-11-01-legacy,raw/gkp-discover-01-whats-on-things-to-do.csv,103
ob_000164,kw_000157,,discover,country,United Kingdom,English,Google Search,2025-08-01,2026-07-31,encoded_band,500,100,1000,0,0,Low,26,0.38,1.12,GBP,returned,2026-09-08,2026-09-11-01-legacy,raw/gkp-discover-01-whats-on-things-to-do.csv,104
ob_000165,kw_000158,,discover,country,United Kingdom,English,Google Search,2025-08-01,2026-07-31,encoded_band,500,100,1000,0,0,Low,14,0.33,1.09,GBP,returned,2026-09-08,2026-09-11-01-legacy,raw/gkp-discover-01-whats-on-things-to-do.csv,105
ob_000166,kw_000159,,discover,country,United Kingdom,English,Google Search,2025-08-01,2026-07-31,encoded_band,50,10,100,0,0,High,100,,,GBP,returned,2026-09-08,2026-09-11-01-legacy,raw/gkp-discover-01-whats-on-things-to-do.csv,106
ob_000167,kw_000160,,discover,country,United Kingdom,English,Google Search,2025-08-01,2026-07-31,encoded_band,500,100,1000,0,9,High,100,0.26,1.11,GBP,returned,2026-09-08,2026-09-11-01-legacy,raw/gkp-discover-01-whats-on-things-to-do.csv,107
ob_000168,kw_000161,,discover,country,United Kingdom,English,Google Search,2025-08-01,2026-07-31,encoded_band,50,10,100,0,0,High,96,,,GBP,returned,2026-09-08,2026-09-11-01-legacy,raw/gkp-discover-01-whats-on-things-to-do.csv,108
ob_000169,kw_000162,,discover,country,United Kingdom,English,Google Search,2025-08-01,2026-07-31,encoded_band,50,10,100,0,0,High,86,0.33,0.73,GBP,returned,2026-09-08,2026-09-11-01-legacy,raw/gkp-discover-01-whats-on-things-to-do.csv,109
ob_000170,kw_000163,,discover,country,United Kingdom,English,Google Search,2025-08-01,2026-07-31,encoded_band,,,,,,Unknown,,,,GBP,absent,2026-09-08,2026-09-11-01-legacy,raw/gkp-discover-01-whats-on-things-to-do.csv,110
ob_000171,kw_000164,,discover,country,United Kingdom,English,Google Search,2025-08-01,2026-07-31,encoded_band,50,10,100,0,0,High,86,0.31,0.85,GBP,returned,2026-09-08,2026-09-11-01-legacy,raw/gkp-discover-01-whats-on-things-to-do.csv,111
ob_000172,kw_000165,,discover,country,United Kingdom,English,Google Search,2025-08-01,2026-07-31,encoded_band,50,10,100,0,0,High,94,0.23,0.91,GBP,returned,2026-09-08,2026-09-11-01-legacy,raw/gkp-discover-01-whats-on-things-to-do.csv,112
ob_000173,kw_000166,,discover,country,United Kingdom,English,Google Search,2025-08-01,2026-07-31,encoded_band,0,0,0,0,0,Unknown,,,,GBP,zero,2026-09-08,2026-09-11-01-legacy,raw/gkp-discover-01-whats-on-things-to-do.csv,113
ob_000174,kw_000167,,discover,country,United Kingdom,English,Google Search,2025-08-01,2026-07-31,encoded_band,50,10,100,-0.9,0,High,98,0.23,1.48,GBP,returned,2026-09-08,2026-09-11-01-legacy,raw/gkp-discover-01-whats-on-things-to-do.csv,114
ob_000175,kw_000168,,discover,country,United Kingdom,English,Google Search,2025-08-01,2026-07-31,encoded_band,50,10,100,0,0,High,93,,,GBP,returned,2026-09-08,2026-09-11-01-legacy,raw/gkp-discover-01-whats-on-things-to-do.csv,115
ob_000176,kw_000169,,discover,country,United Kingdom,English,Google Search,2025-08-01,2026-07-31,encoded_band,500,100,1000,0,0,High,99,0.4,1.1,GBP,returned,2026-09-08,2026-09-11-01-legacy,raw/gkp-discover-01-whats-on-things-to-do.csv,116
ob_000177,kw_000170,,discover,country,United Kingdom,English,Google Search,2025-08-01,2026-07-31,encoded_band,50,10,100,0,0,High,100,0.3,1.25,GBP,returned,2026-09-08,2026-09-11-01-legacy,raw/gkp-discover-01-whats-on-things-to-do.csv,117
ob_000178,kw_000171,,discover,country,United Kingdom,English,Google Search,2025-08-01,2026-07-31,encoded_band,500,100,1000,0,0,Low,4,,,GBP,returned,2026-09-08,2026-09-11-01-legacy,raw/gkp-discover-01-whats-on-things-to-do.csv,118
ob_000179,kw_000172,,discover,country,United Kingdom,English,Google Search,2025-08-01,2026-07-31,encoded_band,5000,1000,10000,0,0,High,100,0.32,1.22,GBP,returned,2026-09-08,2026-09-11-01-legacy,raw/gkp-discover-01-whats-on-things-to-do.csv,119
ob_000180,kw_000173,,discover,country,United Kingdom,English,Google Search,2025-08-01,2026-07-31,encoded_band,50,10,100,0,0,High,68,0.45,1.18,GBP,returned,2026-09-08,2026-09-11-01-legacy,raw/gkp-discover-01-whats-on-things-to-do.csv,120
ob_000181,kw_000174,,discover,country,United Kingdom,English,Google Search,2025-08-01,2026-07-31,encoded_band,50,10,100,0,0,Medium,42,,,GBP,returned,2026-09-08,2026-09-11-01-legacy,raw/gkp-discover-01-whats-on-things-to-do.csv,121
ob_000182,kw_000175,,discover,country,United Kingdom,English,Google Search,2025-08-01,2026-07-31,encoded_band,50,10,100,0,0,Low,11,,,GBP,returned,2026-09-08,2026-09-11-01-legacy,raw/gkp-discover-01-whats-on-things-to-do.csv,122
ob_000183,kw_000176,,discover,country,United Kingdom,English,Google Search,2025-08-01,2026-07-31,encoded_band,50,10,100,0,0,High,100,,,GBP,returned,2026-09-08,2026-09-11-01-legacy,raw/gkp-discover-01-whats-on-things-to-do.csv,123
ob_000184,kw_000177,,discover,country,United Kingdom,English,Google Search,2025-08-01,2026-07-31,encoded_band,50,10,100,0,-0.9,Low,4,,,GBP,returned,2026-09-08,2026-09-11-01-legacy,raw/gkp-discover-01-whats-on-things-to-do.csv,124
ob_000185,kw_000178,,discover,country,United Kingdom,English,Google Search,2025-08-01,2026-07-31,encoded_band,50,10,100,0,0,High,86,2.27,10.65,GBP,returned,2026-09-08,2026-09-11-01-legacy,raw/gkp-discover-01-whats-on-things-to-do.csv,125
ob_000186,kw_000179,,discover,country,United Kingdom,English,Google Search,2025-08-01,2026-07-31,encoded_band,50,10,100,0,0,High,75,0.33,1.13,GBP,returned,2026-09-08,2026-09-11-01-legacy,raw/gkp-discover-01-whats-on-things-to-do.csv,126
ob_000187,kw_000180,,discover,country,United Kingdom,English,Google Search,2025-08-01,2026-07-31,encoded_band,500,100,1000,0,0,Low,21,0.54,1.91,GBP,returned,2026-09-08,2026-09-11-01-legacy,raw/gkp-discover-01-whats-on-things-to-do.csv,127
ob_000188,kw_000181,,discover,country,United Kingdom,English,Google Search,2025-08-01,2026-07-31,encoded_band,500,100,1000,0,0,High,100,0.35,1.06,GBP,returned,2026-09-08,2026-09-11-01-legacy,raw/gkp-discover-01-whats-on-things-to-do.csv,128
ob_000189,kw_000182,,discover,country,United Kingdom,English,Google Search,2025-08-01,2026-07-31,encoded_band,50,10,100,0,0,High,88,,,GBP,returned,2026-09-08,2026-09-11-01-legacy,raw/gkp-discover-01-whats-on-things-to-do.csv,129
ob_000190,kw_000183,,discover,country,United Kingdom,English,Google Search,2025-08-01,2026-07-31,encoded_band,0,0,0,0,0,Unknown,,,,GBP,zero,2026-09-08,2026-09-11-01-legacy,raw/gkp-discover-01-whats-on-things-to-do.csv,130
ob_000191,kw_000184,,discover,country,United Kingdom,English,Google Search,2025-08-01,2026-07-31,encoded_band,5000,1000,10000,0,0,High,100,0.32,1.22,GBP,returned,2026-09-08,2026-09-11-01-legacy,raw/gkp-discover-01-whats-on-things-to-do.csv,131
ob_000192,kw_000185,,discover,country,United Kingdom,English,Google Search,2025-08-01,2026-07-31,encoded_band,50,10,100,0,-1,Unknown,,,,GBP,returned,2026-09-08,2026-09-11-01-legacy,raw/gkp-discover-01-whats-on-things-to-do.csv,132
ob_000193,kw_000186,,discover,country,United Kingdom,English,Google Search,2025-08-01,2026-07-31,encoded_band,50,10,100,-1,0,Unknown,,,,GBP,returned,2026-09-08,2026-09-11-01-legacy,raw/gkp-discover-01-whats-on-things-to-do.csv,133
ob_000194,kw_000187,,discover,country,United Kingdom,English,Google Search,2025-08-01,2026-07-31,encoded_band,50,10,100,0,0,Low,24,,,GBP,returned,2026-09-08,2026-09-11-01-legacy,raw/gkp-discover-01-whats-on-things-to-do.csv,134
ob_000195,kw_000188,,discover,country,United Kingdom,English,Google Search,2025-08-01,2026-07-31,encoded_band,50,10,100,0,0,High,68,0.14,1.12,GBP,returned,2026-09-08,2026-09-11-01-legacy,raw/gkp-discover-01-whats-on-things-to-do.csv,135
ob_000196,kw_000189,,discover,country,United Kingdom,English,Google Search,2025-08-01,2026-07-31,encoded_band,50,10,100,0,0,High,93,,,GBP,returned,2026-09-08,2026-09-11-01-legacy,raw/gkp-discover-01-whats-on-things-to-do.csv,136
ob_000197,kw_000190,,discover,country,United Kingdom,English,Google Search,2025-08-01,2026-07-31,encoded_band,500,100,1000,0,0,Medium,49,0.25,0.66,GBP,returned,2026-09-08,2026-09-11-01-legacy,raw/gkp-discover-01-whats-on-things-to-do.csv,137
ob_000198,kw_000191,,discover,country,United Kingdom,English,Google Search,2025-08-01,2026-07-31,encoded_band,50,10,100,0,0,Low,10,,,GBP,returned,2026-09-08,2026-09-11-01-legacy,raw/gkp-discover-01-whats-on-things-to-do.csv,138
ob_000199,kw_000192,,discover,country,United Kingdom,English,Google Search,2025-08-01,2026-07-31,encoded_band,50,10,100,0,,High,100,,,GBP,returned,2026-09-08,2026-09-11-01-legacy,raw/gkp-discover-01-whats-on-things-to-do.csv,139
ob_000200,kw_000193,,discover,country,United Kingdom,English,Google Search,2025-08-01,2026-07-31,encoded_band,0,0,0,0,0,Unknown,,,,GBP,zero,2026-09-08,2026-09-11-01-legacy,raw/gkp-discover-01-whats-on-things-to-do.csv,140
ob_000201,kw_000194,,discover,country,United Kingdom,English,Google Search,2025-08-01,2026-07-31,encoded_band,500,100,1000,0,0,Low,11,0.5,2.8,GBP,returned,2026-09-08,2026-09-11-01-legacy,raw/gkp-discover-01-whats-on-things-to-do.csv,141
ob_000202,kw_000195,,discover,country,United Kingdom,English,Google Search,2025-08-01,2026-07-31,encoded_band,500,100,1000,0,9,High,100,0.26,1.11,GBP,returned,2026-09-08,2026-09-11-01-legacy,raw/gkp-discover-01-whats-on-things-to-do.csv,142
ob_000203,kw_000196,,discover,country,United Kingdom,English,Google Search,2025-08-01,2026-07-31,encoded_band,50,10,100,0,0,Low,5,,,GBP,returned,2026-09-08,2026-09-11-01-legacy,raw/gkp-discover-01-whats-on-things-to-do.csv,143
ob_000204,kw_000197,,discover,country,United Kingdom,English,Google Search,2025-08-01,2026-07-31,encoded_band,500,100,1000,0,0,Low,30,0.24,0.77,GBP,returned,2026-09-08,2026-09-11-01-legacy,raw/gkp-discover-01-whats-on-things-to-do.csv,144
ob_000205,kw_000198,,discover,country,United Kingdom,English,Google Search,2025-08-01,2026-07-31,encoded_band,50,10,100,,0,Medium,33,,,GBP,returned,2026-09-08,2026-09-11-01-legacy,raw/gkp-discover-01-whats-on-things-to-do.csv,145
ob_000206,kw_000199,,discover,country,United Kingdom,English,Google Search,2025-08-01,2026-07-31,encoded_band,500,100,1000,0,0,Medium,35,,,GBP,returned,2026-09-08,2026-09-11-01-legacy,raw/gkp-discover-01-whats-on-things-to-do.csv,146
ob_000207,kw_000200,,discover,country,United Kingdom,English,Google Search,2025-08-01,2026-07-31,encoded_band,5000,1000,10000,0,0,High,100,0.32,1.22,GBP,returned,2026-09-08,2026-09-11-01-legacy,raw/gkp-discover-01-whats-on-things-to-do.csv,147
ob_000208,kw_000201,,discover,country,United Kingdom,English,Google Search,2025-08-01,2026-07-31,encoded_band,50,10,100,0,0,High,83,0.22,0.91,GBP,returned,2026-09-08,2026-09-11-01-legacy,raw/gkp-discover-01-whats-on-things-to-do.csv,148
ob_000209,kw_000202,,discover,country,United Kingdom,English,Google Search,2025-08-01,2026-07-31,encoded_band,0,0,0,0,0,Unknown,,,,GBP,zero,2026-09-08,2026-09-11-01-legacy,raw/gkp-discover-01-whats-on-things-to-do.csv,149
ob_000210,kw_000203,,discover,country,United Kingdom,English,Google Search,2025-08-01,2026-07-31,encoded_band,5000,1000,10000,0,0,High,100,0.32,1.22,GBP,returned,2026-09-08,2026-09-11-01-legacy,raw/gkp-discover-01-whats-on-things-to-do.csv,150
ob_000211,kw_000204,,discover,country,United Kingdom,English,Google Search,2025-08-01,2026-07-31,encoded_band,50,10,100,0,0,Medium,50,,,GBP,returned,2026-09-08,2026-09-11-01-legacy,raw/gkp-discover-01-whats-on-things-to-do.csv,151
ob_000212,kw_000205,,discover,country,United Kingdom,English,Google Search,2025-08-01,2026-07-31,encoded_band,50,10,100,9,0,High,100,0.24,1.09,GBP,returned,2026-09-08,2026-09-11-01-legacy,raw/gkp-discover-01-whats-on-things-to-do.csv,152
ob_000213,kw_000206,,discover,country,United Kingdom,English,Google Search,2025-08-01,2026-07-31,encoded_band,50,10,100,0,0,Medium,58,,,GBP,returned,2026-09-08,2026-09-11-01-legacy,raw/gkp-discover-01-whats-on-things-to-do.csv,153
ob_000214,kw_000207,,discover,country,United Kingdom,English,Google Search,2025-08-01,2026-07-31,encoded_band,500,100,1000,-0.99,0,Low,0,,,GBP,returned,2026-09-08,2026-09-11-01-legacy,raw/gkp-discover-01-whats-on-things-to-do.csv,154
ob_000215,kw_000208,,discover,country,United Kingdom,English,Google Search,2025-08-01,2026-07-31,encoded_band,500,100,1000,-0.9,0,High,100,0.32,1.06,GBP,returned,2026-09-08,2026-09-11-01-legacy,raw/gkp-discover-01-whats-on-things-to-do.csv,155
ob_000216,kw_000209,,discover,country,United Kingdom,English,Google Search,2025-08-01,2026-07-31,encoded_band,50,10,100,0,0,High,79,,,GBP,returned,2026-09-08,2026-09-11-01-legacy,raw/gkp-discover-01-whats-on-things-to-do.csv,156
ob_000217,kw_000210,,discover,country,United Kingdom,English,Google Search,2025-08-01,2026-07-31,encoded_band,50,10,100,0,-1,Unknown,,,,GBP,returned,2026-09-08,2026-09-11-01-legacy,raw/gkp-discover-01-whats-on-things-to-do.csv,157
ob_000218,kw_000211,,discover,country,United Kingdom,English,Google Search,2025-08-01,2026-07-31,encoded_band,50,10,100,0,0,High,90,,,GBP,returned,2026-09-08,2026-09-11-01-legacy,raw/gkp-discover-01-whats-on-things-to-do.csv,158
ob_000219,kw_000212,,discover,country,United Kingdom,English,Google Search,2025-08-01,2026-07-31,encoded_band,500,100,1000,0,0,Low,7,,,GBP,returned,2026-09-08,2026-09-11-01-legacy,raw/gkp-discover-01-whats-on-things-to-do.csv,159
ob_000220,kw_000213,,discover,country,United Kingdom,English,Google Search,2025-08-01,2026-07-31,encoded_band,50,10,100,,0,Low,21,,,GBP,returned,2026-09-08,2026-09-11-01-legacy,raw/gkp-discover-01-whats-on-things-to-do.csv,160
ob_000221,kw_000214,,discover,country,United Kingdom,English,Google Search,2025-08-01,2026-07-31,encoded_band,5000,1000,10000,0,0,High,100,0.32,1.22,GBP,returned,2026-09-08,2026-09-11-01-legacy,raw/gkp-discover-01-whats-on-things-to-do.csv,161
ob_000222,kw_000215,,discover,country,United Kingdom,English,Google Search,2025-08-01,2026-07-31,encoded_band,50,10,100,0,0,High,93,,,GBP,returned,2026-09-08,2026-09-11-01-legacy,raw/gkp-discover-01-whats-on-things-to-do.csv,162
ob_000223,kw_000216,,discover,country,United Kingdom,English,Google Search,2025-08-01,2026-07-31,encoded_band,50,10,100,0,0,Medium,52,,,GBP,returned,2026-09-08,2026-09-11-01-legacy,raw/gkp-discover-01-whats-on-things-to-do.csv,163
ob_000224,kw_000217,,discover,country,United Kingdom,English,Google Search,2025-08-01,2026-07-31,encoded_band,500,100,1000,0,-0.9,Low,22,0.49,1.16,GBP,returned,2026-09-08,2026-09-11-01-legacy,raw/gkp-discover-01-whats-on-things-to-do.csv,164
ob_000225,kw_000218,,discover,country,United Kingdom,English,Google Search,2025-08-01,2026-07-31,encoded_band,50,10,100,0,0,High,100,0.22,1.49,GBP,returned,2026-09-08,2026-09-11-01-legacy,raw/gkp-discover-01-whats-on-things-to-do.csv,165
ob_000226,kw_000219,,discover,country,United Kingdom,English,Google Search,2025-08-01,2026-07-31,encoded_band,50,10,100,0,0,High,93,,,GBP,returned,2026-09-08,2026-09-11-01-legacy,raw/gkp-discover-01-whats-on-things-to-do.csv,166
ob_000227,kw_000220,,discover,country,United Kingdom,English,Google Search,2025-08-01,2026-07-31,encoded_band,5000,1000,10000,0,0,Low,20,0.31,0.99,GBP,returned,2026-09-08,2026-09-11-01-legacy,raw/gkp-discover-01-whats-on-things-to-do.csv,167
ob_000228,kw_000221,,discover,country,United Kingdom,English,Google Search,2025-08-01,2026-07-31,encoded_band,50,10,100,0,0,Low,20,,,GBP,returned,2026-09-08,2026-09-11-01-legacy,raw/gkp-discover-01-whats-on-things-to-do.csv,168
ob_000229,kw_000222,,discover,country,United Kingdom,English,Google Search,2025-08-01,2026-07-31,encoded_band,500,100,1000,0,0,Low,16,0.23,0.76,GBP,returned,2026-09-08,2026-09-11-01-legacy,raw/gkp-discover-01-whats-on-things-to-do.csv,169
ob_000230,kw_000223,,discover,country,United Kingdom,English,Google Search,2025-08-01,2026-07-31,encoded_band,50,10,100,0,0,Low,12,,,GBP,returned,2026-09-08,2026-09-11-01-legacy,raw/gkp-discover-01-whats-on-things-to-do.csv,170
ob_000231,kw_000224,,discover,country,United Kingdom,English,Google Search,2025-08-01,2026-07-31,encoded_band,50,10,100,9,9,High,97,0.35,1.05,GBP,returned,2026-09-08,2026-09-11-01-legacy,raw/gkp-discover-01-whats-on-things-to-do.csv,171
ob_000232,kw_000225,,discover,country,United Kingdom,English,Google Search,2025-08-01,2026-07-31,encoded_band,50,10,100,0,0,High,87,,,GBP,returned,2026-09-08,2026-09-11-01-legacy,raw/gkp-discover-01-whats-on-things-to-do.csv,172
ob_000233,kw_000226,,discover,country,United Kingdom,English,Google Search,2025-08-01,2026-07-31,encoded_band,50,10,100,0,0,High,67,,,GBP,returned,2026-09-08,2026-09-11-01-legacy,raw/gkp-discover-01-whats-on-things-to-do.csv,173
ob_000234,kw_000227,,discover,country,United Kingdom,English,Google Search,2025-08-01,2026-07-31,encoded_band,50,10,100,0,0,High,92,,,GBP,returned,2026-09-08,2026-09-11-01-legacy,raw/gkp-discover-01-whats-on-things-to-do.csv,174
ob_000235,kw_000228,,discover,country,United Kingdom,English,Google Search,2025-08-01,2026-07-31,encoded_band,50,10,100,,0,Medium,46,,,GBP,returned,2026-09-08,2026-09-11-01-legacy,raw/gkp-discover-01-whats-on-things-to-do.csv,175
ob_000236,kw_000229,,discover,country,United Kingdom,English,Google Search,2025-08-01,2026-07-31,encoded_band,50,10,100,,,High,71,,,GBP,returned,2026-09-08,2026-09-11-01-legacy,raw/gkp-discover-01-whats-on-things-to-do.csv,176
ob_000237,kw_000230,,discover,country,United Kingdom,English,Google Search,2025-08-01,2026-07-31,encoded_band,50,10,100,9,0,Low,17,0.49,1.76,GBP,returned,2026-09-08,2026-09-11-01-legacy,raw/gkp-discover-01-whats-on-things-to-do.csv,177
ob_000238,kw_000231,,discover,country,United Kingdom,English,Google Search,2025-08-01,2026-07-31,encoded_band,50,10,100,0,-1,Unknown,,,,GBP,returned,2026-09-08,2026-09-11-01-legacy,raw/gkp-discover-01-whats-on-things-to-do.csv,178
ob_000239,kw_000232,,discover,country,United Kingdom,English,Google Search,2025-08-01,2026-07-31,encoded_band,50,10,100,0,,Low,0,,,GBP,returned,2026-09-08,2026-09-11-01-legacy,raw/gkp-discover-01-whats-on-things-to-do.csv,179
ob_000240,kw_000233,,discover,country,United Kingdom,English,Google Search,2025-08-01,2026-07-31,encoded_band,50,10,100,0,-0.9,Low,28,,,GBP,returned,2026-09-08,2026-09-11-01-legacy,raw/gkp-discover-01-whats-on-things-to-do.csv,180
ob_000241,kw_000234,,discover,country,United Kingdom,English,Google Search,2025-08-01,2026-07-31,encoded_band,50,10,100,0,0,Low,0,,,GBP,returned,2026-09-08,2026-09-11-01-legacy,raw/gkp-discover-01-whats-on-things-to-do.csv,181
ob_000242,kw_000235,,discover,country,United Kingdom,English,Google Search,2025-08-01,2026-07-31,encoded_band,50,10,100,0,0,Unknown,,,,GBP,returned,2026-09-08,2026-09-11-01-legacy,raw/gkp-discover-01-whats-on-things-to-do.csv,182
ob_000243,kw_000236,,discover,country,United Kingdom,English,Google Search,2025-08-01,2026-07-31,encoded_band,50,10,100,0,0,Low,1,,,GBP,returned,2026-09-08,2026-09-11-01-legacy,raw/gkp-discover-01-whats-on-things-to-do.csv,183
ob_000244,kw_000237,,discover,country,United Kingdom,English,Google Search,2025-08-01,2026-07-31,encoded_band,50,10,100,0,0,High,100,,,GBP,returned,2026-09-08,2026-09-11-01-legacy,raw/gkp-discover-01-whats-on-things-to-do.csv,184
ob_000245,kw_000238,,discover,country,United Kingdom,English,Google Search,2025-08-01,2026-07-31,encoded_band,50,10,100,0,0,Medium,57,,,GBP,returned,2026-09-08,2026-09-11-01-legacy,raw/gkp-discover-01-whats-on-things-to-do.csv,185
ob_000246,kw_000239,,discover,country,United Kingdom,English,Google Search,2025-08-01,2026-07-31,encoded_band,50,10,100,0,0,High,100,,,GBP,returned,2026-09-08,2026-09-11-01-legacy,raw/gkp-discover-01-whats-on-things-to-do.csv,186
ob_000247,kw_000240,,discover,country,United Kingdom,English,Google Search,2025-08-01,2026-07-31,encoded_band,50,10,100,0,0,High,86,0.21,0.97,GBP,returned,2026-09-08,2026-09-11-01-legacy,raw/gkp-discover-01-whats-on-things-to-do.csv,187
ob_000248,kw_000241,,discover,country,United Kingdom,English,Google Search,2025-08-01,2026-07-31,encoded_band,50,10,100,0,0,High,100,,,GBP,returned,2026-09-08,2026-09-11-01-legacy,raw/gkp-discover-01-whats-on-things-to-do.csv,188
ob_000249,kw_000242,,discover,country,United Kingdom,English,Google Search,2025-08-01,2026-07-31,encoded_band,50,10,100,0,-1,Unknown,,,,GBP,returned,2026-09-08,2026-09-11-01-legacy,raw/gkp-discover-01-whats-on-things-to-do.csv,189
ob_000250,kw_000243,,discover,country,United Kingdom,English,Google Search,2025-08-01,2026-07-31,encoded_band,500,100,1000,0,0,High,96,0.32,1.48,GBP,returned,2026-09-08,2026-09-11-01-legacy,raw/gkp-discover-01-whats-on-things-to-do.csv,190
ob_000251,kw_000244,,discover,country,United Kingdom,English,Google Search,2025-08-01,2026-07-31,encoded_band,500,100,1000,0,0,High,94,0.31,1.41,GBP,returned,2026-09-08,2026-09-11-01-legacy,raw/gkp-discover-01-whats-on-things-to-do.csv,191
ob_000252,kw_000245,,discover,country,United Kingdom,English,Google Search,2025-08-01,2026-07-31,encoded_band,500,100,1000,0,0,Low,19,,,GBP,returned,2026-09-08,2026-09-11-01-legacy,raw/gkp-discover-01-whats-on-things-to-do.csv,192
ob_000253,kw_000246,,discover,country,United Kingdom,English,Google Search,2025-08-01,2026-07-31,encoded_band,50,10,100,0,,Medium,52,,,GBP,returned,2026-09-08,2026-09-11-01-legacy,raw/gkp-discover-01-whats-on-things-to-do.csv,193
ob_000254,kw_000247,,discover,country,United Kingdom,English,Google Search,2025-08-01,2026-07-31,encoded_band,50,10,100,0,0,Medium,36,0.75,2.75,GBP,returned,2026-09-08,2026-09-11-01-legacy,raw/gkp-discover-01-whats-on-things-to-do.csv,194
ob_000255,kw_000248,,discover,country,United Kingdom,English,Google Search,2025-08-01,2026-07-31,encoded_band,0,0,0,0,0,Unknown,,,,GBP,zero,2026-09-08,2026-09-11-01-legacy,raw/gkp-discover-01-whats-on-things-to-do.csv,195
ob_000256,kw_000249,,discover,country,United Kingdom,English,Google Search,2025-08-01,2026-07-31,encoded_band,50,10,100,0,0,Low,5,,,GBP,returned,2026-09-08,2026-09-11-01-legacy,raw/gkp-discover-01-whats-on-things-to-do.csv,196
ob_000257,kw_000250,,discover,country,United Kingdom,English,Google Search,2025-08-01,2026-07-31,encoded_band,50,10,100,0,0,Low,17,0.48,0.67,GBP,returned,2026-09-08,2026-09-11-01-legacy,raw/gkp-discover-01-whats-on-things-to-do.csv,197
ob_000258,kw_000251,,discover,country,United Kingdom,English,Google Search,2025-08-01,2026-07-31,encoded_band,50,10,100,0,0,Medium,51,,,GBP,returned,2026-09-08,2026-09-11-01-legacy,raw/gkp-discover-01-whats-on-things-to-do.csv,198
ob_000259,kw_000252,,discover,country,United Kingdom,English,Google Search,2025-08-01,2026-07-31,encoded_band,500,100,1000,0,0,Low,11,0.5,2.8,GBP,returned,2026-09-08,2026-09-11-01-legacy,raw/gkp-discover-01-whats-on-things-to-do.csv,199
ob_000260,kw_000253,,discover,country,United Kingdom,English,Google Search,2025-08-01,2026-07-31,encoded_band,50,10,100,0,0,Low,0,,,GBP,returned,2026-09-08,2026-09-11-01-legacy,raw/gkp-discover-01-whats-on-things-to-do.csv,200
ob_000261,kw_000254,,discover,country,United Kingdom,English,Google Search,2025-08-01,2026-07-31,encoded_band,500,100,1000,0,0,High,100,0.27,1.69,GBP,returned,2026-09-08,2026-09-11-01-legacy,raw/gkp-discover-01-whats-on-things-to-do.csv,201
ob_000262,kw_000255,,discover,country,United Kingdom,English,Google Search,2025-08-01,2026-07-31,encoded_band,50,10,100,0,0,Medium,57,,,GBP,returned,2026-09-08,2026-09-11-01-legacy,raw/gkp-discover-01-whats-on-things-to-do.csv,202
ob_000263,kw_000256,,discover,country,United Kingdom,English,Google Search,2025-08-01,2026-07-31,encoded_band,500,100,1000,0,0,High,100,0.3,1.26,GBP,returned,2026-09-08,2026-09-11-01-legacy,raw/gkp-discover-01-whats-on-things-to-do.csv,203
ob_000264,kw_000257,,discover,country,United Kingdom,English,Google Search,2025-08-01,2026-07-31,encoded_band,50,10,100,0,0,Medium,43,,,GBP,returned,2026-09-08,2026-09-11-01-legacy,raw/gkp-discover-01-whats-on-things-to-do.csv,204
ob_000265,kw_000258,,discover,country,United Kingdom,English,Google Search,2025-08-01,2026-07-31,encoded_band,50,10,100,-1,0,Unknown,,,,GBP,returned,2026-09-08,2026-09-11-01-legacy,raw/gkp-discover-01-whats-on-things-to-do.csv,205
ob_000266,kw_000259,,discover,country,United Kingdom,English,Google Search,2025-08-01,2026-07-31,encoded_band,5000,1000,10000,0,0,Low,28,0.14,0.73,GBP,returned,2026-09-08,2026-09-11-01-legacy,raw/gkp-discover-01-whats-on-things-to-do.csv,206
ob_000267,kw_000260,,discover,country,United Kingdom,English,Google Search,2025-08-01,2026-07-31,encoded_band,50,10,100,0,0,High,86,,,GBP,returned,2026-09-08,2026-09-11-01-legacy,raw/gkp-discover-01-whats-on-things-to-do.csv,207
ob_000268,kw_000261,,discover,country,United Kingdom,English,Google Search,2025-08-01,2026-07-31,encoded_band,50,10,100,0,0,High,100,,,GBP,returned,2026-09-08,2026-09-11-01-legacy,raw/gkp-discover-01-whats-on-things-to-do.csv,208
ob_000269,kw_000262,,discover,country,United Kingdom,English,Google Search,2025-08-01,2026-07-31,encoded_band,50,10,100,0,0,Low,0,,,GBP,returned,2026-09-08,2026-09-11-01-legacy,raw/gkp-discover-01-whats-on-things-to-do.csv,209
ob_000270,kw_000263,,discover,country,United Kingdom,English,Google Search,2025-08-01,2026-07-31,encoded_band,50,10,100,0,0,High,79,,,GBP,returned,2026-09-08,2026-09-11-01-legacy,raw/gkp-discover-01-whats-on-things-to-do.csv,210
ob_000271,kw_000264,,discover,country,United Kingdom,English,Google Search,2025-08-01,2026-07-31,encoded_band,50,10,100,0,0,Unknown,,,,GBP,returned,2026-09-08,2026-09-11-01-legacy,raw/gkp-discover-01-whats-on-things-to-do.csv,211
ob_000272,kw_000265,,discover,country,United Kingdom,English,Google Search,2025-08-01,2026-07-31,encoded_band,50,10,100,0,0,Low,17,,,GBP,returned,2026-09-08,2026-09-11-01-legacy,raw/gkp-discover-01-whats-on-things-to-do.csv,212
ob_000273,kw_000266,,discover,country,United Kingdom,English,Google Search,2025-08-01,2026-07-31,encoded_band,50,10,100,0,0,High,100,,,GBP,returned,2026-09-08,2026-09-11-01-legacy,raw/gkp-discover-01-whats-on-things-to-do.csv,213
ob_000274,kw_000267,,discover,country,United Kingdom,English,Google Search,2025-08-01,2026-07-31,encoded_band,50,10,100,0,0,High,100,,,GBP,returned,2026-09-08,2026-09-11-01-legacy,raw/gkp-discover-01-whats-on-things-to-do.csv,214
ob_000275,kw_000268,,discover,country,United Kingdom,English,Google Search,2025-08-01,2026-07-31,encoded_band,50,10,100,0,0,High,96,,,GBP,returned,2026-09-08,2026-09-11-01-legacy,raw/gkp-discover-01-whats-on-things-to-do.csv,215
ob_000276,kw_000269,,discover,country,United Kingdom,English,Google Search,2025-08-01,2026-07-31,encoded_band,50,10,100,-1,-1,Unknown,,,,GBP,returned,2026-09-08,2026-09-11-01-legacy,raw/gkp-discover-01-whats-on-things-to-do.csv,216
ob_000277,kw_000270,,discover,country,United Kingdom,English,Google Search,2025-08-01,2026-07-31,encoded_band,50,10,100,0,0,High,70,,,GBP,returned,2026-09-08,2026-09-11-01-legacy,raw/gkp-discover-01-whats-on-things-to-do.csv,217
ob_000278,kw_000271,,discover,country,United Kingdom,English,Google Search,2025-08-01,2026-07-31,encoded_band,50,10,100,0,0,High,71,,,GBP,returned,2026-09-08,2026-09-11-01-legacy,raw/gkp-discover-01-whats-on-things-to-do.csv,218
ob_000279,kw_000272,,discover,country,United Kingdom,English,Google Search,2025-08-01,2026-07-31,encoded_band,50,10,100,0,0,High,94,,,GBP,returned,2026-09-08,2026-09-11-01-legacy,raw/gkp-discover-01-whats-on-things-to-do.csv,219
ob_000280,kw_000273,,discover,country,United Kingdom,English,Google Search,2025-08-01,2026-07-31,encoded_band,50,10,100,0,0,Low,25,0.26,0.72,GBP,returned,2026-09-08,2026-09-11-01-legacy,raw/gkp-discover-01-whats-on-things-to-do.csv,220
ob_000281,kw_000274,,discover,country,United Kingdom,English,Google Search,2025-08-01,2026-07-31,encoded_band,50,10,100,0,0,High,97,,,GBP,returned,2026-09-08,2026-09-11-01-legacy,raw/gkp-discover-01-whats-on-things-to-do.csv,221
ob_000282,kw_000275,,discover,country,United Kingdom,English,Google Search,2025-08-01,2026-07-31,encoded_band,50000,10000,100000,0,0,High,95,0.38,1.33,GBP,returned,2026-09-08,2026-09-11-01-legacy,raw/gkp-discover-01-whats-on-things-to-do.csv,222
ob_000283,kw_000276,,discover,country,United Kingdom,English,Google Search,2025-08-01,2026-07-31,encoded_band,50,10,100,0,0,Unknown,,,,GBP,returned,2026-09-08,2026-09-11-01-legacy,raw/gkp-discover-01-whats-on-things-to-do.csv,223
ob_000284,kw_000277,,discover,country,United Kingdom,English,Google Search,2025-08-01,2026-07-31,encoded_band,50,10,100,0,0,High,96,0.27,0.93,GBP,returned,2026-09-08,2026-09-11-01-legacy,raw/gkp-discover-01-whats-on-things-to-do.csv,224
ob_000285,kw_000278,,discover,country,United Kingdom,English,Google Search,2025-08-01,2026-07-31,encoded_band,5000,1000,10000,0,0,High,97,0.4,1.55,GBP,returned,2026-09-08,2026-09-11-01-legacy,raw/gkp-discover-01-whats-on-things-to-do.csv,225
ob_000286,kw_000279,,discover,country,United Kingdom,English,Google Search,2025-08-01,2026-07-31,encoded_band,50,10,100,0,0,Low,14,,,GBP,returned,2026-09-08,2026-09-11-01-legacy,raw/gkp-discover-01-whats-on-things-to-do.csv,226
ob_000287,kw_000280,,discover,country,United Kingdom,English,Google Search,2025-08-01,2026-07-31,encoded_band,50,10,100,,,Medium,43,,,GBP,returned,2026-09-08,2026-09-11-01-legacy,raw/gkp-discover-01-whats-on-things-to-do.csv,227
ob_000288,kw_000281,,discover,country,United Kingdom,English,Google Search,2025-08-01,2026-07-31,encoded_band,50,10,100,,,Low,0,,,GBP,returned,2026-09-08,2026-09-11-01-legacy,raw/gkp-discover-01-whats-on-things-to-do.csv,228
ob_000289,kw_000282,,discover,country,United Kingdom,English,Google Search,2025-08-01,2026-07-31,encoded_band,50,10,100,0,0,Low,10,0.15,1.17,GBP,returned,2026-09-08,2026-09-11-01-legacy,raw/gkp-discover-01-whats-on-things-to-do.csv,229
ob_000290,kw_000283,,discover,country,United Kingdom,English,Google Search,2025-08-01,2026-07-31,encoded_band,500,100,1000,0,0,Low,27,0.22,0.7,GBP,returned,2026-09-08,2026-09-11-01-legacy,raw/gkp-discover-01-whats-on-things-to-do.csv,230
ob_000291,kw_000284,,discover,country,United Kingdom,English,Google Search,2025-08-01,2026-07-31,encoded_band,50,10,100,0,0,High,100,,,GBP,returned,2026-09-08,2026-09-11-01-legacy,raw/gkp-discover-01-whats-on-things-to-do.csv,231
ob_000292,kw_000285,,discover,country,United Kingdom,English,Google Search,2025-08-01,2026-07-31,encoded_band,5000,1000,10000,0,0,High,100,0.32,1.22,GBP,returned,2026-09-08,2026-09-11-01-legacy,raw/gkp-discover-01-whats-on-things-to-do.csv,232
ob_000293,kw_000286,,discover,country,United Kingdom,English,Google Search,2025-08-01,2026-07-31,encoded_band,50,10,100,0,0,Medium,34,0.31,1.58,GBP,returned,2026-09-08,2026-09-11-01-legacy,raw/gkp-discover-01-whats-on-things-to-do.csv,233
ob_000294,kw_000287,,discover,country,United Kingdom,English,Google Search,2025-08-01,2026-07-31,encoded_band,50,10,100,0,0,Low,18,0.38,0.59,GBP,returned,2026-09-08,2026-09-11-01-legacy,raw/gkp-discover-01-whats-on-things-to-do.csv,234
ob_000295,kw_000288,,discover,country,United Kingdom,English,Google Search,2025-08-01,2026-07-31,encoded_band,500,100,1000,0,0,Low,21,0.18,0.52,GBP,returned,2026-09-08,2026-09-11-01-legacy,raw/gkp-discover-01-whats-on-things-to-do.csv,235
ob_000296,kw_000289,,discover,country,United Kingdom,English,Google Search,2025-08-01,2026-07-31,encoded_band,500,100,1000,0,0,High,100,0.25,1.16,GBP,returned,2026-09-08,2026-09-11-01-legacy,raw/gkp-discover-01-whats-on-things-to-do.csv,236
ob_000297,kw_000290,,discover,country,United Kingdom,English,Google Search,2025-08-01,2026-07-31,encoded_band,50,10,100,0,0,Low,2,,,GBP,returned,2026-09-08,2026-09-11-01-legacy,raw/gkp-discover-01-whats-on-things-to-do.csv,237
ob_000298,kw_000291,,discover,country,United Kingdom,English,Google Search,2025-08-01,2026-07-31,encoded_band,50,10,100,0,0,Low,14,,,GBP,returned,2026-09-08,2026-09-11-01-legacy,raw/gkp-discover-01-whats-on-things-to-do.csv,238
ob_000299,kw_000292,,discover,country,United Kingdom,English,Google Search,2025-08-01,2026-07-31,encoded_band,50,10,100,0,0,High,75,0.33,1.13,GBP,returned,2026-09-08,2026-09-11-01-legacy,raw/gkp-discover-01-whats-on-things-to-do.csv,239
ob_000300,kw_000293,,discover,country,United Kingdom,English,Google Search,2025-08-01,2026-07-31,encoded_band,50,10,100,0,0,High,100,,,GBP,returned,2026-09-08,2026-09-11-01-legacy,raw/gkp-discover-01-whats-on-things-to-do.csv,240
ob_000301,kw_000294,,discover,country,United Kingdom,English,Google Search,2025-08-01,2026-07-31,encoded_band,50,10,100,0,0,Medium,41,,,GBP,returned,2026-09-08,2026-09-11-01-legacy,raw/gkp-discover-01-whats-on-things-to-do.csv,241
ob_000302,kw_000295,,discover,country,United Kingdom,English,Google Search,2025-08-01,2026-07-31,encoded_band,50,10,100,0,0,Medium,57,,,GBP,returned,2026-09-08,2026-09-11-01-legacy,raw/gkp-discover-01-whats-on-things-to-do.csv,242
ob_000303,kw_000296,,discover,country,United Kingdom,English,Google Search,2025-08-01,2026-07-31,encoded_band,50,10,100,0,0,Low,16,,,GBP,returned,2026-09-08,2026-09-11-01-legacy,raw/gkp-discover-01-whats-on-things-to-do.csv,243
ob_000304,kw_000297,,discover,country,United Kingdom,English,Google Search,2025-08-01,2026-07-31,encoded_band,50,10,100,0,0,High,98,,,GBP,returned,2026-09-08,2026-09-11-01-legacy,raw/gkp-discover-01-whats-on-things-to-do.csv,244
ob_000305,kw_000298,,discover,country,United Kingdom,English,Google Search,2025-08-01,2026-07-31,encoded_band,500,100,1000,0,0,Low,29,0.25,0.72,GBP,returned,2026-09-08,2026-09-11-01-legacy,raw/gkp-discover-01-whats-on-things-to-do.csv,245
ob_000306,kw_000299,,discover,country,United Kingdom,English,Google Search,2025-08-01,2026-07-31,encoded_band,50,10,100,0,0,Medium,38,,,GBP,returned,2026-09-08,2026-09-11-01-legacy,raw/gkp-discover-01-whats-on-things-to-do.csv,246
ob_000307,kw_000300,,discover,country,United Kingdom,English,Google Search,2025-08-01,2026-07-31,encoded_band,50,10,100,0,0,Unknown,,,,GBP,returned,2026-09-08,2026-09-11-01-legacy,raw/gkp-discover-01-whats-on-things-to-do.csv,247
ob_000308,kw_000301,,discover,country,United Kingdom,English,Google Search,2025-08-01,2026-07-31,encoded_band,50,10,100,0,0,Medium,45,,,GBP,returned,2026-09-08,2026-09-11-01-legacy,raw/gkp-discover-01-whats-on-things-to-do.csv,248
ob_000309,kw_000302,,discover,country,United Kingdom,English,Google Search,2025-08-01,2026-07-31,encoded_band,50,10,100,0,-1,Unknown,,,,GBP,returned,2026-09-08,2026-09-11-01-legacy,raw/gkp-discover-01-whats-on-things-to-do.csv,249
ob_000310,kw_000303,,discover,country,United Kingdom,English,Google Search,2025-08-01,2026-07-31,encoded_band,50,10,100,0,0,Low,21,,,GBP,returned,2026-09-08,2026-09-11-01-legacy,raw/gkp-discover-01-whats-on-things-to-do.csv,250
ob_000311,kw_000304,,discover,country,United Kingdom,English,Google Search,2025-08-01,2026-07-31,encoded_band,50,10,100,0,0,High,100,,,GBP,returned,2026-09-08,2026-09-11-01-legacy,raw/gkp-discover-01-whats-on-things-to-do.csv,251
ob_000312,kw_000305,,discover,country,United Kingdom,English,Google Search,2025-08-01,2026-07-31,encoded_band,0,0,0,0,-1,Unknown,,,,GBP,zero,2026-09-08,2026-09-11-01-legacy,raw/gkp-discover-01-whats-on-things-to-do.csv,252
ob_000313,kw_000306,,discover,country,United Kingdom,English,Google Search,2025-08-01,2026-07-31,encoded_band,0,0,0,0,0,Unknown,,,,GBP,zero,2026-09-08,2026-09-11-01-legacy,raw/gkp-discover-01-whats-on-things-to-do.csv,253
ob_000314,kw_000307,,discover,country,United Kingdom,English,Google Search,2025-08-01,2026-07-31,encoded_band,0,0,0,0,0,Unknown,,,,GBP,zero,2026-09-08,2026-09-11-01-legacy,raw/gkp-discover-01-whats-on-things-to-do.csv,254
ob_000315,kw_000308,,discover,country,United Kingdom,English,Google Search,2025-08-01,2026-07-31,encoded_band,0,0,0,0,0,Unknown,,,,GBP,zero,2026-09-08,2026-09-11-01-legacy,raw/gkp-discover-01-whats-on-things-to-do.csv,255
ob_000316,kw_000309,,discover,country,United Kingdom,English,Google Search,2025-08-01,2026-07-31,encoded_band,50,10,100,0,0,High,67,,,GBP,returned,2026-09-08,2026-09-11-01-legacy,raw/gkp-discover-01-whats-on-things-to-do.csv,256
ob_000317,kw_000310,,discover,country,United Kingdom,English,Google Search,2025-08-01,2026-07-31,encoded_band,0,0,0,0,0,Unknown,,,,GBP,zero,2026-09-08,2026-09-11-01-legacy,raw/gkp-discover-01-whats-on-things-to-do.csv,257
ob_000318,kw_000311,,discover,country,United Kingdom,English,Google Search,2025-08-01,2026-07-31,encoded_band,50,10,100,0,0,Low,7,,,GBP,returned,2026-09-08,2026-09-11-01-legacy,raw/gkp-discover-01-whats-on-things-to-do.csv,258
ob_000319,kw_000312,,discover,country,United Kingdom,English,Google Search,2025-08-01,2026-07-31,encoded_band,50,10,100,0,0,Low,6,,,GBP,returned,2026-09-08,2026-09-11-01-legacy,raw/gkp-discover-01-whats-on-things-to-do.csv,259
ob_000320,kw_000313,,discover,country,United Kingdom,English,Google Search,2025-08-01,2026-07-31,encoded_band,50,10,100,0,0,Medium,54,,,GBP,returned,2026-09-08,2026-09-11-01-legacy,raw/gkp-discover-01-whats-on-things-to-do.csv,260
ob_000321,kw_000314,,discover,country,United Kingdom,English,Google Search,2025-08-01,2026-07-31,encoded_band,50,10,100,,0,Medium,43,,,GBP,returned,2026-09-08,2026-09-11-01-legacy,raw/gkp-discover-01-whats-on-things-to-do.csv,261
ob_000322,kw_000315,,discover,country,United Kingdom,English,Google Search,2025-08-01,2026-07-31,encoded_band,50,10,100,0,0,Unknown,,,,GBP,returned,2026-09-08,2026-09-11-01-legacy,raw/gkp-discover-01-whats-on-things-to-do.csv,262
ob_000323,kw_000316,,discover,country,United Kingdom,English,Google Search,2025-08-01,2026-07-31,encoded_band,50,10,100,0,0,Low,0,,,GBP,returned,2026-09-08,2026-09-11-01-legacy,raw/gkp-discover-01-whats-on-things-to-do.csv,263
ob_000324,kw_000317,,discover,country,United Kingdom,English,Google Search,2025-08-01,2026-07-31,encoded_band,50,10,100,0,-1,Unknown,,,,GBP,returned,2026-09-08,2026-09-11-01-legacy,raw/gkp-discover-01-whats-on-things-to-do.csv,264
ob_000325,kw_000318,,discover,country,United Kingdom,English,Google Search,2025-08-01,2026-07-31,encoded_band,50,10,100,0,0,Low,7,,,GBP,returned,2026-09-08,2026-09-11-01-legacy,raw/gkp-discover-01-whats-on-things-to-do.csv,265
ob_000326,kw_000319,,discover,country,United Kingdom,English,Google Search,2025-08-01,2026-07-31,encoded_band,50,10,100,0,0,High,90,0.23,0.81,GBP,returned,2026-09-08,2026-09-11-01-legacy,raw/gkp-discover-01-whats-on-things-to-do.csv,266
ob_000327,kw_000320,,discover,country,United Kingdom,English,Google Search,2025-08-01,2026-07-31,encoded_band,50,10,100,0,9,High,98,0.44,0.93,GBP,returned,2026-09-08,2026-09-11-01-legacy,raw/gkp-discover-01-whats-on-things-to-do.csv,267
ob_000328,kw_000321,,discover,country,United Kingdom,English,Google Search,2025-08-01,2026-07-31,encoded_band,50,10,100,0,0,Low,0,,,GBP,returned,2026-09-08,2026-09-11-01-legacy,raw/gkp-discover-01-whats-on-things-to-do.csv,268
ob_000329,kw_000322,,discover,country,United Kingdom,English,Google Search,2025-08-01,2026-07-31,encoded_band,50,10,100,0,0,Low,4,,,GBP,returned,2026-09-08,2026-09-11-01-legacy,raw/gkp-discover-01-whats-on-things-to-do.csv,269
ob_000330,kw_000323,,discover,country,United Kingdom,English,Google Search,2025-08-01,2026-07-31,encoded_band,50,10,100,0,0,Low,3,,,GBP,returned,2026-09-08,2026-09-11-01-legacy,raw/gkp-discover-01-whats-on-things-to-do.csv,270
ob_000331,kw_000324,,discover,country,United Kingdom,English,Google Search,2025-08-01,2026-07-31,encoded_band,,,,,,Unknown,,,,GBP,absent,2026-09-08,2026-09-11-01-legacy,raw/gkp-discover-01-whats-on-things-to-do.csv,271
ob_000332,kw_000325,,discover,country,United Kingdom,English,Google Search,2025-08-01,2026-07-31,encoded_band,50,10,100,0,9,High,100,0.29,0.83,GBP,returned,2026-09-08,2026-09-11-01-legacy,raw/gkp-discover-01-whats-on-things-to-do.csv,272
ob_000333,kw_000326,,discover,country,United Kingdom,English,Google Search,2025-08-01,2026-07-31,encoded_band,50,10,100,0,0,Medium,46,,,GBP,returned,2026-09-08,2026-09-11-01-legacy,raw/gkp-discover-01-whats-on-things-to-do.csv,273
ob_000334,kw_000327,,discover,country,United Kingdom,English,Google Search,2025-08-01,2026-07-31,encoded_band,50,10,100,0,,Low,0,,,GBP,returned,2026-09-08,2026-09-11-01-legacy,raw/gkp-discover-01-whats-on-things-to-do.csv,274
ob_000335,kw_000328,,discover,country,United Kingdom,English,Google Search,2025-08-01,2026-07-31,encoded_band,50,10,100,0,0,Medium,37,,,GBP,returned,2026-09-08,2026-09-11-01-legacy,raw/gkp-discover-01-whats-on-things-to-do.csv,275
ob_000336,kw_000329,,discover,country,United Kingdom,English,Google Search,2025-08-01,2026-07-31,encoded_band,50,10,100,-1,0,Unknown,,,,GBP,returned,2026-09-08,2026-09-11-01-legacy,raw/gkp-discover-01-whats-on-things-to-do.csv,276
ob_000337,kw_000330,,discover,country,United Kingdom,English,Google Search,2025-08-01,2026-07-31,encoded_band,50,10,100,0,0,High,100,0.26,1.7,GBP,returned,2026-09-08,2026-09-11-01-legacy,raw/gkp-discover-01-whats-on-things-to-do.csv,277
ob_000338,kw_000331,,discover,country,United Kingdom,English,Google Search,2025-08-01,2026-07-31,encoded_band,50,10,100,0,0,Low,7,,,GBP,returned,2026-09-08,2026-09-11-01-legacy,raw/gkp-discover-01-whats-on-things-to-do.csv,278
ob_000339,kw_000332,,discover,country,United Kingdom,English,Google Search,2025-08-01,2026-07-31,encoded_band,50,10,100,0,0,Low,5,,,GBP,returned,2026-09-08,2026-09-11-01-legacy,raw/gkp-discover-01-whats-on-things-to-do.csv,279
ob_000340,kw_000333,,discover,country,United Kingdom,English,Google Search,2025-08-01,2026-07-31,encoded_band,50,10,100,0,0,Low,0,,,GBP,returned,2026-09-08,2026-09-11-01-legacy,raw/gkp-discover-01-whats-on-things-to-do.csv,280
ob_000341,kw_000334,,discover,country,United Kingdom,English,Google Search,2025-08-01,2026-07-31,encoded_band,50,10,100,0,0,Low,33,0.37,0.81,GBP,returned,2026-09-08,2026-09-11-01-legacy,raw/gkp-discover-01-whats-on-things-to-do.csv,281
ob_000342,kw_000335,,discover,country,United Kingdom,English,Google Search,2025-08-01,2026-07-31,encoded_band,50,10,100,0,-1,Unknown,,,,GBP,returned,2026-09-08,2026-09-11-01-legacy,raw/gkp-discover-01-whats-on-things-to-do.csv,282
ob_000343,kw_000336,,discover,country,United Kingdom,English,Google Search,2025-08-01,2026-07-31,encoded_band,50,10,100,0,,High,100,,,GBP,returned,2026-09-08,2026-09-11-01-legacy,raw/gkp-discover-01-whats-on-things-to-do.csv,283
ob_000344,kw_000337,,discover,country,United Kingdom,English,Google Search,2025-08-01,2026-07-31,encoded_band,50,10,100,0,0,Medium,57,,,GBP,returned,2026-09-08,2026-09-11-01-legacy,raw/gkp-discover-01-whats-on-things-to-do.csv,284
ob_000345,kw_000338,,discover,country,United Kingdom,English,Google Search,2025-08-01,2026-07-31,encoded_band,5000,1000,10000,0,0,Low,28,0.14,0.73,GBP,returned,2026-09-08,2026-09-11-01-legacy,raw/gkp-discover-01-whats-on-things-to-do.csv,285
ob_000346,kw_000339,,discover,country,United Kingdom,English,Google Search,2025-08-01,2026-07-31,encoded_band,5000,1000,10000,0,0,Low,28,0.14,0.73,GBP,returned,2026-09-08,2026-09-11-01-legacy,raw/gkp-discover-01-whats-on-things-to-do.csv,286
ob_000347,kw_000340,,discover,country,United Kingdom,English,Google Search,2025-08-01,2026-07-31,encoded_band,5000,1000,10000,0,0,Low,28,0.14,0.73,GBP,returned,2026-09-08,2026-09-11-01-legacy,raw/gkp-discover-01-whats-on-things-to-do.csv,287
ob_000348,kw_000341,,discover,country,United Kingdom,English,Google Search,2025-08-01,2026-07-31,encoded_band,50,10,100,0,0,Unknown,,,,GBP,returned,2026-09-08,2026-09-11-01-legacy,raw/gkp-discover-01-whats-on-things-to-do.csv,288
ob_000349,kw_000342,,discover,country,United Kingdom,English,Google Search,2025-08-01,2026-07-31,encoded_band,,,,,,Unknown,,,,GBP,absent,2026-09-08,2026-09-11-01-legacy,raw/gkp-discover-01-whats-on-things-to-do.csv,289
ob_000350,kw_000343,,discover,country,United Kingdom,English,Google Search,2025-08-01,2026-07-31,encoded_band,0,0,0,0,0,Unknown,,,,GBP,zero,2026-09-08,2026-09-11-01-legacy,raw/gkp-discover-01-whats-on-things-to-do.csv,290
ob_000351,kw_000344,,discover,country,United Kingdom,English,Google Search,2025-08-01,2026-07-31,encoded_band,0,0,0,0,0,Unknown,,,,GBP,zero,2026-09-08,2026-09-11-01-legacy,raw/gkp-discover-01-whats-on-things-to-do.csv,291
ob_000352,kw_000345,,discover,country,United Kingdom,English,Google Search,2025-08-01,2026-07-31,encoded_band,0,0,0,0,0,Unknown,,,,GBP,zero,2026-09-08,2026-09-11-01-legacy,raw/gkp-discover-01-whats-on-things-to-do.csv,292
ob_000353,kw_000346,,discover,country,United Kingdom,English,Google Search,2025-08-01,2026-07-31,encoded_band,0,0,0,0,0,Unknown,,,,GBP,zero,2026-09-08,2026-09-11-01-legacy,raw/gkp-discover-01-whats-on-things-to-do.csv,293
ob_000354,kw_000347,,discover,country,United Kingdom,English,Google Search,2025-08-01,2026-07-31,encoded_band,0,0,0,0,0,Unknown,,,,GBP,zero,2026-09-08,2026-09-11-01-legacy,raw/gkp-discover-01-whats-on-things-to-do.csv,294
ob_000355,kw_000348,,discover,country,United Kingdom,English,Google Search,2025-08-01,2026-07-31,encoded_band,50,10,100,0,0,Unknown,,,,GBP,returned,2026-09-08,2026-09-11-01-legacy,raw/gkp-discover-01-whats-on-things-to-do.csv,295
ob_000356,kw_000349,,discover,country,United Kingdom,English,Google Search,2025-08-01,2026-07-31,encoded_band,50,10,100,0,0,Unknown,,,,GBP,returned,2026-09-08,2026-09-11-01-legacy,raw/gkp-discover-01-whats-on-things-to-do.csv,296
ob_000357,kw_000350,,discover,country,United Kingdom,English,Google Search,2025-08-01,2026-07-31,encoded_band,50,10,100,0,0,Low,5,,,GBP,returned,2026-09-08,2026-09-11-01-legacy,raw/gkp-discover-01-whats-on-things-to-do.csv,297
ob_000358,kw_000351,,discover,country,United Kingdom,English,Google Search,2025-08-01,2026-07-31,encoded_band,0,0,0,0,0,Unknown,,,,GBP,zero,2026-09-08,2026-09-11-01-legacy,raw/gkp-discover-01-whats-on-things-to-do.csv,298
ob_000359,kw_000352,,discover,country,United Kingdom,English,Google Search,2025-08-01,2026-07-31,encoded_band,50,10,100,0,0,Unknown,,,,GBP,returned,2026-09-08,2026-09-11-01-legacy,raw/gkp-discover-01-whats-on-things-to-do.csv,299
ob_000360,kw_000353,,discover,country,United Kingdom,English,Google Search,2025-08-01,2026-07-31,encoded_band,50,10,100,0,0,Low,16,,,GBP,returned,2026-09-08,2026-09-11-01-legacy,raw/gkp-discover-01-whats-on-things-to-do.csv,300
ob_000361,kw_000354,,discover,country,United Kingdom,English,Google Search,2025-08-01,2026-07-31,encoded_band,50,10,100,0,0,Low,18,,,GBP,returned,2026-09-08,2026-09-11-01-legacy,raw/gkp-discover-01-whats-on-things-to-do.csv,301
ob_000362,kw_000355,,discover,country,United Kingdom,English,Google Search,2025-08-01,2026-07-31,encoded_band,50,10,100,0,0,Unknown,,,,GBP,returned,2026-09-08,2026-09-11-01-legacy,raw/gkp-discover-01-whats-on-things-to-do.csv,302
ob_000363,kw_000356,,discover,country,United Kingdom,English,Google Search,2025-08-01,2026-07-31,encoded_band,50,10,100,,0,Low,0,,,GBP,returned,2026-09-08,2026-09-11-01-legacy,raw/gkp-discover-01-whats-on-things-to-do.csv,303
ob_000364,kw_000357,,discover,country,United Kingdom,English,Google Search,2025-08-01,2026-07-31,encoded_band,50,10,100,0,-1,Unknown,,,,GBP,returned,2026-09-08,2026-09-11-01-legacy,raw/gkp-discover-01-whats-on-things-to-do.csv,304
ob_000365,kw_000358,,discover,country,United Kingdom,English,Google Search,2025-08-01,2026-07-31,encoded_band,50,10,100,0,0,Unknown,,,,GBP,returned,2026-09-08,2026-09-11-01-legacy,raw/gkp-discover-01-whats-on-things-to-do.csv,305
ob_000366,kw_000359,,discover,country,United Kingdom,English,Google Search,2025-08-01,2026-07-31,encoded_band,50,10,100,0,0,Medium,43,,,GBP,returned,2026-09-08,2026-09-11-01-legacy,raw/gkp-discover-01-whats-on-things-to-do.csv,306
ob_000367,kw_000360,,discover,country,United Kingdom,English,Google Search,2025-08-01,2026-07-31,encoded_band,50,10,100,0,0,Low,27,,,GBP,returned,2026-09-08,2026-09-11-01-legacy,raw/gkp-discover-01-whats-on-things-to-do.csv,307
ob_000368,kw_000361,,discover,country,United Kingdom,English,Google Search,2025-08-01,2026-07-31,encoded_band,50,10,100,0,0,Unknown,,,,GBP,returned,2026-09-08,2026-09-11-01-legacy,raw/gkp-discover-01-whats-on-things-to-do.csv,308
ob_000369,kw_000362,,discover,country,United Kingdom,English,Google Search,2025-08-01,2026-07-31,encoded_band,50,10,100,0,0,Low,7,,,GBP,returned,2026-09-08,2026-09-11-01-legacy,raw/gkp-discover-01-whats-on-things-to-do.csv,309
ob_000370,kw_000363,,discover,country,United Kingdom,English,Google Search,2025-08-01,2026-07-31,encoded_band,50,10,100,0,,Low,0,,,GBP,returned,2026-09-08,2026-09-11-01-legacy,raw/gkp-discover-01-whats-on-things-to-do.csv,310
ob_000371,kw_000364,,discover,country,United Kingdom,English,Google Search,2025-08-01,2026-07-31,encoded_band,50,10,100,0,0,Medium,43,,,GBP,returned,2026-09-08,2026-09-11-01-legacy,raw/gkp-discover-01-whats-on-things-to-do.csv,311
ob_000372,kw_000365,,discover,country,United Kingdom,English,Google Search,2025-08-01,2026-07-31,encoded_band,50,10,100,-1,-1,Unknown,,,,GBP,returned,2026-09-08,2026-09-11-01-legacy,raw/gkp-discover-01-whats-on-things-to-do.csv,312
ob_000373,kw_000366,,discover,country,United Kingdom,English,Google Search,2025-08-01,2026-07-31,encoded_band,50,10,100,-1,0,Unknown,,,,GBP,returned,2026-09-08,2026-09-11-01-legacy,raw/gkp-discover-01-whats-on-things-to-do.csv,313
ob_000374,kw_000367,,discover,country,United Kingdom,English,Google Search,2025-08-01,2026-07-31,encoded_band,50,10,100,,0,High,86,,,GBP,returned,2026-09-08,2026-09-11-01-legacy,raw/gkp-discover-01-whats-on-things-to-do.csv,314
ob_000375,kw_000368,,discover,country,United Kingdom,English,Google Search,2025-08-01,2026-07-31,encoded_band,50,10,100,0,-1,Unknown,,,,GBP,returned,2026-09-08,2026-09-11-01-legacy,raw/gkp-discover-01-whats-on-things-to-do.csv,315
ob_000376,kw_000369,,discover,country,United Kingdom,English,Google Search,2025-08-01,2026-07-31,encoded_band,50,10,100,0,0,Low,26,,,GBP,returned,2026-09-08,2026-09-11-01-legacy,raw/gkp-discover-01-whats-on-things-to-do.csv,316
ob_000377,kw_000370,,discover,country,United Kingdom,English,Google Search,2025-08-01,2026-07-31,encoded_band,50,10,100,,,High,100,,,GBP,returned,2026-09-08,2026-09-11-01-legacy,raw/gkp-discover-01-whats-on-things-to-do.csv,317
ob_000378,kw_000371,,discover,country,United Kingdom,English,Google Search,2025-08-01,2026-07-31,encoded_band,0,0,0,0,0,Unknown,,,,GBP,zero,2026-09-08,2026-09-11-01-legacy,raw/gkp-discover-01-whats-on-things-to-do.csv,318
ob_000379,kw_000372,,discover,country,United Kingdom,English,Google Search,2025-08-01,2026-07-31,encoded_band,50,10,100,,,Low,0,,,GBP,returned,2026-09-08,2026-09-11-01-legacy,raw/gkp-discover-01-whats-on-things-to-do.csv,319
ob_000380,kw_000373,,discover,country,United Kingdom,English,Google Search,2025-08-01,2026-07-31,encoded_band,50,10,100,0,0,Low,0,,,GBP,returned,2026-09-08,2026-09-11-01-legacy,raw/gkp-discover-01-whats-on-things-to-do.csv,320
ob_000381,kw_000374,,discover,country,United Kingdom,English,Google Search,2025-08-01,2026-07-31,encoded_band,50,10,100,0,0,Low,0,,,GBP,returned,2026-09-08,2026-09-11-01-legacy,raw/gkp-discover-01-whats-on-things-to-do.csv,321
ob_000382,kw_000375,,discover,country,United Kingdom,English,Google Search,2025-08-01,2026-07-31,encoded_band,50,10,100,0,0,Unknown,,,,GBP,returned,2026-09-08,2026-09-11-01-legacy,raw/gkp-discover-01-whats-on-things-to-do.csv,322
ob_000383,kw_000376,,discover,country,United Kingdom,English,Google Search,2025-08-01,2026-07-31,encoded_band,50,10,100,0,-1,Unknown,,,,GBP,returned,2026-09-08,2026-09-11-01-legacy,raw/gkp-discover-01-whats-on-things-to-do.csv,323
ob_000384,kw_000377,,discover,country,United Kingdom,English,Google Search,2025-08-01,2026-07-31,encoded_band,50,10,100,0,0,Low,8,,,GBP,returned,2026-09-08,2026-09-11-01-legacy,raw/gkp-discover-01-whats-on-things-to-do.csv,324
ob_000385,kw_000378,,discover,country,United Kingdom,English,Google Search,2025-08-01,2026-07-31,encoded_band,50,10,100,0,0,Low,1,,,GBP,returned,2026-09-08,2026-09-11-01-legacy,raw/gkp-discover-01-whats-on-things-to-do.csv,325
ob_000386,kw_000379,,discover,country,United Kingdom,English,Google Search,2025-08-01,2026-07-31,encoded_band,50,10,100,0,0,Low,1,,,GBP,returned,2026-09-08,2026-09-11-01-legacy,raw/gkp-discover-01-whats-on-things-to-do.csv,326
ob_000387,kw_000380,,discover,country,United Kingdom,English,Google Search,2025-08-01,2026-07-31,encoded_band,50,10,100,0,0,Unknown,,,,GBP,returned,2026-09-08,2026-09-11-01-legacy,raw/gkp-discover-01-whats-on-things-to-do.csv,327
ob_000388,kw_000381,,discover,country,United Kingdom,English,Google Search,2025-08-01,2026-07-31,encoded_band,50,10,100,0,0,Low,1,,,GBP,returned,2026-09-08,2026-09-11-01-legacy,raw/gkp-discover-01-whats-on-things-to-do.csv,328
ob_000389,kw_000382,,discover,country,United Kingdom,English,Google Search,2025-08-01,2026-07-31,encoded_band,50,10,100,0,0,Low,1,,,GBP,returned,2026-09-08,2026-09-11-01-legacy,raw/gkp-discover-01-whats-on-things-to-do.csv,329
ob_000390,kw_000383,,discover,country,United Kingdom,English,Google Search,2025-08-01,2026-07-31,encoded_band,50,10,100,0,0,Low,8,,,GBP,returned,2026-09-08,2026-09-11-01-legacy,raw/gkp-discover-01-whats-on-things-to-do.csv,330
ob_000391,kw_000384,,discover,country,United Kingdom,English,Google Search,2025-08-01,2026-07-31,encoded_band,50,10,100,0,0,Low,1,,,GBP,returned,2026-09-08,2026-09-11-01-legacy,raw/gkp-discover-01-whats-on-things-to-do.csv,331
ob_000392,kw_000385,,discover,country,United Kingdom,English,Google Search,2025-08-01,2026-07-31,encoded_band,50,10,100,0,0,Low,6,,,GBP,returned,2026-09-08,2026-09-11-01-legacy,raw/gkp-discover-01-whats-on-things-to-do.csv,332
ob_000393,kw_000386,,discover,country,United Kingdom,English,Google Search,2025-08-01,2026-07-31,encoded_band,50,10,100,0,0,Unknown,,,,GBP,returned,2026-09-08,2026-09-11-01-legacy,raw/gkp-discover-01-whats-on-things-to-do.csv,333
ob_000394,kw_000387,,discover,country,United Kingdom,English,Google Search,2025-08-01,2026-07-31,encoded_band,50,10,100,0,0,Low,0,,,GBP,returned,2026-09-08,2026-09-11-01-legacy,raw/gkp-discover-01-whats-on-things-to-do.csv,334
ob_000395,kw_000388,,discover,country,United Kingdom,English,Google Search,2025-08-01,2026-07-31,encoded_band,50,10,100,0,0,Unknown,,,,GBP,returned,2026-09-08,2026-09-11-01-legacy,raw/gkp-discover-01-whats-on-things-to-do.csv,335
ob_000396,kw_000389,,discover,country,United Kingdom,English,Google Search,2025-08-01,2026-07-31,encoded_band,50,10,100,0,0,Low,6,,,GBP,returned,2026-09-08,2026-09-11-01-legacy,raw/gkp-discover-01-whats-on-things-to-do.csv,336
ob_000397,kw_000390,,discover,country,United Kingdom,English,Google Search,2025-08-01,2026-07-31,encoded_band,50,10,100,0,0,Low,4,,,GBP,returned,2026-09-08,2026-09-11-01-legacy,raw/gkp-discover-01-whats-on-things-to-do.csv,337
ob_000398,kw_000391,,discover,country,United Kingdom,English,Google Search,2025-08-01,2026-07-31,encoded_band,50,10,100,-1,0,Unknown,,,,GBP,returned,2026-09-08,2026-09-11-01-legacy,raw/gkp-discover-01-whats-on-things-to-do.csv,338
ob_000399,kw_000392,,discover,country,United Kingdom,English,Google Search,2025-08-01,2026-07-31,encoded_band,50,10,100,0,0,Low,6,,,GBP,returned,2026-09-08,2026-09-11-01-legacy,raw/gkp-discover-01-whats-on-things-to-do.csv,339
ob_000400,kw_000393,,discover,country,United Kingdom,English,Google Search,2025-08-01,2026-07-31,encoded_band,50,10,100,0,0,Low,1,,,GBP,returned,2026-09-08,2026-09-11-01-legacy,raw/gkp-discover-01-whats-on-things-to-do.csv,340
ob_000401,kw_000394,,discover,country,United Kingdom,English,Google Search,2025-08-01,2026-07-31,encoded_band,50,10,100,0,0,Low,0,,,GBP,returned,2026-09-08,2026-09-11-01-legacy,raw/gkp-discover-01-whats-on-things-to-do.csv,341
ob_000402,kw_000395,,discover,country,United Kingdom,English,Google Search,2025-08-01,2026-07-31,encoded_band,50,10,100,0,0,Low,0,,,GBP,returned,2026-09-08,2026-09-11-01-legacy,raw/gkp-discover-01-whats-on-things-to-do.csv,342
ob_000403,kw_000396,,discover,country,United Kingdom,English,Google Search,2025-08-01,2026-07-31,encoded_band,50,10,100,,0,Low,0,,,GBP,returned,2026-09-08,2026-09-11-01-legacy,raw/gkp-discover-01-whats-on-things-to-do.csv,343
ob_000404,kw_000397,,discover,country,United Kingdom,English,Google Search,2025-08-01,2026-07-31,encoded_band,,,,,,Unknown,,,,GBP,absent,2026-09-08,2026-09-11-01-legacy,raw/gkp-discover-01-whats-on-things-to-do.csv,344
ob_000405,kw_000398,,discover,country,United Kingdom,English,Google Search,2025-08-01,2026-07-31,encoded_band,50,10,100,0,0,Low,6,,,GBP,returned,2026-09-08,2026-09-11-01-legacy,raw/gkp-discover-01-whats-on-things-to-do.csv,345
ob_000406,kw_000399,,discover,country,United Kingdom,English,Google Search,2025-08-01,2026-07-31,encoded_band,50,10,100,0,,Low,0,,,GBP,returned,2026-09-08,2026-09-11-01-legacy,raw/gkp-discover-01-whats-on-things-to-do.csv,346
ob_000407,kw_000400,,discover,country,United Kingdom,English,Google Search,2025-08-01,2026-07-31,encoded_band,50,10,100,0,0,Low,4,,,GBP,returned,2026-09-08,2026-09-11-01-legacy,raw/gkp-discover-01-whats-on-things-to-do.csv,347
ob_000408,kw_000401,,discover,country,United Kingdom,English,Google Search,2025-08-01,2026-07-31,encoded_band,50,10,100,0,-1,Unknown,,,,GBP,returned,2026-09-08,2026-09-11-01-legacy,raw/gkp-discover-01-whats-on-things-to-do.csv,348
ob_000409,kw_000402,,discover,country,United Kingdom,English,Google Search,2025-08-01,2026-07-31,encoded_band,50,10,100,-1,0,Unknown,,,,GBP,returned,2026-09-08,2026-09-11-01-legacy,raw/gkp-discover-01-whats-on-things-to-do.csv,349
ob_000410,kw_000403,,discover,country,United Kingdom,English,Google Search,2025-08-01,2026-07-31,encoded_band,50,10,100,-1,0,Unknown,,,,GBP,returned,2026-09-08,2026-09-11-01-legacy,raw/gkp-discover-01-whats-on-things-to-do.csv,350
ob_000411,kw_000404,,discover,country,United Kingdom,English,Google Search,2025-08-01,2026-07-31,encoded_band,50,10,100,0,0,Low,8,,,GBP,returned,2026-09-08,2026-09-11-01-legacy,raw/gkp-discover-01-whats-on-things-to-do.csv,351
ob_000412,kw_000405,,discover,country,United Kingdom,English,Google Search,2025-08-01,2026-07-31,encoded_band,50,10,100,0,0,Low,1,,,GBP,returned,2026-09-08,2026-09-11-01-legacy,raw/gkp-discover-01-whats-on-things-to-do.csv,352
ob_000413,kw_000406,,discover,country,United Kingdom,English,Google Search,2025-08-01,2026-07-31,encoded_band,50,10,100,0,0,Low,1,,,GBP,returned,2026-09-08,2026-09-11-01-legacy,raw/gkp-discover-01-whats-on-things-to-do.csv,353
ob_000414,kw_000407,,discover,country,United Kingdom,English,Google Search,2025-08-01,2026-07-31,encoded_band,50,10,100,0,0,Low,0,,,GBP,returned,2026-09-08,2026-09-11-01-legacy,raw/gkp-discover-01-whats-on-things-to-do.csv,354
ob_000415,kw_000408,,discover,country,United Kingdom,English,Google Search,2025-08-01,2026-07-31,encoded_band,50,10,100,0,0,Low,1,,,GBP,returned,2026-09-08,2026-09-11-01-legacy,raw/gkp-discover-01-whats-on-things-to-do.csv,355
ob_000416,kw_000409,,discover,country,United Kingdom,English,Google Search,2025-08-01,2026-07-31,encoded_band,50,10,100,0,0,Medium,36,1.09,3.91,GBP,returned,2026-09-08,2026-09-11-01-legacy,raw/gkp-discover-01-whats-on-things-to-do.csv,356
ob_000417,kw_000410,,discover,country,United Kingdom,English,Google Search,2025-08-01,2026-07-31,encoded_band,50,10,100,0,0,Low,5,,,GBP,returned,2026-09-08,2026-09-11-01-legacy,raw/gkp-discover-01-whats-on-things-to-do.csv,357
ob_000418,kw_000411,,discover,country,United Kingdom,English,Google Search,2025-08-01,2026-07-31,encoded_band,50,10,100,0,0,Low,9,,,GBP,returned,2026-09-08,2026-09-11-01-legacy,raw/gkp-discover-01-whats-on-things-to-do.csv,358
ob_000419,kw_000412,,discover,country,United Kingdom,English,Google Search,2025-08-01,2026-07-31,encoded_band,50,10,100,0,-1,Unknown,,,,GBP,returned,2026-09-08,2026-09-11-01-legacy,raw/gkp-discover-01-whats-on-things-to-do.csv,359
ob_000420,kw_000413,,discover,country,United Kingdom,English,Google Search,2025-08-01,2026-07-31,encoded_band,50,10,100,0,0,Low,0,,,GBP,returned,2026-09-08,2026-09-11-01-legacy,raw/gkp-discover-01-whats-on-things-to-do.csv,360
ob_000421,kw_000414,,discover,country,United Kingdom,English,Google Search,2025-08-01,2026-07-31,encoded_band,50,10,100,0,0,Low,5,,,GBP,returned,2026-09-08,2026-09-11-01-legacy,raw/gkp-discover-01-whats-on-things-to-do.csv,361
ob_000422,kw_000415,,discover,country,United Kingdom,English,Google Search,2025-08-01,2026-07-31,encoded_band,50,10,100,,,Low,0,,,GBP,returned,2026-09-08,2026-09-11-01-legacy,raw/gkp-discover-01-whats-on-things-to-do.csv,362
ob_000423,kw_000416,,discover,country,United Kingdom,English,Google Search,2025-08-01,2026-07-31,encoded_band,50,10,100,,0,Low,5,,,GBP,returned,2026-09-08,2026-09-11-01-legacy,raw/gkp-discover-01-whats-on-things-to-do.csv,363
ob_000424,kw_000417,,discover,country,United Kingdom,English,Google Search,2025-08-01,2026-07-31,encoded_band,50,10,100,0,0,Low,6,,,GBP,returned,2026-09-08,2026-09-11-01-legacy,raw/gkp-discover-01-whats-on-things-to-do.csv,364
ob_000425,kw_000418,,discover,country,United Kingdom,English,Google Search,2025-08-01,2026-07-31,encoded_band,50,10,100,0,0,Low,5,,,GBP,returned,2026-09-08,2026-09-11-01-legacy,raw/gkp-discover-01-whats-on-things-to-do.csv,365
ob_000426,kw_000419,,discover,country,United Kingdom,English,Google Search,2025-08-01,2026-07-31,encoded_band,50,10,100,0,0,Low,4,,,GBP,returned,2026-09-08,2026-09-11-01-legacy,raw/gkp-discover-01-whats-on-things-to-do.csv,366
ob_000427,kw_000420,,discover,country,United Kingdom,English,Google Search,2025-08-01,2026-07-31,encoded_band,50,10,100,0,0,Low,4,,,GBP,returned,2026-09-08,2026-09-11-01-legacy,raw/gkp-discover-01-whats-on-things-to-do.csv,367
ob_000428,kw_000421,,discover,country,United Kingdom,English,Google Search,2025-08-01,2026-07-31,encoded_band,50,10,100,-1,-1,Unknown,,,,GBP,returned,2026-09-08,2026-09-11-01-legacy,raw/gkp-discover-01-whats-on-things-to-do.csv,368
ob_000429,kw_000422,,discover,country,United Kingdom,English,Google Search,2025-08-01,2026-07-31,encoded_band,50,10,100,-1,0,Unknown,,,,GBP,returned,2026-09-08,2026-09-11-01-legacy,raw/gkp-discover-01-whats-on-things-to-do.csv,369
ob_000430,kw_000423,,discover,country,United Kingdom,English,Google Search,2025-08-01,2026-07-31,encoded_band,50,10,100,0,0,Low,29,,,GBP,returned,2026-09-08,2026-09-11-01-legacy,raw/gkp-discover-01-whats-on-things-to-do.csv,370
ob_000431,kw_000424,,discover,country,United Kingdom,English,Google Search,2025-08-01,2026-07-31,encoded_band,50,10,100,0,0,Unknown,,,,GBP,returned,2026-09-08,2026-09-11-01-legacy,raw/gkp-discover-01-whats-on-things-to-do.csv,371
ob_000432,kw_000425,,discover,country,United Kingdom,English,Google Search,2025-08-01,2026-07-31,encoded_band,50,10,100,0,0,Low,16,0.23,0.58,GBP,returned,2026-09-08,2026-09-11-01-legacy,raw/gkp-discover-01-whats-on-things-to-do.csv,372
ob_000433,kw_000426,,discover,country,United Kingdom,English,Google Search,2025-08-01,2026-07-31,encoded_band,50,10,100,0,0,Low,0,,,GBP,returned,2026-09-08,2026-09-11-01-legacy,raw/gkp-discover-01-whats-on-things-to-do.csv,373
ob_000434,kw_000427,,discover,country,United Kingdom,English,Google Search,2025-08-01,2026-07-31,encoded_band,5000,1000,10000,0,-0.9,Low,1,2.07,3.61,GBP,returned,2026-09-08,2026-09-11-01-legacy,raw/gkp-discover-01-whats-on-things-to-do.csv,374
ob_000435,kw_000428,,discover,country,United Kingdom,English,Google Search,2025-08-01,2026-07-31,encoded_band,50,10,100,,0,Low,11,,,GBP,returned,2026-09-08,2026-09-11-01-legacy,raw/gkp-discover-01-whats-on-things-to-do.csv,375
ob_000436,kw_000429,,discover,country,United Kingdom,English,Google Search,2025-08-01,2026-07-31,encoded_band,50,10,100,-1,-1,Unknown,,,,GBP,returned,2026-09-08,2026-09-11-01-legacy,raw/gkp-discover-01-whats-on-things-to-do.csv,376
ob_000437,kw_000430,,discover,country,United Kingdom,English,Google Search,2025-08-01,2026-07-31,encoded_band,50,10,100,0,-1,Unknown,,,,GBP,returned,2026-09-08,2026-09-11-01-legacy,raw/gkp-discover-01-whats-on-things-to-do.csv,377
ob_000438,kw_000431,,discover,country,United Kingdom,English,Google Search,2025-08-01,2026-07-31,encoded_band,50,10,100,,0,Low,26,0.28,0.85,GBP,returned,2026-09-08,2026-09-11-01-legacy,raw/gkp-discover-01-whats-on-things-to-do.csv,378
ob_000439,kw_000432,,discover,country,United Kingdom,English,Google Search,2025-08-01,2026-07-31,encoded_band,50,10,100,0,0,Low,17,,,GBP,returned,2026-09-08,2026-09-11-01-legacy,raw/gkp-discover-01-whats-on-things-to-do.csv,379
ob_000440,kw_000433,,discover,country,United Kingdom,English,Google Search,2025-08-01,2026-07-31,encoded_band,50,10,100,0,-1,Unknown,,,,GBP,returned,2026-09-08,2026-09-11-01-legacy,raw/gkp-discover-01-whats-on-things-to-do.csv,380
ob_000441,kw_000434,,discover,country,United Kingdom,English,Google Search,2025-08-01,2026-07-31,encoded_band,50,10,100,0,0,Low,11,,,GBP,returned,2026-09-08,2026-09-11-01-legacy,raw/gkp-discover-01-whats-on-things-to-do.csv,381
ob_000442,kw_000435,,discover,country,United Kingdom,English,Google Search,2025-08-01,2026-07-31,encoded_band,500,100,1000,0,0,Low,13,,,GBP,returned,2026-09-08,2026-09-11-01-legacy,raw/gkp-discover-01-whats-on-things-to-do.csv,382
ob_000443,kw_000436,,discover,country,United Kingdom,English,Google Search,2025-08-01,2026-07-31,encoded_band,500,100,1000,0,-0.9,Low,7,,,GBP,returned,2026-09-08,2026-09-11-01-legacy,raw/gkp-discover-01-whats-on-things-to-do.csv,383
ob_000444,kw_000437,,discover,country,United Kingdom,English,Google Search,2025-08-01,2026-07-31,encoded_band,50,10,100,0,-1,Unknown,,,,GBP,returned,2026-09-08,2026-09-11-01-legacy,raw/gkp-discover-01-whats-on-things-to-do.csv,384
ob_000445,kw_000438,,discover,country,United Kingdom,English,Google Search,2025-08-01,2026-07-31,encoded_band,500,100,1000,0,0,Low,17,,,GBP,returned,2026-09-08,2026-09-11-01-legacy,raw/gkp-discover-01-whats-on-things-to-do.csv,385
ob_000446,kw_000439,,discover,country,United Kingdom,English,Google Search,2025-08-01,2026-07-31,encoded_band,50,10,100,0,-1,Unknown,,,,GBP,returned,2026-09-08,2026-09-11-01-legacy,raw/gkp-discover-01-whats-on-things-to-do.csv,386
ob_000447,kw_000440,,discover,country,United Kingdom,English,Google Search,2025-08-01,2026-07-31,encoded_band,50,10,100,0,0,Low,2,,,GBP,returned,2026-09-08,2026-09-11-01-legacy,raw/gkp-discover-01-whats-on-things-to-do.csv,387
ob_000448,kw_000441,,discover,country,United Kingdom,English,Google Search,2025-08-01,2026-07-31,encoded_band,500,100,1000,0,0,Low,17,,,GBP,returned,2026-09-08,2026-09-11-01-legacy,raw/gkp-discover-01-whats-on-things-to-do.csv,388
ob_000449,kw_000442,,discover,country,United Kingdom,English,Google Search,2025-08-01,2026-07-31,encoded_band,50,10,100,,0,Low,9,,,GBP,returned,2026-09-08,2026-09-11-01-legacy,raw/gkp-discover-01-whats-on-things-to-do.csv,389
ob_000450,kw_000443,,discover,country,United Kingdom,English,Google Search,2025-08-01,2026-07-31,encoded_band,50,10,100,,0,Low,0,,,GBP,returned,2026-09-08,2026-09-11-01-legacy,raw/gkp-discover-01-whats-on-things-to-do.csv,390
ob_000451,kw_000444,,discover,country,United Kingdom,English,Google Search,2025-08-01,2026-07-31,encoded_band,50,10,100,0,0,Low,17,0.48,0.67,GBP,returned,2026-09-08,2026-09-11-01-legacy,raw/gkp-discover-01-whats-on-things-to-do.csv,391
ob_000452,kw_000445,,discover,country,United Kingdom,English,Google Search,2025-08-01,2026-07-31,encoded_band,50,10,100,0,,Low,5,,,GBP,returned,2026-09-08,2026-09-11-01-legacy,raw/gkp-discover-01-whats-on-things-to-do.csv,392
ob_000453,kw_000446,,discover,country,United Kingdom,English,Google Search,2025-08-01,2026-07-31,encoded_band,50,10,100,0,0,Low,10,,,GBP,returned,2026-09-08,2026-09-11-01-legacy,raw/gkp-discover-01-whats-on-things-to-do.csv,393
ob_000454,kw_000447,,discover,country,United Kingdom,English,Google Search,2025-08-01,2026-07-31,encoded_band,50,10,100,0,0,Low,11,,,GBP,returned,2026-09-08,2026-09-11-01-legacy,raw/gkp-discover-01-whats-on-things-to-do.csv,394
ob_000455,kw_000448,,discover,country,United Kingdom,English,Google Search,2025-08-01,2026-07-31,encoded_band,50,10,100,,0,Low,17,,,GBP,returned,2026-09-08,2026-09-11-01-legacy,raw/gkp-discover-01-whats-on-things-to-do.csv,395
ob_000456,kw_000449,,discover,country,United Kingdom,English,Google Search,2025-08-01,2026-07-31,encoded_band,50,10,100,0,0,Medium,50,,,GBP,returned,2026-09-08,2026-09-11-01-legacy,raw/gkp-discover-01-whats-on-things-to-do.csv,396
ob_000457,kw_000450,,discover,country,United Kingdom,English,Google Search,2025-08-01,2026-07-31,encoded_band,50,10,100,0,0,Unknown,,,,GBP,returned,2026-09-08,2026-09-11-01-legacy,raw/gkp-discover-01-whats-on-things-to-do.csv,397
ob_000458,kw_000451,,discover,country,United Kingdom,English,Google Search,2025-08-01,2026-07-31,encoded_band,50,10,100,0,,Medium,36,,,GBP,returned,2026-09-08,2026-09-11-01-legacy,raw/gkp-discover-01-whats-on-things-to-do.csv,398
ob_000459,kw_000452,,discover,country,United Kingdom,English,Google Search,2025-08-01,2026-07-31,encoded_band,50,10,100,0,0,Low,0,,,GBP,returned,2026-09-08,2026-09-11-01-legacy,raw/gkp-discover-01-whats-on-things-to-do.csv,399
ob_000460,kw_000453,,discover,country,United Kingdom,English,Google Search,2025-08-01,2026-07-31,encoded_band,50,10,100,0,0,Low,0,,,GBP,returned,2026-09-08,2026-09-11-01-legacy,raw/gkp-discover-01-whats-on-things-to-do.csv,400
ob_000461,kw_000454,,discover,country,United Kingdom,English,Google Search,2025-08-01,2026-07-31,encoded_band,50,10,100,0,0,Low,7,,,GBP,returned,2026-09-08,2026-09-11-01-legacy,raw/gkp-discover-01-whats-on-things-to-do.csv,401
ob_000462,kw_000455,,discover,country,United Kingdom,English,Google Search,2025-08-01,2026-07-31,encoded_band,50,10,100,0,0,Low,18,,,GBP,returned,2026-09-08,2026-09-11-01-legacy,raw/gkp-discover-01-whats-on-things-to-do.csv,402
ob_000463,kw_000456,,discover,country,United Kingdom,English,Google Search,2025-08-01,2026-07-31,encoded_band,50,10,100,0,0,Medium,41,,,GBP,returned,2026-09-08,2026-09-11-01-legacy,raw/gkp-discover-01-whats-on-things-to-do.csv,403
ob_000464,kw_000457,,discover,country,United Kingdom,English,Google Search,2025-08-01,2026-07-31,encoded_band,50,10,100,0,0,Low,18,,,GBP,returned,2026-09-08,2026-09-11-01-legacy,raw/gkp-discover-01-whats-on-things-to-do.csv,404
ob_000465,kw_000458,,discover,country,United Kingdom,English,Google Search,2025-08-01,2026-07-31,encoded_band,50,10,100,0,0,Medium,40,,,GBP,returned,2026-09-08,2026-09-11-01-legacy,raw/gkp-discover-01-whats-on-things-to-do.csv,405
ob_000466,kw_000459,,discover,country,United Kingdom,English,Google Search,2025-08-01,2026-07-31,encoded_band,50,10,100,,0,Low,0,,,GBP,returned,2026-09-08,2026-09-11-01-legacy,raw/gkp-discover-01-whats-on-things-to-do.csv,406
ob_000467,kw_000460,,discover,country,United Kingdom,English,Google Search,2025-08-01,2026-07-31,encoded_band,50,10,100,0,0,Low,2,,,GBP,returned,2026-09-08,2026-09-11-01-legacy,raw/gkp-discover-01-whats-on-things-to-do.csv,407
ob_000468,kw_000461,,discover,country,United Kingdom,English,Google Search,2025-08-01,2026-07-31,encoded_band,50,10,100,-1,-1,Unknown,,,,GBP,returned,2026-09-08,2026-09-11-01-legacy,raw/gkp-discover-01-whats-on-things-to-do.csv,408
ob_000469,kw_000462,,discover,country,United Kingdom,English,Google Search,2025-08-01,2026-07-31,encoded_band,500,100,1000,0,0,Low,5,,,GBP,returned,2026-09-08,2026-09-11-01-legacy,raw/gkp-discover-01-whats-on-things-to-do.csv,409
ob_000470,kw_000463,,discover,country,United Kingdom,English,Google Search,2025-08-01,2026-07-31,encoded_band,50,10,100,0,0,Low,23,,,GBP,returned,2026-09-08,2026-09-11-01-legacy,raw/gkp-discover-01-whats-on-things-to-do.csv,410
ob_000471,kw_000464,,discover,country,United Kingdom,English,Google Search,2025-08-01,2026-07-31,encoded_band,0,0,0,0,0,Unknown,,,,GBP,zero,2026-09-08,2026-09-11-01-legacy,raw/gkp-discover-01-whats-on-things-to-do.csv,411
ob_000472,kw_000465,,discover,country,United Kingdom,English,Google Search,2025-08-01,2026-07-31,encoded_band,50,10,100,0,0,Medium,50,,,GBP,returned,2026-09-08,2026-09-11-01-legacy,raw/gkp-discover-01-whats-on-things-to-do.csv,412
ob_000473,kw_000466,,discover,country,United Kingdom,English,Google Search,2025-08-01,2026-07-31,encoded_band,50,10,100,-1,0,Unknown,,,,GBP,returned,2026-09-08,2026-09-11-01-legacy,raw/gkp-discover-01-whats-on-things-to-do.csv,413
ob_000474,kw_000467,,discover,country,United Kingdom,English,Google Search,2025-08-01,2026-07-31,encoded_band,50,10,100,0,0,Low,7,,,GBP,returned,2026-09-08,2026-09-11-01-legacy,raw/gkp-discover-01-whats-on-things-to-do.csv,414
ob_000475,kw_000468,,discover,country,United Kingdom,English,Google Search,2025-08-01,2026-07-31,encoded_band,500,100,1000,0,0,Low,9,,,GBP,returned,2026-09-08,2026-09-11-01-legacy,raw/gkp-discover-01-whats-on-things-to-do.csv,415
ob_000476,kw_000469,,discover,country,United Kingdom,English,Google Search,2025-08-01,2026-07-31,encoded_band,50,10,100,0,0,Low,11,,,GBP,returned,2026-09-08,2026-09-11-01-legacy,raw/gkp-discover-01-whats-on-things-to-do.csv,416
ob_000477,kw_000470,,discover,country,United Kingdom,English,Google Search,2025-08-01,2026-07-31,encoded_band,50,10,100,0,0,Low,0,,,GBP,returned,2026-09-08,2026-09-11-01-legacy,raw/gkp-discover-01-whats-on-things-to-do.csv,417
ob_000478,kw_000471,,discover,country,United Kingdom,English,Google Search,2025-08-01,2026-07-31,encoded_band,50,10,100,-1,0,Unknown,,,,GBP,returned,2026-09-08,2026-09-11-01-legacy,raw/gkp-discover-01-whats-on-things-to-do.csv,418
ob_000479,kw_000472,,discover,country,United Kingdom,English,Google Search,2025-08-01,2026-07-31,encoded_band,50,10,100,0,0,Low,5,,,GBP,returned,2026-09-08,2026-09-11-01-legacy,raw/gkp-discover-01-whats-on-things-to-do.csv,419
ob_000480,kw_000473,,discover,country,United Kingdom,English,Google Search,2025-08-01,2026-07-31,encoded_band,50,10,100,0,0,Unknown,,,,GBP,returned,2026-09-08,2026-09-11-01-legacy,raw/gkp-discover-01-whats-on-things-to-do.csv,420
ob_000481,kw_000474,,discover,country,United Kingdom,English,Google Search,2025-08-01,2026-07-31,encoded_band,50,10,100,0,0,Medium,53,0.42,1.21,GBP,returned,2026-09-08,2026-09-11-01-legacy,raw/gkp-discover-01-whats-on-things-to-do.csv,421
ob_000482,kw_000475,,discover,country,United Kingdom,English,Google Search,2025-08-01,2026-07-31,encoded_band,50,10,100,0,0,Low,0,,,GBP,returned,2026-09-08,2026-09-11-01-legacy,raw/gkp-discover-01-whats-on-things-to-do.csv,422
ob_000483,kw_000476,,discover,country,United Kingdom,English,Google Search,2025-08-01,2026-07-31,encoded_band,50,10,100,0,0,High,71,,,GBP,returned,2026-09-08,2026-09-11-01-legacy,raw/gkp-discover-01-whats-on-things-to-do.csv,423
ob_000484,kw_000477,,discover,country,United Kingdom,English,Google Search,2025-08-01,2026-07-31,encoded_band,50,10,100,0,0,Unknown,,,,GBP,returned,2026-09-08,2026-09-11-01-legacy,raw/gkp-discover-01-whats-on-things-to-do.csv,424
ob_000485,kw_000478,,discover,country,United Kingdom,English,Google Search,2025-08-01,2026-07-31,encoded_band,50,10,100,,,High,100,,,GBP,returned,2026-09-08,2026-09-11-01-legacy,raw/gkp-discover-01-whats-on-things-to-do.csv,425
ob_000486,kw_000479,,discover,country,United Kingdom,English,Google Search,2025-08-01,2026-07-31,encoded_band,50,10,100,,,Low,24,,,GBP,returned,2026-09-08,2026-09-11-01-legacy,raw/gkp-discover-01-whats-on-things-to-do.csv,426
ob_000487,kw_000480,,discover,country,United Kingdom,English,Google Search,2025-08-01,2026-07-31,encoded_band,50,10,100,0,0,Low,0,,,GBP,returned,2026-09-08,2026-09-11-01-legacy,raw/gkp-discover-01-whats-on-things-to-do.csv,427
ob_000488,kw_000481,,discover,country,United Kingdom,English,Google Search,2025-08-01,2026-07-31,encoded_band,50,10,100,-1,0,Unknown,,,,GBP,returned,2026-09-08,2026-09-11-01-legacy,raw/gkp-discover-01-whats-on-things-to-do.csv,428
ob_000489,kw_000482,,discover,country,United Kingdom,English,Google Search,2025-08-01,2026-07-31,encoded_band,50,10,100,0,0,Low,0,,,GBP,returned,2026-09-08,2026-09-11-01-legacy,raw/gkp-discover-01-whats-on-things-to-do.csv,429
ob_000490,kw_000483,,discover,country,United Kingdom,English,Google Search,2025-08-01,2026-07-31,encoded_band,50,10,100,0,0,Low,6,,,GBP,returned,2026-09-08,2026-09-11-01-legacy,raw/gkp-discover-01-whats-on-things-to-do.csv,430
ob_000491,kw_000484,,discover,country,United Kingdom,English,Google Search,2025-08-01,2026-07-31,encoded_band,50,10,100,0,0,Low,26,,,GBP,returned,2026-09-08,2026-09-11-01-legacy,raw/gkp-discover-01-whats-on-things-to-do.csv,431
ob_000492,kw_000485,,discover,country,United Kingdom,English,Google Search,2025-08-01,2026-07-31,encoded_band,50,10,100,0,0,Unknown,,,,GBP,returned,2026-09-08,2026-09-11-01-legacy,raw/gkp-discover-01-whats-on-things-to-do.csv,432
ob_000493,kw_000486,,discover,country,United Kingdom,English,Google Search,2025-08-01,2026-07-31,encoded_band,50,10,100,0,0,High,86,0.31,0.85,GBP,returned,2026-09-08,2026-09-11-01-legacy,raw/gkp-discover-01-whats-on-things-to-do.csv,433
ob_000494,kw_000487,,discover,country,United Kingdom,English,Google Search,2025-08-01,2026-07-31,encoded_band,50,10,100,-1,-1,Unknown,,,,GBP,returned,2026-09-08,2026-09-11-01-legacy,raw/gkp-discover-01-whats-on-things-to-do.csv,434
ob_000495,kw_000488,,discover,country,United Kingdom,English,Google Search,2025-08-01,2026-07-31,encoded_band,50,10,100,0,0,Medium,43,,,GBP,returned,2026-09-08,2026-09-11-01-legacy,raw/gkp-discover-01-whats-on-things-to-do.csv,435
ob_000496,kw_000489,,discover,country,United Kingdom,English,Google Search,2025-08-01,2026-07-31,encoded_band,50,10,100,-1,-1,Unknown,,,,GBP,returned,2026-09-08,2026-09-11-01-legacy,raw/gkp-discover-01-whats-on-things-to-do.csv,436
ob_000497,kw_000490,,discover,country,United Kingdom,English,Google Search,2025-08-01,2026-07-31,encoded_band,50,10,100,0,0,Low,4,,,GBP,returned,2026-09-08,2026-09-11-01-legacy,raw/gkp-discover-01-whats-on-things-to-do.csv,437
ob_000498,kw_000491,,discover,country,United Kingdom,English,Google Search,2025-08-01,2026-07-31,encoded_band,50,10,100,0,0,Medium,38,,,GBP,returned,2026-09-08,2026-09-11-01-legacy,raw/gkp-discover-01-whats-on-things-to-do.csv,438
ob_000499,kw_000492,,discover,country,United Kingdom,English,Google Search,2025-08-01,2026-07-31,encoded_band,50,10,100,0,0,High,87,0.62,1.11,GBP,returned,2026-09-08,2026-09-11-01-legacy,raw/gkp-discover-01-whats-on-things-to-do.csv,439
ob_000500,kw_000493,,discover,country,United Kingdom,English,Google Search,2025-08-01,2026-07-31,encoded_band,50,10,100,0,0,High,100,,,GBP,returned,2026-09-08,2026-09-11-01-legacy,raw/gkp-discover-01-whats-on-things-to-do.csv,440
ob_000501,kw_000494,,discover,country,United Kingdom,English,Google Search,2025-08-01,2026-07-31,encoded_band,50,10,100,0,0,High,84,,,GBP,returned,2026-09-08,2026-09-11-01-legacy,raw/gkp-discover-01-whats-on-things-to-do.csv,441
ob_000502,kw_000495,,discover,country,United Kingdom,English,Google Search,2025-08-01,2026-07-31,encoded_band,50,10,100,-1,0,Unknown,,,,GBP,returned,2026-09-08,2026-09-11-01-legacy,raw/gkp-discover-01-whats-on-things-to-do.csv,442
ob_000503,kw_000496,,discover,country,United Kingdom,English,Google Search,2025-08-01,2026-07-31,encoded_band,500,100,1000,0,0,High,100,0.35,1.06,GBP,returned,2026-09-08,2026-09-11-01-legacy,raw/gkp-discover-01-whats-on-things-to-do.csv,443
ob_000504,kw_000497,,discover,country,United Kingdom,English,Google Search,2025-08-01,2026-07-31,encoded_band,500,100,1000,0,0,High,100,0.35,1.3,GBP,returned,2026-09-08,2026-09-11-01-legacy,raw/gkp-discover-01-whats-on-things-to-do.csv,444
ob_000505,kw_000498,,discover,country,United Kingdom,English,Google Search,2025-08-01,2026-07-31,encoded_band,50,10,100,-1,0,Unknown,,,,GBP,returned,2026-09-08,2026-09-11-01-legacy,raw/gkp-discover-01-whats-on-things-to-do.csv,445
ob_000506,kw_000499,,discover,country,United Kingdom,English,Google Search,2025-08-01,2026-07-31,encoded_band,50,10,100,0,0,High,100,,,GBP,returned,2026-09-08,2026-09-11-01-legacy,raw/gkp-discover-01-whats-on-things-to-do.csv,446
ob_000507,kw_000500,,discover,country,United Kingdom,English,Google Search,2025-08-01,2026-07-31,encoded_band,50,10,100,-1,-1,Unknown,,,,GBP,returned,2026-09-08,2026-09-11-01-legacy,raw/gkp-discover-01-whats-on-things-to-do.csv,447
ob_000508,kw_000501,,discover,country,United Kingdom,English,Google Search,2025-08-01,2026-07-31,encoded_band,5000,1000,10000,0,0,High,97,0.4,1.55,GBP,returned,2026-09-08,2026-09-11-01-legacy,raw/gkp-discover-01-whats-on-things-to-do.csv,448
ob_000509,kw_000502,,discover,country,United Kingdom,English,Google Search,2025-08-01,2026-07-31,encoded_band,5000,1000,10000,0,0,High,97,0.4,1.55,GBP,returned,2026-09-08,2026-09-11-01-legacy,raw/gkp-discover-01-whats-on-things-to-do.csv,449
ob_000510,kw_000503,,discover,country,United Kingdom,English,Google Search,2025-08-01,2026-07-31,encoded_band,50,10,100,0,,High,100,,,GBP,returned,2026-09-08,2026-09-11-01-legacy,raw/gkp-discover-01-whats-on-things-to-do.csv,450
ob_000511,kw_000504,,discover,country,United Kingdom,English,Google Search,2025-08-01,2026-07-31,encoded_band,50,10,100,0,0,High,100,,,GBP,returned,2026-09-08,2026-09-11-01-legacy,raw/gkp-discover-01-whats-on-things-to-do.csv,451
ob_000512,kw_000505,,discover,country,United Kingdom,English,Google Search,2025-08-01,2026-07-31,encoded_band,50,10,100,,0,Medium,43,,,GBP,returned,2026-09-08,2026-09-11-01-legacy,raw/gkp-discover-01-whats-on-things-to-do.csv,452
ob_000513,kw_000506,,discover,country,United Kingdom,English,Google Search,2025-08-01,2026-07-31,encoded_band,50,10,100,0,0,High,68,0.45,1.18,GBP,returned,2026-09-08,2026-09-11-01-legacy,raw/gkp-discover-01-whats-on-things-to-do.csv,453
ob_000514,kw_000507,,discover,country,United Kingdom,English,Google Search,2025-08-01,2026-07-31,encoded_band,0,0,0,0,0,Unknown,,,,GBP,zero,2026-09-08,2026-09-11-01-legacy,raw/gkp-discover-01-whats-on-things-to-do.csv,454
ob_000515,kw_000508,,discover,country,United Kingdom,English,Google Search,2025-08-01,2026-07-31,encoded_band,0,0,0,0,0,Unknown,,,,GBP,zero,2026-09-08,2026-09-11-01-legacy,raw/gkp-discover-01-whats-on-things-to-do.csv,455
ob_000516,kw_000509,,discover,country,United Kingdom,English,Google Search,2025-08-01,2026-07-31,encoded_band,50,10,100,0,-1,Unknown,,,,GBP,returned,2026-09-08,2026-09-11-01-legacy,raw/gkp-discover-01-whats-on-things-to-do.csv,456
ob_000517,kw_000510,,discover,country,United Kingdom,English,Google Search,2025-08-01,2026-07-31,encoded_band,50,10,100,0,0,Unknown,,,,GBP,returned,2026-09-08,2026-09-11-01-legacy,raw/gkp-discover-01-whats-on-things-to-do.csv,457
ob_000518,kw_000511,,discover,country,United Kingdom,English,Google Search,2025-08-01,2026-07-31,encoded_band,50,10,100,0,-1,Unknown,,,,GBP,returned,2026-09-08,2026-09-11-01-legacy,raw/gkp-discover-01-whats-on-things-to-do.csv,458
ob_000519,kw_000512,,discover,country,United Kingdom,English,Google Search,2025-08-01,2026-07-31,encoded_band,50,10,100,0,0,High,100,,,GBP,returned,2026-09-08,2026-09-11-01-legacy,raw/gkp-discover-01-whats-on-things-to-do.csv,459
ob_000520,kw_000513,,discover,country,United Kingdom,English,Google Search,2025-08-01,2026-07-31,encoded_band,50,10,100,0,0,High,100,,,GBP,returned,2026-09-08,2026-09-11-01-legacy,raw/gkp-discover-01-whats-on-things-to-do.csv,460
ob_000521,kw_000514,,discover,country,United Kingdom,English,Google Search,2025-08-01,2026-07-31,encoded_band,5000,1000,10000,-0.9,0,High,100,0.35,1.43,GBP,returned,2026-09-08,2026-09-11-01-legacy,raw/gkp-discover-01-whats-on-things-to-do.csv,461
ob_000522,kw_000515,,discover,country,United Kingdom,English,Google Search,2025-08-01,2026-07-31,encoded_band,50,10,100,0,0,High,86,,,GBP,returned,2026-09-08,2026-09-11-01-legacy,raw/gkp-discover-01-whats-on-things-to-do.csv,462
ob_000523,kw_000516,,discover,country,United Kingdom,English,Google Search,2025-08-01,2026-07-31,encoded_band,50,10,100,0,0,Low,0,,,GBP,returned,2026-09-08,2026-09-11-01-legacy,raw/gkp-discover-01-whats-on-things-to-do.csv,463
ob_000524,kw_000517,,discover,country,United Kingdom,English,Google Search,2025-08-01,2026-07-31,encoded_band,50,10,100,,,High,100,,,GBP,returned,2026-09-08,2026-09-11-01-legacy,raw/gkp-discover-01-whats-on-things-to-do.csv,464
ob_000525,kw_000518,,discover,country,United Kingdom,English,Google Search,2025-08-01,2026-07-31,encoded_band,50,10,100,-1,0,Unknown,,,,GBP,returned,2026-09-08,2026-09-11-01-legacy,raw/gkp-discover-01-whats-on-things-to-do.csv,465
ob_000526,kw_000519,,discover,country,United Kingdom,English,Google Search,2025-08-01,2026-07-31,encoded_band,50,10,100,0,0,Unknown,,,,GBP,returned,2026-09-08,2026-09-11-01-legacy,raw/gkp-discover-01-whats-on-things-to-do.csv,466
ob_000527,kw_000520,,discover,country,United Kingdom,English,Google Search,2025-08-01,2026-07-31,encoded_band,50,10,100,0,0,Medium,38,,,GBP,returned,2026-09-08,2026-09-11-01-legacy,raw/gkp-discover-01-whats-on-things-to-do.csv,467
ob_000528,kw_000521,,discover,country,United Kingdom,English,Google Search,2025-08-01,2026-07-31,encoded_band,50,10,100,0,0,Medium,50,,,GBP,returned,2026-09-08,2026-09-11-01-legacy,raw/gkp-discover-01-whats-on-things-to-do.csv,468
ob_000529,kw_000522,,discover,country,United Kingdom,English,Google Search,2025-08-01,2026-07-31,encoded_band,50,10,100,0,0,Low,3,,,GBP,returned,2026-09-08,2026-09-11-01-legacy,raw/gkp-discover-01-whats-on-things-to-do.csv,469
ob_000530,kw_000523,,discover,country,United Kingdom,English,Google Search,2025-08-01,2026-07-31,encoded_band,50,10,100,-1,-1,Unknown,,,,GBP,returned,2026-09-08,2026-09-11-01-legacy,raw/gkp-discover-01-whats-on-things-to-do.csv,470
ob_000531,kw_000524,,discover,country,United Kingdom,English,Google Search,2025-08-01,2026-07-31,encoded_band,50,10,100,0,0,Low,0,,,GBP,returned,2026-09-08,2026-09-11-01-legacy,raw/gkp-discover-01-whats-on-things-to-do.csv,471
ob_000532,kw_000525,,discover,country,United Kingdom,English,Google Search,2025-08-01,2026-07-31,encoded_band,50,10,100,0,-1,Unknown,,,,GBP,returned,2026-09-08,2026-09-11-01-legacy,raw/gkp-discover-01-whats-on-things-to-do.csv,472
ob_000533,kw_000526,,discover,country,United Kingdom,English,Google Search,2025-08-01,2026-07-31,encoded_band,50,10,100,0,0,Low,2,,,GBP,returned,2026-09-08,2026-09-11-01-legacy,raw/gkp-discover-01-whats-on-things-to-do.csv,473
ob_000534,kw_000527,,discover,country,United Kingdom,English,Google Search,2025-08-01,2026-07-31,encoded_band,50,10,100,,0,Low,29,,,GBP,returned,2026-09-08,2026-09-11-01-legacy,raw/gkp-discover-01-whats-on-things-to-do.csv,474
ob_000535,kw_000528,,discover,country,United Kingdom,English,Google Search,2025-08-01,2026-07-31,encoded_band,50,10,100,0,0,Low,1,,,GBP,returned,2026-09-08,2026-09-11-01-legacy,raw/gkp-discover-01-whats-on-things-to-do.csv,475
ob_000536,kw_000529,,discover,country,United Kingdom,English,Google Search,2025-08-01,2026-07-31,encoded_band,50,10,100,0,0,Low,7,,,GBP,returned,2026-09-08,2026-09-11-01-legacy,raw/gkp-discover-01-whats-on-things-to-do.csv,476
ob_000537,kw_000530,,discover,country,United Kingdom,English,Google Search,2025-08-01,2026-07-31,encoded_band,0,0,0,0,0,Unknown,,,,GBP,zero,2026-09-08,2026-09-11-01-legacy,raw/gkp-discover-01-whats-on-things-to-do.csv,477
ob_000538,kw_000531,,discover,country,United Kingdom,English,Google Search,2025-08-01,2026-07-31,encoded_band,50,10,100,0,0,Unknown,,,,GBP,returned,2026-09-08,2026-09-11-01-legacy,raw/gkp-discover-01-whats-on-things-to-do.csv,478
ob_000539,kw_000532,,discover,country,United Kingdom,English,Google Search,2025-08-01,2026-07-31,encoded_band,50,10,100,-1,0,Unknown,,,,GBP,returned,2026-09-08,2026-09-11-01-legacy,raw/gkp-discover-01-whats-on-things-to-do.csv,479
ob_000540,kw_000533,,discover,country,United Kingdom,English,Google Search,2025-08-01,2026-07-31,encoded_band,50,10,100,-0.9,0,Low,4,,,GBP,returned,2026-09-08,2026-09-11-01-legacy,raw/gkp-discover-01-whats-on-things-to-do.csv,480
ob_000541,kw_000534,,discover,country,United Kingdom,English,Google Search,2025-08-01,2026-07-31,encoded_band,50,10,100,0,0,Low,3,,,GBP,returned,2026-09-08,2026-09-11-01-legacy,raw/gkp-discover-01-whats-on-things-to-do.csv,481
ob_000542,kw_000535,,discover,country,United Kingdom,English,Google Search,2025-08-01,2026-07-31,encoded_band,50,10,100,0,0,Low,4,,,GBP,returned,2026-09-08,2026-09-11-01-legacy,raw/gkp-discover-01-whats-on-things-to-do.csv,482
ob_000543,kw_000536,,discover,country,United Kingdom,English,Google Search,2025-08-01,2026-07-31,encoded_band,50,10,100,0,,Low,0,,,GBP,returned,2026-09-08,2026-09-11-01-legacy,raw/gkp-discover-01-whats-on-things-to-do.csv,483
ob_000544,kw_000537,,discover,country,United Kingdom,English,Google Search,2025-08-01,2026-07-31,encoded_band,50,10,100,-0.9,0,Low,6,,,GBP,returned,2026-09-08,2026-09-11-01-legacy,raw/gkp-discover-01-whats-on-things-to-do.csv,484
ob_000545,kw_000538,,discover,country,United Kingdom,English,Google Search,2025-08-01,2026-07-31,encoded_band,50,10,100,,,Low,0,,,GBP,returned,2026-09-08,2026-09-11-01-legacy,raw/gkp-discover-01-whats-on-things-to-do.csv,485
ob_000546,kw_000539,,discover,country,United Kingdom,English,Google Search,2025-08-01,2026-07-31,encoded_band,50,10,100,0,0,Unknown,,,,GBP,returned,2026-09-08,2026-09-11-01-legacy,raw/gkp-discover-01-whats-on-things-to-do.csv,486
ob_000547,kw_000540,,discover,country,United Kingdom,English,Google Search,2025-08-01,2026-07-31,encoded_band,50,10,100,0,0,Unknown,,,,GBP,returned,2026-09-08,2026-09-11-01-legacy,raw/gkp-discover-01-whats-on-things-to-do.csv,487
ob_000548,kw_000541,,discover,country,United Kingdom,English,Google Search,2025-08-01,2026-07-31,encoded_band,50,10,100,-1,-1,Unknown,,,,GBP,returned,2026-09-08,2026-09-11-01-legacy,raw/gkp-discover-01-whats-on-things-to-do.csv,488
ob_000549,kw_000542,,discover,country,United Kingdom,English,Google Search,2025-08-01,2026-07-31,encoded_band,50,10,100,-1,0,Unknown,,,,GBP,returned,2026-09-08,2026-09-11-01-legacy,raw/gkp-discover-01-whats-on-things-to-do.csv,489
ob_000550,kw_000543,,discover,country,United Kingdom,English,Google Search,2025-08-01,2026-07-31,encoded_band,50,10,100,0,,Low,4,,,GBP,returned,2026-09-08,2026-09-11-01-legacy,raw/gkp-discover-01-whats-on-things-to-do.csv,490
ob_000551,kw_000544,,discover,country,United Kingdom,English,Google Search,2025-08-01,2026-07-31,encoded_band,50,10,100,-1,0,Unknown,,,,GBP,returned,2026-09-08,2026-09-11-01-legacy,raw/gkp-discover-01-whats-on-things-to-do.csv,491
ob_000552,kw_000545,,discover,country,United Kingdom,English,Google Search,2025-08-01,2026-07-31,encoded_band,50,10,100,-1,-1,Unknown,,,,GBP,returned,2026-09-08,2026-09-11-01-legacy,raw/gkp-discover-01-whats-on-things-to-do.csv,492
ob_000553,kw_000546,,discover,country,United Kingdom,English,Google Search,2025-08-01,2026-07-31,encoded_band,50,10,100,0,0,High,100,,,GBP,returned,2026-09-08,2026-09-11-01-legacy,raw/gkp-discover-01-whats-on-things-to-do.csv,493
ob_000554,kw_000547,,discover,country,United Kingdom,English,Google Search,2025-08-01,2026-07-31,encoded_band,50,10,100,0,0,High,100,,,GBP,returned,2026-09-08,2026-09-11-01-legacy,raw/gkp-discover-01-whats-on-things-to-do.csv,494
ob_000555,kw_000548,,discover,country,United Kingdom,English,Google Search,2025-08-01,2026-07-31,encoded_band,50,10,100,0,-1,Unknown,,,,GBP,returned,2026-09-08,2026-09-11-01-legacy,raw/gkp-discover-01-whats-on-things-to-do.csv,495
ob_000556,kw_000549,,discover,country,United Kingdom,English,Google Search,2025-08-01,2026-07-31,encoded_band,50,10,100,0,-1,Unknown,,,,GBP,returned,2026-09-08,2026-09-11-01-legacy,raw/gkp-discover-01-whats-on-things-to-do.csv,496
ob_000557,kw_000550,,discover,country,United Kingdom,English,Google Search,2025-08-01,2026-07-31,encoded_band,50,10,100,0,0,Low,14,,,GBP,returned,2026-09-08,2026-09-11-01-legacy,raw/gkp-discover-01-whats-on-things-to-do.csv,497
ob_000558,kw_000551,,discover,country,United Kingdom,English,Google Search,2025-08-01,2026-07-31,encoded_band,50,10,100,0,0,Low,3,,,GBP,returned,2026-09-08,2026-09-11-01-legacy,raw/gkp-discover-01-whats-on-things-to-do.csv,498
ob_000559,kw_000552,,discover,country,United Kingdom,English,Google Search,2025-08-01,2026-07-31,encoded_band,50,10,100,0,0,Low,23,,,GBP,returned,2026-09-08,2026-09-11-01-legacy,raw/gkp-discover-01-whats-on-things-to-do.csv,499
ob_000560,kw_000553,,discover,country,United Kingdom,English,Google Search,2025-08-01,2026-07-31,encoded_band,50,10,100,0,0,Low,27,,,GBP,returned,2026-09-08,2026-09-11-01-legacy,raw/gkp-discover-01-whats-on-things-to-do.csv,500
ob_000561,kw_000554,,discover,country,United Kingdom,English,Google Search,2025-08-01,2026-07-31,encoded_band,50,10,100,0,0,Low,24,,,GBP,returned,2026-09-08,2026-09-11-01-legacy,raw/gkp-discover-01-whats-on-things-to-do.csv,501
ob_000562,kw_000555,,discover,country,United Kingdom,English,Google Search,2025-08-01,2026-07-31,encoded_band,50,10,100,0,0,Medium,41,,,GBP,returned,2026-09-08,2026-09-11-01-legacy,raw/gkp-discover-01-whats-on-things-to-do.csv,502
ob_000563,kw_000556,,discover,country,United Kingdom,English,Google Search,2025-08-01,2026-07-31,encoded_band,50,10,100,0,0,Low,31,,,GBP,returned,2026-09-08,2026-09-11-01-legacy,raw/gkp-discover-01-whats-on-things-to-do.csv,503
ob_000564,kw_000557,,discover,country,United Kingdom,English,Google Search,2025-08-01,2026-07-31,encoded_band,50,10,100,0,0,Medium,43,,,GBP,returned,2026-09-08,2026-09-11-01-legacy,raw/gkp-discover-01-whats-on-things-to-do.csv,504
ob_000565,kw_000558,,discover,country,United Kingdom,English,Google Search,2025-08-01,2026-07-31,encoded_band,50,10,100,0,0,Unknown,,,,GBP,returned,2026-09-08,2026-09-11-01-legacy,raw/gkp-discover-01-whats-on-things-to-do.csv,505
ob_000566,kw_000559,,discover,country,United Kingdom,English,Google Search,2025-08-01,2026-07-31,encoded_band,50,10,100,0,-1,Unknown,,,,GBP,returned,2026-09-08,2026-09-11-01-legacy,raw/gkp-discover-01-whats-on-things-to-do.csv,506
ob_000567,kw_000560,,discover,country,United Kingdom,English,Google Search,2025-08-01,2026-07-31,encoded_band,50,10,100,0,0,Low,0,,,GBP,returned,2026-09-08,2026-09-11-01-legacy,raw/gkp-discover-01-whats-on-things-to-do.csv,507
ob_000568,kw_000561,,discover,country,United Kingdom,English,Google Search,2025-08-01,2026-07-31,encoded_band,50,10,100,0,-1,Unknown,,,,GBP,returned,2026-09-08,2026-09-11-01-legacy,raw/gkp-discover-01-whats-on-things-to-do.csv,508
ob_000569,kw_000562,,discover,country,United Kingdom,English,Google Search,2025-08-01,2026-07-31,encoded_band,,,,,,Unknown,,,,GBP,absent,2026-09-08,2026-09-11-01-legacy,raw/gkp-discover-01-whats-on-things-to-do.csv,509
ob_000570,kw_000563,,discover,country,United Kingdom,English,Google Search,2025-08-01,2026-07-31,encoded_band,0,0,0,0,0,Unknown,,,,GBP,zero,2026-09-08,2026-09-11-01-legacy,raw/gkp-discover-01-whats-on-things-to-do.csv,510
ob_000571,kw_000564,,discover,country,United Kingdom,English,Google Search,2025-08-01,2026-07-31,encoded_band,50,10,100,0,-1,Unknown,,,,GBP,returned,2026-09-08,2026-09-11-01-legacy,raw/gkp-discover-01-whats-on-things-to-do.csv,511
ob_000572,kw_000565,,discover,country,United Kingdom,English,Google Search,2025-08-01,2026-07-31,encoded_band,50,10,100,0,-1,Unknown,,,,GBP,returned,2026-09-08,2026-09-11-01-legacy,raw/gkp-discover-01-whats-on-things-to-do.csv,512
ob_000573,kw_000566,,discover,country,United Kingdom,English,Google Search,2025-08-01,2026-07-31,encoded_band,50,10,100,0,0,Low,14,,,GBP,returned,2026-09-08,2026-09-11-01-legacy,raw/gkp-discover-01-whats-on-things-to-do.csv,513
ob_000574,kw_000567,,discover,country,United Kingdom,English,Google Search,2025-08-01,2026-07-31,encoded_band,50,10,100,0,0,High,83,,,GBP,returned,2026-09-08,2026-09-11-01-legacy,raw/gkp-discover-01-whats-on-things-to-do.csv,514
ob_000575,kw_000568,,discover,country,United Kingdom,English,Google Search,2025-08-01,2026-07-31,encoded_band,50,10,100,0,0,Low,17,,,GBP,returned,2026-09-08,2026-09-11-01-legacy,raw/gkp-discover-01-whats-on-things-to-do.csv,515
ob_000576,kw_000569,,discover,country,United Kingdom,English,Google Search,2025-08-01,2026-07-31,encoded_band,50,10,100,0,0,Low,29,,,GBP,returned,2026-09-08,2026-09-11-01-legacy,raw/gkp-discover-01-whats-on-things-to-do.csv,516
ob_000577,kw_000570,,discover,country,United Kingdom,English,Google Search,2025-08-01,2026-07-31,encoded_band,50,10,100,0,0,Low,18,,,GBP,returned,2026-09-08,2026-09-11-01-legacy,raw/gkp-discover-01-whats-on-things-to-do.csv,517
ob_000578,kw_000571,,discover,country,United Kingdom,English,Google Search,2025-08-01,2026-07-31,encoded_band,50,10,100,0,0,Low,16,,,GBP,returned,2026-09-08,2026-09-11-01-legacy,raw/gkp-discover-01-whats-on-things-to-do.csv,518
ob_000579,kw_000572,,discover,country,United Kingdom,English,Google Search,2025-08-01,2026-07-31,encoded_band,50,10,100,0,0,Low,16,,,GBP,returned,2026-09-08,2026-09-11-01-legacy,raw/gkp-discover-01-whats-on-things-to-do.csv,519
ob_000580,kw_000573,,discover,country,United Kingdom,English,Google Search,2025-08-01,2026-07-31,encoded_band,50,10,100,0,0,Low,0,,,GBP,returned,2026-09-08,2026-09-11-01-legacy,raw/gkp-discover-01-whats-on-things-to-do.csv,520
ob_000581,kw_000574,,discover,country,United Kingdom,English,Google Search,2025-08-01,2026-07-31,encoded_band,50,10,100,0,0,Low,10,,,GBP,returned,2026-09-08,2026-09-11-01-legacy,raw/gkp-discover-01-whats-on-things-to-do.csv,521
ob_000582,kw_000575,,discover,country,United Kingdom,English,Google Search,2025-08-01,2026-07-31,encoded_band,50,10,100,0,0,High,84,,,GBP,returned,2026-09-08,2026-09-11-01-legacy,raw/gkp-discover-01-whats-on-things-to-do.csv,522
ob_000583,kw_000576,,discover,country,United Kingdom,English,Google Search,2025-08-01,2026-07-31,encoded_band,50,10,100,0,0,High,88,,,GBP,returned,2026-09-08,2026-09-11-01-legacy,raw/gkp-discover-01-whats-on-things-to-do.csv,523
ob_000584,kw_000577,,discover,country,United Kingdom,English,Google Search,2025-08-01,2026-07-31,encoded_band,50,10,100,0,0,Low,29,,,GBP,returned,2026-09-08,2026-09-11-01-legacy,raw/gkp-discover-01-whats-on-things-to-do.csv,524
ob_000585,kw_000578,,discover,country,United Kingdom,English,Google Search,2025-08-01,2026-07-31,encoded_band,50,10,100,0,0,Medium,36,,,GBP,returned,2026-09-08,2026-09-11-01-legacy,raw/gkp-discover-01-whats-on-things-to-do.csv,525
ob_000586,kw_000579,,discover,country,United Kingdom,English,Google Search,2025-08-01,2026-07-31,encoded_band,50,10,100,0,0,Low,25,0.28,0.54,GBP,returned,2026-09-08,2026-09-11-01-legacy,raw/gkp-discover-01-whats-on-things-to-do.csv,526
ob_000587,kw_000580,,discover,country,United Kingdom,English,Google Search,2025-08-01,2026-07-31,encoded_band,0,0,0,0,0,Unknown,,,,GBP,zero,2026-09-08,2026-09-11-01-legacy,raw/gkp-discover-01-whats-on-things-to-do.csv,527
ob_000588,kw_000581,,discover,country,United Kingdom,English,Google Search,2025-08-01,2026-07-31,encoded_band,50,10,100,0,0,Low,18,,,GBP,returned,2026-09-08,2026-09-11-01-legacy,raw/gkp-discover-01-whats-on-things-to-do.csv,528
ob_000589,kw_000582,,discover,country,United Kingdom,English,Google Search,2025-08-01,2026-07-31,encoded_band,0,0,0,0,0,Unknown,,,,GBP,zero,2026-09-08,2026-09-11-01-legacy,raw/gkp-discover-01-whats-on-things-to-do.csv,529
ob_000590,kw_000583,,discover,country,United Kingdom,English,Google Search,2025-08-01,2026-07-31,encoded_band,50,10,100,0,0,Unknown,,,,GBP,returned,2026-09-08,2026-09-11-01-legacy,raw/gkp-discover-01-whats-on-things-to-do.csv,530
ob_000591,kw_000584,,discover,country,United Kingdom,English,Google Search,2025-08-01,2026-07-31,encoded_band,50,10,100,0,0,Medium,54,,,GBP,returned,2026-09-08,2026-09-11-01-legacy,raw/gkp-discover-01-whats-on-things-to-do.csv,531
ob_000592,kw_000585,,discover,country,United Kingdom,English,Google Search,2025-08-01,2026-07-31,encoded_band,5000,1000,10000,0,0,Low,28,0.14,0.73,GBP,returned,2026-09-08,2026-09-11-01-legacy,raw/gkp-discover-01-whats-on-things-to-do.csv,532
ob_000593,kw_000586,,discover,country,United Kingdom,English,Google Search,2025-08-01,2026-07-31,encoded_band,50,10,100,0,0,Medium,34,,,GBP,returned,2026-09-08,2026-09-11-01-legacy,raw/gkp-discover-01-whats-on-things-to-do.csv,533
ob_000594,kw_000587,,discover,country,United Kingdom,English,Google Search,2025-08-01,2026-07-31,encoded_band,50,10,100,0,0,Medium,43,,,GBP,returned,2026-09-08,2026-09-11-01-legacy,raw/gkp-discover-01-whats-on-things-to-do.csv,534
ob_000595,kw_000588,,discover,country,United Kingdom,English,Google Search,2025-08-01,2026-07-31,encoded_band,50,10,100,,0,High,86,,,GBP,returned,2026-09-08,2026-09-11-01-legacy,raw/gkp-discover-01-whats-on-things-to-do.csv,535
ob_000596,kw_000589,,discover,country,United Kingdom,English,Google Search,2025-08-01,2026-07-31,encoded_band,50,10,100,0,0,Low,23,,,GBP,returned,2026-09-08,2026-09-11-01-legacy,raw/gkp-discover-01-whats-on-things-to-do.csv,536
ob_000597,kw_000590,,discover,country,United Kingdom,English,Google Search,2025-08-01,2026-07-31,encoded_band,50,10,100,0,0,Unknown,,,,GBP,returned,2026-09-08,2026-09-11-01-legacy,raw/gkp-discover-01-whats-on-things-to-do.csv,537
ob_000598,kw_000591,,discover,country,United Kingdom,English,Google Search,2025-08-01,2026-07-31,encoded_band,50,10,100,0,0,Low,31,,,GBP,returned,2026-09-08,2026-09-11-01-legacy,raw/gkp-discover-01-whats-on-things-to-do.csv,538
ob_000599,kw_000592,,discover,country,United Kingdom,English,Google Search,2025-08-01,2026-07-31,encoded_band,50,10,100,0,0,Low,0,,,GBP,returned,2026-09-08,2026-09-11-01-legacy,raw/gkp-discover-01-whats-on-things-to-do.csv,539
ob_000600,kw_000593,,discover,country,United Kingdom,English,Google Search,2025-08-01,2026-07-31,encoded_band,50,10,100,0,0,Low,28,0.15,0.49,GBP,returned,2026-09-08,2026-09-11-01-legacy,raw/gkp-discover-01-whats-on-things-to-do.csv,540
ob_000601,kw_000594,,discover,country,United Kingdom,English,Google Search,2025-08-01,2026-07-31,encoded_band,,,,,,Unknown,,,,GBP,absent,2026-09-08,2026-09-11-01-legacy,raw/gkp-discover-01-whats-on-things-to-do.csv,541
ob_000602,kw_000595,,discover,country,United Kingdom,English,Google Search,2025-08-01,2026-07-31,encoded_band,50,10,100,0,0,Unknown,,,,GBP,returned,2026-09-08,2026-09-11-01-legacy,raw/gkp-discover-01-whats-on-things-to-do.csv,542
ob_000603,kw_000596,,discover,country,United Kingdom,English,Google Search,2025-08-01,2026-07-31,encoded_band,50,10,100,0,0,Low,3,,,GBP,returned,2026-09-08,2026-09-11-01-legacy,raw/gkp-discover-01-whats-on-things-to-do.csv,543
ob_000604,kw_000597,,discover,country,United Kingdom,English,Google Search,2025-08-01,2026-07-31,encoded_band,50,10,100,0,0,Low,28,,,GBP,returned,2026-09-08,2026-09-11-01-legacy,raw/gkp-discover-01-whats-on-things-to-do.csv,544
ob_000605,kw_000598,,discover,country,United Kingdom,English,Google Search,2025-08-01,2026-07-31,encoded_band,50,10,100,0,0,Low,14,,,GBP,returned,2026-09-08,2026-09-11-01-legacy,raw/gkp-discover-01-whats-on-things-to-do.csv,545
ob_000606,kw_000599,,discover,country,United Kingdom,English,Google Search,2025-08-01,2026-07-31,encoded_band,50,10,100,-1,-1,Unknown,,,,GBP,returned,2026-09-08,2026-09-11-01-legacy,raw/gkp-discover-01-whats-on-things-to-do.csv,546
ob_000607,kw_000600,,discover,country,United Kingdom,English,Google Search,2025-08-01,2026-07-31,encoded_band,50,10,100,0,0,Unknown,,,,GBP,returned,2026-09-08,2026-09-11-01-legacy,raw/gkp-discover-01-whats-on-things-to-do.csv,547
ob_000608,kw_000601,,discover,country,United Kingdom,English,Google Search,2025-08-01,2026-07-31,encoded_band,0,0,0,0,0,Unknown,,,,GBP,zero,2026-09-08,2026-09-11-01-legacy,raw/gkp-discover-01-whats-on-things-to-do.csv,548
ob_000609,kw_000602,,discover,country,United Kingdom,English,Google Search,2025-08-01,2026-07-31,encoded_band,50,10,100,0,-1,Unknown,,,,GBP,returned,2026-09-08,2026-09-11-01-legacy,raw/gkp-discover-01-whats-on-things-to-do.csv,549
ob_000610,kw_000603,,discover,country,United Kingdom,English,Google Search,2025-08-01,2026-07-31,encoded_band,50,10,100,,0,High,79,,,GBP,returned,2026-09-08,2026-09-11-01-legacy,raw/gkp-discover-01-whats-on-things-to-do.csv,550
ob_000611,kw_000604,,discover,country,United Kingdom,English,Google Search,2025-08-01,2026-07-31,encoded_band,50,10,100,0,0,Low,7,,,GBP,returned,2026-09-08,2026-09-11-01-legacy,raw/gkp-discover-01-whats-on-things-to-do.csv,551
ob_000612,kw_000605,,discover,country,United Kingdom,English,Google Search,2025-08-01,2026-07-31,encoded_band,50,10,100,0,0,Low,20,,,GBP,returned,2026-09-08,2026-09-11-01-legacy,raw/gkp-discover-01-whats-on-things-to-do.csv,552
ob_000613,kw_000606,,discover,country,United Kingdom,English,Google Search,2025-08-01,2026-07-31,encoded_band,50,10,100,0,0,Low,21,,,GBP,returned,2026-09-08,2026-09-11-01-legacy,raw/gkp-discover-01-whats-on-things-to-do.csv,553
ob_000614,kw_000607,,discover,country,United Kingdom,English,Google Search,2025-08-01,2026-07-31,encoded_band,50,10,100,0,0,Medium,64,,,GBP,returned,2026-09-08,2026-09-11-01-legacy,raw/gkp-discover-01-whats-on-things-to-do.csv,554
ob_000615,kw_000608,,discover,country,United Kingdom,English,Google Search,2025-08-01,2026-07-31,encoded_band,50,10,100,0,0,Low,16,,,GBP,returned,2026-09-08,2026-09-11-01-legacy,raw/gkp-discover-01-whats-on-things-to-do.csv,555
ob_000616,kw_000609,,discover,country,United Kingdom,English,Google Search,2025-08-01,2026-07-31,encoded_band,50,10,100,0,0,Unknown,,,,GBP,returned,2026-09-08,2026-09-11-01-legacy,raw/gkp-discover-01-whats-on-things-to-do.csv,556
ob_000617,kw_000610,,discover,country,United Kingdom,English,Google Search,2025-08-01,2026-07-31,encoded_band,50,10,100,0,0,Low,21,,,GBP,returned,2026-09-08,2026-09-11-01-legacy,raw/gkp-discover-01-whats-on-things-to-do.csv,557
ob_000618,kw_000611,,discover,country,United Kingdom,English,Google Search,2025-08-01,2026-07-31,encoded_band,50,10,100,0,0,Unknown,,,,GBP,returned,2026-09-08,2026-09-11-01-legacy,raw/gkp-discover-01-whats-on-things-to-do.csv,558
ob_000619,kw_000612,,discover,country,United Kingdom,English,Google Search,2025-08-01,2026-07-31,encoded_band,50,10,100,0,0,Unknown,,,,GBP,returned,2026-09-08,2026-09-11-01-legacy,raw/gkp-discover-01-whats-on-things-to-do.csv,559
ob_000620,kw_000613,,discover,country,United Kingdom,English,Google Search,2025-08-01,2026-07-31,encoded_band,50,10,100,0,-1,Unknown,,,,GBP,returned,2026-09-08,2026-09-11-01-legacy,raw/gkp-discover-01-whats-on-things-to-do.csv,560
ob_000621,kw_000614,,discover,country,United Kingdom,English,Google Search,2025-08-01,2026-07-31,encoded_band,50,10,100,0,0,Unknown,,,,GBP,returned,2026-09-08,2026-09-11-01-legacy,raw/gkp-discover-01-whats-on-things-to-do.csv,561
ob_000622,kw_000615,,discover,country,United Kingdom,English,Google Search,2025-08-01,2026-07-31,encoded_band,50,10,100,,,Low,0,,,GBP,returned,2026-09-08,2026-09-11-01-legacy,raw/gkp-discover-01-whats-on-things-to-do.csv,562
ob_000623,kw_000616,,discover,country,United Kingdom,English,Google Search,2025-08-01,2026-07-31,encoded_band,50,10,100,,,Low,0,,,GBP,returned,2026-09-08,2026-09-11-01-legacy,raw/gkp-discover-01-whats-on-things-to-do.csv,563
ob_000624,kw_000617,,discover,country,United Kingdom,English,Google Search,2025-08-01,2026-07-31,encoded_band,50,10,100,0,0,Low,15,0.18,0.59,GBP,returned,2026-09-08,2026-09-11-01-legacy,raw/gkp-discover-01-whats-on-things-to-do.csv,564
ob_000625,kw_000618,,discover,country,United Kingdom,English,Google Search,2025-08-01,2026-07-31,encoded_band,50,10,100,-1,0,Unknown,,,,GBP,returned,2026-09-08,2026-09-11-01-legacy,raw/gkp-discover-01-whats-on-things-to-do.csv,565
ob_000626,kw_000619,,discover,country,United Kingdom,English,Google Search,2025-08-01,2026-07-31,encoded_band,50,10,100,-1,-1,Unknown,,,,GBP,returned,2026-09-08,2026-09-11-01-legacy,raw/gkp-discover-01-whats-on-things-to-do.csv,566
ob_000627,kw_000620,,discover,country,United Kingdom,English,Google Search,2025-08-01,2026-07-31,encoded_band,50,10,100,0,0,Medium,58,0.29,0.61,GBP,returned,2026-09-08,2026-09-11-01-legacy,raw/gkp-discover-01-whats-on-things-to-do.csv,567
ob_000628,kw_000621,,discover,country,United Kingdom,English,Google Search,2025-08-01,2026-07-31,encoded_band,50,10,100,0,0,Medium,38,0.16,1.1,GBP,returned,2026-09-08,2026-09-11-01-legacy,raw/gkp-discover-01-whats-on-things-to-do.csv,568
ob_000629,kw_000622,,discover,country,United Kingdom,English,Google Search,2025-08-01,2026-07-31,encoded_band,50,10,100,0,0,Low,29,,,GBP,returned,2026-09-08,2026-09-11-01-legacy,raw/gkp-discover-01-whats-on-things-to-do.csv,569
ob_000630,kw_000623,,discover,country,United Kingdom,English,Google Search,2025-08-01,2026-07-31,encoded_band,50,10,100,-1,0,Unknown,,,,GBP,returned,2026-09-08,2026-09-11-01-legacy,raw/gkp-discover-01-whats-on-things-to-do.csv,570
ob_000631,kw_000624,,discover,country,United Kingdom,English,Google Search,2025-08-01,2026-07-31,encoded_band,50,10,100,0,-1,Unknown,,,,GBP,returned,2026-09-08,2026-09-11-01-legacy,raw/gkp-discover-01-whats-on-things-to-do.csv,571
ob_000632,kw_000625,,discover,country,United Kingdom,English,Google Search,2025-08-01,2026-07-31,encoded_band,50,10,100,0,0,Unknown,,,,GBP,returned,2026-09-08,2026-09-11-01-legacy,raw/gkp-discover-01-whats-on-things-to-do.csv,572
ob_000633,kw_000626,,discover,country,United Kingdom,English,Google Search,2025-08-01,2026-07-31,encoded_band,50,10,100,0,0,Low,0,,,GBP,returned,2026-09-08,2026-09-11-01-legacy,raw/gkp-discover-01-whats-on-things-to-do.csv,573
ob_000634,kw_000627,,discover,country,United Kingdom,English,Google Search,2025-08-01,2026-07-31,encoded_band,50,10,100,0,0,Unknown,,,,GBP,returned,2026-09-08,2026-09-11-01-legacy,raw/gkp-discover-01-whats-on-things-to-do.csv,574
ob_000635,kw_000628,,discover,country,United Kingdom,English,Google Search,2025-08-01,2026-07-31,encoded_band,50,10,100,0,0,Medium,54,,,GBP,returned,2026-09-08,2026-09-11-01-legacy,raw/gkp-discover-01-whats-on-things-to-do.csv,575
ob_000636,kw_000629,,discover,country,United Kingdom,English,Google Search,2025-08-01,2026-07-31,encoded_band,50,10,100,,0,High,67,,,GBP,returned,2026-09-08,2026-09-11-01-legacy,raw/gkp-discover-01-whats-on-things-to-do.csv,576
ob_000637,kw_000630,,discover,country,United Kingdom,English,Google Search,2025-08-01,2026-07-31,encoded_band,50,10,100,0,0,Medium,33,0.27,0.6,GBP,returned,2026-09-08,2026-09-11-01-legacy,raw/gkp-discover-01-whats-on-things-to-do.csv,577
ob_000638,kw_000631,,discover,country,United Kingdom,English,Google Search,2025-08-01,2026-07-31,encoded_band,50,10,100,0,0,Low,17,,,GBP,returned,2026-09-08,2026-09-11-01-legacy,raw/gkp-discover-01-whats-on-things-to-do.csv,578
ob_000639,kw_000632,,discover,country,United Kingdom,English,Google Search,2025-08-01,2026-07-31,encoded_band,50,10,100,0,0,Low,5,,,GBP,returned,2026-09-08,2026-09-11-01-legacy,raw/gkp-discover-01-whats-on-things-to-do.csv,579
ob_000640,kw_000633,,discover,country,United Kingdom,English,Google Search,2025-08-01,2026-07-31,encoded_band,50,10,100,0,-1,Unknown,,,,GBP,returned,2026-09-08,2026-09-11-01-legacy,raw/gkp-discover-01-whats-on-things-to-do.csv,580
ob_000641,kw_000634,,discover,country,United Kingdom,English,Google Search,2025-08-01,2026-07-31,encoded_band,50,10,100,,0,High,86,,,GBP,returned,2026-09-08,2026-09-11-01-legacy,raw/gkp-discover-01-whats-on-things-to-do.csv,581
ob_000642,kw_000635,,discover,country,United Kingdom,English,Google Search,2025-08-01,2026-07-31,encoded_band,0,0,0,0,0,Unknown,,,,GBP,zero,2026-09-08,2026-09-11-01-legacy,raw/gkp-discover-01-whats-on-things-to-do.csv,582
ob_000643,kw_000636,,discover,country,United Kingdom,English,Google Search,2025-08-01,2026-07-31,encoded_band,50,10,100,0,0,Low,0,,,GBP,returned,2026-09-08,2026-09-11-01-legacy,raw/gkp-discover-01-whats-on-things-to-do.csv,583
ob_000644,kw_000637,,discover,country,United Kingdom,English,Google Search,2025-08-01,2026-07-31,encoded_band,50,10,100,-1,0,Unknown,,,,GBP,returned,2026-09-08,2026-09-11-01-legacy,raw/gkp-discover-01-whats-on-things-to-do.csv,584
ob_000645,kw_000638,,discover,country,United Kingdom,English,Google Search,2025-08-01,2026-07-31,encoded_band,0,0,0,0,0,Unknown,,,,GBP,zero,2026-09-08,2026-09-11-01-legacy,raw/gkp-discover-01-whats-on-things-to-do.csv,585
ob_000646,kw_000639,,discover,country,United Kingdom,English,Google Search,2025-08-01,2026-07-31,encoded_band,50,10,100,,0,Low,14,,,GBP,returned,2026-09-08,2026-09-11-01-legacy,raw/gkp-discover-01-whats-on-things-to-do.csv,586
ob_000647,kw_000640,,discover,country,United Kingdom,English,Google Search,2025-08-01,2026-07-31,encoded_band,,,,,,Unknown,,,,GBP,absent,2026-09-08,2026-09-11-01-legacy,raw/gkp-discover-01-whats-on-things-to-do.csv,587
ob_000648,kw_000641,,discover,country,United Kingdom,English,Google Search,2025-08-01,2026-07-31,encoded_band,50,10,100,0,0,Medium,57,,,GBP,returned,2026-09-08,2026-09-11-01-legacy,raw/gkp-discover-01-whats-on-things-to-do.csv,588
ob_000649,kw_000642,,discover,country,United Kingdom,English,Google Search,2025-08-01,2026-07-31,encoded_band,50,10,100,0,0,Low,0,,,GBP,returned,2026-09-08,2026-09-11-01-legacy,raw/gkp-discover-01-whats-on-things-to-do.csv,589
ob_000650,kw_000643,,discover,country,United Kingdom,English,Google Search,2025-08-01,2026-07-31,encoded_band,50,10,100,0,0,Low,0,,,GBP,returned,2026-09-08,2026-09-11-01-legacy,raw/gkp-discover-01-whats-on-things-to-do.csv,590
ob_000651,kw_000644,,discover,country,United Kingdom,English,Google Search,2025-08-01,2026-07-31,encoded_band,50,10,100,0,0,Low,14,,,GBP,returned,2026-09-08,2026-09-11-01-legacy,raw/gkp-discover-01-whats-on-things-to-do.csv,591
ob_000652,kw_000645,,discover,country,United Kingdom,English,Google Search,2025-08-01,2026-07-31,encoded_band,50,10,100,0,0,Unknown,,,,GBP,returned,2026-09-08,2026-09-11-01-legacy,raw/gkp-discover-01-whats-on-things-to-do.csv,592
ob_000653,kw_000646,,discover,country,United Kingdom,English,Google Search,2025-08-01,2026-07-31,encoded_band,0,0,0,0,0,Unknown,,,,GBP,zero,2026-09-08,2026-09-11-01-legacy,raw/gkp-discover-01-whats-on-things-to-do.csv,593
ob_000654,kw_000647,,discover,country,United Kingdom,English,Google Search,2025-08-01,2026-07-31,encoded_band,50,10,100,0,0,Low,10,,,GBP,returned,2026-09-08,2026-09-11-01-legacy,raw/gkp-discover-01-whats-on-things-to-do.csv,594
ob_000655,kw_000648,,discover,country,United Kingdom,English,Google Search,2025-08-01,2026-07-31,encoded_band,50,10,100,0,0,Low,6,,,GBP,returned,2026-09-08,2026-09-11-01-legacy,raw/gkp-discover-01-whats-on-things-to-do.csv,595
ob_000656,kw_000649,,discover,country,United Kingdom,English,Google Search,2025-08-01,2026-07-31,encoded_band,50,10,100,0,,Low,7,,,GBP,returned,2026-09-08,2026-09-11-01-legacy,raw/gkp-discover-01-whats-on-things-to-do.csv,596
ob_000657,kw_000650,,discover,country,United Kingdom,English,Google Search,2025-08-01,2026-07-31,encoded_band,50,10,100,0,-1,Unknown,,,,GBP,returned,2026-09-08,2026-09-11-01-legacy,raw/gkp-discover-01-whats-on-things-to-do.csv,597
ob_000658,kw_000651,,discover,country,United Kingdom,English,Google Search,2025-08-01,2026-07-31,encoded_band,50,10,100,0,0,Low,33,0.21,0.54,GBP,returned,2026-09-08,2026-09-11-01-legacy,raw/gkp-discover-01-whats-on-things-to-do.csv,598
ob_000659,kw_000652,,discover,country,United Kingdom,English,Google Search,2025-08-01,2026-07-31,encoded_band,50,10,100,0,,Low,18,,,GBP,returned,2026-09-08,2026-09-11-01-legacy,raw/gkp-discover-01-whats-on-things-to-do.csv,599
ob_000660,kw_000653,,discover,country,United Kingdom,English,Google Search,2025-08-01,2026-07-31,encoded_band,0,0,0,0,0,Unknown,,,,GBP,zero,2026-09-08,2026-09-11-01-legacy,raw/gkp-discover-01-whats-on-things-to-do.csv,600
ob_000661,kw_000654,,discover,country,United Kingdom,English,Google Search,2025-08-01,2026-07-31,encoded_band,0,0,0,0,0,Unknown,,,,GBP,zero,2026-09-08,2026-09-11-01-legacy,raw/gkp-discover-01-whats-on-things-to-do.csv,601
ob_000662,kw_000655,,discover,country,United Kingdom,English,Google Search,2025-08-01,2026-07-31,encoded_band,0,0,0,0,0,Unknown,,,,GBP,zero,2026-09-08,2026-09-11-01-legacy,raw/gkp-discover-01-whats-on-things-to-do.csv,602
ob_000663,kw_000656,,discover,country,United Kingdom,English,Google Search,2025-08-01,2026-07-31,encoded_band,0,0,0,0,-1,Unknown,,,,GBP,zero,2026-09-08,2026-09-11-01-legacy,raw/gkp-discover-01-whats-on-things-to-do.csv,603
ob_000664,kw_000657,,discover,country,United Kingdom,English,Google Search,2025-08-01,2026-07-31,encoded_band,50,10,100,0,0,Medium,54,,,GBP,returned,2026-09-08,2026-09-11-01-legacy,raw/gkp-discover-01-whats-on-things-to-do.csv,604
ob_000665,kw_000658,,discover,country,United Kingdom,English,Google Search,2025-08-01,2026-07-31,encoded_band,50,10,100,0,0,Low,14,,,GBP,returned,2026-09-08,2026-09-11-01-legacy,raw/gkp-discover-01-whats-on-things-to-do.csv,605
ob_000666,kw_000659,,discover,country,United Kingdom,English,Google Search,2025-08-01,2026-07-31,encoded_band,500,100,1000,0,0,Medium,49,0.25,0.66,GBP,returned,2026-09-08,2026-09-11-01-legacy,raw/gkp-discover-01-whats-on-things-to-do.csv,606
ob_000667,kw_000660,,discover,country,United Kingdom,English,Google Search,2025-08-01,2026-07-31,encoded_band,50,10,100,0,0,Medium,63,,,GBP,returned,2026-09-08,2026-09-11-01-legacy,raw/gkp-discover-01-whats-on-things-to-do.csv,607
ob_000668,kw_000661,,discover,country,United Kingdom,English,Google Search,2025-08-01,2026-07-31,encoded_band,50,10,100,0,0,Medium,54,,,GBP,returned,2026-09-08,2026-09-11-01-legacy,raw/gkp-discover-01-whats-on-things-to-do.csv,608
ob_000669,kw_000662,,discover,country,United Kingdom,English,Google Search,2025-08-01,2026-07-31,encoded_band,50,10,100,0,0,Low,25,,,GBP,returned,2026-09-08,2026-09-11-01-legacy,raw/gkp-discover-01-whats-on-things-to-do.csv,609
ob_000670,kw_000663,,discover,country,United Kingdom,English,Google Search,2025-08-01,2026-07-31,encoded_band,50,10,100,0,0,Medium,37,0.17,0.56,GBP,returned,2026-09-08,2026-09-11-01-legacy,raw/gkp-discover-01-whats-on-things-to-do.csv,610
ob_000671,kw_000664,,discover,country,United Kingdom,English,Google Search,2025-08-01,2026-07-31,encoded_band,50,10,100,0,0,Unknown,,,,GBP,returned,2026-09-08,2026-09-11-01-legacy,raw/gkp-discover-01-whats-on-things-to-do.csv,611
ob_000672,kw_000665,,discover,country,United Kingdom,English,Google Search,2025-08-01,2026-07-31,encoded_band,50,10,100,0,,Low,21,,,GBP,returned,2026-09-08,2026-09-11-01-legacy,raw/gkp-discover-01-whats-on-things-to-do.csv,612
ob_000673,kw_000666,,discover,country,United Kingdom,English,Google Search,2025-08-01,2026-07-31,encoded_band,50,10,100,0,0,Unknown,,,,GBP,returned,2026-09-08,2026-09-11-01-legacy,raw/gkp-discover-01-whats-on-things-to-do.csv,613
ob_000674,kw_000667,,discover,country,United Kingdom,English,Google Search,2025-08-01,2026-07-31,encoded_band,50,10,100,0,0,Low,6,,,GBP,returned,2026-09-08,2026-09-11-01-legacy,raw/gkp-discover-01-whats-on-things-to-do.csv,614
ob_000675,kw_000668,,discover,country,United Kingdom,English,Google Search,2025-08-01,2026-07-31,encoded_band,50,10,100,0,0,Low,13,0.14,0.85,GBP,returned,2026-09-08,2026-09-11-01-legacy,raw/gkp-discover-01-whats-on-things-to-do.csv,615
ob_000676,kw_000669,,discover,country,United Kingdom,English,Google Search,2025-08-01,2026-07-31,encoded_band,50,10,100,-1,-1,Unknown,,,,GBP,returned,2026-09-08,2026-09-11-01-legacy,raw/gkp-discover-01-whats-on-things-to-do.csv,616
ob_000677,kw_000670,,discover,country,United Kingdom,English,Google Search,2025-08-01,2026-07-31,encoded_band,50,10,100,0,0,Low,0,,,GBP,returned,2026-09-08,2026-09-11-01-legacy,raw/gkp-discover-01-whats-on-things-to-do.csv,617
ob_000678,kw_000671,,discover,country,United Kingdom,English,Google Search,2025-08-01,2026-07-31,encoded_band,50,10,100,,0,Low,14,,,GBP,returned,2026-09-08,2026-09-11-01-legacy,raw/gkp-discover-01-whats-on-things-to-do.csv,618
ob_000679,kw_000672,,discover,country,United Kingdom,English,Google Search,2025-08-01,2026-07-31,encoded_band,50,10,100,-1,0,Unknown,,,,GBP,returned,2026-09-08,2026-09-11-01-legacy,raw/gkp-discover-01-whats-on-things-to-do.csv,619
ob_000680,kw_000673,,discover,country,United Kingdom,English,Google Search,2025-08-01,2026-07-31,encoded_band,50,10,100,-0.9,-0.9,Low,12,,,GBP,returned,2026-09-08,2026-09-11-01-legacy,raw/gkp-discover-01-whats-on-things-to-do.csv,620
ob_000681,kw_000674,,discover,country,United Kingdom,English,Google Search,2025-08-01,2026-07-31,encoded_band,500,100,1000,0,-0.9,Low,6,,,GBP,returned,2026-09-08,2026-09-11-01-legacy,raw/gkp-discover-01-whats-on-things-to-do.csv,621
ob_000682,kw_000675,,discover,country,United Kingdom,English,Google Search,2025-08-01,2026-07-31,encoded_band,500,100,1000,0,0,Low,10,0.44,0.63,GBP,returned,2026-09-08,2026-09-11-01-legacy,raw/gkp-discover-01-whats-on-things-to-do.csv,622
ob_000683,kw_000676,,discover,country,United Kingdom,English,Google Search,2025-08-01,2026-07-31,encoded_band,50,10,100,0,0,Low,9,,,GBP,returned,2026-09-08,2026-09-11-01-legacy,raw/gkp-discover-01-whats-on-things-to-do.csv,623
ob_000684,kw_000677,,discover,country,United Kingdom,English,Google Search,2025-08-01,2026-07-31,encoded_band,50,10,100,-1,0,Unknown,,,,GBP,returned,2026-09-08,2026-09-11-01-legacy,raw/gkp-discover-01-whats-on-things-to-do.csv,624
ob_000685,kw_000678,,discover,country,United Kingdom,English,Google Search,2025-08-01,2026-07-31,encoded_band,50,10,100,0,-0.9,Low,7,,,GBP,returned,2026-09-08,2026-09-11-01-legacy,raw/gkp-discover-01-whats-on-things-to-do.csv,625
ob_000686,kw_000679,,discover,country,United Kingdom,English,Google Search,2025-08-01,2026-07-31,encoded_band,50,10,100,0,0,Low,26,,,GBP,returned,2026-09-08,2026-09-11-01-legacy,raw/gkp-discover-01-whats-on-things-to-do.csv,626
ob_000687,kw_000680,,discover,country,United Kingdom,English,Google Search,2025-08-01,2026-07-31,encoded_band,50,10,100,0,0,Medium,40,,,GBP,returned,2026-09-08,2026-09-11-01-legacy,raw/gkp-discover-01-whats-on-things-to-do.csv,627
ob_000688,kw_000681,,discover,country,United Kingdom,English,Google Search,2025-08-01,2026-07-31,encoded_band,50,10,100,0,0,Medium,44,,,GBP,returned,2026-09-08,2026-09-11-01-legacy,raw/gkp-discover-01-whats-on-things-to-do.csv,628
ob_000689,kw_000682,,discover,country,United Kingdom,English,Google Search,2025-08-01,2026-07-31,encoded_band,50,10,100,-1,0,Unknown,,,,GBP,returned,2026-09-08,2026-09-11-01-legacy,raw/gkp-discover-01-whats-on-things-to-do.csv,629
ob_000690,kw_000683,,discover,country,United Kingdom,English,Google Search,2025-08-01,2026-07-31,encoded_band,50,10,100,0,0,Low,14,,,GBP,returned,2026-09-08,2026-09-11-01-legacy,raw/gkp-discover-01-whats-on-things-to-do.csv,630
ob_000691,kw_000684,,discover,country,United Kingdom,English,Google Search,2025-08-01,2026-07-31,encoded_band,50,10,100,0,0,Low,26,,,GBP,returned,2026-09-08,2026-09-11-01-legacy,raw/gkp-discover-01-whats-on-things-to-do.csv,631
ob_000692,kw_000685,,discover,country,United Kingdom,English,Google Search,2025-08-01,2026-07-31,encoded_band,500,100,1000,0,-0.9,Low,6,,,GBP,returned,2026-09-08,2026-09-11-01-legacy,raw/gkp-discover-01-whats-on-things-to-do.csv,632
ob_000693,kw_000686,,discover,country,United Kingdom,English,Google Search,2025-08-01,2026-07-31,encoded_band,500,100,1000,0,0,Low,10,0.44,0.63,GBP,returned,2026-09-08,2026-09-11-01-legacy,raw/gkp-discover-01-whats-on-things-to-do.csv,633
ob_000694,kw_000687,,discover,country,United Kingdom,English,Google Search,2025-08-01,2026-07-31,encoded_band,50,10,100,0,0,Low,8,,,GBP,returned,2026-09-08,2026-09-11-01-legacy,raw/gkp-discover-01-whats-on-things-to-do.csv,634
ob_000695,kw_000688,,discover,country,United Kingdom,English,Google Search,2025-08-01,2026-07-31,encoded_band,50,10,100,0,0,Low,0,,,GBP,returned,2026-09-08,2026-09-11-01-legacy,raw/gkp-discover-01-whats-on-things-to-do.csv,635
ob_000696,kw_000689,,discover,country,United Kingdom,English,Google Search,2025-08-01,2026-07-31,encoded_band,50,10,100,0,0,Low,9,,,GBP,returned,2026-09-08,2026-09-11-01-legacy,raw/gkp-discover-01-whats-on-things-to-do.csv,636
ob_000697,kw_000690,,discover,country,United Kingdom,English,Google Search,2025-08-01,2026-07-31,encoded_band,50,10,100,0,-0.9,Low,5,,,GBP,returned,2026-09-08,2026-09-11-01-legacy,raw/gkp-discover-01-whats-on-things-to-do.csv,637
ob_000698,kw_000691,,discover,country,United Kingdom,English,Google Search,2025-08-01,2026-07-31,encoded_band,50,10,100,-0.9,0,Low,6,,,GBP,returned,2026-09-08,2026-09-11-01-legacy,raw/gkp-discover-01-whats-on-things-to-do.csv,638
ob_000699,kw_000692,,discover,country,United Kingdom,English,Google Search,2025-08-01,2026-07-31,encoded_band,50,10,100,0,0,Low,0,,,GBP,returned,2026-09-08,2026-09-11-01-legacy,raw/gkp-discover-01-whats-on-things-to-do.csv,639
ob_000700,kw_000693,,discover,country,United Kingdom,English,Google Search,2025-08-01,2026-07-31,encoded_band,0,0,0,0,0,Unknown,,,,GBP,zero,2026-09-08,2026-09-11-01-legacy,raw/gkp-discover-01-whats-on-things-to-do.csv,640
ob_000701,kw_000694,,discover,country,United Kingdom,English,Google Search,2025-08-01,2026-07-31,encoded_band,50,10,100,-1,-1,Unknown,,,,GBP,returned,2026-09-08,2026-09-11-01-legacy,raw/gkp-discover-01-whats-on-things-to-do.csv,641
ob_000702,kw_000695,,discover,country,United Kingdom,English,Google Search,2025-08-01,2026-07-31,encoded_band,50,10,100,0,0,Unknown,,,,GBP,returned,2026-09-08,2026-09-11-01-legacy,raw/gkp-discover-01-whats-on-things-to-do.csv,642
ob_000703,kw_000696,,discover,country,United Kingdom,English,Google Search,2025-08-01,2026-07-31,encoded_band,50,10,100,,0,Low,0,,,GBP,returned,2026-09-08,2026-09-11-01-legacy,raw/gkp-discover-01-whats-on-things-to-do.csv,643
ob_000704,kw_000697,,discover,country,United Kingdom,English,Google Search,2025-08-01,2026-07-31,encoded_band,50,10,100,0,0,Unknown,,,,GBP,returned,2026-09-08,2026-09-11-01-legacy,raw/gkp-discover-01-whats-on-things-to-do.csv,644
ob_000705,kw_000698,,discover,country,United Kingdom,English,Google Search,2025-08-01,2026-07-31,encoded_band,50,10,100,0,-1,Unknown,,,,GBP,returned,2026-09-08,2026-09-11-01-legacy,raw/gkp-discover-01-whats-on-things-to-do.csv,645
ob_000706,kw_000699,,discover,country,United Kingdom,English,Google Search,2025-08-01,2026-07-31,encoded_band,0,0,0,0,0,Unknown,,,,GBP,zero,2026-09-08,2026-09-11-01-legacy,raw/gkp-discover-01-whats-on-things-to-do.csv,646
ob_000707,kw_000700,,discover,country,United Kingdom,English,Google Search,2025-08-01,2026-07-31,encoded_band,50,10,100,0,0,Unknown,,,,GBP,returned,2026-09-08,2026-09-11-01-legacy,raw/gkp-discover-01-whats-on-things-to-do.csv,647
ob_000708,kw_000701,,discover,country,United Kingdom,English,Google Search,2025-08-01,2026-07-31,encoded_band,50,10,100,0,0,Low,8,,,GBP,returned,2026-09-08,2026-09-11-01-legacy,raw/gkp-discover-01-whats-on-things-to-do.csv,648
ob_000709,kw_000702,,discover,country,United Kingdom,English,Google Search,2025-08-01,2026-07-31,encoded_band,50,10,100,0,0,Low,7,,,GBP,returned,2026-09-08,2026-09-11-01-legacy,raw/gkp-discover-01-whats-on-things-to-do.csv,649
ob_000710,kw_000703,,discover,country,United Kingdom,English,Google Search,2025-08-01,2026-07-31,encoded_band,50,10,100,0,-0.9,Low,7,,,GBP,returned,2026-09-08,2026-09-11-01-legacy,raw/gkp-discover-01-whats-on-things-to-do.csv,650
ob_000711,kw_000704,,discover,country,United Kingdom,English,Google Search,2025-08-01,2026-07-31,encoded_band,50,10,100,0,0,Low,2,,,GBP,returned,2026-09-08,2026-09-11-01-legacy,raw/gkp-discover-01-whats-on-things-to-do.csv,651
ob_000712,kw_000705,,discover,country,United Kingdom,English,Google Search,2025-08-01,2026-07-31,encoded_band,50,10,100,0,0,Low,20,,,GBP,returned,2026-09-08,2026-09-11-01-legacy,raw/gkp-discover-01-whats-on-things-to-do.csv,652
ob_000713,kw_000706,,discover,country,United Kingdom,English,Google Search,2025-08-01,2026-07-31,encoded_band,50,10,100,,0,Medium,43,,,GBP,returned,2026-09-08,2026-09-11-01-legacy,raw/gkp-discover-01-whats-on-things-to-do.csv,653
ob_000714,kw_000707,,discover,country,United Kingdom,English,Google Search,2025-08-01,2026-07-31,encoded_band,50,10,100,0,0,Low,23,0.17,1.01,GBP,returned,2026-09-08,2026-09-11-01-legacy,raw/gkp-discover-01-whats-on-things-to-do.csv,654
ob_000715,kw_000708,,discover,country,United Kingdom,English,Google Search,2025-08-01,2026-07-31,encoded_band,50,10,100,0,0,Unknown,,,,GBP,returned,2026-09-08,2026-09-11-01-legacy,raw/gkp-discover-01-whats-on-things-to-do.csv,655
ob_000716,kw_000709,,discover,country,United Kingdom,English,Google Search,2025-08-01,2026-07-31,encoded_band,50,10,100,0,0,Low,0,,,GBP,returned,2026-09-08,2026-09-11-01-legacy,raw/gkp-discover-01-whats-on-things-to-do.csv,656
ob_000717,kw_000710,,discover,country,United Kingdom,English,Google Search,2025-08-01,2026-07-31,encoded_band,50,10,100,0,0,Low,7,,,GBP,returned,2026-09-08,2026-09-11-01-legacy,raw/gkp-discover-01-whats-on-things-to-do.csv,657
ob_000718,kw_000711,,discover,country,United Kingdom,English,Google Search,2025-08-01,2026-07-31,encoded_band,50,10,100,0,0,Low,0,,,GBP,returned,2026-09-08,2026-09-11-01-legacy,raw/gkp-discover-01-whats-on-things-to-do.csv,658
ob_000719,kw_000712,,discover,country,United Kingdom,English,Google Search,2025-08-01,2026-07-31,encoded_band,50,10,100,0,0,Low,0,,,GBP,returned,2026-09-08,2026-09-11-01-legacy,raw/gkp-discover-01-whats-on-things-to-do.csv,659
ob_000720,kw_000713,,discover,country,United Kingdom,English,Google Search,2025-08-01,2026-07-31,encoded_band,50,10,100,0,0,Low,13,0.14,0.85,GBP,returned,2026-09-08,2026-09-11-01-legacy,raw/gkp-discover-01-whats-on-things-to-do.csv,660
ob_000721,kw_000714,,discover,country,United Kingdom,English,Google Search,2025-08-01,2026-07-31,encoded_band,50,10,100,0,0,Low,8,,,GBP,returned,2026-09-08,2026-09-11-01-legacy,raw/gkp-discover-01-whats-on-things-to-do.csv,661
ob_000722,kw_000715,,discover,country,United Kingdom,English,Google Search,2025-08-01,2026-07-31,encoded_band,50,10,100,0,-0.9,Low,5,,,GBP,returned,2026-09-08,2026-09-11-01-legacy,raw/gkp-discover-01-whats-on-things-to-do.csv,662
ob_000723,kw_000716,,discover,country,United Kingdom,English,Google Search,2025-08-01,2026-07-31,encoded_band,50,10,100,0,0,Low,7,,,GBP,returned,2026-09-08,2026-09-11-01-legacy,raw/gkp-discover-01-whats-on-things-to-do.csv,663
ob_000724,kw_000717,,discover,country,United Kingdom,English,Google Search,2025-08-01,2026-07-31,encoded_band,50,10,100,0,0,Low,2,,,GBP,returned,2026-09-08,2026-09-11-01-legacy,raw/gkp-discover-01-whats-on-things-to-do.csv,664
ob_000725,kw_000718,,discover,country,United Kingdom,English,Google Search,2025-08-01,2026-07-31,encoded_band,50,10,100,0,0,Low,26,,,GBP,returned,2026-09-08,2026-09-11-01-legacy,raw/gkp-discover-01-whats-on-things-to-do.csv,665
ob_000726,kw_000719,,discover,country,United Kingdom,English,Google Search,2025-08-01,2026-07-31,encoded_band,50,10,100,0,0,Medium,51,,,GBP,returned,2026-09-08,2026-09-11-01-legacy,raw/gkp-discover-01-whats-on-things-to-do.csv,666
ob_000727,kw_000720,,discover,country,United Kingdom,English,Google Search,2025-08-01,2026-07-31,encoded_band,50,10,100,0,0,Unknown,,,,GBP,returned,2026-09-08,2026-09-11-01-legacy,raw/gkp-discover-01-whats-on-things-to-do.csv,667
ob_000728,kw_000721,,discover,country,United Kingdom,English,Google Search,2025-08-01,2026-07-31,encoded_band,50,10,100,-1,0,Unknown,,,,GBP,returned,2026-09-08,2026-09-11-01-legacy,raw/gkp-discover-01-whats-on-things-to-do.csv,668
ob_000729,kw_000722,,discover,country,United Kingdom,English,Google Search,2025-08-01,2026-07-31,encoded_band,50,10,100,0,0,Medium,57,,,GBP,returned,2026-09-08,2026-09-11-01-legacy,raw/gkp-discover-01-whats-on-things-to-do.csv,669
ob_000730,kw_000723,,discover,country,United Kingdom,English,Google Search,2025-08-01,2026-07-31,encoded_band,50,10,100,0,0,Low,28,,,GBP,returned,2026-09-08,2026-09-11-01-legacy,raw/gkp-discover-01-whats-on-things-to-do.csv,670
ob_000731,kw_000724,,discover,country,United Kingdom,English,Google Search,2025-08-01,2026-07-31,encoded_band,50,10,100,0,0,Unknown,,,,GBP,returned,2026-09-08,2026-09-11-01-legacy,raw/gkp-discover-01-whats-on-things-to-do.csv,671
ob_000732,kw_000725,,discover,country,United Kingdom,English,Google Search,2025-08-01,2026-07-31,encoded_band,50,10,100,,,Low,29,,,GBP,returned,2026-09-08,2026-09-11-01-legacy,raw/gkp-discover-01-whats-on-things-to-do.csv,672
ob_000733,kw_000726,,discover,country,United Kingdom,English,Google Search,2025-08-01,2026-07-31,encoded_band,50,10,100,-1,0,Unknown,,,,GBP,returned,2026-09-08,2026-09-11-01-legacy,raw/gkp-discover-01-whats-on-things-to-do.csv,673
ob_000734,kw_000727,,discover,country,United Kingdom,English,Google Search,2025-08-01,2026-07-31,encoded_band,50,10,100,0,0,Unknown,,,,GBP,returned,2026-09-08,2026-09-11-01-legacy,raw/gkp-discover-01-whats-on-things-to-do.csv,674
ob_000735,kw_000728,,discover,country,United Kingdom,English,Google Search,2025-08-01,2026-07-31,encoded_band,50,10,100,0,,Medium,42,0.24,0.64,GBP,returned,2026-09-08,2026-09-11-01-legacy,raw/gkp-discover-01-whats-on-things-to-do.csv,675
ob_000736,kw_000729,,discover,country,United Kingdom,English,Google Search,2025-08-01,2026-07-31,encoded_band,0,0,0,0,0,Unknown,,,,GBP,zero,2026-09-08,2026-09-11-01-legacy,raw/gkp-discover-01-whats-on-things-to-do.csv,676
ob_000737,kw_000730,,discover,country,United Kingdom,English,Google Search,2025-08-01,2026-07-31,encoded_band,50,10,100,0,0,Low,0,,,GBP,returned,2026-09-08,2026-09-11-01-legacy,raw/gkp-discover-01-whats-on-things-to-do.csv,677
ob_000738,kw_000731,,discover,country,United Kingdom,English,Google Search,2025-08-01,2026-07-31,encoded_band,50,10,100,-1,0,Unknown,,,,GBP,returned,2026-09-08,2026-09-11-01-legacy,raw/gkp-discover-01-whats-on-things-to-do.csv,678
ob_000739,kw_000732,,discover,country,United Kingdom,English,Google Search,2025-08-01,2026-07-31,encoded_band,50,10,100,,0,Medium,43,,,GBP,returned,2026-09-08,2026-09-11-01-legacy,raw/gkp-discover-01-whats-on-things-to-do.csv,679
ob_000740,kw_000733,,discover,country,United Kingdom,English,Google Search,2025-08-01,2026-07-31,encoded_band,50,10,100,0,,Medium,43,,,GBP,returned,2026-09-08,2026-09-11-01-legacy,raw/gkp-discover-01-whats-on-things-to-do.csv,680
ob_000741,kw_000734,,discover,country,United Kingdom,English,Google Search,2025-08-01,2026-07-31,encoded_band,50,10,100,0,0,Medium,49,,,GBP,returned,2026-09-08,2026-09-11-01-legacy,raw/gkp-discover-01-whats-on-things-to-do.csv,681
ob_000742,kw_000735,,discover,country,United Kingdom,English,Google Search,2025-08-01,2026-07-31,encoded_band,50,10,100,,0,Low,24,,,GBP,returned,2026-09-08,2026-09-11-01-legacy,raw/gkp-discover-01-whats-on-things-to-do.csv,682
ob_000743,kw_000736,,discover,country,United Kingdom,English,Google Search,2025-08-01,2026-07-31,encoded_band,50,10,100,0,0,High,71,,,GBP,returned,2026-09-08,2026-09-11-01-legacy,raw/gkp-discover-01-whats-on-things-to-do.csv,683
ob_000744,kw_000737,,discover,country,United Kingdom,English,Google Search,2025-08-01,2026-07-31,encoded_band,50,10,100,0,0,Unknown,,,,GBP,returned,2026-09-08,2026-09-11-01-legacy,raw/gkp-discover-01-whats-on-things-to-do.csv,684
ob_000745,kw_000738,,discover,country,United Kingdom,English,Google Search,2025-08-01,2026-07-31,encoded_band,50,10,100,0,0,Unknown,,,,GBP,returned,2026-09-08,2026-09-11-01-legacy,raw/gkp-discover-01-whats-on-things-to-do.csv,685
ob_000746,kw_000739,,discover,country,United Kingdom,English,Google Search,2025-08-01,2026-07-31,encoded_band,50,10,100,0,0,Medium,34,0.28,0.68,GBP,returned,2026-09-08,2026-09-11-01-legacy,raw/gkp-discover-01-whats-on-things-to-do.csv,686
ob_000747,kw_000740,,discover,country,United Kingdom,English,Google Search,2025-08-01,2026-07-31,encoded_band,50,10,100,0,0,Low,10,,,GBP,returned,2026-09-08,2026-09-11-01-legacy,raw/gkp-discover-01-whats-on-things-to-do.csv,687
ob_000748,kw_000741,,discover,country,United Kingdom,English,Google Search,2025-08-01,2026-07-31,encoded_band,50,10,100,0,0,Low,14,,,GBP,returned,2026-09-08,2026-09-11-01-legacy,raw/gkp-discover-01-whats-on-things-to-do.csv,688
ob_000749,kw_000742,,discover,country,United Kingdom,English,Google Search,2025-08-01,2026-07-31,encoded_band,50,10,100,0,0,Unknown,,,,GBP,returned,2026-09-08,2026-09-11-01-legacy,raw/gkp-discover-01-whats-on-things-to-do.csv,689
ob_000750,kw_000743,,discover,country,United Kingdom,English,Google Search,2025-08-01,2026-07-31,encoded_band,50,10,100,0,0,Low,18,,,GBP,returned,2026-09-08,2026-09-11-01-legacy,raw/gkp-discover-01-whats-on-things-to-do.csv,690
ob_000751,kw_000744,,discover,country,United Kingdom,English,Google Search,2025-08-01,2026-07-31,encoded_band,50,10,100,-1,0,Unknown,,,,GBP,returned,2026-09-08,2026-09-11-01-legacy,raw/gkp-discover-01-whats-on-things-to-do.csv,691
ob_000752,kw_000745,,discover,country,United Kingdom,English,Google Search,2025-08-01,2026-07-31,encoded_band,50,10,100,0,0,Low,8,,,GBP,returned,2026-09-08,2026-09-11-01-legacy,raw/gkp-discover-01-whats-on-things-to-do.csv,692
ob_000753,kw_000746,,discover,country,United Kingdom,English,Google Search,2025-08-01,2026-07-31,encoded_band,50,10,100,0,0,Unknown,,,,GBP,returned,2026-09-08,2026-09-11-01-legacy,raw/gkp-discover-01-whats-on-things-to-do.csv,693
ob_000754,kw_000747,,discover,country,United Kingdom,English,Google Search,2025-08-01,2026-07-31,encoded_band,50,10,100,0,0,Low,0,,,GBP,returned,2026-09-08,2026-09-11-01-legacy,raw/gkp-discover-01-whats-on-things-to-do.csv,694
ob_000755,kw_000748,,discover,country,United Kingdom,English,Google Search,2025-08-01,2026-07-31,encoded_band,50,10,100,0,0,Low,4,,,GBP,returned,2026-09-08,2026-09-11-01-legacy,raw/gkp-discover-01-whats-on-things-to-do.csv,695
ob_000756,kw_000749,,discover,country,United Kingdom,English,Google Search,2025-08-01,2026-07-31,encoded_band,50,10,100,0,0,Unknown,,,,GBP,returned,2026-09-08,2026-09-11-01-legacy,raw/gkp-discover-01-whats-on-things-to-do.csv,696
ob_000757,kw_000750,,discover,country,United Kingdom,English,Google Search,2025-08-01,2026-07-31,encoded_band,50,10,100,-1,0,Unknown,,,,GBP,returned,2026-09-08,2026-09-11-01-legacy,raw/gkp-discover-01-whats-on-things-to-do.csv,697
ob_000758,kw_000751,,discover,country,United Kingdom,English,Google Search,2025-08-01,2026-07-31,encoded_band,50,10,100,0,0,Low,4,,,GBP,returned,2026-09-08,2026-09-11-01-legacy,raw/gkp-discover-01-whats-on-things-to-do.csv,698
ob_000759,kw_000752,,discover,country,United Kingdom,English,Google Search,2025-08-01,2026-07-31,encoded_band,50,10,100,0,0,Unknown,,,,GBP,returned,2026-09-08,2026-09-11-01-legacy,raw/gkp-discover-01-whats-on-things-to-do.csv,699
ob_000760,kw_000753,,discover,country,United Kingdom,English,Google Search,2025-08-01,2026-07-31,encoded_band,50,10,100,-1,0,Unknown,,,,GBP,returned,2026-09-08,2026-09-11-01-legacy,raw/gkp-discover-01-whats-on-things-to-do.csv,700
ob_000761,kw_000754,,discover,country,United Kingdom,English,Google Search,2025-08-01,2026-07-31,encoded_band,50,10,100,-1,-1,Unknown,,,,GBP,returned,2026-09-08,2026-09-11-01-legacy,raw/gkp-discover-01-whats-on-things-to-do.csv,701
ob_000762,kw_000755,,discover,country,United Kingdom,English,Google Search,2025-08-01,2026-07-31,encoded_band,50,10,100,0,0,Medium,62,,,GBP,returned,2026-09-08,2026-09-11-01-legacy,raw/gkp-discover-01-whats-on-things-to-do.csv,702
ob_000763,kw_000756,,discover,country,United Kingdom,English,Google Search,2025-08-01,2026-07-31,encoded_band,50,10,100,0,,Low,29,,,GBP,returned,2026-09-08,2026-09-11-01-legacy,raw/gkp-discover-01-whats-on-things-to-do.csv,703
ob_000764,kw_000757,,discover,country,United Kingdom,English,Google Search,2025-08-01,2026-07-31,encoded_band,50,10,100,0,0,Unknown,,,,GBP,returned,2026-09-08,2026-09-11-01-legacy,raw/gkp-discover-01-whats-on-things-to-do.csv,704
ob_000765,kw_000758,,discover,country,United Kingdom,English,Google Search,2025-08-01,2026-07-31,encoded_band,50,10,100,0,0,Low,29,,,GBP,returned,2026-09-08,2026-09-11-01-legacy,raw/gkp-discover-01-whats-on-things-to-do.csv,705
ob_000766,kw_000759,,discover,country,United Kingdom,English,Google Search,2025-08-01,2026-07-31,encoded_band,50,10,100,-1,0,Unknown,,,,GBP,returned,2026-09-08,2026-09-11-01-legacy,raw/gkp-discover-01-whats-on-things-to-do.csv,706
ob_000767,kw_000760,,discover,country,United Kingdom,English,Google Search,2025-08-01,2026-07-31,encoded_band,50,10,100,0,0,Low,7,,,GBP,returned,2026-09-08,2026-09-11-01-legacy,raw/gkp-discover-01-whats-on-things-to-do.csv,707
ob_000768,kw_000761,,discover,country,United Kingdom,English,Google Search,2025-08-01,2026-07-31,encoded_band,,,,,,Unknown,,,,GBP,absent,2026-09-08,2026-09-11-01-legacy,raw/gkp-discover-01-whats-on-things-to-do.csv,708
ob_000769,kw_000762,,discover,country,United Kingdom,English,Google Search,2025-08-01,2026-07-31,encoded_band,50,10,100,,,Low,0,,,GBP,returned,2026-09-08,2026-09-11-01-legacy,raw/gkp-discover-01-whats-on-things-to-do.csv,709
ob_000770,kw_000763,,discover,country,United Kingdom,English,Google Search,2025-08-01,2026-07-31,encoded_band,50,10,100,0,0,Medium,38,,,GBP,returned,2026-09-08,2026-09-11-01-legacy,raw/gkp-discover-01-whats-on-things-to-do.csv,710
ob_000771,kw_000764,,discover,country,United Kingdom,English,Google Search,2025-08-01,2026-07-31,encoded_band,50,10,100,0,0,Medium,38,,,GBP,returned,2026-09-08,2026-09-11-01-legacy,raw/gkp-discover-01-whats-on-things-to-do.csv,711
ob_000772,kw_000765,,discover,country,United Kingdom,English,Google Search,2025-08-01,2026-07-31,encoded_band,50,10,100,0,,Low,7,,,GBP,returned,2026-09-08,2026-09-11-01-legacy,raw/gkp-discover-01-whats-on-things-to-do.csv,712
ob_000773,kw_000766,,discover,country,United Kingdom,English,Google Search,2025-08-01,2026-07-31,encoded_band,50,10,100,-1,0,Unknown,,,,GBP,returned,2026-09-08,2026-09-11-01-legacy,raw/gkp-discover-01-whats-on-things-to-do.csv,713
ob_000774,kw_000767,,discover,country,United Kingdom,English,Google Search,2025-08-01,2026-07-31,encoded_band,50,10,100,-1,0,Unknown,,,,GBP,returned,2026-09-08,2026-09-11-01-legacy,raw/gkp-discover-01-whats-on-things-to-do.csv,714
ob_000775,kw_000768,,discover,country,United Kingdom,English,Google Search,2025-08-01,2026-07-31,encoded_band,0,0,0,0,0,Unknown,,,,GBP,zero,2026-09-08,2026-09-11-01-legacy,raw/gkp-discover-01-whats-on-things-to-do.csv,715
ob_000776,kw_000769,,discover,country,United Kingdom,English,Google Search,2025-08-01,2026-07-31,encoded_band,50,10,100,0,0,Medium,42,,,GBP,returned,2026-09-08,2026-09-11-01-legacy,raw/gkp-discover-01-whats-on-things-to-do.csv,716
ob_000777,kw_000770,,discover,country,United Kingdom,English,Google Search,2025-08-01,2026-07-31,encoded_band,50,10,100,0,0,Unknown,,,,GBP,returned,2026-09-08,2026-09-11-01-legacy,raw/gkp-discover-01-whats-on-things-to-do.csv,717
ob_000778,kw_000771,,discover,country,United Kingdom,English,Google Search,2025-08-01,2026-07-31,encoded_band,50,10,100,-1,-1,Unknown,,,,GBP,returned,2026-09-08,2026-09-11-01-legacy,raw/gkp-discover-01-whats-on-things-to-do.csv,718
ob_000779,kw_000772,,discover,country,United Kingdom,English,Google Search,2025-08-01,2026-07-31,encoded_band,50,10,100,-1,0,Unknown,,,,GBP,returned,2026-09-08,2026-09-11-01-legacy,raw/gkp-discover-01-whats-on-things-to-do.csv,719
ob_000780,kw_000773,,discover,country,United Kingdom,English,Google Search,2025-08-01,2026-07-31,encoded_band,50,10,100,-1,-1,Unknown,,,,GBP,returned,2026-09-08,2026-09-11-01-legacy,raw/gkp-discover-01-whats-on-things-to-do.csv,720
ob_000781,kw_000774,,discover,country,United Kingdom,English,Google Search,2025-08-01,2026-07-31,encoded_band,50,10,100,0,0,Unknown,,,,GBP,returned,2026-09-08,2026-09-11-01-legacy,raw/gkp-discover-01-whats-on-things-to-do.csv,721
ob_000782,kw_000775,,discover,country,United Kingdom,English,Google Search,2025-08-01,2026-07-31,encoded_band,50,10,100,0,-1,Unknown,,,,GBP,returned,2026-09-08,2026-09-11-01-legacy,raw/gkp-discover-01-whats-on-things-to-do.csv,722
ob_000783,kw_000776,,discover,country,United Kingdom,English,Google Search,2025-08-01,2026-07-31,encoded_band,50,10,100,0,0,Unknown,,,,GBP,returned,2026-09-08,2026-09-11-01-legacy,raw/gkp-discover-01-whats-on-things-to-do.csv,723
ob_000784,kw_000777,,discover,country,United Kingdom,English,Google Search,2025-08-01,2026-07-31,encoded_band,50,10,100,0,0,Unknown,,,,GBP,returned,2026-09-08,2026-09-11-01-legacy,raw/gkp-discover-01-whats-on-things-to-do.csv,724
ob_000785,kw_000778,,discover,country,United Kingdom,English,Google Search,2025-08-01,2026-07-31,encoded_band,50,10,100,0,0,Medium,43,,,GBP,returned,2026-09-08,2026-09-11-01-legacy,raw/gkp-discover-01-whats-on-things-to-do.csv,725
ob_000786,kw_000779,,discover,country,United Kingdom,English,Google Search,2025-08-01,2026-07-31,encoded_band,50,10,100,0,0,Low,8,,,GBP,returned,2026-09-08,2026-09-11-01-legacy,raw/gkp-discover-01-whats-on-things-to-do.csv,726
ob_000787,kw_000780,,discover,country,United Kingdom,English,Google Search,2025-08-01,2026-07-31,encoded_band,50,10,100,0,0,Low,23,,,GBP,returned,2026-09-08,2026-09-11-01-legacy,raw/gkp-discover-01-whats-on-things-to-do.csv,727
ob_000788,kw_000781,,discover,country,United Kingdom,English,Google Search,2025-08-01,2026-07-31,encoded_band,0,0,0,0,0,Unknown,,,,GBP,zero,2026-09-08,2026-09-11-01-legacy,raw/gkp-discover-01-whats-on-things-to-do.csv,728
ob_000789,kw_000782,,discover,country,United Kingdom,English,Google Search,2025-08-01,2026-07-31,encoded_band,50,10,100,0,0,Low,0,,,GBP,returned,2026-09-08,2026-09-11-01-legacy,raw/gkp-discover-01-whats-on-things-to-do.csv,729
ob_000790,kw_000783,,discover,country,United Kingdom,English,Google Search,2025-08-01,2026-07-31,encoded_band,50,10,100,0,0,Low,17,,,GBP,returned,2026-09-08,2026-09-11-01-legacy,raw/gkp-discover-01-whats-on-things-to-do.csv,730
ob_000791,kw_000784,,discover,country,United Kingdom,English,Google Search,2025-08-01,2026-07-31,encoded_band,50,10,100,0,0,Low,2,,,GBP,returned,2026-09-08,2026-09-11-01-legacy,raw/gkp-discover-01-whats-on-things-to-do.csv,731
ob_000792,kw_000785,,discover,country,United Kingdom,English,Google Search,2025-08-01,2026-07-31,encoded_band,50,10,100,0,0,High,100,,,GBP,returned,2026-09-08,2026-09-11-01-legacy,raw/gkp-discover-01-whats-on-things-to-do.csv,732
ob_000793,kw_000786,,discover,country,United Kingdom,English,Google Search,2025-08-01,2026-07-31,encoded_band,50,10,100,-1,-1,Unknown,,,,GBP,returned,2026-09-08,2026-09-11-01-legacy,raw/gkp-discover-01-whats-on-things-to-do.csv,733
ob_000794,kw_000787,,discover,country,United Kingdom,English,Google Search,2025-08-01,2026-07-31,encoded_band,50,10,100,0,0,Low,3,,,GBP,returned,2026-09-08,2026-09-11-01-legacy,raw/gkp-discover-01-whats-on-things-to-do.csv,734
ob_000795,kw_000788,,discover,country,United Kingdom,English,Google Search,2025-08-01,2026-07-31,encoded_band,50,10,100,,0,Low,4,,,GBP,returned,2026-09-08,2026-09-11-01-legacy,raw/gkp-discover-01-whats-on-things-to-do.csv,735
ob_000796,kw_000789,,discover,country,United Kingdom,English,Google Search,2025-08-01,2026-07-31,encoded_band,50,10,100,,0,Low,29,,,GBP,returned,2026-09-08,2026-09-11-01-legacy,raw/gkp-discover-01-whats-on-things-to-do.csv,736
ob_000797,kw_000790,,discover,country,United Kingdom,English,Google Search,2025-08-01,2026-07-31,encoded_band,50,10,100,0,0,Low,30,,,GBP,returned,2026-09-08,2026-09-11-01-legacy,raw/gkp-discover-01-whats-on-things-to-do.csv,737
ob_000798,kw_000791,,discover,country,United Kingdom,English,Google Search,2025-08-01,2026-07-31,encoded_band,50,10,100,0,0,Low,5,,,GBP,returned,2026-09-08,2026-09-11-01-legacy,raw/gkp-discover-01-whats-on-things-to-do.csv,738
ob_000799,kw_000792,,discover,country,United Kingdom,English,Google Search,2025-08-01,2026-07-31,encoded_band,50,10,100,0,0,High,86,,,GBP,returned,2026-09-08,2026-09-11-01-legacy,raw/gkp-discover-01-whats-on-things-to-do.csv,739
ob_000800,kw_000793,,discover,country,United Kingdom,English,Google Search,2025-08-01,2026-07-31,encoded_band,50,10,100,-1,-1,Unknown,,,,GBP,returned,2026-09-08,2026-09-11-01-legacy,raw/gkp-discover-01-whats-on-things-to-do.csv,740
ob_000801,kw_000794,,discover,country,United Kingdom,English,Google Search,2025-08-01,2026-07-31,encoded_band,50,10,100,0,0,Low,18,,,GBP,returned,2026-09-08,2026-09-11-01-legacy,raw/gkp-discover-01-whats-on-things-to-do.csv,741
ob_000802,kw_000795,,discover,country,United Kingdom,English,Google Search,2025-08-01,2026-07-31,encoded_band,50,10,100,0,0,Low,11,,,GBP,returned,2026-09-08,2026-09-11-01-legacy,raw/gkp-discover-01-whats-on-things-to-do.csv,742
ob_000803,kw_000796,,discover,country,United Kingdom,English,Google Search,2025-08-01,2026-07-31,encoded_band,50,10,100,0,0,Low,6,,,GBP,returned,2026-09-08,2026-09-11-01-legacy,raw/gkp-discover-01-whats-on-things-to-do.csv,743
ob_000804,kw_000797,,discover,country,United Kingdom,English,Google Search,2025-08-01,2026-07-31,encoded_band,50,10,100,0,0,Low,0,,,GBP,returned,2026-09-08,2026-09-11-01-legacy,raw/gkp-discover-01-whats-on-things-to-do.csv,744
ob_000805,kw_000798,,discover,country,United Kingdom,English,Google Search,2025-08-01,2026-07-31,encoded_band,50,10,100,,,High,100,,,GBP,returned,2026-09-08,2026-09-11-01-legacy,raw/gkp-discover-01-whats-on-things-to-do.csv,745
ob_000806,kw_000799,,discover,country,United Kingdom,English,Google Search,2025-08-01,2026-07-31,encoded_band,50,10,100,0,0,Low,0,,,GBP,returned,2026-09-08,2026-09-11-01-legacy,raw/gkp-discover-01-whats-on-things-to-do.csv,746
ob_000807,kw_000800,,discover,country,United Kingdom,English,Google Search,2025-08-01,2026-07-31,encoded_band,50,10,100,0,0,Unknown,,,,GBP,returned,2026-09-08,2026-09-11-01-legacy,raw/gkp-discover-01-whats-on-things-to-do.csv,747
ob_000808,kw_000801,,discover,country,United Kingdom,English,Google Search,2025-08-01,2026-07-31,encoded_band,500,100,1000,0,0,High,95,0.53,14.77,GBP,returned,2026-09-08,2026-09-11-01-legacy,raw/gkp-discover-01-whats-on-things-to-do.csv,748
ob_000809,kw_000802,,discover,country,United Kingdom,English,Google Search,2025-08-01,2026-07-31,encoded_band,50,10,100,0,0,High,79,,,GBP,returned,2026-09-08,2026-09-11-01-legacy,raw/gkp-discover-01-whats-on-things-to-do.csv,749
ob_000810,kw_000803,,discover,country,United Kingdom,English,Google Search,2025-08-01,2026-07-31,encoded_band,50,10,100,0,0,Unknown,,,,GBP,returned,2026-09-08,2026-09-11-01-legacy,raw/gkp-discover-01-whats-on-things-to-do.csv,750
ob_000811,kw_000804,,discover,country,United Kingdom,English,Google Search,2025-08-01,2026-07-31,encoded_band,50,10,100,0,-1,Unknown,,,,GBP,returned,2026-09-08,2026-09-11-01-legacy,raw/gkp-discover-01-whats-on-things-to-do.csv,751
ob_000812,kw_000805,,discover,country,United Kingdom,English,Google Search,2025-08-01,2026-07-31,encoded_band,50,10,100,0,0,Low,0,,,GBP,returned,2026-09-08,2026-09-11-01-legacy,raw/gkp-discover-01-whats-on-things-to-do.csv,752
ob_000813,kw_000806,,discover,country,United Kingdom,English,Google Search,2025-08-01,2026-07-31,encoded_band,50,10,100,0,0,Low,11,,,GBP,returned,2026-09-08,2026-09-11-01-legacy,raw/gkp-discover-01-whats-on-things-to-do.csv,753
ob_000814,kw_000807,,discover,country,United Kingdom,English,Google Search,2025-08-01,2026-07-31,encoded_band,50,10,100,0,,Low,0,,,GBP,returned,2026-09-08,2026-09-11-01-legacy,raw/gkp-discover-01-whats-on-things-to-do.csv,754
ob_000815,kw_000808,,discover,country,United Kingdom,English,Google Search,2025-08-01,2026-07-31,encoded_band,50,10,100,0,0,Low,5,,,GBP,returned,2026-09-08,2026-09-11-01-legacy,raw/gkp-discover-01-whats-on-things-to-do.csv,755
ob_000816,kw_000809,,discover,country,United Kingdom,English,Google Search,2025-08-01,2026-07-31,encoded_band,50,10,100,0,0,Low,9,,,GBP,returned,2026-09-08,2026-09-11-01-legacy,raw/gkp-discover-01-whats-on-things-to-do.csv,756
ob_000817,kw_000810,,discover,country,United Kingdom,English,Google Search,2025-08-01,2026-07-31,encoded_band,50,10,100,0,-0.9,Low,2,,,GBP,returned,2026-09-08,2026-09-11-01-legacy,raw/gkp-discover-01-whats-on-things-to-do.csv,757
ob_000818,kw_000811,,discover,country,United Kingdom,English,Google Search,2025-08-01,2026-07-31,encoded_band,50,10,100,0,0,High,100,,,GBP,returned,2026-09-08,2026-09-11-01-legacy,raw/gkp-discover-01-whats-on-things-to-do.csv,758
ob_000819,kw_000812,,discover,country,United Kingdom,English,Google Search,2025-08-01,2026-07-31,encoded_band,50,10,100,0,-1,Unknown,,,,GBP,returned,2026-09-08,2026-09-11-01-legacy,raw/gkp-discover-01-whats-on-things-to-do.csv,759
ob_000820,kw_000813,,discover,country,United Kingdom,English,Google Search,2025-08-01,2026-07-31,encoded_band,50,10,100,0,0,Unknown,,,,GBP,returned,2026-09-08,2026-09-11-01-legacy,raw/gkp-discover-01-whats-on-things-to-do.csv,760
ob_000821,kw_000814,,discover,country,United Kingdom,English,Google Search,2025-08-01,2026-07-31,encoded_band,500,100,1000,-0.99,0,Low,0,,,GBP,returned,2026-09-08,2026-09-11-01-legacy,raw/gkp-discover-01-whats-on-things-to-do.csv,761
ob_000822,kw_000815,,discover,country,United Kingdom,English,Google Search,2025-08-01,2026-07-31,encoded_band,0,0,0,0,0,Unknown,,,,GBP,zero,2026-09-08,2026-09-11-01-legacy,raw/gkp-discover-01-whats-on-things-to-do.csv,762
ob_000823,kw_000816,,discover,country,United Kingdom,English,Google Search,2025-08-01,2026-07-31,encoded_band,50,10,100,,,Low,0,,,GBP,returned,2026-09-08,2026-09-11-01-legacy,raw/gkp-discover-01-whats-on-things-to-do.csv,763
ob_000824,kw_000817,,discover,country,United Kingdom,English,Google Search,2025-08-01,2026-07-31,encoded_band,0,0,0,0,0,Unknown,,,,GBP,zero,2026-09-08,2026-09-11-01-legacy,raw/gkp-discover-01-whats-on-things-to-do.csv,764
ob_000825,kw_000818,,discover,country,United Kingdom,English,Google Search,2025-08-01,2026-07-31,encoded_band,0,0,0,0,0,Unknown,,,,GBP,zero,2026-09-08,2026-09-11-01-legacy,raw/gkp-discover-01-whats-on-things-to-do.csv,765
ob_000826,kw_000819,,discover,country,United Kingdom,English,Google Search,2025-08-01,2026-07-31,encoded_band,0,0,0,0,-1,Unknown,,,,GBP,zero,2026-09-08,2026-09-11-01-legacy,raw/gkp-discover-01-whats-on-things-to-do.csv,766
ob_000827,kw_000820,,discover,country,United Kingdom,English,Google Search,2025-08-01,2026-07-31,encoded_band,50,10,100,0,0,Unknown,,,,GBP,returned,2026-09-08,2026-09-11-01-legacy,raw/gkp-discover-01-whats-on-things-to-do.csv,767
ob_000828,kw_000821,,discover,country,United Kingdom,English,Google Search,2025-08-01,2026-07-31,encoded_band,50,10,100,0,0,Low,3,,,GBP,returned,2026-09-08,2026-09-11-01-legacy,raw/gkp-discover-01-whats-on-things-to-do.csv,768
ob_000829,kw_000822,,discover,country,United Kingdom,English,Google Search,2025-08-01,2026-07-31,encoded_band,50,10,100,0,0,Low,2,,,GBP,returned,2026-09-08,2026-09-11-01-legacy,raw/gkp-discover-01-whats-on-things-to-do.csv,769
ob_000830,kw_000823,,discover,country,United Kingdom,English,Google Search,2025-08-01,2026-07-31,encoded_band,50,10,100,0,0,Low,11,,,GBP,returned,2026-09-08,2026-09-11-01-legacy,raw/gkp-discover-01-whats-on-things-to-do.csv,770
ob_000831,kw_000824,,discover,country,United Kingdom,English,Google Search,2025-08-01,2026-07-31,encoded_band,0,0,0,0,0,Unknown,,,,GBP,zero,2026-09-08,2026-09-11-01-legacy,raw/gkp-discover-01-whats-on-things-to-do.csv,771
ob_000832,kw_000825,,discover,country,United Kingdom,English,Google Search,2025-08-01,2026-07-31,encoded_band,500,100,1000,0,0,Low,9,0.81,2.56,GBP,returned,2026-09-08,2026-09-11-01-legacy,raw/gkp-discover-01-whats-on-things-to-do.csv,772
ob_000833,kw_000826,,discover,country,United Kingdom,English,Google Search,2025-08-01,2026-07-31,encoded_band,50,10,100,0,0,Low,4,,,GBP,returned,2026-09-08,2026-09-11-01-legacy,raw/gkp-discover-01-whats-on-things-to-do.csv,773
ob_000834,kw_000827,,discover,country,United Kingdom,English,Google Search,2025-08-01,2026-07-31,encoded_band,50,10,100,0,0,Low,0,,,GBP,returned,2026-09-08,2026-09-11-01-legacy,raw/gkp-discover-01-whats-on-things-to-do.csv,774
ob_000835,kw_000828,,discover,country,United Kingdom,English,Google Search,2025-08-01,2026-07-31,encoded_band,50,10,100,0,0,Low,0,,,GBP,returned,2026-09-08,2026-09-11-01-legacy,raw/gkp-discover-01-whats-on-things-to-do.csv,775
ob_000836,kw_000829,,discover,country,United Kingdom,English,Google Search,2025-08-01,2026-07-31,encoded_band,50,10,100,0,0,Unknown,,,,GBP,returned,2026-09-08,2026-09-11-01-legacy,raw/gkp-discover-01-whats-on-things-to-do.csv,776
ob_000837,kw_000830,,discover,country,United Kingdom,English,Google Search,2025-08-01,2026-07-31,encoded_band,50,10,100,0,0,Low,6,,,GBP,returned,2026-09-08,2026-09-11-01-legacy,raw/gkp-discover-01-whats-on-things-to-do.csv,777
ob_000838,kw_000831,,discover,country,United Kingdom,English,Google Search,2025-08-01,2026-07-31,encoded_band,50,10,100,0,0,Low,0,,,GBP,returned,2026-09-08,2026-09-11-01-legacy,raw/gkp-discover-01-whats-on-things-to-do.csv,778
ob_000839,kw_000832,,discover,country,United Kingdom,English,Google Search,2025-08-01,2026-07-31,encoded_band,50,10,100,0,0,Medium,54,,,GBP,returned,2026-09-08,2026-09-11-01-legacy,raw/gkp-discover-01-whats-on-things-to-do.csv,779
ob_000840,kw_000833,,discover,country,United Kingdom,English,Google Search,2025-08-01,2026-07-31,encoded_band,50000,10000,100000,0,0,Low,32,0.26,0.78,GBP,returned,2026-09-08,2026-09-11-01-legacy,raw/gkp-discover-01-whats-on-things-to-do.csv,780
ob_000841,kw_000834,,discover,country,United Kingdom,English,Google Search,2025-08-01,2026-07-31,encoded_band,0,0,0,0,0,Unknown,,,,GBP,zero,2026-09-08,2026-09-11-01-legacy,raw/gkp-discover-01-whats-on-things-to-do.csv,781
ob_000842,kw_000835,,discover,country,United Kingdom,English,Google Search,2025-08-01,2026-07-31,encoded_band,50,10,100,,0,Low,18,,,GBP,returned,2026-09-08,2026-09-11-01-legacy,raw/gkp-discover-01-whats-on-things-to-do.csv,782
ob_000843,kw_000836,,discover,country,United Kingdom,English,Google Search,2025-08-01,2026-07-31,encoded_band,50,10,100,0,0,Low,17,0.48,0.67,GBP,returned,2026-09-08,2026-09-11-01-legacy,raw/gkp-discover-01-whats-on-things-to-do.csv,783
ob_000844,kw_000837,,discover,country,United Kingdom,English,Google Search,2025-08-01,2026-07-31,encoded_band,50,10,100,0,0,Low,18,,,GBP,returned,2026-09-08,2026-09-11-01-legacy,raw/gkp-discover-01-whats-on-things-to-do.csv,784
ob_000845,kw_000838,,discover,country,United Kingdom,English,Google Search,2025-08-01,2026-07-31,encoded_band,50,10,100,,,Low,0,,,GBP,returned,2026-09-08,2026-09-11-01-legacy,raw/gkp-discover-01-whats-on-things-to-do.csv,785
ob_000846,kw_000839,,discover,country,United Kingdom,English,Google Search,2025-08-01,2026-07-31,encoded_band,50,10,100,0,-1,Unknown,,,,GBP,returned,2026-09-08,2026-09-11-01-legacy,raw/gkp-discover-01-whats-on-things-to-do.csv,786
ob_000847,kw_000840,,discover,country,United Kingdom,English,Google Search,2025-08-01,2026-07-31,encoded_band,50,10,100,0,0,Unknown,,,,GBP,returned,2026-09-08,2026-09-11-01-legacy,raw/gkp-discover-01-whats-on-things-to-do.csv,787
ob_000848,kw_000841,,discover,country,United Kingdom,English,Google Search,2025-08-01,2026-07-31,encoded_band,50,10,100,-1,0,Unknown,,,,GBP,returned,2026-09-08,2026-09-11-01-legacy,raw/gkp-discover-01-whats-on-things-to-do.csv,788
ob_000849,kw_000842,,discover,country,United Kingdom,English,Google Search,2025-08-01,2026-07-31,encoded_band,50,10,100,0,0,Low,18,,,GBP,returned,2026-09-08,2026-09-11-01-legacy,raw/gkp-discover-01-whats-on-things-to-do.csv,789
ob_000850,kw_000843,,discover,country,United Kingdom,English,Google Search,2025-08-01,2026-07-31,encoded_band,50,10,100,0,0,Low,11,,,GBP,returned,2026-09-08,2026-09-11-01-legacy,raw/gkp-discover-01-whats-on-things-to-do.csv,790
ob_000851,kw_000844,,discover,country,United Kingdom,English,Google Search,2025-08-01,2026-07-31,encoded_band,50,10,100,0,0,Low,26,0.23,0.66,GBP,returned,2026-09-08,2026-09-11-01-legacy,raw/gkp-discover-01-whats-on-things-to-do.csv,791
ob_000852,kw_000845,,discover,country,United Kingdom,English,Google Search,2025-08-01,2026-07-31,encoded_band,50,10,100,0,0,Low,19,,,GBP,returned,2026-09-08,2026-09-11-01-legacy,raw/gkp-discover-01-whats-on-things-to-do.csv,792
ob_000853,kw_000846,,discover,country,United Kingdom,English,Google Search,2025-08-01,2026-07-31,encoded_band,0,0,0,0,0,Unknown,,,,GBP,zero,2026-09-08,2026-09-11-01-legacy,raw/gkp-discover-01-whats-on-things-to-do.csv,793
ob_000854,kw_000847,,discover,country,United Kingdom,English,Google Search,2025-08-01,2026-07-31,encoded_band,0,0,0,0,0,Unknown,,,,GBP,zero,2026-09-08,2026-09-11-01-legacy,raw/gkp-discover-01-whats-on-things-to-do.csv,794
ob_000855,kw_000848,,discover,country,United Kingdom,English,Google Search,2025-08-01,2026-07-31,encoded_band,50,10,100,0,0,Unknown,,,,GBP,returned,2026-09-08,2026-09-11-01-legacy,raw/gkp-discover-01-whats-on-things-to-do.csv,795
ob_000856,kw_000849,,discover,country,United Kingdom,English,Google Search,2025-08-01,2026-07-31,encoded_band,,,,,,Unknown,,,,GBP,absent,2026-09-08,2026-09-11-01-legacy,raw/gkp-discover-01-whats-on-things-to-do.csv,796
ob_000857,kw_000850,,discover,country,United Kingdom,English,Google Search,2025-08-01,2026-07-31,encoded_band,0,0,0,0,0,Unknown,,,,GBP,zero,2026-09-08,2026-09-11-01-legacy,raw/gkp-discover-01-whats-on-things-to-do.csv,797
ob_000858,kw_000851,,discover,country,United Kingdom,English,Google Search,2025-08-01,2026-07-31,encoded_band,50,10,100,0,0,Unknown,,,,GBP,returned,2026-09-08,2026-09-11-01-legacy,raw/gkp-discover-01-whats-on-things-to-do.csv,798
ob_000859,kw_000852,,discover,country,United Kingdom,English,Google Search,2025-08-01,2026-07-31,encoded_band,50,10,100,0,0,Low,0,,,GBP,returned,2026-09-08,2026-09-11-01-legacy,raw/gkp-discover-01-whats-on-things-to-do.csv,799
ob_000860,kw_000853,,discover,country,United Kingdom,English,Google Search,2025-08-01,2026-07-31,encoded_band,50,10,100,0,0,Unknown,,,,GBP,returned,2026-09-08,2026-09-11-01-legacy,raw/gkp-discover-01-whats-on-things-to-do.csv,800
ob_000861,kw_000854,,discover,country,United Kingdom,English,Google Search,2025-08-01,2026-07-31,encoded_band,50,10,100,,0,Low,0,,,GBP,returned,2026-09-08,2026-09-11-01-legacy,raw/gkp-discover-01-whats-on-things-to-do.csv,801
ob_000862,kw_000855,,discover,country,United Kingdom,English,Google Search,2025-08-01,2026-07-31,encoded_band,50,10,100,0,0,Low,0,,,GBP,returned,2026-09-08,2026-09-11-01-legacy,raw/gkp-discover-01-whats-on-things-to-do.csv,802
ob_000863,kw_000856,,discover,country,United Kingdom,English,Google Search,2025-08-01,2026-07-31,encoded_band,500,100,1000,0,0,Low,7,1.09,4.81,GBP,returned,2026-09-08,2026-09-11-01-legacy,raw/gkp-discover-01-whats-on-things-to-do.csv,803
ob_000864,kw_000857,,discover,country,United Kingdom,English,Google Search,2025-08-01,2026-07-31,encoded_band,50,10,100,-1,0,Unknown,,,,GBP,returned,2026-09-08,2026-09-11-01-legacy,raw/gkp-discover-01-whats-on-things-to-do.csv,804
ob_000865,kw_000858,,discover,country,United Kingdom,English,Google Search,2025-08-01,2026-07-31,encoded_band,50,10,100,-1,-1,Unknown,,,,GBP,returned,2026-09-08,2026-09-11-01-legacy,raw/gkp-discover-01-whats-on-things-to-do.csv,805
ob_000866,kw_000859,,discover,country,United Kingdom,English,Google Search,2025-08-01,2026-07-31,encoded_band,0,0,0,0,0,Unknown,,,,GBP,zero,2026-09-08,2026-09-11-01-legacy,raw/gkp-discover-01-whats-on-things-to-do.csv,806
ob_000867,kw_000860,,discover,country,United Kingdom,English,Google Search,2025-08-01,2026-07-31,encoded_band,0,0,0,0,0,Unknown,,,,GBP,zero,2026-09-08,2026-09-11-01-legacy,raw/gkp-discover-01-whats-on-things-to-do.csv,807
ob_000868,kw_000861,,discover,country,United Kingdom,English,Google Search,2025-08-01,2026-07-31,encoded_band,50,10,100,0,-1,Unknown,,,,GBP,returned,2026-09-08,2026-09-11-01-legacy,raw/gkp-discover-01-whats-on-things-to-do.csv,808
ob_000869,kw_000862,,discover,country,United Kingdom,English,Google Search,2025-08-01,2026-07-31,encoded_band,50,10,100,0,0,Low,24,,,GBP,returned,2026-09-08,2026-09-11-01-legacy,raw/gkp-discover-01-whats-on-things-to-do.csv,809
ob_000870,kw_000863,,discover,country,United Kingdom,English,Google Search,2025-08-01,2026-07-31,encoded_band,50,10,100,0,0,Low,26,,,GBP,returned,2026-09-08,2026-09-11-01-legacy,raw/gkp-discover-01-whats-on-things-to-do.csv,810
ob_000871,kw_000864,,discover,country,United Kingdom,English,Google Search,2025-08-01,2026-07-31,encoded_band,50,10,100,0,0,Low,26,,,GBP,returned,2026-09-08,2026-09-11-01-legacy,raw/gkp-discover-01-whats-on-things-to-do.csv,811
ob_000872,kw_000865,,discover,country,United Kingdom,English,Google Search,2025-08-01,2026-07-31,encoded_band,50,10,100,0,0,Unknown,,,,GBP,returned,2026-09-08,2026-09-11-01-legacy,raw/gkp-discover-01-whats-on-things-to-do.csv,812
ob_000873,kw_000866,,discover,country,United Kingdom,English,Google Search,2025-08-01,2026-07-31,encoded_band,50,10,100,0,0,Unknown,,,,GBP,returned,2026-09-08,2026-09-11-01-legacy,raw/gkp-discover-01-whats-on-things-to-do.csv,813
ob_000874,kw_000867,,discover,country,United Kingdom,English,Google Search,2025-08-01,2026-07-31,encoded_band,50,10,100,-1,-1,Unknown,,,,GBP,returned,2026-09-08,2026-09-11-01-legacy,raw/gkp-discover-01-whats-on-things-to-do.csv,814
ob_000875,kw_000868,,discover,country,United Kingdom,English,Google Search,2025-08-01,2026-07-31,encoded_band,50,10,100,0,-1,Unknown,,,,GBP,returned,2026-09-08,2026-09-11-01-legacy,raw/gkp-discover-01-whats-on-things-to-do.csv,815
ob_000876,kw_000869,,discover,country,United Kingdom,English,Google Search,2025-08-01,2026-07-31,encoded_band,50,10,100,,0,Low,0,,,GBP,returned,2026-09-08,2026-09-11-01-legacy,raw/gkp-discover-01-whats-on-things-to-do.csv,816
ob_000877,kw_000870,,discover,country,United Kingdom,English,Google Search,2025-08-01,2026-07-31,encoded_band,50,10,100,0,0,Low,17,0.28,0.77,GBP,returned,2026-09-08,2026-09-11-01-legacy,raw/gkp-discover-01-whats-on-things-to-do.csv,817
ob_000878,kw_000871,,discover,country,United Kingdom,English,Google Search,2025-08-01,2026-07-31,encoded_band,50,10,100,,,Low,0,,,GBP,returned,2026-09-08,2026-09-11-01-legacy,raw/gkp-discover-01-whats-on-things-to-do.csv,818
ob_000879,kw_000872,,discover,country,United Kingdom,English,Google Search,2025-08-01,2026-07-31,encoded_band,50,10,100,0,-1,Unknown,,,,GBP,returned,2026-09-08,2026-09-11-01-legacy,raw/gkp-discover-01-whats-on-things-to-do.csv,819
ob_000880,kw_000873,,discover,country,United Kingdom,English,Google Search,2025-08-01,2026-07-31,encoded_band,50,10,100,-1,-1,Unknown,,,,GBP,returned,2026-09-08,2026-09-11-01-legacy,raw/gkp-discover-01-whats-on-things-to-do.csv,820
ob_000881,kw_000874,,discover,country,United Kingdom,English,Google Search,2025-08-01,2026-07-31,encoded_band,50,10,100,0,0,High,100,,,GBP,returned,2026-09-08,2026-09-11-01-legacy,raw/gkp-discover-01-whats-on-things-to-do.csv,821
ob_000882,kw_000875,,discover,country,United Kingdom,English,Google Search,2025-08-01,2026-07-31,encoded_band,50,10,100,0,0,Low,0,,,GBP,returned,2026-09-08,2026-09-11-01-legacy,raw/gkp-discover-01-whats-on-things-to-do.csv,822
ob_000883,kw_000876,,discover,country,United Kingdom,English,Google Search,2025-08-01,2026-07-31,encoded_band,0,0,0,0,0,Unknown,,,,GBP,zero,2026-09-08,2026-09-11-01-legacy,raw/gkp-discover-01-whats-on-things-to-do.csv,823
ob_000884,kw_000877,,discover,country,United Kingdom,English,Google Search,2025-08-01,2026-07-31,encoded_band,50,10,100,0,0,Low,25,0.63,1.95,GBP,returned,2026-09-08,2026-09-11-01-legacy,raw/gkp-discover-01-whats-on-things-to-do.csv,824
ob_000885,kw_000878,,discover,country,United Kingdom,English,Google Search,2025-08-01,2026-07-31,encoded_band,50,10,100,0,0,Low,26,0.36,0.57,GBP,returned,2026-09-08,2026-09-11-01-legacy,raw/gkp-discover-01-whats-on-things-to-do.csv,825
ob_000886,kw_000879,,discover,country,United Kingdom,English,Google Search,2025-08-01,2026-07-31,encoded_band,50,10,100,-1,0,Unknown,,,,GBP,returned,2026-09-08,2026-09-11-01-legacy,raw/gkp-discover-01-whats-on-things-to-do.csv,826
ob_000887,kw_000880,,discover,country,United Kingdom,English,Google Search,2025-08-01,2026-07-31,encoded_band,50,10,100,0,0,Medium,54,,,GBP,returned,2026-09-08,2026-09-11-01-legacy,raw/gkp-discover-01-whats-on-things-to-do.csv,827
ob_000888,kw_000881,,discover,country,United Kingdom,English,Google Search,2025-08-01,2026-07-31,encoded_band,,,,,,Unknown,,,,GBP,absent,2026-09-08,2026-09-11-01-legacy,raw/gkp-discover-01-whats-on-things-to-do.csv,828
ob_000889,kw_000882,,discover,country,United Kingdom,English,Google Search,2025-08-01,2026-07-31,encoded_band,50,10,100,,0,High,71,,,GBP,returned,2026-09-08,2026-09-11-01-legacy,raw/gkp-discover-01-whats-on-things-to-do.csv,829
ob_000890,kw_000883,,discover,country,United Kingdom,English,Google Search,2025-08-01,2026-07-31,encoded_band,50,10,100,-1,0,Unknown,,,,GBP,returned,2026-09-08,2026-09-11-01-legacy,raw/gkp-discover-01-whats-on-things-to-do.csv,830
ob_000891,kw_000884,,discover,country,United Kingdom,English,Google Search,2025-08-01,2026-07-31,encoded_band,50,10,100,0,0,Unknown,,,,GBP,returned,2026-09-08,2026-09-11-01-legacy,raw/gkp-discover-01-whats-on-things-to-do.csv,831
ob_000892,kw_000885,,discover,country,United Kingdom,English,Google Search,2025-08-01,2026-07-31,encoded_band,0,0,0,0,0,Unknown,,,,GBP,zero,2026-09-08,2026-09-11-01-legacy,raw/gkp-discover-01-whats-on-things-to-do.csv,832
ob_000893,kw_000886,,discover,country,United Kingdom,English,Google Search,2025-08-01,2026-07-31,encoded_band,50,10,100,0,0,Unknown,,,,GBP,returned,2026-09-08,2026-09-11-01-legacy,raw/gkp-discover-01-whats-on-things-to-do.csv,833
ob_000894,kw_000887,,discover,country,United Kingdom,English,Google Search,2025-08-01,2026-07-31,encoded_band,50,10,100,,0,Low,0,,,GBP,returned,2026-09-08,2026-09-11-01-legacy,raw/gkp-discover-01-whats-on-things-to-do.csv,834
ob_000895,kw_000888,,discover,country,United Kingdom,English,Google Search,2025-08-01,2026-07-31,encoded_band,50,10,100,0,0,Low,12,,,GBP,returned,2026-09-08,2026-09-11-01-legacy,raw/gkp-discover-01-whats-on-things-to-do.csv,835
ob_000896,kw_000889,,discover,country,United Kingdom,English,Google Search,2025-08-01,2026-07-31,encoded_band,50,10,100,0,0,Unknown,,,,GBP,returned,2026-09-08,2026-09-11-01-legacy,raw/gkp-discover-01-whats-on-things-to-do.csv,836
ob_000897,kw_000890,,discover,country,United Kingdom,English,Google Search,2025-08-01,2026-07-31,encoded_band,500,100,1000,0,0,Low,5,,,GBP,returned,2026-09-08,2026-09-11-01-legacy,raw/gkp-discover-01-whats-on-things-to-do.csv,837
ob_000898,kw_000891,,discover,country,United Kingdom,English,Google Search,2025-08-01,2026-07-31,encoded_band,50,10,100,0,0,Low,5,,,GBP,returned,2026-09-08,2026-09-11-01-legacy,raw/gkp-discover-01-whats-on-things-to-do.csv,838
ob_000899,kw_000892,,discover,country,United Kingdom,English,Google Search,2025-08-01,2026-07-31,encoded_band,50,10,100,0,0,Low,0,,,GBP,returned,2026-09-08,2026-09-11-01-legacy,raw/gkp-discover-01-whats-on-things-to-do.csv,839
ob_000900,kw_000893,,discover,country,United Kingdom,English,Google Search,2025-08-01,2026-07-31,encoded_band,50,10,100,0,0,Low,2,,,GBP,returned,2026-09-08,2026-09-11-01-legacy,raw/gkp-discover-01-whats-on-things-to-do.csv,840
ob_000901,kw_000894,,discover,country,United Kingdom,English,Google Search,2025-08-01,2026-07-31,encoded_band,50,10,100,0,0,Low,0,,,GBP,returned,2026-09-08,2026-09-11-01-legacy,raw/gkp-discover-01-whats-on-things-to-do.csv,841
ob_000902,kw_000895,,discover,country,United Kingdom,English,Google Search,2025-08-01,2026-07-31,encoded_band,50,10,100,0,0,Low,26,,,GBP,returned,2026-09-08,2026-09-11-01-legacy,raw/gkp-discover-01-whats-on-things-to-do.csv,842
ob_000903,kw_000896,,discover,country,United Kingdom,English,Google Search,2025-08-01,2026-07-31,encoded_band,50,10,100,0,0,Low,13,,,GBP,returned,2026-09-08,2026-09-11-01-legacy,raw/gkp-discover-01-whats-on-things-to-do.csv,843
ob_000904,kw_000897,,discover,country,United Kingdom,English,Google Search,2025-08-01,2026-07-31,encoded_band,50,10,100,-0.9,0,Low,9,,,GBP,returned,2026-09-08,2026-09-11-01-legacy,raw/gkp-discover-01-whats-on-things-to-do.csv,844
ob_000905,kw_000898,,discover,country,United Kingdom,English,Google Search,2025-08-01,2026-07-31,encoded_band,50,10,100,0,0,Low,0,,,GBP,returned,2026-09-08,2026-09-11-01-legacy,raw/gkp-discover-01-whats-on-things-to-do.csv,845
ob_000906,kw_000899,,discover,country,United Kingdom,English,Google Search,2025-08-01,2026-07-31,encoded_band,50,10,100,0,0,Low,0,,,GBP,returned,2026-09-08,2026-09-11-01-legacy,raw/gkp-discover-01-whats-on-things-to-do.csv,846
ob_000907,kw_000900,,discover,country,United Kingdom,English,Google Search,2025-08-01,2026-07-31,encoded_band,50,10,100,-0.9,0,Low,14,,,GBP,returned,2026-09-08,2026-09-11-01-legacy,raw/gkp-discover-01-whats-on-things-to-do.csv,847
ob_000908,kw_000901,,discover,country,United Kingdom,English,Google Search,2025-08-01,2026-07-31,encoded_band,50,10,100,0,,Low,0,,,GBP,returned,2026-09-08,2026-09-11-01-legacy,raw/gkp-discover-01-whats-on-things-to-do.csv,848
ob_000909,kw_000902,,discover,country,United Kingdom,English,Google Search,2025-08-01,2026-07-31,encoded_band,50,10,100,0,0,Low,2,,,GBP,returned,2026-09-08,2026-09-11-01-legacy,raw/gkp-discover-01-whats-on-things-to-do.csv,849
ob_000910,kw_000903,,discover,country,United Kingdom,English,Google Search,2025-08-01,2026-07-31,encoded_band,500,100,1000,0,0,Low,10,,,GBP,returned,2026-09-08,2026-09-11-01-legacy,raw/gkp-discover-01-whats-on-things-to-do.csv,850
ob_000911,kw_000904,,discover,country,United Kingdom,English,Google Search,2025-08-01,2026-07-31,encoded_band,5000,1000,10000,0,0,Low,17,0.43,1.02,GBP,returned,2026-09-08,2026-09-11-01-legacy,raw/gkp-discover-01-whats-on-things-to-do.csv,851
ob_000912,kw_000905,,discover,country,United Kingdom,English,Google Search,2025-08-01,2026-07-31,encoded_band,50,10,100,0,0,Low,11,,,GBP,returned,2026-09-08,2026-09-11-01-legacy,raw/gkp-discover-01-whats-on-things-to-do.csv,852
ob_000913,kw_000906,,discover,country,United Kingdom,English,Google Search,2025-08-01,2026-07-31,encoded_band,50,10,100,0,0,Medium,39,0.91,3.39,GBP,returned,2026-09-08,2026-09-11-01-legacy,raw/gkp-discover-01-whats-on-things-to-do.csv,853
ob_000914,kw_000907,,discover,country,United Kingdom,English,Google Search,2025-08-01,2026-07-31,encoded_band,50,10,100,0,0,Low,23,,,GBP,returned,2026-09-08,2026-09-11-01-legacy,raw/gkp-discover-01-whats-on-things-to-do.csv,854
ob_000915,kw_000908,,discover,country,United Kingdom,English,Google Search,2025-08-01,2026-07-31,encoded_band,50,10,100,0,0,Low,5,,,GBP,returned,2026-09-08,2026-09-11-01-legacy,raw/gkp-discover-01-whats-on-things-to-do.csv,855
ob_000916,kw_000909,,discover,country,United Kingdom,English,Google Search,2025-08-01,2026-07-31,encoded_band,50,10,100,0,0,Low,17,,,GBP,returned,2026-09-08,2026-09-11-01-legacy,raw/gkp-discover-01-whats-on-things-to-do.csv,856
ob_000917,kw_000910,,discover,country,United Kingdom,English,Google Search,2025-08-01,2026-07-31,encoded_band,50,10,100,0,0,Low,9,,,GBP,returned,2026-09-08,2026-09-11-01-legacy,raw/gkp-discover-01-whats-on-things-to-do.csv,857
ob_000918,kw_000911,,discover,country,United Kingdom,English,Google Search,2025-08-01,2026-07-31,encoded_band,500,100,1000,0,0,Low,9,0.81,2.56,GBP,returned,2026-09-08,2026-09-11-01-legacy,raw/gkp-discover-01-whats-on-things-to-do.csv,858
ob_000919,kw_000912,,discover,country,United Kingdom,English,Google Search,2025-08-01,2026-07-31,encoded_band,50,10,100,0,0,Low,16,,,GBP,returned,2026-09-08,2026-09-11-01-legacy,raw/gkp-discover-01-whats-on-things-to-do.csv,859
ob_000920,kw_000913,,discover,country,United Kingdom,English,Google Search,2025-08-01,2026-07-31,encoded_band,50,10,100,0,0,Low,3,,,GBP,returned,2026-09-08,2026-09-11-01-legacy,raw/gkp-discover-01-whats-on-things-to-do.csv,860
ob_000921,kw_000914,,discover,country,United Kingdom,English,Google Search,2025-08-01,2026-07-31,encoded_band,500,100,1000,0,0,Low,9,0.81,2.56,GBP,returned,2026-09-08,2026-09-11-01-legacy,raw/gkp-discover-01-whats-on-things-to-do.csv,861
ob_000922,kw_000915,,discover,country,United Kingdom,English,Google Search,2025-08-01,2026-07-31,encoded_band,50,10,100,0,0,Low,4,,,GBP,returned,2026-09-08,2026-09-11-01-legacy,raw/gkp-discover-01-whats-on-things-to-do.csv,862
ob_000923,kw_000916,,discover,country,United Kingdom,English,Google Search,2025-08-01,2026-07-31,encoded_band,500,100,1000,0,0,Low,9,,,GBP,returned,2026-09-08,2026-09-11-01-legacy,raw/gkp-discover-01-whats-on-things-to-do.csv,863
ob_000924,kw_000917,,discover,country,United Kingdom,English,Google Search,2025-08-01,2026-07-31,encoded_band,50,10,100,-0.9,-0.9,Low,6,,,GBP,returned,2026-09-08,2026-09-11-01-legacy,raw/gkp-discover-01-whats-on-things-to-do.csv,864
ob_000925,kw_000918,,discover,country,United Kingdom,English,Google Search,2025-08-01,2026-07-31,encoded_band,500,100,1000,0,0,Low,8,,,GBP,returned,2026-09-08,2026-09-11-01-legacy,raw/gkp-discover-01-whats-on-things-to-do.csv,865
ob_000926,kw_000919,,discover,country,United Kingdom,English,Google Search,2025-08-01,2026-07-31,encoded_band,50,10,100,0,0,Low,5,,,GBP,returned,2026-09-08,2026-09-11-01-legacy,raw/gkp-discover-01-whats-on-things-to-do.csv,866
ob_000927,kw_000920,,discover,country,United Kingdom,English,Google Search,2025-08-01,2026-07-31,encoded_band,50,10,100,0,0,Low,6,,,GBP,returned,2026-09-08,2026-09-11-01-legacy,raw/gkp-discover-01-whats-on-things-to-do.csv,867
ob_000928,kw_000921,,discover,country,United Kingdom,English,Google Search,2025-08-01,2026-07-31,encoded_band,50,10,100,0,0,Low,4,,,GBP,returned,2026-09-08,2026-09-11-01-legacy,raw/gkp-discover-01-whats-on-things-to-do.csv,868
ob_000929,kw_000922,,discover,country,United Kingdom,English,Google Search,2025-08-01,2026-07-31,encoded_band,50,10,100,0,0,Low,9,,,GBP,returned,2026-09-08,2026-09-11-01-legacy,raw/gkp-discover-01-whats-on-things-to-do.csv,869
ob_000930,kw_000923,,discover,country,United Kingdom,English,Google Search,2025-08-01,2026-07-31,encoded_band,50,10,100,0,0,Low,6,,,GBP,returned,2026-09-08,2026-09-11-01-legacy,raw/gkp-discover-01-whats-on-things-to-do.csv,870
ob_000931,kw_000924,,discover,country,United Kingdom,English,Google Search,2025-08-01,2026-07-31,encoded_band,500,100,1000,-0.9,-0.9,Low,10,,,GBP,returned,2026-09-08,2026-09-11-01-legacy,raw/gkp-discover-01-whats-on-things-to-do.csv,871
ob_000932,kw_000925,,discover,country,United Kingdom,English,Google Search,2025-08-01,2026-07-31,encoded_band,500,100,1000,0,0,Low,7,,,GBP,returned,2026-09-08,2026-09-11-01-legacy,raw/gkp-discover-01-whats-on-things-to-do.csv,872
ob_000933,kw_000926,,discover,country,United Kingdom,English,Google Search,2025-08-01,2026-07-31,encoded_band,50,10,100,0,0,Low,4,,,GBP,returned,2026-09-08,2026-09-11-01-legacy,raw/gkp-discover-01-whats-on-things-to-do.csv,873
ob_000934,kw_000927,,discover,country,United Kingdom,English,Google Search,2025-08-01,2026-07-31,encoded_band,50,10,100,0,0,Low,5,,,GBP,returned,2026-09-08,2026-09-11-01-legacy,raw/gkp-discover-01-whats-on-things-to-do.csv,874
ob_000935,kw_000928,,discover,country,United Kingdom,English,Google Search,2025-08-01,2026-07-31,encoded_band,50,10,100,0,0,Low,4,,,GBP,returned,2026-09-08,2026-09-11-01-legacy,raw/gkp-discover-01-whats-on-things-to-do.csv,875
ob_000936,kw_000929,,discover,country,United Kingdom,English,Google Search,2025-08-01,2026-07-31,encoded_band,500,100,1000,0,0,Low,8,,,GBP,returned,2026-09-08,2026-09-11-01-legacy,raw/gkp-discover-01-whats-on-things-to-do.csv,876
ob_000937,kw_000930,,discover,country,United Kingdom,English,Google Search,2025-08-01,2026-07-31,encoded_band,50,10,100,0,0,Low,19,,,GBP,returned,2026-09-08,2026-09-11-01-legacy,raw/gkp-discover-01-whats-on-things-to-do.csv,877
ob_000938,kw_000931,,discover,country,United Kingdom,English,Google Search,2025-08-01,2026-07-31,encoded_band,50,10,100,0,0,Low,5,,,GBP,returned,2026-09-08,2026-09-11-01-legacy,raw/gkp-discover-01-whats-on-things-to-do.csv,878
ob_000939,kw_000932,,discover,country,United Kingdom,English,Google Search,2025-08-01,2026-07-31,encoded_band,50,10,100,0,0,Low,7,,,GBP,returned,2026-09-08,2026-09-11-01-legacy,raw/gkp-discover-01-whats-on-things-to-do.csv,879
ob_000940,kw_000933,,discover,country,United Kingdom,English,Google Search,2025-08-01,2026-07-31,encoded_band,50,10,100,0,,Low,0,,,GBP,returned,2026-09-08,2026-09-11-01-legacy,raw/gkp-discover-01-whats-on-things-to-do.csv,880
ob_000941,kw_000934,,discover,country,United Kingdom,English,Google Search,2025-08-01,2026-07-31,encoded_band,50,10,100,0,0,Low,22,,,GBP,returned,2026-09-08,2026-09-11-01-legacy,raw/gkp-discover-01-whats-on-things-to-do.csv,881
ob_000942,kw_000935,,discover,country,United Kingdom,English,Google Search,2025-08-01,2026-07-31,encoded_band,500,100,1000,0,0,Low,7,0.46,1.49,GBP,returned,2026-09-08,2026-09-11-01-legacy,raw/gkp-discover-01-whats-on-things-to-do.csv,882
ob_000943,kw_000936,,discover,country,United Kingdom,English,Google Search,2025-08-01,2026-07-31,encoded_band,50,10,100,0,,Low,0,,,GBP,returned,2026-09-08,2026-09-11-01-legacy,raw/gkp-discover-01-whats-on-things-to-do.csv,883
ob_000944,kw_000937,,discover,country,United Kingdom,English,Google Search,2025-08-01,2026-07-31,encoded_band,50,10,100,0,0,Low,29,,,GBP,returned,2026-09-08,2026-09-11-01-legacy,raw/gkp-discover-01-whats-on-things-to-do.csv,884
ob_000945,kw_000938,,discover,country,United Kingdom,English,Google Search,2025-08-01,2026-07-31,encoded_band,50,10,100,0,0,Low,0,,,GBP,returned,2026-09-08,2026-09-11-01-legacy,raw/gkp-discover-01-whats-on-things-to-do.csv,885
ob_000946,kw_000939,,discover,country,United Kingdom,English,Google Search,2025-08-01,2026-07-31,encoded_band,50,10,100,,0,Low,0,,,GBP,returned,2026-09-08,2026-09-11-01-legacy,raw/gkp-discover-01-whats-on-things-to-do.csv,886
ob_000947,kw_000940,,discover,country,United Kingdom,English,Google Search,2025-08-01,2026-07-31,encoded_band,50,10,100,,0,Low,4,,,GBP,returned,2026-09-08,2026-09-11-01-legacy,raw/gkp-discover-01-whats-on-things-to-do.csv,887
ob_000948,kw_000941,,discover,country,United Kingdom,English,Google Search,2025-08-01,2026-07-31,encoded_band,50,10,100,0,0,Low,0,,,GBP,returned,2026-09-08,2026-09-11-01-legacy,raw/gkp-discover-01-whats-on-things-to-do.csv,888
ob_000949,kw_000942,,discover,country,United Kingdom,English,Google Search,2025-08-01,2026-07-31,encoded_band,50,10,100,-1,0,Unknown,,,,GBP,returned,2026-09-08,2026-09-11-01-legacy,raw/gkp-discover-01-whats-on-things-to-do.csv,889
ob_000950,kw_000943,,discover,country,United Kingdom,English,Google Search,2025-08-01,2026-07-31,encoded_band,50,10,100,0,0,Low,1,,,GBP,returned,2026-09-08,2026-09-11-01-legacy,raw/gkp-discover-01-whats-on-things-to-do.csv,890
ob_000951,kw_000944,,discover,country,United Kingdom,English,Google Search,2025-08-01,2026-07-31,encoded_band,5000,1000,10000,0,-0.9,Low,4,,,GBP,returned,2026-09-08,2026-09-11-01-legacy,raw/gkp-discover-01-whats-on-things-to-do.csv,891
ob_000952,kw_000945,,discover,country,United Kingdom,English,Google Search,2025-08-01,2026-07-31,encoded_band,500,100,1000,0,-0.9,Low,7,,,GBP,returned,2026-09-08,2026-09-11-01-legacy,raw/gkp-discover-01-whats-on-things-to-do.csv,892
ob_000953,kw_000946,,discover,country,United Kingdom,English,Google Search,2025-08-01,2026-07-31,encoded_band,50,10,100,0,0,Unknown,,,,GBP,returned,2026-09-08,2026-09-11-01-legacy,raw/gkp-discover-01-whats-on-things-to-do.csv,893
ob_000954,kw_000947,,discover,country,United Kingdom,English,Google Search,2025-08-01,2026-07-31,encoded_band,50,10,100,0,-1,Unknown,,,,GBP,returned,2026-09-08,2026-09-11-01-legacy,raw/gkp-discover-01-whats-on-things-to-do.csv,894
ob_000955,kw_000948,,discover,country,United Kingdom,English,Google Search,2025-08-01,2026-07-31,encoded_band,50,10,100,0,-1,Unknown,,,,GBP,returned,2026-09-08,2026-09-11-01-legacy,raw/gkp-discover-01-whats-on-things-to-do.csv,895
ob_000956,kw_000949,,discover,country,United Kingdom,English,Google Search,2025-08-01,2026-07-31,encoded_band,50,10,100,0,0,Unknown,,,,GBP,returned,2026-09-08,2026-09-11-01-legacy,raw/gkp-discover-01-whats-on-things-to-do.csv,896
ob_000957,kw_000950,,discover,country,United Kingdom,English,Google Search,2025-08-01,2026-07-31,encoded_band,5000,1000,10000,9,9,Low,2,,,GBP,returned,2026-09-08,2026-09-11-01-legacy,raw/gkp-discover-01-whats-on-things-to-do.csv,897
ob_000958,kw_000951,,discover,country,United Kingdom,English,Google Search,2025-08-01,2026-07-31,encoded_band,50,10,100,0,0,Low,2,,,GBP,returned,2026-09-08,2026-09-11-01-legacy,raw/gkp-discover-01-whats-on-things-to-do.csv,898
ob_000959,kw_000952,,discover,country,United Kingdom,English,Google Search,2025-08-01,2026-07-31,encoded_band,500,100,1000,0,0,Low,9,,,GBP,returned,2026-09-08,2026-09-11-01-legacy,raw/gkp-discover-01-whats-on-things-to-do.csv,899
ob_000960,kw_000953,,discover,country,United Kingdom,English,Google Search,2025-08-01,2026-07-31,encoded_band,50,10,100,0,0,Low,2,,,GBP,returned,2026-09-08,2026-09-11-01-legacy,raw/gkp-discover-01-whats-on-things-to-do.csv,900
ob_000961,kw_000954,,discover,country,United Kingdom,English,Google Search,2025-08-01,2026-07-31,encoded_band,500,100,1000,0,0,Low,7,0.46,1.49,GBP,returned,2026-09-08,2026-09-11-01-legacy,raw/gkp-discover-01-whats-on-things-to-do.csv,901
ob_000962,kw_000955,,discover,country,United Kingdom,English,Google Search,2025-08-01,2026-07-31,encoded_band,50,10,100,0,0,Unknown,,,,GBP,returned,2026-09-08,2026-09-11-01-legacy,raw/gkp-discover-01-whats-on-things-to-do.csv,902
ob_000963,kw_000956,,discover,country,United Kingdom,English,Google Search,2025-08-01,2026-07-31,encoded_band,500,100,1000,-1,-1,Unknown,,,,GBP,returned,2026-09-08,2026-09-11-01-legacy,raw/gkp-discover-01-whats-on-things-to-do.csv,903
ob_000964,kw_000957,,discover,country,United Kingdom,English,Google Search,2025-08-01,2026-07-31,encoded_band,50,10,100,0,0,Unknown,,,,GBP,returned,2026-09-08,2026-09-11-01-legacy,raw/gkp-discover-01-whats-on-things-to-do.csv,904
ob_000965,kw_000958,,discover,country,United Kingdom,English,Google Search,2025-08-01,2026-07-31,encoded_band,5000,1000,10000,9,9,Low,2,,,GBP,returned,2026-09-08,2026-09-11-01-legacy,raw/gkp-discover-01-whats-on-things-to-do.csv,905
ob_000966,kw_000959,,discover,country,United Kingdom,English,Google Search,2025-08-01,2026-07-31,encoded_band,50,10,100,0,0,Unknown,,,,GBP,returned,2026-09-08,2026-09-11-01-legacy,raw/gkp-discover-01-whats-on-things-to-do.csv,906
ob_000967,kw_000960,,discover,country,United Kingdom,English,Google Search,2025-08-01,2026-07-31,encoded_band,50,10,100,-1,-1,Unknown,,,,GBP,returned,2026-09-08,2026-09-11-01-legacy,raw/gkp-discover-01-whats-on-things-to-do.csv,907
ob_000968,kw_000961,,discover,country,United Kingdom,English,Google Search,2025-08-01,2026-07-31,encoded_band,50,10,100,0,0,Unknown,,,,GBP,returned,2026-09-08,2026-09-11-01-legacy,raw/gkp-discover-01-whats-on-things-to-do.csv,908
ob_000969,kw_000962,,discover,country,United Kingdom,English,Google Search,2025-08-01,2026-07-31,encoded_band,50,10,100,0,0,Unknown,,,,GBP,returned,2026-09-08,2026-09-11-01-legacy,raw/gkp-discover-01-whats-on-things-to-do.csv,909
ob_000970,kw_000963,,discover,country,United Kingdom,English,Google Search,2025-08-01,2026-07-31,encoded_band,50,10,100,0,0,Low,15,,,GBP,returned,2026-09-08,2026-09-11-01-legacy,raw/gkp-discover-01-whats-on-things-to-do.csv,910
ob_000971,kw_000964,,discover,country,United Kingdom,English,Google Search,2025-08-01,2026-07-31,encoded_band,50,10,100,0,0,Low,12,,,GBP,returned,2026-09-08,2026-09-11-01-legacy,raw/gkp-discover-01-whats-on-things-to-do.csv,911
ob_000972,kw_000965,,discover,country,United Kingdom,English,Google Search,2025-08-01,2026-07-31,encoded_band,50,10,100,0,-1,Unknown,,,,GBP,returned,2026-09-08,2026-09-11-01-legacy,raw/gkp-discover-01-whats-on-things-to-do.csv,912
ob_000973,kw_000966,,discover,country,United Kingdom,English,Google Search,2025-08-01,2026-07-31,encoded_band,50,10,100,0,0,Low,5,,,GBP,returned,2026-09-08,2026-09-11-01-legacy,raw/gkp-discover-01-whats-on-things-to-do.csv,913
ob_000974,kw_000967,,discover,country,United Kingdom,English,Google Search,2025-08-01,2026-07-31,encoded_band,50,10,100,0,0,Low,10,,,GBP,returned,2026-09-08,2026-09-11-01-legacy,raw/gkp-discover-01-whats-on-things-to-do.csv,914
ob_000975,kw_000968,,discover,country,United Kingdom,English,Google Search,2025-08-01,2026-07-31,encoded_band,50,10,100,0,0,Low,16,,,GBP,returned,2026-09-08,2026-09-11-01-legacy,raw/gkp-discover-01-whats-on-things-to-do.csv,915
ob_000976,kw_000969,,discover,country,United Kingdom,English,Google Search,2025-08-01,2026-07-31,encoded_band,500,100,1000,0,-0.9,Low,15,0.57,1.49,GBP,returned,2026-09-08,2026-09-11-01-legacy,raw/gkp-discover-01-whats-on-things-to-do.csv,916
ob_000977,kw_000970,,discover,country,United Kingdom,English,Google Search,2025-08-01,2026-07-31,encoded_band,50,10,100,0,0,Low,0,,,GBP,returned,2026-09-08,2026-09-11-01-legacy,raw/gkp-discover-01-whats-on-things-to-do.csv,917
ob_000978,kw_000971,,discover,country,United Kingdom,English,Google Search,2025-08-01,2026-07-31,encoded_band,50,10,100,0,,Low,0,,,GBP,returned,2026-09-08,2026-09-11-01-legacy,raw/gkp-discover-01-whats-on-things-to-do.csv,918
ob_000979,kw_000972,,discover,country,United Kingdom,English,Google Search,2025-08-01,2026-07-31,encoded_band,500,100,1000,-0.9,-0.9,Low,27,,,GBP,returned,2026-09-08,2026-09-11-01-legacy,raw/gkp-discover-01-whats-on-things-to-do.csv,919
ob_000980,kw_000973,,discover,country,United Kingdom,English,Google Search,2025-08-01,2026-07-31,encoded_band,50,10,100,0,0,Low,14,,,GBP,returned,2026-09-08,2026-09-11-01-legacy,raw/gkp-discover-01-whats-on-things-to-do.csv,920
ob_000981,kw_000974,,discover,country,United Kingdom,English,Google Search,2025-08-01,2026-07-31,encoded_band,50,10,100,0,0,Low,9,,,GBP,returned,2026-09-08,2026-09-11-01-legacy,raw/gkp-discover-01-whats-on-things-to-do.csv,921
ob_000982,kw_000975,,discover,country,United Kingdom,English,Google Search,2025-08-01,2026-07-31,encoded_band,50,10,100,0,0,Low,17,0.5,1.91,GBP,returned,2026-09-08,2026-09-11-01-legacy,raw/gkp-discover-01-whats-on-things-to-do.csv,922
ob_000983,kw_000976,,discover,country,United Kingdom,English,Google Search,2025-08-01,2026-07-31,encoded_band,50,10,100,0,0,Low,4,,,GBP,returned,2026-09-08,2026-09-11-01-legacy,raw/gkp-discover-01-whats-on-things-to-do.csv,923
ob_000984,kw_000977,,discover,country,United Kingdom,English,Google Search,2025-08-01,2026-07-31,encoded_band,50,10,100,0,0,Low,1,,,GBP,returned,2026-09-08,2026-09-11-01-legacy,raw/gkp-discover-01-whats-on-things-to-do.csv,924
ob_000985,kw_000978,,discover,country,United Kingdom,English,Google Search,2025-08-01,2026-07-31,encoded_band,50,10,100,0,0,Low,14,,,GBP,returned,2026-09-08,2026-09-11-01-legacy,raw/gkp-discover-01-whats-on-things-to-do.csv,925
ob_000986,kw_000979,,discover,country,United Kingdom,English,Google Search,2025-08-01,2026-07-31,encoded_band,50,10,100,0,0,Low,10,0.63,1.48,GBP,returned,2026-09-08,2026-09-11-01-legacy,raw/gkp-discover-01-whats-on-things-to-do.csv,926
ob_000987,kw_000980,,discover,country,United Kingdom,English,Google Search,2025-08-01,2026-07-31,encoded_band,50,10,100,0,0,Low,14,,,GBP,returned,2026-09-08,2026-09-11-01-legacy,raw/gkp-discover-01-whats-on-things-to-do.csv,927
ob_000988,kw_000981,,discover,country,United Kingdom,English,Google Search,2025-08-01,2026-07-31,encoded_band,50,10,100,0,0,Low,9,,,GBP,returned,2026-09-08,2026-09-11-01-legacy,raw/gkp-discover-01-whats-on-things-to-do.csv,928
ob_000989,kw_000982,,discover,country,United Kingdom,English,Google Search,2025-08-01,2026-07-31,encoded_band,50,10,100,0,0,Low,5,,,GBP,returned,2026-09-08,2026-09-11-01-legacy,raw/gkp-discover-01-whats-on-things-to-do.csv,929
ob_000990,kw_000983,,discover,country,United Kingdom,English,Google Search,2025-08-01,2026-07-31,encoded_band,50,10,100,0,0,Low,6,,,GBP,returned,2026-09-08,2026-09-11-01-legacy,raw/gkp-discover-01-whats-on-things-to-do.csv,930
ob_000991,kw_000984,,discover,country,United Kingdom,English,Google Search,2025-08-01,2026-07-31,encoded_band,50,10,100,-1,-1,Unknown,,,,GBP,returned,2026-09-08,2026-09-11-01-legacy,raw/gkp-discover-01-whats-on-things-to-do.csv,931
ob_000992,kw_000985,,discover,country,United Kingdom,English,Google Search,2025-08-01,2026-07-31,encoded_band,500,100,1000,0,0,Low,22,0.54,1.49,GBP,returned,2026-09-08,2026-09-11-01-legacy,raw/gkp-discover-01-whats-on-things-to-do.csv,932
ob_000993,kw_000986,,discover,country,United Kingdom,English,Google Search,2025-08-01,2026-07-31,encoded_band,5000,1000,10000,0,0,Low,3,,,GBP,returned,2026-09-08,2026-09-11-01-legacy,raw/gkp-discover-01-whats-on-things-to-do.csv,933
ob_000994,kw_000987,,discover,country,United Kingdom,English,Google Search,2025-08-01,2026-07-31,encoded_band,50,10,100,0,0,Low,1,,,GBP,returned,2026-09-08,2026-09-11-01-legacy,raw/gkp-discover-01-whats-on-things-to-do.csv,934
ob_000995,kw_000988,,discover,country,United Kingdom,English,Google Search,2025-08-01,2026-07-31,encoded_band,50,10,100,0,0,Low,0,,,GBP,returned,2026-09-08,2026-09-11-01-legacy,raw/gkp-discover-01-whats-on-things-to-do.csv,935
ob_000996,kw_000989,,discover,country,United Kingdom,English,Google Search,2025-08-01,2026-07-31,encoded_band,50,10,100,0,0,Medium,38,,,GBP,returned,2026-09-08,2026-09-11-01-legacy,raw/gkp-discover-01-whats-on-things-to-do.csv,936
ob_000997,kw_000990,,discover,country,United Kingdom,English,Google Search,2025-08-01,2026-07-31,encoded_band,50,10,100,0,0,Low,4,,,GBP,returned,2026-09-08,2026-09-11-01-legacy,raw/gkp-discover-01-whats-on-things-to-do.csv,937
ob_000998,kw_000991,,discover,country,United Kingdom,English,Google Search,2025-08-01,2026-07-31,encoded_band,500,100,1000,0,0,Low,2,,,GBP,returned,2026-09-08,2026-09-11-01-legacy,raw/gkp-discover-01-whats-on-things-to-do.csv,938
ob_000999,kw_000992,,discover,country,United Kingdom,English,Google Search,2025-08-01,2026-07-31,encoded_band,50,10,100,0,0,Low,1,,,GBP,returned,2026-09-08,2026-09-11-01-legacy,raw/gkp-discover-01-whats-on-things-to-do.csv,939
ob_001000,kw_000993,,discover,country,United Kingdom,English,Google Search,2025-08-01,2026-07-31,encoded_band,50,10,100,0,0,Low,5,,,GBP,returned,2026-09-08,2026-09-11-01-legacy,raw/gkp-discover-01-whats-on-things-to-do.csv,940
ob_001001,kw_000994,,discover,country,United Kingdom,English,Google Search,2025-08-01,2026-07-31,encoded_band,50,10,100,0,0,Low,0,,,GBP,returned,2026-09-08,2026-09-11-01-legacy,raw/gkp-discover-01-whats-on-things-to-do.csv,941
ob_001002,kw_000995,,discover,country,United Kingdom,English,Google Search,2025-08-01,2026-07-31,encoded_band,50,10,100,0,0,Low,5,,,GBP,returned,2026-09-08,2026-09-11-01-legacy,raw/gkp-discover-01-whats-on-things-to-do.csv,942
ob_001003,kw_000996,,discover,country,United Kingdom,English,Google Search,2025-08-01,2026-07-31,encoded_band,500,100,1000,-0.9,0,Low,4,,,GBP,returned,2026-09-08,2026-09-11-01-legacy,raw/gkp-discover-01-whats-on-things-to-do.csv,943
ob_001004,kw_000997,,discover,country,United Kingdom,English,Google Search,2025-08-01,2026-07-31,encoded_band,50,10,100,0,0,Low,8,,,GBP,returned,2026-09-08,2026-09-11-01-legacy,raw/gkp-discover-01-whats-on-things-to-do.csv,944
ob_001005,kw_000998,,discover,country,United Kingdom,English,Google Search,2025-08-01,2026-07-31,encoded_band,50,10,100,0,0,Low,2,,,GBP,returned,2026-09-08,2026-09-11-01-legacy,raw/gkp-discover-01-whats-on-things-to-do.csv,945
ob_001006,kw_000999,,discover,country,United Kingdom,English,Google Search,2025-08-01,2026-07-31,encoded_band,50,10,100,0,0,Low,1,,,GBP,returned,2026-09-08,2026-09-11-01-legacy,raw/gkp-discover-01-whats-on-things-to-do.csv,946
ob_001007,kw_001000,,discover,country,United Kingdom,English,Google Search,2025-08-01,2026-07-31,encoded_band,50,10,100,0,0,Low,18,,,GBP,returned,2026-09-08,2026-09-11-01-legacy,raw/gkp-discover-01-whats-on-things-to-do.csv,947
ob_001008,kw_001001,,discover,country,United Kingdom,English,Google Search,2025-08-01,2026-07-31,encoded_band,50,10,100,0,0,Low,3,,,GBP,returned,2026-09-08,2026-09-11-01-legacy,raw/gkp-discover-01-whats-on-things-to-do.csv,948
ob_001009,kw_001002,,discover,country,United Kingdom,English,Google Search,2025-08-01,2026-07-31,encoded_band,50,10,100,0,0,Low,4,,,GBP,returned,2026-09-08,2026-09-11-01-legacy,raw/gkp-discover-01-whats-on-things-to-do.csv,949
ob_001010,kw_001003,,discover,country,United Kingdom,English,Google Search,2025-08-01,2026-07-31,encoded_band,50,10,100,-1,0,Unknown,,,,GBP,returned,2026-09-08,2026-09-11-01-legacy,raw/gkp-discover-01-whats-on-things-to-do.csv,950
ob_001011,kw_001004,,discover,country,United Kingdom,English,Google Search,2025-08-01,2026-07-31,encoded_band,50,10,100,0,0,Low,0,,,GBP,returned,2026-09-08,2026-09-11-01-legacy,raw/gkp-discover-01-whats-on-things-to-do.csv,951
ob_001012,kw_001005,,discover,country,United Kingdom,English,Google Search,2025-08-01,2026-07-31,encoded_band,50,10,100,0,,Low,14,,,GBP,returned,2026-09-08,2026-09-11-01-legacy,raw/gkp-discover-01-whats-on-things-to-do.csv,952
ob_001013,kw_001006,,discover,country,United Kingdom,English,Google Search,2025-08-01,2026-07-31,encoded_band,50,10,100,0,0,Unknown,,,,GBP,returned,2026-09-08,2026-09-11-01-legacy,raw/gkp-discover-01-whats-on-things-to-do.csv,953
ob_001014,kw_001007,,discover,country,United Kingdom,English,Google Search,2025-08-01,2026-07-31,encoded_band,50,10,100,-1,-1,Unknown,,,,GBP,returned,2026-09-08,2026-09-11-01-legacy,raw/gkp-discover-01-whats-on-things-to-do.csv,954
ob_001015,kw_001008,,discover,country,United Kingdom,English,Google Search,2025-08-01,2026-07-31,encoded_band,50,10,100,,0,Low,0,,,GBP,returned,2026-09-08,2026-09-11-01-legacy,raw/gkp-discover-01-whats-on-things-to-do.csv,955
ob_001016,kw_001009,,discover,country,United Kingdom,English,Google Search,2025-08-01,2026-07-31,encoded_band,50,10,100,0,0,Unknown,,,,GBP,returned,2026-09-08,2026-09-11-01-legacy,raw/gkp-discover-01-whats-on-things-to-do.csv,956
ob_001017,kw_001010,,discover,country,United Kingdom,English,Google Search,2025-08-01,2026-07-31,encoded_band,50,10,100,0,0,Unknown,,,,GBP,returned,2026-09-08,2026-09-11-01-legacy,raw/gkp-discover-01-whats-on-things-to-do.csv,957
ob_001018,kw_001011,,discover,country,United Kingdom,English,Google Search,2025-08-01,2026-07-31,encoded_band,0,0,0,0,0,Unknown,,,,GBP,zero,2026-09-08,2026-09-11-01-legacy,raw/gkp-discover-01-whats-on-things-to-do.csv,958
ob_001019,kw_001012,,discover,country,United Kingdom,English,Google Search,2025-08-01,2026-07-31,encoded_band,50,10,100,0,,Low,0,,,GBP,returned,2026-09-08,2026-09-11-01-legacy,raw/gkp-discover-01-whats-on-things-to-do.csv,959
ob_001020,kw_001013,,discover,country,United Kingdom,English,Google Search,2025-08-01,2026-07-31,encoded_band,50,10,100,0,0,Low,3,,,GBP,returned,2026-09-08,2026-09-11-01-legacy,raw/gkp-discover-01-whats-on-things-to-do.csv,960
ob_001021,kw_001014,,discover,country,United Kingdom,English,Google Search,2025-08-01,2026-07-31,encoded_band,50,10,100,0,0,Low,0,,,GBP,returned,2026-09-08,2026-09-11-01-legacy,raw/gkp-discover-01-whats-on-things-to-do.csv,961
ob_001022,kw_001015,,discover,country,United Kingdom,English,Google Search,2025-08-01,2026-07-31,encoded_band,50,10,100,0,0,Low,5,,,GBP,returned,2026-09-08,2026-09-11-01-legacy,raw/gkp-discover-01-whats-on-things-to-do.csv,962
ob_001023,kw_001016,,discover,country,United Kingdom,English,Google Search,2025-08-01,2026-07-31,encoded_band,50,10,100,0,0,Low,4,,,GBP,returned,2026-09-08,2026-09-11-01-legacy,raw/gkp-discover-01-whats-on-things-to-do.csv,963
ob_001024,kw_001017,,discover,country,United Kingdom,English,Google Search,2025-08-01,2026-07-31,encoded_band,50,10,100,0,0,Low,0,,,GBP,returned,2026-09-08,2026-09-11-01-legacy,raw/gkp-discover-01-whats-on-things-to-do.csv,964
ob_001025,kw_001018,,discover,country,United Kingdom,English,Google Search,2025-08-01,2026-07-31,encoded_band,0,0,0,0,0,Unknown,,,,GBP,zero,2026-09-08,2026-09-11-01-legacy,raw/gkp-discover-01-whats-on-things-to-do.csv,965
ob_001026,kw_001019,,discover,country,United Kingdom,English,Google Search,2025-08-01,2026-07-31,encoded_band,50,10,100,0,0,Low,24,,,GBP,returned,2026-09-08,2026-09-11-01-legacy,raw/gkp-discover-01-whats-on-things-to-do.csv,966
ob_001027,kw_001020,,discover,country,United Kingdom,English,Google Search,2025-08-01,2026-07-31,encoded_band,50,10,100,0,0,Medium,43,,,GBP,returned,2026-09-08,2026-09-11-01-legacy,raw/gkp-discover-01-whats-on-things-to-do.csv,967
ob_001028,kw_001021,,discover,country,United Kingdom,English,Google Search,2025-08-01,2026-07-31,encoded_band,50,10,100,0,0,Low,2,,,GBP,returned,2026-09-08,2026-09-11-01-legacy,raw/gkp-discover-01-whats-on-things-to-do.csv,968
ob_001029,kw_001022,,discover,country,United Kingdom,English,Google Search,2025-08-01,2026-07-31,encoded_band,50,10,100,0,0,Medium,43,,,GBP,returned,2026-09-08,2026-09-11-01-legacy,raw/gkp-discover-01-whats-on-things-to-do.csv,969
ob_001030,kw_001023,,discover,country,United Kingdom,English,Google Search,2025-08-01,2026-07-31,encoded_band,50,10,100,0,0,Unknown,,,,GBP,returned,2026-09-08,2026-09-11-01-legacy,raw/gkp-discover-01-whats-on-things-to-do.csv,970
ob_001031,kw_001024,,discover,country,United Kingdom,English,Google Search,2025-08-01,2026-07-31,encoded_band,50,10,100,0,0,Low,28,,,GBP,returned,2026-09-08,2026-09-11-01-legacy,raw/gkp-discover-01-whats-on-things-to-do.csv,971
ob_001032,kw_001025,,discover,country,United Kingdom,English,Google Search,2025-08-01,2026-07-31,encoded_band,50,10,100,0,0,Medium,50,,,GBP,returned,2026-09-08,2026-09-11-01-legacy,raw/gkp-discover-01-whats-on-things-to-do.csv,972
ob_001033,kw_001026,,discover,country,United Kingdom,English,Google Search,2025-08-01,2026-07-31,encoded_band,0,0,0,0,0,Unknown,,,,GBP,zero,2026-09-08,2026-09-11-01-legacy,raw/gkp-discover-01-whats-on-things-to-do.csv,973
ob_001034,kw_001027,,discover,country,United Kingdom,English,Google Search,2025-08-01,2026-07-31,encoded_band,50,10,100,-1,0,Unknown,,,,GBP,returned,2026-09-08,2026-09-11-01-legacy,raw/gkp-discover-01-whats-on-things-to-do.csv,974
ob_001035,kw_001028,,discover,country,United Kingdom,English,Google Search,2025-08-01,2026-07-31,encoded_band,0,0,0,0,0,Unknown,,,,GBP,zero,2026-09-08,2026-09-11-01-legacy,raw/gkp-discover-01-whats-on-things-to-do.csv,975
ob_001036,kw_001029,,discover,country,United Kingdom,English,Google Search,2025-08-01,2026-07-31,encoded_band,500,100,1000,0,0,High,100,0.25,1.48,GBP,returned,2026-09-08,2026-09-11-01-legacy,raw/gkp-discover-01-whats-on-things-to-do.csv,976
ob_001037,kw_001030,,discover,country,United Kingdom,English,Google Search,2025-08-01,2026-07-31,encoded_band,50,10,100,0,0,High,100,,,GBP,returned,2026-09-08,2026-09-11-01-legacy,raw/gkp-discover-01-whats-on-things-to-do.csv,977
ob_001038,kw_001031,,discover,country,United Kingdom,English,Google Search,2025-08-01,2026-07-31,encoded_band,50,10,100,0,0,High,100,,,GBP,returned,2026-09-08,2026-09-11-01-legacy,raw/gkp-discover-01-whats-on-things-to-do.csv,978
ob_001039,kw_001032,,discover,country,United Kingdom,English,Google Search,2025-08-01,2026-07-31,encoded_band,50,10,100,-1,-1,Unknown,,,,GBP,returned,2026-09-08,2026-09-11-01-legacy,raw/gkp-discover-01-whats-on-things-to-do.csv,979
ob_001040,kw_001033,,discover,country,United Kingdom,English,Google Search,2025-08-01,2026-07-31,encoded_band,0,0,0,0,0,Unknown,,,,GBP,zero,2026-09-08,2026-09-11-01-legacy,raw/gkp-discover-01-whats-on-things-to-do.csv,980
ob_001041,kw_001034,,discover,country,United Kingdom,English,Google Search,2025-08-01,2026-07-31,encoded_band,50,10,100,0,0,Low,0,,,GBP,returned,2026-09-08,2026-09-11-01-legacy,raw/gkp-discover-01-whats-on-things-to-do.csv,981
ob_001042,kw_001035,,discover,country,United Kingdom,English,Google Search,2025-08-01,2026-07-31,encoded_band,50,10,100,0,0,Low,0,,,GBP,returned,2026-09-08,2026-09-11-01-legacy,raw/gkp-discover-01-whats-on-things-to-do.csv,982
ob_001043,kw_001036,,discover,country,United Kingdom,English,Google Search,2025-08-01,2026-07-31,encoded_band,50,10,100,0,0,Low,6,,,GBP,returned,2026-09-08,2026-09-11-01-legacy,raw/gkp-discover-01-whats-on-things-to-do.csv,983
ob_001044,kw_001037,,discover,country,United Kingdom,English,Google Search,2025-08-01,2026-07-31,encoded_band,50,10,100,0,0,Low,4,,,GBP,returned,2026-09-08,2026-09-11-01-legacy,raw/gkp-discover-01-whats-on-things-to-do.csv,984
ob_001045,kw_001038,,discover,country,United Kingdom,English,Google Search,2025-08-01,2026-07-31,encoded_band,50,10,100,0,0,Unknown,,,,GBP,returned,2026-09-08,2026-09-11-01-legacy,raw/gkp-discover-01-whats-on-things-to-do.csv,985
ob_001046,kw_001039,,discover,country,United Kingdom,English,Google Search,2025-08-01,2026-07-31,encoded_band,500,100,1000,0,0,Low,9,,,GBP,returned,2026-09-08,2026-09-11-01-legacy,raw/gkp-discover-01-whats-on-things-to-do.csv,986
ob_001047,kw_001040,,discover,country,United Kingdom,English,Google Search,2025-08-01,2026-07-31,encoded_band,50,10,100,0,0,Low,4,,,GBP,returned,2026-09-08,2026-09-11-01-legacy,raw/gkp-discover-01-whats-on-things-to-do.csv,987
ob_001048,kw_001041,,discover,country,United Kingdom,English,Google Search,2025-08-01,2026-07-31,encoded_band,50,10,100,0,0,Low,1,,,GBP,returned,2026-09-08,2026-09-11-01-legacy,raw/gkp-discover-01-whats-on-things-to-do.csv,988
ob_001049,kw_001042,,discover,country,United Kingdom,English,Google Search,2025-08-01,2026-07-31,encoded_band,50,10,100,-1,-1,Unknown,,,,GBP,returned,2026-09-08,2026-09-11-01-legacy,raw/gkp-discover-01-whats-on-things-to-do.csv,989
ob_001050,kw_001043,,discover,country,United Kingdom,English,Google Search,2025-08-01,2026-07-31,encoded_band,50,10,100,0,0,Unknown,,,,GBP,returned,2026-09-08,2026-09-11-01-legacy,raw/gkp-discover-01-whats-on-things-to-do.csv,990
ob_001051,kw_001044,,discover,country,United Kingdom,English,Google Search,2025-08-01,2026-07-31,encoded_band,50,10,100,0,0,Low,11,,,GBP,returned,2026-09-08,2026-09-11-01-legacy,raw/gkp-discover-01-whats-on-things-to-do.csv,991
ob_001052,kw_001045,,discover,country,United Kingdom,English,Google Search,2025-08-01,2026-07-31,encoded_band,50,10,100,0,0,Unknown,,,,GBP,returned,2026-09-08,2026-09-11-01-legacy,raw/gkp-discover-01-whats-on-things-to-do.csv,992
ob_001053,kw_001046,,discover,country,United Kingdom,English,Google Search,2025-08-01,2026-07-31,encoded_band,50,10,100,0,0,Medium,48,,,GBP,returned,2026-09-08,2026-09-11-01-legacy,raw/gkp-discover-01-whats-on-things-to-do.csv,993
ob_001054,kw_001047,,discover,country,United Kingdom,English,Google Search,2025-08-01,2026-07-31,encoded_band,50,10,100,0,0,Low,0,,,GBP,returned,2026-09-08,2026-09-11-01-legacy,raw/gkp-discover-01-whats-on-things-to-do.csv,994
ob_001055,kw_001048,,discover,country,United Kingdom,English,Google Search,2025-08-01,2026-07-31,encoded_band,50,10,100,0,0,Low,18,,,GBP,returned,2026-09-08,2026-09-11-01-legacy,raw/gkp-discover-01-whats-on-things-to-do.csv,995
ob_001056,kw_001049,,discover,country,United Kingdom,English,Google Search,2025-08-01,2026-07-31,encoded_band,50,10,100,0,0,Low,0,,,GBP,returned,2026-09-08,2026-09-11-01-legacy,raw/gkp-discover-01-whats-on-things-to-do.csv,996
ob_001057,kw_001050,,discover,country,United Kingdom,English,Google Search,2025-08-01,2026-07-31,encoded_band,50,10,100,0,-1,Unknown,,,,GBP,returned,2026-09-08,2026-09-11-01-legacy,raw/gkp-discover-01-whats-on-things-to-do.csv,997
ob_001058,kw_001051,,discover,country,United Kingdom,English,Google Search,2025-08-01,2026-07-31,encoded_band,50,10,100,0,-1,Unknown,,,,GBP,returned,2026-09-08,2026-09-11-01-legacy,raw/gkp-discover-01-whats-on-things-to-do.csv,998
ob_001059,kw_001052,,discover,country,United Kingdom,English,Google Search,2025-08-01,2026-07-31,encoded_band,50,10,100,,,Low,32,,,GBP,returned,2026-09-08,2026-09-11-01-legacy,raw/gkp-discover-01-whats-on-things-to-do.csv,999
ob_001060,kw_001053,,discover,country,United Kingdom,English,Google Search,2025-08-01,2026-07-31,encoded_band,50,10,100,-0.9,0,High,86,,,GBP,returned,2026-09-08,2026-09-11-01-legacy,raw/gkp-discover-01-whats-on-things-to-do.csv,1000
ob_001061,kw_001054,,discover,country,United Kingdom,English,Google Search,2025-08-01,2026-07-31,encoded_band,50,10,100,-0.9,0,Low,13,,,GBP,returned,2026-09-08,2026-09-11-01-legacy,raw/gkp-discover-01-whats-on-things-to-do.csv,1001
ob_001062,kw_001055,,discover,country,United Kingdom,English,Google Search,2025-08-01,2026-07-31,encoded_band,50,10,100,-1,0,Unknown,,,,GBP,returned,2026-09-08,2026-09-11-01-legacy,raw/gkp-discover-01-whats-on-things-to-do.csv,1002
ob_001063,kw_001056,,discover,country,United Kingdom,English,Google Search,2025-08-01,2026-07-31,encoded_band,50,10,100,-1,0,Unknown,,,,GBP,returned,2026-09-08,2026-09-11-01-legacy,raw/gkp-discover-01-whats-on-things-to-do.csv,1003
ob_001064,kw_001057,,discover,country,United Kingdom,English,Google Search,2025-08-01,2026-07-31,encoded_band,50,10,100,-1,-1,Unknown,,,,GBP,returned,2026-09-08,2026-09-11-01-legacy,raw/gkp-discover-01-whats-on-things-to-do.csv,1004
ob_001065,kw_001058,,discover,country,United Kingdom,English,Google Search,2025-08-01,2026-07-31,encoded_band,50,10,100,-1,0,Unknown,,,,GBP,returned,2026-09-08,2026-09-11-01-legacy,raw/gkp-discover-01-whats-on-things-to-do.csv,1005
ob_001066,kw_001059,,discover,country,United Kingdom,English,Google Search,2025-08-01,2026-07-31,encoded_band,50,10,100,0,0,High,100,,,GBP,returned,2026-09-08,2026-09-11-01-legacy,raw/gkp-discover-01-whats-on-things-to-do.csv,1006
ob_001067,kw_001060,,discover,country,United Kingdom,English,Google Search,2025-08-01,2026-07-31,encoded_band,50,10,100,0,0,High,92,0.31,1.24,GBP,returned,2026-09-08,2026-09-11-01-legacy,raw/gkp-discover-01-whats-on-things-to-do.csv,1007
ob_001068,kw_001061,,discover,country,United Kingdom,English,Google Search,2025-08-01,2026-07-31,encoded_band,50,10,100,0,0,Low,9,,,GBP,returned,2026-09-08,2026-09-11-01-legacy,raw/gkp-discover-01-whats-on-things-to-do.csv,1008
ob_001069,kw_001062,,discover,country,United Kingdom,English,Google Search,2025-08-01,2026-07-31,encoded_band,50,10,100,,0,High,90,,,GBP,returned,2026-09-08,2026-09-11-01-legacy,raw/gkp-discover-01-whats-on-things-to-do.csv,1009
ob_001070,kw_001063,,discover,country,United Kingdom,English,Google Search,2025-08-01,2026-07-31,encoded_band,50,10,100,0,0,High,100,,,GBP,returned,2026-09-08,2026-09-11-01-legacy,raw/gkp-discover-01-whats-on-things-to-do.csv,1010
ob_001071,kw_001064,,discover,country,United Kingdom,English,Google Search,2025-08-01,2026-07-31,encoded_band,50,10,100,0,0,High,100,,,GBP,returned,2026-09-08,2026-09-11-01-legacy,raw/gkp-discover-01-whats-on-things-to-do.csv,1011
ob_001072,kw_001065,,discover,country,United Kingdom,English,Google Search,2025-08-01,2026-07-31,encoded_band,50,10,100,0,0,High,100,,,GBP,returned,2026-09-08,2026-09-11-01-legacy,raw/gkp-discover-01-whats-on-things-to-do.csv,1012
ob_001073,kw_001066,,discover,country,United Kingdom,English,Google Search,2025-08-01,2026-07-31,encoded_band,500,100,1000,0,0,High,100,0.25,1.48,GBP,returned,2026-09-08,2026-09-11-01-legacy,raw/gkp-discover-01-whats-on-things-to-do.csv,1013
ob_001074,kw_001067,,discover,country,United Kingdom,English,Google Search,2025-08-01,2026-07-31,encoded_band,500,100,1000,0,0,High,100,0.25,1.48,GBP,returned,2026-09-08,2026-09-11-01-legacy,raw/gkp-discover-01-whats-on-things-to-do.csv,1014
ob_001075,kw_001068,,discover,country,United Kingdom,English,Google Search,2025-08-01,2026-07-31,encoded_band,50,10,100,0,0,Low,0,,,GBP,returned,2026-09-08,2026-09-11-01-legacy,raw/gkp-discover-01-whats-on-things-to-do.csv,1015
ob_001076,kw_001069,,discover,country,United Kingdom,English,Google Search,2025-08-01,2026-07-31,encoded_band,50,10,100,0,0,Medium,39,0.29,1.27,GBP,returned,2026-09-08,2026-09-11-01-legacy,raw/gkp-discover-01-whats-on-things-to-do.csv,1016
ob_001077,kw_001070,,discover,country,United Kingdom,English,Google Search,2025-08-01,2026-07-31,encoded_band,50,10,100,-1,0,Unknown,,,,GBP,returned,2026-09-08,2026-09-11-01-legacy,raw/gkp-discover-01-whats-on-things-to-do.csv,1017
ob_001078,kw_001071,,discover,country,United Kingdom,English,Google Search,2025-08-01,2026-07-31,encoded_band,50,10,100,0,0,Medium,50,,,GBP,returned,2026-09-08,2026-09-11-01-legacy,raw/gkp-discover-01-whats-on-things-to-do.csv,1018
ob_001079,kw_001072,,discover,country,United Kingdom,English,Google Search,2025-08-01,2026-07-31,encoded_band,5000,1000,10000,0,0,High,100,0.32,1.22,GBP,returned,2026-09-08,2026-09-11-01-legacy,raw/gkp-discover-01-whats-on-things-to-do.csv,1019
ob_001080,kw_001073,,discover,country,United Kingdom,English,Google Search,2025-08-01,2026-07-31,encoded_band,50,10,100,,0,Medium,48,,,GBP,returned,2026-09-08,2026-09-11-01-legacy,raw/gkp-discover-01-whats-on-things-to-do.csv,1020
ob_001081,kw_001074,,discover,country,United Kingdom,English,Google Search,2025-08-01,2026-07-31,encoded_band,500,100,1000,-0.9,0,Low,0,,,GBP,returned,2026-09-08,2026-09-11-01-legacy,raw/gkp-discover-01-whats-on-things-to-do.csv,1021
ob_001082,kw_001075,,discover,country,United Kingdom,English,Google Search,2025-08-01,2026-07-31,encoded_band,50,10,100,0,0,Low,0,,,GBP,returned,2026-09-08,2026-09-11-01-legacy,raw/gkp-discover-01-whats-on-things-to-do.csv,1022
ob_001083,kw_001076,,discover,country,United Kingdom,English,Google Search,2025-08-01,2026-07-31,encoded_band,50,10,100,0,-1,Unknown,,,,GBP,returned,2026-09-08,2026-09-11-01-legacy,raw/gkp-discover-01-whats-on-things-to-do.csv,1023
ob_001084,kw_001077,,discover,country,United Kingdom,English,Google Search,2025-08-01,2026-07-31,encoded_band,50,10,100,-1,0,Unknown,,,,GBP,returned,2026-09-08,2026-09-11-01-legacy,raw/gkp-discover-01-whats-on-things-to-do.csv,1024
ob_001085,kw_001078,,discover,country,United Kingdom,English,Google Search,2025-08-01,2026-07-31,encoded_band,50,10,100,0,0,High,90,,,GBP,returned,2026-09-08,2026-09-11-01-legacy,raw/gkp-discover-01-whats-on-things-to-do.csv,1025
ob_001086,kw_001079,,discover,country,United Kingdom,English,Google Search,2025-08-01,2026-07-31,encoded_band,50,10,100,-1,-1,Unknown,,,,GBP,returned,2026-09-08,2026-09-11-01-legacy,raw/gkp-discover-01-whats-on-things-to-do.csv,1026
ob_001087,kw_001080,,discover,country,United Kingdom,English,Google Search,2025-08-01,2026-07-31,encoded_band,50,10,100,0,,Low,0,,,GBP,returned,2026-09-08,2026-09-11-01-legacy,raw/gkp-discover-01-whats-on-things-to-do.csv,1027
ob_001088,kw_001081,,discover,country,United Kingdom,English,Google Search,2025-08-01,2026-07-31,encoded_band,50,10,100,,,Low,29,,,GBP,returned,2026-09-08,2026-09-11-01-legacy,raw/gkp-discover-01-whats-on-things-to-do.csv,1028
ob_001089,kw_001082,,discover,country,United Kingdom,English,Google Search,2025-08-01,2026-07-31,encoded_band,50,10,100,0,0,High,100,0.26,1.7,GBP,returned,2026-09-08,2026-09-11-01-legacy,raw/gkp-discover-01-whats-on-things-to-do.csv,1029
ob_001090,kw_001083,,discover,country,United Kingdom,English,Google Search,2025-08-01,2026-07-31,encoded_band,5000,1000,10000,0,0,High,100,0.32,1.22,GBP,returned,2026-09-08,2026-09-11-01-legacy,raw/gkp-discover-01-whats-on-things-to-do.csv,1030
ob_001091,kw_001084,,discover,country,United Kingdom,English,Google Search,2025-08-01,2026-07-31,encoded_band,50,10,100,-1,0,Unknown,,,,GBP,returned,2026-09-08,2026-09-11-01-legacy,raw/gkp-discover-01-whats-on-things-to-do.csv,1031
ob_001092,kw_001085,,discover,country,United Kingdom,English,Google Search,2025-08-01,2026-07-31,encoded_band,50,10,100,,0,Medium,64,,,GBP,returned,2026-09-08,2026-09-11-01-legacy,raw/gkp-discover-01-whats-on-things-to-do.csv,1032
ob_001093,kw_001086,,discover,country,United Kingdom,English,Google Search,2025-08-01,2026-07-31,encoded_band,500,100,1000,-0.9,0,Low,0,,,GBP,returned,2026-09-08,2026-09-11-01-legacy,raw/gkp-discover-01-whats-on-things-to-do.csv,1033
ob_001094,kw_001087,,discover,country,United Kingdom,English,Google Search,2025-08-01,2026-07-31,encoded_band,500,100,1000,0,0,High,71,0.31,0.91,GBP,returned,2026-09-08,2026-09-11-01-legacy,raw/gkp-discover-01-whats-on-things-to-do.csv,1034
ob_001095,kw_001088,,discover,country,United Kingdom,English,Google Search,2025-08-01,2026-07-31,encoded_band,50,10,100,0,0,Low,0,,,GBP,returned,2026-09-08,2026-09-11-01-legacy,raw/gkp-discover-01-whats-on-things-to-do.csv,1035
ob_001096,kw_001089,,discover,country,United Kingdom,English,Google Search,2025-08-01,2026-07-31,encoded_band,0,0,0,0,0,Unknown,,,,GBP,zero,2026-09-08,2026-09-11-01-legacy,raw/gkp-discover-01-whats-on-things-to-do.csv,1036
ob_001097,kw_001090,,discover,country,United Kingdom,English,Google Search,2025-08-01,2026-07-31,encoded_band,50,10,100,-1,-1,Unknown,,,,GBP,returned,2026-09-08,2026-09-11-01-legacy,raw/gkp-discover-01-whats-on-things-to-do.csv,1037
ob_001098,kw_001091,,discover,country,United Kingdom,English,Google Search,2025-08-01,2026-07-31,encoded_band,50,10,100,0,0,Low,0,,,GBP,returned,2026-09-08,2026-09-11-01-legacy,raw/gkp-discover-01-whats-on-things-to-do.csv,1038
ob_001099,kw_001092,,discover,country,United Kingdom,English,Google Search,2025-08-01,2026-07-31,encoded_band,50,10,100,0,0,Unknown,,,,GBP,returned,2026-09-08,2026-09-11-01-legacy,raw/gkp-discover-01-whats-on-things-to-do.csv,1039
ob_001100,kw_001093,,discover,country,United Kingdom,English,Google Search,2025-08-01,2026-07-31,encoded_band,0,0,0,0,0,Unknown,,,,GBP,zero,2026-09-08,2026-09-11-01-legacy,raw/gkp-discover-01-whats-on-things-to-do.csv,1040
ob_001101,kw_001094,,discover,country,United Kingdom,English,Google Search,2025-08-01,2026-07-31,encoded_band,50,10,100,-1,0,Unknown,,,,GBP,returned,2026-09-08,2026-09-11-01-legacy,raw/gkp-discover-01-whats-on-things-to-do.csv,1041
ob_001102,kw_001095,,discover,country,United Kingdom,English,Google Search,2025-08-01,2026-07-31,encoded_band,50,10,100,0,0,Unknown,,,,GBP,returned,2026-09-08,2026-09-11-01-legacy,raw/gkp-discover-01-whats-on-things-to-do.csv,1042
ob_001103,kw_001096,,discover,country,United Kingdom,English,Google Search,2025-08-01,2026-07-31,encoded_band,50,10,100,0,0,Low,2,,,GBP,returned,2026-09-08,2026-09-11-01-legacy,raw/gkp-discover-01-whats-on-things-to-do.csv,1043
ob_001104,kw_001097,,discover,country,United Kingdom,English,Google Search,2025-08-01,2026-07-31,encoded_band,50,10,100,0,0,Low,4,,,GBP,returned,2026-09-08,2026-09-11-01-legacy,raw/gkp-discover-01-whats-on-things-to-do.csv,1044
ob_001105,kw_001098,,discover,country,United Kingdom,English,Google Search,2025-08-01,2026-07-31,encoded_band,50,10,100,0,,Low,0,,,GBP,returned,2026-09-08,2026-09-11-01-legacy,raw/gkp-discover-01-whats-on-things-to-do.csv,1045
ob_001106,kw_001099,,discover,country,United Kingdom,English,Google Search,2025-08-01,2026-07-31,encoded_band,500,100,1000,0,0,Low,10,,,GBP,returned,2026-09-08,2026-09-11-01-legacy,raw/gkp-discover-01-whats-on-things-to-do.csv,1046
ob_001107,kw_001100,,discover,country,United Kingdom,English,Google Search,2025-08-01,2026-07-31,encoded_band,50,10,100,0,-0.9,Low,1,,,GBP,returned,2026-09-08,2026-09-11-01-legacy,raw/gkp-discover-01-whats-on-things-to-do.csv,1047
ob_001108,kw_001101,,discover,country,United Kingdom,English,Google Search,2025-08-01,2026-07-31,encoded_band,50,10,100,0,-0.9,Low,1,,,GBP,returned,2026-09-08,2026-09-11-01-legacy,raw/gkp-discover-01-whats-on-things-to-do.csv,1048
ob_001109,kw_001102,,discover,country,United Kingdom,English,Google Search,2025-08-01,2026-07-31,encoded_band,50,10,100,0,0,Low,0,,,GBP,returned,2026-09-08,2026-09-11-01-legacy,raw/gkp-discover-01-whats-on-things-to-do.csv,1049
ob_001110,kw_001103,,discover,country,United Kingdom,English,Google Search,2025-08-01,2026-07-31,encoded_band,50,10,100,0,0,Unknown,,,,GBP,returned,2026-09-08,2026-09-11-01-legacy,raw/gkp-discover-01-whats-on-things-to-do.csv,1050
ob_001111,kw_001104,,discover,country,United Kingdom,English,Google Search,2025-08-01,2026-07-31,encoded_band,50,10,100,0,0,Unknown,,,,GBP,returned,2026-09-08,2026-09-11-01-legacy,raw/gkp-discover-01-whats-on-things-to-do.csv,1051
ob_001112,kw_001105,,discover,country,United Kingdom,English,Google Search,2025-08-01,2026-07-31,encoded_band,50,10,100,0,0,Unknown,,,,GBP,returned,2026-09-08,2026-09-11-01-legacy,raw/gkp-discover-01-whats-on-things-to-do.csv,1052
ob_001113,kw_001106,,discover,country,United Kingdom,English,Google Search,2025-08-01,2026-07-31,encoded_band,,,,,,Unknown,,,,GBP,absent,2026-09-08,2026-09-11-01-legacy,raw/gkp-discover-01-whats-on-things-to-do.csv,1053
ob_001114,kw_001107,,discover,country,United Kingdom,English,Google Search,2025-08-01,2026-07-31,encoded_band,0,0,0,0,0,Unknown,,,,GBP,zero,2026-09-08,2026-09-11-01-legacy,raw/gkp-discover-01-whats-on-things-to-do.csv,1054
ob_001115,kw_001108,,discover,country,United Kingdom,English,Google Search,2025-08-01,2026-07-31,encoded_band,50,10,100,0,0,Unknown,,,,GBP,returned,2026-09-08,2026-09-11-01-legacy,raw/gkp-discover-01-whats-on-things-to-do.csv,1055
ob_001116,kw_001109,,discover,country,United Kingdom,English,Google Search,2025-08-01,2026-07-31,encoded_band,50,10,100,0,,Low,0,,,GBP,returned,2026-09-08,2026-09-11-01-legacy,raw/gkp-discover-01-whats-on-things-to-do.csv,1056
ob_001117,kw_001110,,discover,country,United Kingdom,English,Google Search,2025-08-01,2026-07-31,encoded_band,50,10,100,0,-1,Unknown,,,,GBP,returned,2026-09-08,2026-09-11-01-legacy,raw/gkp-discover-01-whats-on-things-to-do.csv,1057
ob_001118,kw_001111,,discover,country,United Kingdom,English,Google Search,2025-08-01,2026-07-31,encoded_band,50,10,100,-1,-1,Unknown,,,,GBP,returned,2026-09-08,2026-09-11-01-legacy,raw/gkp-discover-01-whats-on-things-to-do.csv,1058
ob_001119,kw_001112,,discover,country,United Kingdom,English,Google Search,2025-08-01,2026-07-31,encoded_band,0,0,0,0,0,Unknown,,,,GBP,zero,2026-09-08,2026-09-11-01-legacy,raw/gkp-discover-01-whats-on-things-to-do.csv,1059
ob_001120,kw_001113,,discover,country,United Kingdom,English,Google Search,2025-08-01,2026-07-31,encoded_band,50,10,100,,,Low,14,,,GBP,returned,2026-09-08,2026-09-11-01-legacy,raw/gkp-discover-01-whats-on-things-to-do.csv,1060
ob_001121,kw_001114,,discover,country,United Kingdom,English,Google Search,2025-08-01,2026-07-31,encoded_band,50,10,100,,,Low,0,,,GBP,returned,2026-09-08,2026-09-11-01-legacy,raw/gkp-discover-01-whats-on-things-to-do.csv,1061
ob_001122,kw_001115,,discover,country,United Kingdom,English,Google Search,2025-08-01,2026-07-31,encoded_band,50,10,100,0,-1,Unknown,,,,GBP,returned,2026-09-08,2026-09-11-01-legacy,raw/gkp-discover-01-whats-on-things-to-do.csv,1062
ob_001123,kw_001116,,discover,country,United Kingdom,English,Google Search,2025-08-01,2026-07-31,encoded_band,50,10,100,0,0,Unknown,,,,GBP,returned,2026-09-08,2026-09-11-01-legacy,raw/gkp-discover-01-whats-on-things-to-do.csv,1063
ob_001124,kw_001117,,discover,country,United Kingdom,English,Google Search,2025-08-01,2026-07-31,encoded_band,50,10,100,0,0,Low,4,,,GBP,returned,2026-09-08,2026-09-11-01-legacy,raw/gkp-discover-01-whats-on-things-to-do.csv,1064
ob_001125,kw_001118,,discover,country,United Kingdom,English,Google Search,2025-08-01,2026-07-31,encoded_band,0,0,0,0,0,Unknown,,,,GBP,zero,2026-09-08,2026-09-11-01-legacy,raw/gkp-discover-01-whats-on-things-to-do.csv,1065
ob_001126,kw_001119,,discover,country,United Kingdom,English,Google Search,2025-08-01,2026-07-31,encoded_band,50,10,100,,0,Low,7,,,GBP,returned,2026-09-08,2026-09-11-01-legacy,raw/gkp-discover-01-whats-on-things-to-do.csv,1066
ob_001127,kw_001120,,discover,country,United Kingdom,English,Google Search,2025-08-01,2026-07-31,encoded_band,50,10,100,,,Low,7,,,GBP,returned,2026-09-08,2026-09-11-01-legacy,raw/gkp-discover-01-whats-on-things-to-do.csv,1067
ob_001128,kw_001121,,discover,country,United Kingdom,English,Google Search,2025-08-01,2026-07-31,encoded_band,50,10,100,0,0,Unknown,,,,GBP,returned,2026-09-08,2026-09-11-01-legacy,raw/gkp-discover-01-whats-on-things-to-do.csv,1068
ob_001129,kw_001122,,discover,country,United Kingdom,English,Google Search,2025-08-01,2026-07-31,encoded_band,50,10,100,0,0,Unknown,,,,GBP,returned,2026-09-08,2026-09-11-01-legacy,raw/gkp-discover-01-whats-on-things-to-do.csv,1069
ob_001130,kw_001123,,discover,country,United Kingdom,English,Google Search,2025-08-01,2026-07-31,encoded_band,50,10,100,0,0,Low,4,,,GBP,returned,2026-09-08,2026-09-11-01-legacy,raw/gkp-discover-01-whats-on-things-to-do.csv,1070
ob_001131,kw_001124,,discover,country,United Kingdom,English,Google Search,2025-08-01,2026-07-31,encoded_band,50,10,100,0,-1,Unknown,,,,GBP,returned,2026-09-08,2026-09-11-01-legacy,raw/gkp-discover-01-whats-on-things-to-do.csv,1071
ob_001132,kw_001125,,discover,country,United Kingdom,English,Google Search,2025-08-01,2026-07-31,encoded_band,50,10,100,0,-1,Unknown,,,,GBP,returned,2026-09-08,2026-09-11-01-legacy,raw/gkp-discover-01-whats-on-things-to-do.csv,1072
ob_001133,kw_001126,,discover,country,United Kingdom,English,Google Search,2025-08-01,2026-07-31,encoded_band,50,10,100,0,,Low,0,,,GBP,returned,2026-09-08,2026-09-11-01-legacy,raw/gkp-discover-01-whats-on-things-to-do.csv,1073
ob_001134,kw_001127,,discover,country,United Kingdom,English,Google Search,2025-08-01,2026-07-31,encoded_band,50,10,100,0,0,Low,11,,,GBP,returned,2026-09-08,2026-09-11-01-legacy,raw/gkp-discover-01-whats-on-things-to-do.csv,1074
ob_001135,kw_001128,,discover,country,United Kingdom,English,Google Search,2025-08-01,2026-07-31,encoded_band,50,10,100,0,,Low,0,,,GBP,returned,2026-09-08,2026-09-11-01-legacy,raw/gkp-discover-01-whats-on-things-to-do.csv,1075
ob_001136,kw_001129,,discover,country,United Kingdom,English,Google Search,2025-08-01,2026-07-31,encoded_band,0,0,0,0,0,Unknown,,,,GBP,zero,2026-09-08,2026-09-11-01-legacy,raw/gkp-discover-01-whats-on-things-to-do.csv,1076
ob_001137,kw_001130,,discover,country,United Kingdom,English,Google Search,2025-08-01,2026-07-31,encoded_band,50,10,100,0,0,Unknown,,,,GBP,returned,2026-09-08,2026-09-11-01-legacy,raw/gkp-discover-01-whats-on-things-to-do.csv,1077
ob_001138,kw_001131,,discover,country,United Kingdom,English,Google Search,2025-08-01,2026-07-31,encoded_band,50,10,100,0,,Low,0,,,GBP,returned,2026-09-08,2026-09-11-01-legacy,raw/gkp-discover-01-whats-on-things-to-do.csv,1078
ob_001139,kw_001132,,discover,country,United Kingdom,English,Google Search,2025-08-01,2026-07-31,encoded_band,50,10,100,0,0,Low,14,,,GBP,returned,2026-09-08,2026-09-11-01-legacy,raw/gkp-discover-01-whats-on-things-to-do.csv,1079
ob_001140,kw_001133,,discover,country,United Kingdom,English,Google Search,2025-08-01,2026-07-31,encoded_band,50,10,100,0,0,Low,7,,,GBP,returned,2026-09-08,2026-09-11-01-legacy,raw/gkp-discover-01-whats-on-things-to-do.csv,1080
ob_001141,kw_001134,,discover,country,United Kingdom,English,Google Search,2025-08-01,2026-07-31,encoded_band,50,10,100,0,0,Low,4,,,GBP,returned,2026-09-08,2026-09-11-01-legacy,raw/gkp-discover-01-whats-on-things-to-do.csv,1081
ob_001142,kw_001135,,discover,country,United Kingdom,English,Google Search,2025-08-01,2026-07-31,encoded_band,50,10,100,0,,Low,7,,,GBP,returned,2026-09-08,2026-09-11-01-legacy,raw/gkp-discover-01-whats-on-things-to-do.csv,1082
ob_001143,kw_001136,,discover,country,United Kingdom,English,Google Search,2025-08-01,2026-07-31,encoded_band,50,10,100,0,-1,Unknown,,,,GBP,returned,2026-09-08,2026-09-11-01-legacy,raw/gkp-discover-01-whats-on-things-to-do.csv,1083
ob_001144,kw_001137,,discover,country,United Kingdom,English,Google Search,2025-08-01,2026-07-31,encoded_band,0,0,0,0,-1,Unknown,,,,GBP,zero,2026-09-08,2026-09-11-01-legacy,raw/gkp-discover-01-whats-on-things-to-do.csv,1084
ob_001145,kw_001138,,discover,country,United Kingdom,English,Google Search,2025-08-01,2026-07-31,encoded_band,0,0,0,0,-1,Unknown,,,,GBP,zero,2026-09-08,2026-09-11-01-legacy,raw/gkp-discover-01-whats-on-things-to-do.csv,1085
ob_001146,kw_001139,,discover,country,United Kingdom,English,Google Search,2025-08-01,2026-07-31,encoded_band,50,10,100,0,0,Unknown,,,,GBP,returned,2026-09-08,2026-09-11-01-legacy,raw/gkp-discover-01-whats-on-things-to-do.csv,1086
ob_001147,kw_001140,,discover,country,United Kingdom,English,Google Search,2025-08-01,2026-07-31,encoded_band,50,10,100,-1,-1,Unknown,,,,GBP,returned,2026-09-08,2026-09-11-01-legacy,raw/gkp-discover-01-whats-on-things-to-do.csv,1087
ob_001148,kw_001141,,discover,country,United Kingdom,English,Google Search,2025-08-01,2026-07-31,encoded_band,50,10,100,0,,Low,0,,,GBP,returned,2026-09-08,2026-09-11-01-legacy,raw/gkp-discover-01-whats-on-things-to-do.csv,1088
ob_001149,kw_001142,,discover,country,United Kingdom,English,Google Search,2025-08-01,2026-07-31,encoded_band,50,10,100,0,0,Low,14,,,GBP,returned,2026-09-08,2026-09-11-01-legacy,raw/gkp-discover-01-whats-on-things-to-do.csv,1089
ob_001150,kw_001143,,discover,country,United Kingdom,English,Google Search,2025-08-01,2026-07-31,encoded_band,50,10,100,0,0,Low,7,,,GBP,returned,2026-09-08,2026-09-11-01-legacy,raw/gkp-discover-01-whats-on-things-to-do.csv,1090
ob_001151,kw_001144,,discover,country,United Kingdom,English,Google Search,2025-08-01,2026-07-31,encoded_band,50,10,100,0,0,Low,4,,,GBP,returned,2026-09-08,2026-09-11-01-legacy,raw/gkp-discover-01-whats-on-things-to-do.csv,1091
ob_001152,kw_001145,,discover,country,United Kingdom,English,Google Search,2025-08-01,2026-07-31,encoded_band,50,10,100,0,0,Unknown,,,,GBP,returned,2026-09-08,2026-09-11-01-legacy,raw/gkp-discover-01-whats-on-things-to-do.csv,1092
ob_001153,kw_001146,,discover,country,United Kingdom,English,Google Search,2025-08-01,2026-07-31,encoded_band,0,0,0,0,0,Unknown,,,,GBP,zero,2026-09-08,2026-09-11-01-legacy,raw/gkp-discover-01-whats-on-things-to-do.csv,1093
ob_001154,kw_001147,,discover,country,United Kingdom,English,Google Search,2025-08-01,2026-07-31,encoded_band,0,0,0,0,-1,Unknown,,,,GBP,zero,2026-09-08,2026-09-11-01-legacy,raw/gkp-discover-01-whats-on-things-to-do.csv,1094
ob_001155,kw_001148,,discover,country,United Kingdom,English,Google Search,2025-08-01,2026-07-31,encoded_band,50,10,100,0,,Low,0,,,GBP,returned,2026-09-08,2026-09-11-01-legacy,raw/gkp-discover-01-whats-on-things-to-do.csv,1095
ob_001156,kw_001149,,discover,country,United Kingdom,English,Google Search,2025-08-01,2026-07-31,encoded_band,50,10,100,0,0,Low,4,,,GBP,returned,2026-09-08,2026-09-11-01-legacy,raw/gkp-discover-01-whats-on-things-to-do.csv,1096
ob_001157,kw_001150,,discover,country,United Kingdom,English,Google Search,2025-08-01,2026-07-31,encoded_band,50,10,100,0,0,Low,19,,,GBP,returned,2026-09-08,2026-09-11-01-legacy,raw/gkp-discover-01-whats-on-things-to-do.csv,1097
ob_001158,kw_001151,,discover,country,United Kingdom,English,Google Search,2025-08-01,2026-07-31,encoded_band,50,10,100,0,0,Unknown,,,,GBP,returned,2026-09-08,2026-09-11-01-legacy,raw/gkp-discover-01-whats-on-things-to-do.csv,1098
ob_001159,kw_001152,,discover,country,United Kingdom,English,Google Search,2025-08-01,2026-07-31,encoded_band,0,0,0,0,-1,Unknown,,,,GBP,zero,2026-09-08,2026-09-11-01-legacy,raw/gkp-discover-01-whats-on-things-to-do.csv,1099
ob_001160,kw_001153,,discover,country,United Kingdom,English,Google Search,2025-08-01,2026-07-31,encoded_band,50,10,100,-1,-1,Unknown,,,,GBP,returned,2026-09-08,2026-09-11-01-legacy,raw/gkp-discover-01-whats-on-things-to-do.csv,1100
ob_001161,kw_001154,,discover,country,United Kingdom,English,Google Search,2025-08-01,2026-07-31,encoded_band,50,10,100,0,-1,Unknown,,,,GBP,returned,2026-09-08,2026-09-11-01-legacy,raw/gkp-discover-01-whats-on-things-to-do.csv,1101
ob_001162,kw_001155,,discover,country,United Kingdom,English,Google Search,2025-08-01,2026-07-31,encoded_band,50,10,100,0,0,Unknown,,,,GBP,returned,2026-09-08,2026-09-11-01-legacy,raw/gkp-discover-01-whats-on-things-to-do.csv,1102
ob_001163,kw_001156,,discover,country,United Kingdom,English,Google Search,2025-08-01,2026-07-31,encoded_band,50,10,100,0,0,Low,6,,,GBP,returned,2026-09-08,2026-09-11-01-legacy,raw/gkp-discover-01-whats-on-things-to-do.csv,1103
ob_001164,kw_001157,,discover,country,United Kingdom,English,Google Search,2025-08-01,2026-07-31,encoded_band,50,10,100,0,0,Low,4,,,GBP,returned,2026-09-08,2026-09-11-01-legacy,raw/gkp-discover-01-whats-on-things-to-do.csv,1104
ob_001165,kw_001158,,discover,country,United Kingdom,English,Google Search,2025-08-01,2026-07-31,encoded_band,0,0,0,0,0,Unknown,,,,GBP,zero,2026-09-08,2026-09-11-01-legacy,raw/gkp-discover-01-whats-on-things-to-do.csv,1105
ob_001166,kw_001159,,discover,country,United Kingdom,English,Google Search,2025-08-01,2026-07-31,encoded_band,0,0,0,0,0,Unknown,,,,GBP,zero,2026-09-08,2026-09-11-01-legacy,raw/gkp-discover-01-whats-on-things-to-do.csv,1106
ob_001167,kw_001160,,discover,country,United Kingdom,English,Google Search,2025-08-01,2026-07-31,encoded_band,50,10,100,0,,Low,14,,,GBP,returned,2026-09-08,2026-09-11-01-legacy,raw/gkp-discover-01-whats-on-things-to-do.csv,1107
ob_001168,kw_001161,,discover,country,United Kingdom,English,Google Search,2025-08-01,2026-07-31,encoded_band,0,0,0,0,0,Unknown,,,,GBP,zero,2026-09-08,2026-09-11-01-legacy,raw/gkp-discover-01-whats-on-things-to-do.csv,1108
ob_001169,kw_001162,,discover,country,United Kingdom,English,Google Search,2025-08-01,2026-07-31,encoded_band,50,10,100,0,0,Unknown,,,,GBP,returned,2026-09-08,2026-09-11-01-legacy,raw/gkp-discover-01-whats-on-things-to-do.csv,1109
ob_001170,kw_001163,,discover,country,United Kingdom,English,Google Search,2025-08-01,2026-07-31,encoded_band,50,10,100,-1,0,Unknown,,,,GBP,returned,2026-09-08,2026-09-11-01-legacy,raw/gkp-discover-01-whats-on-things-to-do.csv,1110
ob_001171,kw_001164,,discover,country,United Kingdom,English,Google Search,2025-08-01,2026-07-31,encoded_band,50,10,100,0,0,Low,4,,,GBP,returned,2026-09-08,2026-09-11-01-legacy,raw/gkp-discover-01-whats-on-things-to-do.csv,1111
ob_001172,kw_001165,,discover,country,United Kingdom,English,Google Search,2025-08-01,2026-07-31,encoded_band,50,10,100,0,0,Low,8,,,GBP,returned,2026-09-08,2026-09-11-01-legacy,raw/gkp-discover-01-whats-on-things-to-do.csv,1112
ob_001173,kw_001166,,discover,country,United Kingdom,English,Google Search,2025-08-01,2026-07-31,encoded_band,50,10,100,0,0,Low,7,,,GBP,returned,2026-09-08,2026-09-11-01-legacy,raw/gkp-discover-01-whats-on-things-to-do.csv,1113
ob_001174,kw_001167,,discover,country,United Kingdom,English,Google Search,2025-08-01,2026-07-31,encoded_band,500,100,1000,9,0,Low,10,,,GBP,returned,2026-09-08,2026-09-11-01-legacy,raw/gkp-discover-01-whats-on-things-to-do.csv,1114
ob_001175,kw_001168,,discover,country,United Kingdom,English,Google Search,2025-08-01,2026-07-31,encoded_band,50,10,100,-0.9,-0.9,Low,2,,,GBP,returned,2026-09-08,2026-09-11-01-legacy,raw/gkp-discover-01-whats-on-things-to-do.csv,1115
ob_001176,kw_001169,,discover,country,United Kingdom,English,Google Search,2025-08-01,2026-07-31,encoded_band,50,10,100,0,0,Low,14,0.4,0.73,GBP,returned,2026-09-08,2026-09-11-01-legacy,raw/gkp-discover-01-whats-on-things-to-do.csv,1116
ob_001177,kw_001170,,discover,country,United Kingdom,English,Google Search,2025-08-01,2026-07-31,encoded_band,50,10,100,0,0,Medium,49,,,GBP,returned,2026-09-08,2026-09-11-01-legacy,raw/gkp-discover-01-whats-on-things-to-do.csv,1117
ob_001178,kw_001171,,discover,country,United Kingdom,English,Google Search,2025-08-01,2026-07-31,encoded_band,50,10,100,0,0,Unknown,,,,GBP,returned,2026-09-08,2026-09-11-01-legacy,raw/gkp-discover-01-whats-on-things-to-do.csv,1118
ob_001179,kw_001172,,discover,country,United Kingdom,English,Google Search,2025-08-01,2026-07-31,encoded_band,50,10,100,0,0,Unknown,,,,GBP,returned,2026-09-08,2026-09-11-01-legacy,raw/gkp-discover-01-whats-on-things-to-do.csv,1119
ob_001180,kw_001173,,discover,country,United Kingdom,English,Google Search,2025-08-01,2026-07-31,encoded_band,50,10,100,0,0,Low,31,,,GBP,returned,2026-09-08,2026-09-11-01-legacy,raw/gkp-discover-01-whats-on-things-to-do.csv,1120
ob_001181,kw_001174,,discover,country,United Kingdom,English,Google Search,2025-08-01,2026-07-31,encoded_band,0,0,0,0,0,Unknown,,,,GBP,zero,2026-09-08,2026-09-11-01-legacy,raw/gkp-discover-01-whats-on-things-to-do.csv,1121
ob_001182,kw_001175,,discover,country,United Kingdom,English,Google Search,2025-08-01,2026-07-31,encoded_band,50,10,100,-1,0,Unknown,,,,GBP,returned,2026-09-08,2026-09-11-01-legacy,raw/gkp-discover-01-whats-on-things-to-do.csv,1122
ob_001183,kw_001176,,discover,country,United Kingdom,English,Google Search,2025-08-01,2026-07-31,encoded_band,50,10,100,-1,-1,Unknown,,,,GBP,returned,2026-09-08,2026-09-11-01-legacy,raw/gkp-discover-01-whats-on-things-to-do.csv,1123
ob_001184,kw_001177,,discover,country,United Kingdom,English,Google Search,2025-08-01,2026-07-31,encoded_band,0,0,0,0,0,Unknown,,,,GBP,zero,2026-09-08,2026-09-11-01-legacy,raw/gkp-discover-01-whats-on-things-to-do.csv,1124
ob_001185,kw_001178,,discover,country,United Kingdom,English,Google Search,2025-08-01,2026-07-31,encoded_band,50,10,100,,,Low,0,,,GBP,returned,2026-09-08,2026-09-11-01-legacy,raw/gkp-discover-01-whats-on-things-to-do.csv,1125
ob_001186,kw_001179,,discover,country,United Kingdom,English,Google Search,2025-08-01,2026-07-31,encoded_band,,,,,,Unknown,,,,GBP,absent,2026-09-08,2026-09-11-01-legacy,raw/gkp-discover-01-whats-on-things-to-do.csv,1126
ob_001187,kw_001180,,discover,country,United Kingdom,English,Google Search,2025-08-01,2026-07-31,encoded_band,50,10,100,0,0,Unknown,,,,GBP,returned,2026-09-08,2026-09-11-01-legacy,raw/gkp-discover-01-whats-on-things-to-do.csv,1127
ob_001188,kw_001181,,discover,country,United Kingdom,English,Google Search,2025-08-01,2026-07-31,encoded_band,0,0,0,0,0,Unknown,,,,GBP,zero,2026-09-08,2026-09-11-01-legacy,raw/gkp-discover-01-whats-on-things-to-do.csv,1128
ob_001189,kw_001182,,discover,country,United Kingdom,English,Google Search,2025-08-01,2026-07-31,encoded_band,50,10,100,0,0,Low,4,,,GBP,returned,2026-09-08,2026-09-11-01-legacy,raw/gkp-discover-01-whats-on-things-to-do.csv,1129
ob_001190,kw_001183,,discover,country,United Kingdom,English,Google Search,2025-08-01,2026-07-31,encoded_band,50,10,100,-1,0,Unknown,,,,GBP,returned,2026-09-08,2026-09-11-01-legacy,raw/gkp-discover-01-whats-on-things-to-do.csv,1130
ob_001191,kw_001184,,discover,country,United Kingdom,English,Google Search,2025-08-01,2026-07-31,encoded_band,50,10,100,0,0,Low,0,,,GBP,returned,2026-09-08,2026-09-11-01-legacy,raw/gkp-discover-01-whats-on-things-to-do.csv,1131
ob_001192,kw_001185,,discover,country,United Kingdom,English,Google Search,2025-08-01,2026-07-31,encoded_band,500,100,1000,0,0,Low,11,0.5,2.8,GBP,returned,2026-09-08,2026-09-11-01-legacy,raw/gkp-discover-01-whats-on-things-to-do.csv,1132
ob_001193,kw_001186,,discover,country,United Kingdom,English,Google Search,2025-08-01,2026-07-31,encoded_band,50,10,100,0,0,Low,2,,,GBP,returned,2026-09-08,2026-09-11-01-legacy,raw/gkp-discover-01-whats-on-things-to-do.csv,1133
ob_001194,kw_001187,,discover,country,United Kingdom,English,Google Search,2025-08-01,2026-07-31,encoded_band,50,10,100,0,-1,Unknown,,,,GBP,returned,2026-09-08,2026-09-11-01-legacy,raw/gkp-discover-01-whats-on-things-to-do.csv,1134
ob_001195,kw_001188,,discover,country,United Kingdom,English,Google Search,2025-08-01,2026-07-31,encoded_band,50,10,100,0,0,Low,0,,,GBP,returned,2026-09-08,2026-09-11-01-legacy,raw/gkp-discover-01-whats-on-things-to-do.csv,1135
ob_001196,kw_001189,,discover,country,United Kingdom,English,Google Search,2025-08-01,2026-07-31,encoded_band,50,10,100,0,0,Low,0,,,GBP,returned,2026-09-08,2026-09-11-01-legacy,raw/gkp-discover-01-whats-on-things-to-do.csv,1136
ob_001197,kw_001190,,discover,country,United Kingdom,English,Google Search,2025-08-01,2026-07-31,encoded_band,50,10,100,,,High,100,,,GBP,returned,2026-09-08,2026-09-11-01-legacy,raw/gkp-discover-01-whats-on-things-to-do.csv,1137
ob_001198,kw_001191,,discover,country,United Kingdom,English,Google Search,2025-08-01,2026-07-31,encoded_band,50,10,100,-1,0,Unknown,,,,GBP,returned,2026-09-08,2026-09-11-01-legacy,raw/gkp-discover-01-whats-on-things-to-do.csv,1138
ob_001199,kw_001192,,discover,country,United Kingdom,English,Google Search,2025-08-01,2026-07-31,encoded_band,500,100,1000,0,0,High,80,0.25,1.04,GBP,returned,2026-09-08,2026-09-11-01-legacy,raw/gkp-discover-01-whats-on-things-to-do.csv,1139
ob_001200,kw_001193,,discover,country,United Kingdom,English,Google Search,2025-08-01,2026-07-31,encoded_band,50,10,100,0,0,High,70,,,GBP,returned,2026-09-08,2026-09-11-01-legacy,raw/gkp-discover-01-whats-on-things-to-do.csv,1140
ob_001201,kw_001194,,discover,country,United Kingdom,English,Google Search,2025-08-01,2026-07-31,encoded_band,50,10,100,0,0,Medium,66,,,GBP,returned,2026-09-08,2026-09-11-01-legacy,raw/gkp-discover-01-whats-on-things-to-do.csv,1141
ob_001202,kw_001195,,discover,country,United Kingdom,English,Google Search,2025-08-01,2026-07-31,encoded_band,50,10,100,0,0,High,97,,,GBP,returned,2026-09-08,2026-09-11-01-legacy,raw/gkp-discover-01-whats-on-things-to-do.csv,1142
ob_001203,kw_001196,,discover,country,United Kingdom,English,Google Search,2025-08-01,2026-07-31,encoded_band,50,10,100,0,0,High,100,,,GBP,returned,2026-09-08,2026-09-11-01-legacy,raw/gkp-discover-01-whats-on-things-to-do.csv,1143
ob_001204,kw_001197,,discover,country,United Kingdom,English,Google Search,2025-08-01,2026-07-31,encoded_band,50,10,100,,0,High,100,,,GBP,returned,2026-09-08,2026-09-11-01-legacy,raw/gkp-discover-01-whats-on-things-to-do.csv,1144
ob_001205,kw_001198,,discover,country,United Kingdom,English,Google Search,2025-08-01,2026-07-31,encoded_band,50,10,100,-1,0,Unknown,,,,GBP,returned,2026-09-08,2026-09-11-01-legacy,raw/gkp-discover-01-whats-on-things-to-do.csv,1145
ob_001206,kw_001199,,discover,country,United Kingdom,English,Google Search,2025-08-01,2026-07-31,encoded_band,50,10,100,0,0,Medium,43,,,GBP,returned,2026-09-08,2026-09-11-01-legacy,raw/gkp-discover-01-whats-on-things-to-do.csv,1146
ob_001207,kw_001200,,discover,country,United Kingdom,English,Google Search,2025-08-01,2026-07-31,encoded_band,50,10,100,-1,0,Unknown,,,,GBP,returned,2026-09-08,2026-09-11-01-legacy,raw/gkp-discover-01-whats-on-things-to-do.csv,1147
ob_001208,kw_001201,,discover,country,United Kingdom,English,Google Search,2025-08-01,2026-07-31,encoded_band,50,10,100,0,0,High,70,,,GBP,returned,2026-09-08,2026-09-11-01-legacy,raw/gkp-discover-01-whats-on-things-to-do.csv,1148
ob_001209,kw_001202,,discover,country,United Kingdom,English,Google Search,2025-08-01,2026-07-31,encoded_band,50,10,100,,0,Low,0,,,GBP,returned,2026-09-08,2026-09-11-01-legacy,raw/gkp-discover-01-whats-on-things-to-do.csv,1149
ob_001210,kw_001203,,discover,country,United Kingdom,English,Google Search,2025-08-01,2026-07-31,encoded_band,0,0,0,0,0,Unknown,,,,GBP,zero,2026-09-08,2026-09-11-01-legacy,raw/gkp-discover-01-whats-on-things-to-do.csv,1150
ob_001211,kw_001204,,discover,country,United Kingdom,English,Google Search,2025-08-01,2026-07-31,encoded_band,50,10,100,,,Low,0,,,GBP,returned,2026-09-08,2026-09-11-01-legacy,raw/gkp-discover-01-whats-on-things-to-do.csv,1151
ob_001212,kw_001205,,discover,country,United Kingdom,English,Google Search,2025-08-01,2026-07-31,encoded_band,50,10,100,0,0,Unknown,,,,GBP,returned,2026-09-08,2026-09-11-01-legacy,raw/gkp-discover-01-whats-on-things-to-do.csv,1152
ob_001213,kw_001206,,discover,country,United Kingdom,English,Google Search,2025-08-01,2026-07-31,encoded_band,50,10,100,,0,Low,0,,,GBP,returned,2026-09-08,2026-09-11-01-legacy,raw/gkp-discover-01-whats-on-things-to-do.csv,1153
ob_001214,kw_001207,,discover,country,United Kingdom,English,Google Search,2025-08-01,2026-07-31,encoded_band,50,10,100,-1,-1,Unknown,,,,GBP,returned,2026-09-08,2026-09-11-01-legacy,raw/gkp-discover-01-whats-on-things-to-do.csv,1154
ob_001215,kw_001208,,discover,country,United Kingdom,English,Google Search,2025-08-01,2026-07-31,encoded_band,50,10,100,0,,High,93,,,GBP,returned,2026-09-08,2026-09-11-01-legacy,raw/gkp-discover-01-whats-on-things-to-do.csv,1155
ob_001216,kw_001209,,discover,country,United Kingdom,English,Google Search,2025-08-01,2026-07-31,encoded_band,50,10,100,,0,Low,0,,,GBP,returned,2026-09-08,2026-09-11-01-legacy,raw/gkp-discover-01-whats-on-things-to-do.csv,1156
ob_001217,kw_001210,,discover,country,United Kingdom,English,Google Search,2025-08-01,2026-07-31,encoded_band,50,10,100,0,0,Unknown,,,,GBP,returned,2026-09-08,2026-09-11-01-legacy,raw/gkp-discover-01-whats-on-things-to-do.csv,1157
ob_001218,kw_001211,,discover,country,United Kingdom,English,Google Search,2025-08-01,2026-07-31,encoded_band,50,10,100,0,,Medium,57,,,GBP,returned,2026-09-08,2026-09-11-01-legacy,raw/gkp-discover-01-whats-on-things-to-do.csv,1158
ob_001219,kw_001212,,discover,country,United Kingdom,English,Google Search,2025-08-01,2026-07-31,encoded_band,50,10,100,0,,Low,19,,,GBP,returned,2026-09-08,2026-09-11-01-legacy,raw/gkp-discover-01-whats-on-things-to-do.csv,1159
ob_001220,kw_001213,,discover,country,United Kingdom,English,Google Search,2025-08-01,2026-07-31,encoded_band,50,10,100,0,0,High,70,0.31,1.44,GBP,returned,2026-09-08,2026-09-11-01-legacy,raw/gkp-discover-01-whats-on-things-to-do.csv,1160
ob_001221,kw_001214,,discover,country,United Kingdom,English,Google Search,2025-08-01,2026-07-31,encoded_band,50,10,100,0,0,Medium,52,,,GBP,returned,2026-09-08,2026-09-11-01-legacy,raw/gkp-discover-01-whats-on-things-to-do.csv,1161
ob_001222,kw_001215,,discover,country,United Kingdom,English,Google Search,2025-08-01,2026-07-31,encoded_band,50,10,100,0,0,High,100,,,GBP,returned,2026-09-08,2026-09-11-01-legacy,raw/gkp-discover-01-whats-on-things-to-do.csv,1162
ob_001223,kw_001216,,discover,country,United Kingdom,English,Google Search,2025-08-01,2026-07-31,encoded_band,50,10,100,0,0,Low,0,,,GBP,returned,2026-09-08,2026-09-11-01-legacy,raw/gkp-discover-01-whats-on-things-to-do.csv,1163
ob_001224,kw_001217,,discover,country,United Kingdom,English,Google Search,2025-08-01,2026-07-31,encoded_band,50,10,100,0,0,High,85,,,GBP,returned,2026-09-08,2026-09-11-01-legacy,raw/gkp-discover-01-whats-on-things-to-do.csv,1164
ob_001225,kw_001218,,discover,country,United Kingdom,English,Google Search,2025-08-01,2026-07-31,encoded_band,50,10,100,9,9,High,95,0.34,1.48,GBP,returned,2026-09-08,2026-09-11-01-legacy,raw/gkp-discover-01-whats-on-things-to-do.csv,1165
ob_001226,kw_001219,,discover,country,United Kingdom,English,Google Search,2025-08-01,2026-07-31,encoded_band,50,10,100,0,0,High,81,0.39,0.89,GBP,returned,2026-09-08,2026-09-11-01-legacy,raw/gkp-discover-01-whats-on-things-to-do.csv,1166
ob_001227,kw_001220,,discover,country,United Kingdom,English,Google Search,2025-08-01,2026-07-31,encoded_band,50,10,100,0,0,Medium,43,,,GBP,returned,2026-09-08,2026-09-11-01-legacy,raw/gkp-discover-01-whats-on-things-to-do.csv,1167
ob_001228,kw_001221,,discover,country,United Kingdom,English,Google Search,2025-08-01,2026-07-31,encoded_band,50,10,100,0,0,Low,25,,,GBP,returned,2026-09-08,2026-09-11-01-legacy,raw/gkp-discover-01-whats-on-things-to-do.csv,1168
ob_001229,kw_001222,,discover,country,United Kingdom,English,Google Search,2025-08-01,2026-07-31,encoded_band,50,10,100,-1,0,Unknown,,,,GBP,returned,2026-09-08,2026-09-11-01-legacy,raw/gkp-discover-01-whats-on-things-to-do.csv,1169
ob_001230,kw_001223,,discover,country,United Kingdom,English,Google Search,2025-08-01,2026-07-31,encoded_band,50,10,100,0,-1,Unknown,,,,GBP,returned,2026-09-08,2026-09-11-01-legacy,raw/gkp-discover-01-whats-on-things-to-do.csv,1170
ob_001231,kw_001224,,discover,country,United Kingdom,English,Google Search,2025-08-01,2026-07-31,encoded_band,50,10,100,0,0,High,70,,,GBP,returned,2026-09-08,2026-09-11-01-legacy,raw/gkp-discover-01-whats-on-things-to-do.csv,1171
ob_001232,kw_001225,,discover,country,United Kingdom,English,Google Search,2025-08-01,2026-07-31,encoded_band,50,10,100,0,0,Medium,52,,,GBP,returned,2026-09-08,2026-09-11-01-legacy,raw/gkp-discover-01-whats-on-things-to-do.csv,1172
ob_001233,kw_001226,,discover,country,United Kingdom,English,Google Search,2025-08-01,2026-07-31,encoded_band,50,10,100,,0,Medium,43,,,GBP,returned,2026-09-08,2026-09-11-01-legacy,raw/gkp-discover-01-whats-on-things-to-do.csv,1173
ob_001234,kw_001227,,discover,country,United Kingdom,English,Google Search,2025-08-01,2026-07-31,encoded_band,50,10,100,0,0,High,100,,,GBP,returned,2026-09-08,2026-09-11-01-legacy,raw/gkp-discover-01-whats-on-things-to-do.csv,1174
ob_001235,kw_001228,,discover,country,United Kingdom,English,Google Search,2025-08-01,2026-07-31,encoded_band,50,10,100,0,0,Medium,64,,,GBP,returned,2026-09-08,2026-09-11-01-legacy,raw/gkp-discover-01-whats-on-things-to-do.csv,1175
ob_001236,kw_001229,,discover,country,United Kingdom,English,Google Search,2025-08-01,2026-07-31,encoded_band,50,10,100,0,0,High,89,,,GBP,returned,2026-09-08,2026-09-11-01-legacy,raw/gkp-discover-01-whats-on-things-to-do.csv,1176
ob_001237,kw_001230,,discover,country,United Kingdom,English,Google Search,2025-08-01,2026-07-31,encoded_band,50,10,100,0,0,High,82,,,GBP,returned,2026-09-08,2026-09-11-01-legacy,raw/gkp-discover-01-whats-on-things-to-do.csv,1177
ob_001238,kw_001231,,discover,country,United Kingdom,English,Google Search,2025-08-01,2026-07-31,encoded_band,50,10,100,0,0,High,100,,,GBP,returned,2026-09-08,2026-09-11-01-legacy,raw/gkp-discover-01-whats-on-things-to-do.csv,1178
ob_001239,kw_001232,,discover,country,United Kingdom,English,Google Search,2025-08-01,2026-07-31,encoded_band,50,10,100,0,0,Medium,50,,,GBP,returned,2026-09-08,2026-09-11-01-legacy,raw/gkp-discover-01-whats-on-things-to-do.csv,1179
ob_001240,kw_001233,,discover,country,United Kingdom,English,Google Search,2025-08-01,2026-07-31,encoded_band,50,10,100,0,0,Unknown,,,,GBP,returned,2026-09-08,2026-09-11-01-legacy,raw/gkp-discover-01-whats-on-things-to-do.csv,1180
ob_001241,kw_001234,,discover,country,United Kingdom,English,Google Search,2025-08-01,2026-07-31,encoded_band,50,10,100,0,0,Low,0,,,GBP,returned,2026-09-08,2026-09-11-01-legacy,raw/gkp-discover-01-whats-on-things-to-do.csv,1181
ob_001242,kw_001235,,discover,country,United Kingdom,English,Google Search,2025-08-01,2026-07-31,encoded_band,0,0,0,0,-1,Unknown,,,,GBP,zero,2026-09-08,2026-09-11-01-legacy,raw/gkp-discover-01-whats-on-things-to-do.csv,1182
ob_001243,kw_001236,,discover,country,United Kingdom,English,Google Search,2025-08-01,2026-07-31,encoded_band,50,10,100,0,,Low,0,,,GBP,returned,2026-09-08,2026-09-11-01-legacy,raw/gkp-discover-01-whats-on-things-to-do.csv,1183
ob_001244,kw_001237,,discover,country,United Kingdom,English,Google Search,2025-08-01,2026-07-31,encoded_band,50,10,100,0,0,Low,0,,,GBP,returned,2026-09-08,2026-09-11-01-legacy,raw/gkp-discover-01-whats-on-things-to-do.csv,1184
ob_001245,kw_001238,,discover,country,United Kingdom,English,Google Search,2025-08-01,2026-07-31,encoded_band,50,10,100,0,,Low,0,,,GBP,returned,2026-09-08,2026-09-11-01-legacy,raw/gkp-discover-01-whats-on-things-to-do.csv,1185
ob_001246,kw_001239,,discover,country,United Kingdom,English,Google Search,2025-08-01,2026-07-31,encoded_band,50,10,100,0,0,Low,7,,,GBP,returned,2026-09-08,2026-09-11-01-legacy,raw/gkp-discover-01-whats-on-things-to-do.csv,1186
ob_001247,kw_001240,,discover,country,United Kingdom,English,Google Search,2025-08-01,2026-07-31,encoded_band,50,10,100,0,,Low,2,,,GBP,returned,2026-09-08,2026-09-11-01-legacy,raw/gkp-discover-01-whats-on-things-to-do.csv,1187
ob_001248,kw_001241,,discover,country,United Kingdom,English,Google Search,2025-08-01,2026-07-31,encoded_band,50,10,100,0,,High,79,,,GBP,returned,2026-09-08,2026-09-11-01-legacy,raw/gkp-discover-01-whats-on-things-to-do.csv,1188
ob_001249,kw_001242,,discover,country,United Kingdom,English,Google Search,2025-08-01,2026-07-31,encoded_band,50,10,100,-1,-1,Unknown,,,,GBP,returned,2026-09-08,2026-09-11-01-legacy,raw/gkp-discover-01-whats-on-things-to-do.csv,1189
ob_001250,kw_001243,,discover,country,United Kingdom,English,Google Search,2025-08-01,2026-07-31,encoded_band,500,100,1000,0,9,High,99,0.3,1.16,GBP,returned,2026-09-08,2026-09-11-01-legacy,raw/gkp-discover-01-whats-on-things-to-do.csv,1190
ob_001251,kw_001244,,discover,country,United Kingdom,English,Google Search,2025-08-01,2026-07-31,encoded_band,50,10,100,0,0,Medium,39,,,GBP,returned,2026-09-08,2026-09-11-01-legacy,raw/gkp-discover-01-whats-on-things-to-do.csv,1191
ob_001252,kw_001245,,discover,country,United Kingdom,English,Google Search,2025-08-01,2026-07-31,encoded_band,50,10,100,0,0,High,100,0.4,0.95,GBP,returned,2026-09-08,2026-09-11-01-legacy,raw/gkp-discover-01-whats-on-things-to-do.csv,1192
ob_001253,kw_001246,,discover,country,United Kingdom,English,Google Search,2025-08-01,2026-07-31,encoded_band,50,10,100,0,0,Low,0,,,GBP,returned,2026-09-08,2026-09-11-01-legacy,raw/gkp-discover-01-whats-on-things-to-do.csv,1193
ob_001254,kw_001247,,discover,country,United Kingdom,English,Google Search,2025-08-01,2026-07-31,encoded_band,50,10,100,0,,Low,14,,,GBP,returned,2026-09-08,2026-09-11-01-legacy,raw/gkp-discover-01-whats-on-things-to-do.csv,1194
ob_001255,kw_001248,,discover,country,United Kingdom,English,Google Search,2025-08-01,2026-07-31,encoded_band,50,10,100,0,0,Low,0,,,GBP,returned,2026-09-08,2026-09-11-01-legacy,raw/gkp-discover-01-whats-on-things-to-do.csv,1195
ob_001256,kw_001249,,discover,country,United Kingdom,English,Google Search,2025-08-01,2026-07-31,encoded_band,50,10,100,0,0,High,100,,,GBP,returned,2026-09-08,2026-09-11-01-legacy,raw/gkp-discover-01-whats-on-things-to-do.csv,1196
ob_001257,kw_001250,,discover,country,United Kingdom,English,Google Search,2025-08-01,2026-07-31,encoded_band,50,10,100,-1,-1,Unknown,,,,GBP,returned,2026-09-08,2026-09-11-01-legacy,raw/gkp-discover-01-whats-on-things-to-do.csv,1197
ob_001258,kw_001251,,discover,country,United Kingdom,English,Google Search,2025-08-01,2026-07-31,encoded_band,50,10,100,0,0,Low,0,,,GBP,returned,2026-09-08,2026-09-11-01-legacy,raw/gkp-discover-01-whats-on-things-to-do.csv,1198
ob_001259,kw_001252,,discover,country,United Kingdom,English,Google Search,2025-08-01,2026-07-31,encoded_band,50,10,100,0,0,High,99,,,GBP,returned,2026-09-08,2026-09-11-01-legacy,raw/gkp-discover-01-whats-on-things-to-do.csv,1199
ob_001260,kw_001253,,discover,country,United Kingdom,English,Google Search,2025-08-01,2026-07-31,encoded_band,50,10,100,0,0,Low,0,,,GBP,returned,2026-09-08,2026-09-11-01-legacy,raw/gkp-discover-01-whats-on-things-to-do.csv,1200
ob_001261,kw_001254,,discover,country,United Kingdom,English,Google Search,2025-08-01,2026-07-31,encoded_band,50,10,100,-1,-1,Unknown,,,,GBP,returned,2026-09-08,2026-09-11-01-legacy,raw/gkp-discover-01-whats-on-things-to-do.csv,1201
ob_001262,kw_001255,,discover,country,United Kingdom,English,Google Search,2025-08-01,2026-07-31,encoded_band,50,10,100,0,0,Low,7,,,GBP,returned,2026-09-08,2026-09-11-01-legacy,raw/gkp-discover-01-whats-on-things-to-do.csv,1202
ob_001263,kw_001256,,discover,country,United Kingdom,English,Google Search,2025-08-01,2026-07-31,encoded_band,50,10,100,0,0,High,86,,,GBP,returned,2026-09-08,2026-09-11-01-legacy,raw/gkp-discover-01-whats-on-things-to-do.csv,1203
ob_001264,kw_001257,,discover,country,United Kingdom,English,Google Search,2025-08-01,2026-07-31,encoded_band,50,10,100,-1,0,Unknown,,,,GBP,returned,2026-09-08,2026-09-11-01-legacy,raw/gkp-discover-01-whats-on-things-to-do.csv,1204
ob_001265,kw_001258,,discover,country,United Kingdom,English,Google Search,2025-08-01,2026-07-31,encoded_band,50,10,100,0,0,Medium,50,,,GBP,returned,2026-09-08,2026-09-11-01-legacy,raw/gkp-discover-01-whats-on-things-to-do.csv,1205
ob_001266,kw_001259,,discover,country,United Kingdom,English,Google Search,2025-08-01,2026-07-31,encoded_band,50,10,100,0,0,High,95,,,GBP,returned,2026-09-08,2026-09-11-01-legacy,raw/gkp-discover-01-whats-on-things-to-do.csv,1206
ob_001267,kw_001260,,discover,country,United Kingdom,English,Google Search,2025-08-01,2026-07-31,encoded_band,50,10,100,0,0,Unknown,,,,GBP,returned,2026-09-08,2026-09-11-01-legacy,raw/gkp-discover-01-whats-on-things-to-do.csv,1207
ob_001268,kw_001261,,discover,country,United Kingdom,English,Google Search,2025-08-01,2026-07-31,encoded_band,50,10,100,,,High,100,,,GBP,returned,2026-09-08,2026-09-11-01-legacy,raw/gkp-discover-01-whats-on-things-to-do.csv,1208
ob_001269,kw_001262,,discover,country,United Kingdom,English,Google Search,2025-08-01,2026-07-31,encoded_band,50,10,100,0,,High,96,,,GBP,returned,2026-09-08,2026-09-11-01-legacy,raw/gkp-discover-01-whats-on-things-to-do.csv,1209
ob_001270,kw_001263,,discover,country,United Kingdom,English,Google Search,2025-08-01,2026-07-31,encoded_band,50,10,100,-1,-1,Unknown,,,,GBP,returned,2026-09-08,2026-09-11-01-legacy,raw/gkp-discover-01-whats-on-things-to-do.csv,1210
ob_001271,kw_001264,,discover,country,United Kingdom,English,Google Search,2025-08-01,2026-07-31,encoded_band,50,10,100,0,0,High,100,,,GBP,returned,2026-09-08,2026-09-11-01-legacy,raw/gkp-discover-01-whats-on-things-to-do.csv,1211
ob_001272,kw_001265,,discover,country,United Kingdom,English,Google Search,2025-08-01,2026-07-31,encoded_band,50,10,100,0,0,High,100,,,GBP,returned,2026-09-08,2026-09-11-01-legacy,raw/gkp-discover-01-whats-on-things-to-do.csv,1212
ob_001273,kw_001266,,discover,country,United Kingdom,English,Google Search,2025-08-01,2026-07-31,encoded_band,50,10,100,0,0,Unknown,,,,GBP,returned,2026-09-08,2026-09-11-01-legacy,raw/gkp-discover-01-whats-on-things-to-do.csv,1213
ob_001274,kw_001267,,discover,country,United Kingdom,English,Google Search,2025-08-01,2026-07-31,encoded_band,50,10,100,0,0,Unknown,,,,GBP,returned,2026-09-08,2026-09-11-01-legacy,raw/gkp-discover-01-whats-on-things-to-do.csv,1214
ob_001275,kw_001268,,discover,country,United Kingdom,English,Google Search,2025-08-01,2026-07-31,encoded_band,5000,1000,10000,-0.9,0,High,100,0.33,1.38,GBP,returned,2026-09-08,2026-09-11-01-legacy,raw/gkp-discover-01-whats-on-things-to-do.csv,1215
ob_001276,kw_001269,,discover,country,United Kingdom,English,Google Search,2025-08-01,2026-07-31,encoded_band,5000,1000,10000,0,0,High,100,0.4,1.48,GBP,returned,2026-09-08,2026-09-11-01-legacy,raw/gkp-discover-01-whats-on-things-to-do.csv,1216
ob_001277,kw_001270,,discover,country,United Kingdom,English,Google Search,2025-08-01,2026-07-31,encoded_band,50,10,100,,,High,100,,,GBP,returned,2026-09-08,2026-09-11-01-legacy,raw/gkp-discover-01-whats-on-things-to-do.csv,1217
ob_001278,kw_001271,,discover,country,United Kingdom,English,Google Search,2025-08-01,2026-07-31,encoded_band,,,,,,Unknown,,,,GBP,absent,2026-09-08,2026-09-11-01-legacy,raw/gkp-discover-01-whats-on-things-to-do.csv,1218
ob_001279,kw_001272,,discover,country,United Kingdom,English,Google Search,2025-08-01,2026-07-31,encoded_band,50,10,100,0,0,High,100,0.28,1.42,GBP,returned,2026-09-08,2026-09-11-01-legacy,raw/gkp-discover-01-whats-on-things-to-do.csv,1219
ob_001280,kw_001273,,discover,country,United Kingdom,English,Google Search,2025-08-01,2026-07-31,encoded_band,50,10,100,0,0,High,80,,,GBP,returned,2026-09-08,2026-09-11-01-legacy,raw/gkp-discover-01-whats-on-things-to-do.csv,1220
ob_001281,kw_001274,,discover,country,United Kingdom,English,Google Search,2025-08-01,2026-07-31,encoded_band,50,10,100,0,0,Low,30,0.15,1.07,GBP,returned,2026-09-08,2026-09-11-01-legacy,raw/gkp-discover-01-whats-on-things-to-do.csv,1221
ob_001282,kw_001275,,discover,country,United Kingdom,English,Google Search,2025-08-01,2026-07-31,encoded_band,50,10,100,,,High,100,,,GBP,returned,2026-09-08,2026-09-11-01-legacy,raw/gkp-discover-01-whats-on-things-to-do.csv,1222
ob_001283,kw_001276,,discover,country,United Kingdom,English,Google Search,2025-08-01,2026-07-31,encoded_band,,,,,,Unknown,,,,GBP,absent,2026-09-08,2026-09-11-01-legacy,raw/gkp-discover-01-whats-on-things-to-do.csv,1223
ob_001284,kw_001277,,discover,country,United Kingdom,English,Google Search,2025-08-01,2026-07-31,encoded_band,,,,,,Unknown,,,,GBP,absent,2026-09-08,2026-09-11-01-legacy,raw/gkp-discover-01-whats-on-things-to-do.csv,1224
ob_001285,kw_001278,,discover,country,United Kingdom,English,Google Search,2025-08-01,2026-07-31,encoded_band,,,,,,Unknown,,,,GBP,absent,2026-09-08,2026-09-11-01-legacy,raw/gkp-discover-01-whats-on-things-to-do.csv,1225
ob_001286,kw_001279,,discover,country,United Kingdom,English,Google Search,2025-08-01,2026-07-31,encoded_band,50,10,100,,0,High,71,,,GBP,returned,2026-09-08,2026-09-11-01-legacy,raw/gkp-discover-01-whats-on-things-to-do.csv,1226
ob_001287,kw_001280,,discover,country,United Kingdom,English,Google Search,2025-08-01,2026-07-31,encoded_band,,,,,,Unknown,,,,GBP,absent,2026-09-08,2026-09-11-01-legacy,raw/gkp-discover-01-whats-on-things-to-do.csv,1227
ob_001288,kw_001281,,discover,country,United Kingdom,English,Google Search,2025-08-01,2026-07-31,encoded_band,500,100,1000,-0.9,0,High,100,0.32,1.06,GBP,returned,2026-09-08,2026-09-11-01-legacy,raw/gkp-discover-01-whats-on-things-to-do.csv,1228
ob_001289,kw_001282,,discover,country,United Kingdom,English,Google Search,2025-08-01,2026-07-31,encoded_band,50,10,100,0,0,Unknown,,,,GBP,returned,2026-09-08,2026-09-11-01-legacy,raw/gkp-discover-01-whats-on-things-to-do.csv,1229
ob_001290,kw_001283,,discover,country,United Kingdom,English,Google Search,2025-08-01,2026-07-31,encoded_band,0,0,0,0,0,Unknown,,,,GBP,zero,2026-09-08,2026-09-11-01-legacy,raw/gkp-discover-01-whats-on-things-to-do.csv,1230
ob_001291,kw_001284,,discover,country,United Kingdom,English,Google Search,2025-08-01,2026-07-31,encoded_band,,,,,,Unknown,,,,GBP,absent,2026-09-08,2026-09-11-01-legacy,raw/gkp-discover-01-whats-on-things-to-do.csv,1231
ob_001292,kw_001285,,discover,country,United Kingdom,English,Google Search,2025-08-01,2026-07-31,encoded_band,,,,,,Unknown,,,,GBP,absent,2026-09-08,2026-09-11-01-legacy,raw/gkp-discover-01-whats-on-things-to-do.csv,1232
ob_001293,kw_001286,,discover,country,United Kingdom,English,Google Search,2025-08-01,2026-07-31,encoded_band,0,0,0,0,0,Unknown,,,,GBP,zero,2026-09-08,2026-09-11-01-legacy,raw/gkp-discover-01-whats-on-things-to-do.csv,1233
ob_001294,kw_001287,,discover,country,United Kingdom,English,Google Search,2025-08-01,2026-07-31,encoded_band,,,,,,Unknown,,,,GBP,absent,2026-09-08,2026-09-11-01-legacy,raw/gkp-discover-01-whats-on-things-to-do.csv,1234
ob_001295,kw_001288,,discover,country,United Kingdom,English,Google Search,2025-08-01,2026-07-31,encoded_band,,,,,,Unknown,,,,GBP,absent,2026-09-08,2026-09-11-01-legacy,raw/gkp-discover-01-whats-on-things-to-do.csv,1235
ob_001296,kw_001289,,discover,country,United Kingdom,English,Google Search,2025-08-01,2026-07-31,encoded_band,50,10,100,0,0,Low,0,,,GBP,returned,2026-09-08,2026-09-11-01-legacy,raw/gkp-discover-01-whats-on-things-to-do.csv,1236
ob_001297,kw_001290,,discover,country,United Kingdom,English,Google Search,2025-08-01,2026-07-31,encoded_band,0,0,0,0,0,Unknown,,,,GBP,zero,2026-09-08,2026-09-11-01-legacy,raw/gkp-discover-01-whats-on-things-to-do.csv,1237
ob_001298,kw_001291,,discover,country,United Kingdom,English,Google Search,2025-08-01,2026-07-31,encoded_band,500,100,1000,0,0,High,99,0.32,1.32,GBP,returned,2026-09-08,2026-09-11-01-legacy,raw/gkp-discover-01-whats-on-things-to-do.csv,1238
ob_001299,kw_001292,,discover,country,United Kingdom,English,Google Search,2025-08-01,2026-07-31,encoded_band,50,10,100,0,0,Low,0,,,GBP,returned,2026-09-08,2026-09-11-01-legacy,raw/gkp-discover-01-whats-on-things-to-do.csv,1239
ob_001300,kw_001293,,discover,country,United Kingdom,English,Google Search,2025-08-01,2026-07-31,encoded_band,50,10,100,0,0,Medium,65,,,GBP,returned,2026-09-08,2026-09-11-01-legacy,raw/gkp-discover-01-whats-on-things-to-do.csv,1240
ob_001301,kw_001294,,discover,country,United Kingdom,English,Google Search,2025-08-01,2026-07-31,encoded_band,50,10,100,0,0,Medium,46,0.3,0.77,GBP,returned,2026-09-08,2026-09-11-01-legacy,raw/gkp-discover-01-whats-on-things-to-do.csv,1241
ob_001302,kw_001295,,discover,country,United Kingdom,English,Google Search,2025-08-01,2026-07-31,encoded_band,50,10,100,0,-1,Unknown,,,,GBP,returned,2026-09-08,2026-09-11-01-legacy,raw/gkp-discover-01-whats-on-things-to-do.csv,1242
ob_001303,kw_001296,,discover,country,United Kingdom,English,Google Search,2025-08-01,2026-07-31,encoded_band,50,10,100,0,0,Low,21,,,GBP,returned,2026-09-08,2026-09-11-01-legacy,raw/gkp-discover-01-whats-on-things-to-do.csv,1243
ob_001304,kw_001297,,discover,country,United Kingdom,English,Google Search,2025-08-01,2026-07-31,encoded_band,50,10,100,-1,0,Unknown,,,,GBP,returned,2026-09-08,2026-09-11-01-legacy,raw/gkp-discover-01-whats-on-things-to-do.csv,1244
ob_001305,kw_001298,,discover,country,United Kingdom,English,Google Search,2025-08-01,2026-07-31,encoded_band,,,,,,Unknown,,,,GBP,absent,2026-09-08,2026-09-11-01-legacy,raw/gkp-discover-01-whats-on-things-to-do.csv,1245
ob_001306,kw_001299,,discover,country,United Kingdom,English,Google Search,2025-08-01,2026-07-31,encoded_band,50,10,100,0,0,High,97,,,GBP,returned,2026-09-08,2026-09-11-01-legacy,raw/gkp-discover-01-whats-on-things-to-do.csv,1246
ob_001307,kw_001300,,discover,country,United Kingdom,English,Google Search,2025-08-01,2026-07-31,encoded_band,0,0,0,0,0,Unknown,,,,GBP,zero,2026-09-08,2026-09-11-01-legacy,raw/gkp-discover-01-whats-on-things-to-do.csv,1247
ob_001308,kw_001301,,discover,country,United Kingdom,English,Google Search,2025-08-01,2026-07-31,encoded_band,50,10,100,0,0,High,100,,,GBP,returned,2026-09-08,2026-09-11-01-legacy,raw/gkp-discover-01-whats-on-things-to-do.csv,1248
ob_001309,kw_001302,,discover,country,United Kingdom,English,Google Search,2025-08-01,2026-07-31,encoded_band,50,10,100,,,High,100,,,GBP,returned,2026-09-08,2026-09-11-01-legacy,raw/gkp-discover-01-whats-on-things-to-do.csv,1249
ob_001310,kw_001303,,discover,country,United Kingdom,English,Google Search,2025-08-01,2026-07-31,encoded_band,50,10,100,0,0,Unknown,,,,GBP,returned,2026-09-08,2026-09-11-01-legacy,raw/gkp-discover-01-whats-on-things-to-do.csv,1250
ob_001311,kw_001304,,discover,country,United Kingdom,English,Google Search,2025-08-01,2026-07-31,encoded_band,50,10,100,0,0,High,100,,,GBP,returned,2026-09-08,2026-09-11-01-legacy,raw/gkp-discover-01-whats-on-things-to-do.csv,1251
ob_001312,kw_001305,,discover,country,United Kingdom,English,Google Search,2025-08-01,2026-07-31,encoded_band,50,10,100,0,0,Low,24,,,GBP,returned,2026-09-08,2026-09-11-01-legacy,raw/gkp-discover-01-whats-on-things-to-do.csv,1252
ob_001313,kw_001306,,discover,country,United Kingdom,English,Google Search,2025-08-01,2026-07-31,encoded_band,50,10,100,,0,Low,0,,,GBP,returned,2026-09-08,2026-09-11-01-legacy,raw/gkp-discover-01-whats-on-things-to-do.csv,1253
ob_001314,kw_001307,,discover,country,United Kingdom,English,Google Search,2025-08-01,2026-07-31,encoded_band,50,10,100,0,0,Unknown,,,,GBP,returned,2026-09-08,2026-09-11-01-legacy,raw/gkp-discover-01-whats-on-things-to-do.csv,1254
ob_001315,kw_001308,,discover,country,United Kingdom,English,Google Search,2025-08-01,2026-07-31,encoded_band,50,10,100,0,,Low,32,,,GBP,returned,2026-09-08,2026-09-11-01-legacy,raw/gkp-discover-01-whats-on-things-to-do.csv,1255
ob_001316,kw_001309,,discover,country,United Kingdom,English,Google Search,2025-08-01,2026-07-31,encoded_band,50,10,100,0,0,Unknown,,,,GBP,returned,2026-09-08,2026-09-11-01-legacy,raw/gkp-discover-01-whats-on-things-to-do.csv,1256
ob_001317,kw_001310,,discover,country,United Kingdom,English,Google Search,2025-08-01,2026-07-31,encoded_band,50,10,100,,0,Low,0,,,GBP,returned,2026-09-08,2026-09-11-01-legacy,raw/gkp-discover-01-whats-on-things-to-do.csv,1257
ob_001318,kw_001311,,discover,country,United Kingdom,English,Google Search,2025-08-01,2026-07-31,encoded_band,50,10,100,0,0,Low,19,,,GBP,returned,2026-09-08,2026-09-11-01-legacy,raw/gkp-discover-01-whats-on-things-to-do.csv,1258
ob_001319,kw_001312,,discover,country,United Kingdom,English,Google Search,2025-08-01,2026-07-31,encoded_band,50,10,100,0,0,High,75,,,GBP,returned,2026-09-08,2026-09-11-01-legacy,raw/gkp-discover-01-whats-on-things-to-do.csv,1259
ob_001320,kw_001313,,discover,country,United Kingdom,English,Google Search,2025-08-01,2026-07-31,encoded_band,50,10,100,0,0,Low,0,,,GBP,returned,2026-09-08,2026-09-11-01-legacy,raw/gkp-discover-01-whats-on-things-to-do.csv,1260
ob_001321,kw_001314,,discover,country,United Kingdom,English,Google Search,2025-08-01,2026-07-31,encoded_band,50,10,100,0,0,Low,0,,,GBP,returned,2026-09-08,2026-09-11-01-legacy,raw/gkp-discover-01-whats-on-things-to-do.csv,1261
ob_001322,kw_001315,,discover,country,United Kingdom,English,Google Search,2025-08-01,2026-07-31,encoded_band,50,10,100,0,0,High,67,,,GBP,returned,2026-09-08,2026-09-11-01-legacy,raw/gkp-discover-01-whats-on-things-to-do.csv,1262
ob_001323,kw_001316,,discover,country,United Kingdom,English,Google Search,2025-08-01,2026-07-31,encoded_band,50,10,100,0,0,Low,0,,,GBP,returned,2026-09-08,2026-09-11-01-legacy,raw/gkp-discover-01-whats-on-things-to-do.csv,1263
ob_001324,kw_001317,,discover,country,United Kingdom,English,Google Search,2025-08-01,2026-07-31,encoded_band,50,10,100,0,0,High,100,,,GBP,returned,2026-09-08,2026-09-11-01-legacy,raw/gkp-discover-01-whats-on-things-to-do.csv,1264
ob_001325,kw_001318,,discover,country,United Kingdom,English,Google Search,2025-08-01,2026-07-31,encoded_band,50,10,100,-1,-1,Unknown,,,,GBP,returned,2026-09-08,2026-09-11-01-legacy,raw/gkp-discover-01-whats-on-things-to-do.csv,1265
ob_001326,kw_001319,,discover,country,United Kingdom,English,Google Search,2025-08-01,2026-07-31,encoded_band,0,0,0,0,0,Unknown,,,,GBP,zero,2026-09-08,2026-09-11-01-legacy,raw/gkp-discover-01-whats-on-things-to-do.csv,1266
ob_001327,kw_001320,,discover,country,United Kingdom,English,Google Search,2025-08-01,2026-07-31,encoded_band,50,10,100,,,Low,0,,,GBP,returned,2026-09-08,2026-09-11-01-legacy,raw/gkp-discover-01-whats-on-things-to-do.csv,1267
ob_001328,kw_001321,,discover,country,United Kingdom,English,Google Search,2025-08-01,2026-07-31,encoded_band,,,,,,Unknown,,,,GBP,absent,2026-09-08,2026-09-11-01-legacy,raw/gkp-discover-01-whats-on-things-to-do.csv,1268
ob_001329,kw_001322,,discover,country,United Kingdom,English,Google Search,2025-08-01,2026-07-31,encoded_band,50,10,100,-1,-1,Unknown,,,,GBP,returned,2026-09-08,2026-09-11-01-legacy,raw/gkp-discover-01-whats-on-things-to-do.csv,1269
ob_001330,kw_001323,,discover,country,United Kingdom,English,Google Search,2025-08-01,2026-07-31,encoded_band,50,10,100,-1,0,Unknown,,,,GBP,returned,2026-09-08,2026-09-11-01-legacy,raw/gkp-discover-01-whats-on-things-to-do.csv,1270
ob_001331,kw_001324,,discover,country,United Kingdom,English,Google Search,2025-08-01,2026-07-31,encoded_band,50,10,100,0,,Low,0,,,GBP,returned,2026-09-08,2026-09-11-01-legacy,raw/gkp-discover-01-whats-on-things-to-do.csv,1271
ob_001332,kw_001325,,discover,country,United Kingdom,English,Google Search,2025-08-01,2026-07-31,encoded_band,50,10,100,0,,High,75,,,GBP,returned,2026-09-08,2026-09-11-01-legacy,raw/gkp-discover-01-whats-on-things-to-do.csv,1272
ob_001333,kw_001326,,discover,country,United Kingdom,English,Google Search,2025-08-01,2026-07-31,encoded_band,50,10,100,0,,Low,14,,,GBP,returned,2026-09-08,2026-09-11-01-legacy,raw/gkp-discover-01-whats-on-things-to-do.csv,1273
ob_001334,kw_001327,,discover,country,United Kingdom,English,Google Search,2025-08-01,2026-07-31,encoded_band,50,10,100,-1,0,Unknown,,,,GBP,returned,2026-09-08,2026-09-11-01-legacy,raw/gkp-discover-01-whats-on-things-to-do.csv,1274
ob_001335,kw_001328,,discover,country,United Kingdom,English,Google Search,2025-08-01,2026-07-31,encoded_band,,,,,,Unknown,,,,GBP,absent,2026-09-08,2026-09-11-01-legacy,raw/gkp-discover-01-whats-on-things-to-do.csv,1275
ob_001336,kw_001329,,discover,country,United Kingdom,English,Google Search,2025-08-01,2026-07-31,encoded_band,50,10,100,0,0,Medium,50,,,GBP,returned,2026-09-08,2026-09-11-01-legacy,raw/gkp-discover-01-whats-on-things-to-do.csv,1276
ob_001337,kw_001330,,discover,country,United Kingdom,English,Google Search,2025-08-01,2026-07-31,encoded_band,50,10,100,0,0,High,100,,,GBP,returned,2026-09-08,2026-09-11-01-legacy,raw/gkp-discover-01-whats-on-things-to-do.csv,1277
ob_001338,kw_001331,,discover,country,United Kingdom,English,Google Search,2025-08-01,2026-07-31,encoded_band,50,10,100,0,0,Low,24,,,GBP,returned,2026-09-08,2026-09-11-01-legacy,raw/gkp-discover-01-whats-on-things-to-do.csv,1278
ob_001339,kw_001332,,discover,country,United Kingdom,English,Google Search,2025-08-01,2026-07-31,encoded_band,50,10,100,0,0,Medium,63,,,GBP,returned,2026-09-08,2026-09-11-01-legacy,raw/gkp-discover-01-whats-on-things-to-do.csv,1279
ob_001340,kw_001333,,discover,country,United Kingdom,English,Google Search,2025-08-01,2026-07-31,encoded_band,50,10,100,0,0,Low,0,,,GBP,returned,2026-09-08,2026-09-11-01-legacy,raw/gkp-discover-01-whats-on-things-to-do.csv,1280
ob_001341,kw_001334,,discover,country,United Kingdom,English,Google Search,2025-08-01,2026-07-31,encoded_band,50,10,100,0,0,Low,13,0.21,0.89,GBP,returned,2026-09-08,2026-09-11-01-legacy,raw/gkp-discover-01-whats-on-things-to-do.csv,1281
ob_001342,kw_001335,,discover,country,United Kingdom,English,Google Search,2025-08-01,2026-07-31,encoded_band,50,10,100,0,0,Medium,38,,,GBP,returned,2026-09-08,2026-09-11-01-legacy,raw/gkp-discover-01-whats-on-things-to-do.csv,1282
ob_001343,kw_001336,,discover,country,United Kingdom,English,Google Search,2025-08-01,2026-07-31,encoded_band,50,10,100,0,0,Low,13,0.21,0.89,GBP,returned,2026-09-08,2026-09-11-01-legacy,raw/gkp-discover-01-whats-on-things-to-do.csv,1283
ob_001344,kw_001337,,discover,country,United Kingdom,English,Google Search,2025-08-01,2026-07-31,encoded_band,50,10,100,0,,Low,0,,,GBP,returned,2026-09-08,2026-09-11-01-legacy,raw/gkp-discover-01-whats-on-things-to-do.csv,1284
ob_001345,kw_001338,,discover,country,United Kingdom,English,Google Search,2025-08-01,2026-07-31,encoded_band,50,10,100,-1,0,Unknown,,,,GBP,returned,2026-09-08,2026-09-11-01-legacy,raw/gkp-discover-01-whats-on-things-to-do.csv,1285
ob_001346,kw_001339,,discover,country,United Kingdom,English,Google Search,2025-08-01,2026-07-31,encoded_band,50,10,100,0,0,Low,0,,,GBP,returned,2026-09-08,2026-09-11-01-legacy,raw/gkp-discover-01-whats-on-things-to-do.csv,1286
ob_001347,kw_001340,,discover,country,United Kingdom,English,Google Search,2025-08-01,2026-07-31,encoded_band,50,10,100,0,0,High,97,,,GBP,returned,2026-09-08,2026-09-11-01-legacy,raw/gkp-discover-01-whats-on-things-to-do.csv,1287
ob_001348,kw_001341,,discover,country,United Kingdom,English,Google Search,2025-08-01,2026-07-31,encoded_band,50,10,100,0,0,Unknown,,,,GBP,returned,2026-09-08,2026-09-11-01-legacy,raw/gkp-discover-01-whats-on-things-to-do.csv,1288
ob_001349,kw_001342,,discover,country,United Kingdom,English,Google Search,2025-08-01,2026-07-31,encoded_band,50,10,100,-1,0,Unknown,,,,GBP,returned,2026-09-08,2026-09-11-01-legacy,raw/gkp-discover-01-whats-on-things-to-do.csv,1289
ob_001350,kw_001343,,discover,country,United Kingdom,English,Google Search,2025-08-01,2026-07-31,encoded_band,0,0,0,0,0,Unknown,,,,GBP,zero,2026-09-08,2026-09-11-01-legacy,raw/gkp-discover-01-whats-on-things-to-do.csv,1290
ob_001351,kw_001344,,discover,country,United Kingdom,English,Google Search,2025-08-01,2026-07-31,encoded_band,50,10,100,0,0,Low,10,0.15,1.17,GBP,returned,2026-09-08,2026-09-11-01-legacy,raw/gkp-discover-01-whats-on-things-to-do.csv,1291
ob_001352,kw_001345,,discover,country,United Kingdom,English,Google Search,2025-08-01,2026-07-31,encoded_band,50,10,100,0,0,Low,13,,,GBP,returned,2026-09-08,2026-09-11-01-legacy,raw/gkp-discover-01-whats-on-things-to-do.csv,1292
ob_001353,kw_001346,,discover,country,United Kingdom,English,Google Search,2025-08-01,2026-07-31,encoded_band,50,10,100,0,0,High,67,,,GBP,returned,2026-09-08,2026-09-11-01-legacy,raw/gkp-discover-01-whats-on-things-to-do.csv,1293
ob_001354,kw_001347,,discover,country,United Kingdom,English,Google Search,2025-08-01,2026-07-31,encoded_band,50,10,100,0,0,Low,4,,,GBP,returned,2026-09-08,2026-09-11-01-legacy,raw/gkp-discover-01-whats-on-things-to-do.csv,1294
ob_001355,kw_001348,,discover,country,United Kingdom,English,Google Search,2025-08-01,2026-07-31,encoded_band,50,10,100,0,0,Low,8,,,GBP,returned,2026-09-08,2026-09-11-01-legacy,raw/gkp-discover-01-whats-on-things-to-do.csv,1295
ob_001356,kw_001349,,discover,country,United Kingdom,English,Google Search,2025-08-01,2026-07-31,encoded_band,50,10,100,0,0,Low,14,0.76,1.48,GBP,returned,2026-09-08,2026-09-11-01-legacy,raw/gkp-discover-01-whats-on-things-to-do.csv,1296
ob_001357,kw_001350,,discover,country,United Kingdom,English,Google Search,2025-08-01,2026-07-31,encoded_band,500,100,1000,0,0,High,99,0.4,1.5,GBP,returned,2026-09-08,2026-09-11-01-legacy,raw/gkp-discover-01-whats-on-things-to-do.csv,1297
ob_001358,kw_001351,,discover,country,United Kingdom,English,Google Search,2025-08-01,2026-07-31,encoded_band,50,10,100,0,0,High,100,,,GBP,returned,2026-09-08,2026-09-11-01-legacy,raw/gkp-discover-01-whats-on-things-to-do.csv,1298
ob_001359,kw_001352,,discover,country,United Kingdom,English,Google Search,2025-08-01,2026-07-31,encoded_band,50,10,100,,,Low,0,,,GBP,returned,2026-09-08,2026-09-11-01-legacy,raw/gkp-discover-01-whats-on-things-to-do.csv,1299
ob_001360,kw_001353,,discover,country,United Kingdom,English,Google Search,2025-08-01,2026-07-31,encoded_band,50,10,100,9,9,High,100,0.26,1.58,GBP,returned,2026-09-08,2026-09-11-01-legacy,raw/gkp-discover-01-whats-on-things-to-do.csv,1300
ob_001361,kw_001354,,discover,country,United Kingdom,English,Google Search,2025-08-01,2026-07-31,encoded_band,50,10,100,-0.9,0,High,94,0.46,1.43,GBP,returned,2026-09-08,2026-09-11-01-legacy,raw/gkp-discover-01-whats-on-things-to-do.csv,1301
ob_001362,kw_001355,,discover,country,United Kingdom,English,Google Search,2025-08-01,2026-07-31,encoded_band,50,10,100,0,0,High,97,,,GBP,returned,2026-09-08,2026-09-11-01-legacy,raw/gkp-discover-01-whats-on-things-to-do.csv,1302
ob_001363,kw_001356,,discover,country,United Kingdom,English,Google Search,2025-08-01,2026-07-31,encoded_band,500,100,1000,0,0,High,97,0.37,3.18,GBP,returned,2026-09-08,2026-09-11-01-legacy,raw/gkp-discover-01-whats-on-things-to-do.csv,1303
ob_001364,kw_001357,,discover,country,United Kingdom,English,Google Search,2025-08-01,2026-07-31,encoded_band,50,10,100,0,0,High,92,,,GBP,returned,2026-09-08,2026-09-11-01-legacy,raw/gkp-discover-01-whats-on-things-to-do.csv,1304
ob_001365,kw_001358,,discover,country,United Kingdom,English,Google Search,2025-08-01,2026-07-31,encoded_band,50,10,100,-0.9,-0.9,High,94,0.28,0.75,GBP,returned,2026-09-08,2026-09-11-01-legacy,raw/gkp-discover-01-whats-on-things-to-do.csv,1305
ob_001366,kw_001359,,discover,country,United Kingdom,English,Google Search,2025-08-01,2026-07-31,encoded_band,50,10,100,0,0,Low,8,0.3,2.34,GBP,returned,2026-09-08,2026-09-11-01-legacy,raw/gkp-discover-01-whats-on-things-to-do.csv,1306
ob_001367,kw_001360,,discover,country,United Kingdom,English,Google Search,2025-08-01,2026-07-31,encoded_band,50,10,100,0,0,High,86,0.39,0.79,GBP,returned,2026-09-08,2026-09-11-01-legacy,raw/gkp-discover-01-whats-on-things-to-do.csv,1307
ob_001368,kw_001361,,discover,country,United Kingdom,English,Google Search,2025-08-01,2026-07-31,encoded_band,50,10,100,0,0,High,100,,,GBP,returned,2026-09-08,2026-09-11-01-legacy,raw/gkp-discover-01-whats-on-things-to-do.csv,1308
ob_001369,kw_001362,,discover,country,United Kingdom,English,Google Search,2025-08-01,2026-07-31,encoded_band,50,10,100,0,0,High,96,,,GBP,returned,2026-09-08,2026-09-11-01-legacy,raw/gkp-discover-01-whats-on-things-to-do.csv,1309
ob_001370,kw_001363,,discover,country,United Kingdom,English,Google Search,2025-08-01,2026-07-31,encoded_band,50,10,100,0,0,Low,3,,,GBP,returned,2026-09-08,2026-09-11-01-legacy,raw/gkp-discover-01-whats-on-things-to-do.csv,1310
ob_001371,kw_001364,,discover,country,United Kingdom,English,Google Search,2025-08-01,2026-07-31,encoded_band,50,10,100,0,0,Low,9,0.29,1.21,GBP,returned,2026-09-08,2026-09-11-01-legacy,raw/gkp-discover-01-whats-on-things-to-do.csv,1311
ob_001372,kw_001365,,discover,country,United Kingdom,English,Google Search,2025-08-01,2026-07-31,encoded_band,500,100,1000,0,0,High,89,0.32,1.27,GBP,returned,2026-09-08,2026-09-11-01-legacy,raw/gkp-discover-01-whats-on-things-to-do.csv,1312
ob_001373,kw_001366,,discover,country,United Kingdom,English,Google Search,2025-08-01,2026-07-31,encoded_band,0,0,0,0,0,Unknown,,,,GBP,zero,2026-09-08,2026-09-11-01-legacy,raw/gkp-discover-01-whats-on-things-to-do.csv,1313
ob_001374,kw_001367,,discover,country,United Kingdom,English,Google Search,2025-08-01,2026-07-31,encoded_band,50,10,100,0,0,Low,7,0.24,0.98,GBP,returned,2026-09-08,2026-09-11-01-legacy,raw/gkp-discover-01-whats-on-things-to-do.csv,1314
ob_001375,kw_001368,,discover,country,United Kingdom,English,Google Search,2025-08-01,2026-07-31,encoded_band,50,10,100,0,0,High,91,,,GBP,returned,2026-09-08,2026-09-11-01-legacy,raw/gkp-discover-01-whats-on-things-to-do.csv,1315
ob_001376,kw_001369,,discover,country,United Kingdom,English,Google Search,2025-08-01,2026-07-31,encoded_band,50,10,100,0,0,Medium,55,,,GBP,returned,2026-09-08,2026-09-11-01-legacy,raw/gkp-discover-01-whats-on-things-to-do.csv,1316
ob_001377,kw_001370,,discover,country,United Kingdom,English,Google Search,2025-08-01,2026-07-31,encoded_band,50,10,100,0,0,High,90,0.23,1.04,GBP,returned,2026-09-08,2026-09-11-01-legacy,raw/gkp-discover-01-whats-on-things-to-do.csv,1317
ob_001378,kw_001371,,discover,country,United Kingdom,English,Google Search,2025-08-01,2026-07-31,encoded_band,50,10,100,0,0,High,87,0.28,1.48,GBP,returned,2026-09-08,2026-09-11-01-legacy,raw/gkp-discover-01-whats-on-things-to-do.csv,1318
ob_001379,kw_001372,,discover,country,United Kingdom,English,Google Search,2025-08-01,2026-07-31,encoded_band,50,10,100,0,0,High,71,,,GBP,returned,2026-09-08,2026-09-11-01-legacy,raw/gkp-discover-01-whats-on-things-to-do.csv,1319
ob_001380,kw_001373,,discover,country,United Kingdom,English,Google Search,2025-08-01,2026-07-31,encoded_band,500,100,1000,0,9,High,78,0.23,1.47,GBP,returned,2026-09-08,2026-09-11-01-legacy,raw/gkp-discover-01-whats-on-things-to-do.csv,1320
ob_001381,kw_001374,,discover,country,United Kingdom,English,Google Search,2025-08-01,2026-07-31,encoded_band,50,10,100,0,0,High,98,0.38,14.77,GBP,returned,2026-09-08,2026-09-11-01-legacy,raw/gkp-discover-01-whats-on-things-to-do.csv,1321
ob_001382,kw_001375,,discover,country,United Kingdom,English,Google Search,2025-08-01,2026-07-31,encoded_band,50,10,100,-1,0,Unknown,,,,GBP,returned,2026-09-08,2026-09-11-01-legacy,raw/gkp-discover-01-whats-on-things-to-do.csv,1322
ob_001383,kw_001376,,discover,country,United Kingdom,English,Google Search,2025-08-01,2026-07-31,encoded_band,50,10,100,0,0,High,100,,,GBP,returned,2026-09-08,2026-09-11-01-legacy,raw/gkp-discover-01-whats-on-things-to-do.csv,1323
ob_001384,kw_001377,,discover,country,United Kingdom,English,Google Search,2025-08-01,2026-07-31,encoded_band,50,10,100,0,0,High,91,,,GBP,returned,2026-09-08,2026-09-11-01-legacy,raw/gkp-discover-01-whats-on-things-to-do.csv,1324
ob_001385,kw_001378,,discover,country,United Kingdom,English,Google Search,2025-08-01,2026-07-31,encoded_band,50,10,100,0,0,Unknown,,,,GBP,returned,2026-09-08,2026-09-11-01-legacy,raw/gkp-discover-01-whats-on-things-to-do.csv,1325
ob_001386,kw_001379,,discover,country,United Kingdom,English,Google Search,2025-08-01,2026-07-31,encoded_band,500,100,1000,0,0,High,100,0.37,1.2,GBP,returned,2026-09-08,2026-09-11-01-legacy,raw/gkp-discover-01-whats-on-things-to-do.csv,1326
ob_001387,kw_001380,,discover,country,United Kingdom,English,Google Search,2025-08-01,2026-07-31,encoded_band,50,10,100,0,0,Low,0,,,GBP,returned,2026-09-08,2026-09-11-01-legacy,raw/gkp-discover-01-whats-on-things-to-do.csv,1327
ob_001388,kw_001381,,discover,country,United Kingdom,English,Google Search,2025-08-01,2026-07-31,encoded_band,500,100,1000,0,0,High,85,0.33,1.32,GBP,returned,2026-09-08,2026-09-11-01-legacy,raw/gkp-discover-01-whats-on-things-to-do.csv,1328
ob_001389,kw_001382,,discover,country,United Kingdom,English,Google Search,2025-08-01,2026-07-31,encoded_band,500,100,1000,0,0,High,99,0.26,0.96,GBP,returned,2026-09-08,2026-09-11-01-legacy,raw/gkp-discover-01-whats-on-things-to-do.csv,1329
ob_001390,kw_001383,,discover,country,United Kingdom,English,Google Search,2025-08-01,2026-07-31,encoded_band,500,100,1000,0,0,High,99,0.26,0.96,GBP,returned,2026-09-08,2026-09-11-01-legacy,raw/gkp-discover-01-whats-on-things-to-do.csv,1330
ob_001391,kw_001384,,discover,country,United Kingdom,English,Google Search,2025-08-01,2026-07-31,encoded_band,50,10,100,-1,-1,Unknown,,,,GBP,returned,2026-09-08,2026-09-11-01-legacy,raw/gkp-discover-01-whats-on-things-to-do.csv,1331
ob_001392,kw_001385,,discover,country,United Kingdom,English,Google Search,2025-08-01,2026-07-31,encoded_band,500,100,1000,0,0,High,99,0.26,0.96,GBP,returned,2026-09-08,2026-09-11-01-legacy,raw/gkp-discover-01-whats-on-things-to-do.csv,1332
ob_001393,kw_001386,,discover,country,United Kingdom,English,Google Search,2025-08-01,2026-07-31,encoded_band,,,,,,Unknown,,,,GBP,absent,2026-09-08,2026-09-11-01-legacy,raw/gkp-discover-01-whats-on-things-to-do.csv,1333
ob_001394,kw_001387,,discover,country,United Kingdom,English,Google Search,2025-08-01,2026-07-31,encoded_band,500,100,1000,0,0,High,100,0.4,0.9,GBP,returned,2026-09-08,2026-09-11-01-legacy,raw/gkp-discover-01-whats-on-things-to-do.csv,1334
ob_001395,kw_001388,,discover,country,United Kingdom,English,Google Search,2025-08-01,2026-07-31,encoded_band,50,10,100,0,0,High,75,,,GBP,returned,2026-09-08,2026-09-11-01-legacy,raw/gkp-discover-01-whats-on-things-to-do.csv,1335
ob_001396,kw_001389,,discover,country,United Kingdom,English,Google Search,2025-08-01,2026-07-31,encoded_band,0,0,0,0,0,Unknown,,,,GBP,zero,2026-09-08,2026-09-11-01-legacy,raw/gkp-discover-01-whats-on-things-to-do.csv,1336
ob_001397,kw_001390,,discover,country,United Kingdom,English,Google Search,2025-08-01,2026-07-31,encoded_band,500,100,1000,-0.99,0,Low,4,,,GBP,returned,2026-09-08,2026-09-11-01-legacy,raw/gkp-discover-01-whats-on-things-to-do.csv,1337
ob_001398,kw_001391,,discover,country,United Kingdom,English,Google Search,2025-08-01,2026-07-31,encoded_band,500,100,1000,0,,Low,7,,,GBP,returned,2026-09-08,2026-09-11-01-legacy,raw/gkp-discover-01-whats-on-things-to-do.csv,1338
ob_001399,kw_001392,,discover,country,United Kingdom,English,Google Search,2025-08-01,2026-07-31,encoded_band,50,10,100,0,0,Low,3,,,GBP,returned,2026-09-08,2026-09-11-01-legacy,raw/gkp-discover-01-whats-on-things-to-do.csv,1339
ob_001400,kw_001393,,discover,country,United Kingdom,English,Google Search,2025-08-01,2026-07-31,encoded_band,50,10,100,0,0,Medium,42,,,GBP,returned,2026-09-08,2026-09-11-01-legacy,raw/gkp-discover-01-whats-on-things-to-do.csv,1340
ob_001401,kw_001394,,discover,country,United Kingdom,English,Google Search,2025-08-01,2026-07-31,encoded_band,50,10,100,0,0,Medium,54,,,GBP,returned,2026-09-08,2026-09-11-01-legacy,raw/gkp-discover-01-whats-on-things-to-do.csv,1341
ob_001402,kw_001395,,discover,country,United Kingdom,English,Google Search,2025-08-01,2026-07-31,encoded_band,50,10,100,9,9,High,99,0.24,0.96,GBP,returned,2026-09-08,2026-09-11-01-legacy,raw/gkp-discover-01-whats-on-things-to-do.csv,1342
ob_001403,kw_001396,,discover,country,United Kingdom,English,Google Search,2025-08-01,2026-07-31,encoded_band,50,10,100,0,0,High,100,,,GBP,returned,2026-09-08,2026-09-11-01-legacy,raw/gkp-discover-01-whats-on-things-to-do.csv,1343
ob_001404,kw_001397,,discover,country,United Kingdom,English,Google Search,2025-08-01,2026-07-31,encoded_band,50,10,100,0,0,High,100,,,GBP,returned,2026-09-08,2026-09-11-01-legacy,raw/gkp-discover-01-whats-on-things-to-do.csv,1344
ob_001405,kw_001398,,discover,country,United Kingdom,English,Google Search,2025-08-01,2026-07-31,encoded_band,50,10,100,,,High,100,,,GBP,returned,2026-09-08,2026-09-11-01-legacy,raw/gkp-discover-01-whats-on-things-to-do.csv,1345
ob_001406,kw_001399,,discover,country,United Kingdom,English,Google Search,2025-08-01,2026-07-31,encoded_band,50,10,100,0,-1,Unknown,,,,GBP,returned,2026-09-08,2026-09-11-01-legacy,raw/gkp-discover-01-whats-on-things-to-do.csv,1346
ob_001407,kw_001400,,discover,country,United Kingdom,English,Google Search,2025-08-01,2026-07-31,encoded_band,50,10,100,0,,High,100,,,GBP,returned,2026-09-08,2026-09-11-01-legacy,raw/gkp-discover-01-whats-on-things-to-do.csv,1347
ob_001408,kw_001401,,discover,country,United Kingdom,English,Google Search,2025-08-01,2026-07-31,encoded_band,50,10,100,0,0,High,100,,,GBP,returned,2026-09-08,2026-09-11-01-legacy,raw/gkp-discover-01-whats-on-things-to-do.csv,1348
ob_001409,kw_001402,,discover,country,United Kingdom,English,Google Search,2025-08-01,2026-07-31,encoded_band,0,0,0,0,-1,Unknown,,,,GBP,zero,2026-09-08,2026-09-11-01-legacy,raw/gkp-discover-01-whats-on-things-to-do.csv,1349
ob_001410,kw_001403,,discover,country,United Kingdom,English,Google Search,2025-08-01,2026-07-31,encoded_band,500,100,1000,0,-0.9,Low,7,,,GBP,returned,2026-09-08,2026-09-11-01-legacy,raw/gkp-discover-01-whats-on-things-to-do.csv,1350
ob_001411,kw_001404,,discover,country,United Kingdom,English,Google Search,2025-08-01,2026-07-31,encoded_band,50,10,100,,0,Low,29,,,GBP,returned,2026-09-08,2026-09-11-01-legacy,raw/gkp-discover-01-whats-on-things-to-do.csv,1351
ob_001412,kw_001405,,discover,country,United Kingdom,English,Google Search,2025-08-01,2026-07-31,encoded_band,,,,,,Unknown,,,,GBP,absent,2026-09-08,2026-09-11-01-legacy,raw/gkp-discover-01-whats-on-things-to-do.csv,1352
