source_file,layout,batch,row,keyword_text,keyword_norm,currency,raw_volume,precision_mode,value_low,value_high,state,three_month_change,yoy_change,competition,competition_index,bid_low,bid_high,ad_impression_share,in_account,in_plan,window_start,window_end,location,language,network,lens,pulled_on,source_hash
raw/gkp-discover-01-whats-on-things-to-do.csv,discover,gkp-discover-01,1,whats on near me tonight,whats on near me tonight,GBP,500,encoded_band,100,1000,returned,0,0,High,98,0.36,1.68,,,,2025-08-01,2026-07-31,United Kingdom,English,Google Search,country,2026-09-08,70fbd70d057b238cee57df3db043a3eea72e89573d2278812516bf8fcdf617ca
raw/gkp-discover-01-whats-on-things-to-do.csv,discover,gkp-discover-01,2,things to do in staines,things to do in staines,GBP,500,encoded_band,100,1000,returned,0,0,High,100,0.25,1.48,,,,2025-08-01,2026-07-31,United Kingdom,English,Google Search,country,2026-09-08,70fbd70d057b238cee57df3db043a3eea72e89573d2278812516bf8fcdf617ca
raw/gkp-discover-01-whats-on-things-to-do.csv,discover,gkp-discover-01,3,things to do near heathrow,things to do near heathrow,GBP,500,encoded_band,100,1000,returned,9,0,Low,12,0.23,1.15,,,,2025-08-01,2026-07-31,United Kingdom,English,Google Search,country,2026-09-08,70fbd70d057b238cee57df3db043a3eea72e89573d2278812516bf8fcdf617ca
raw/gkp-discover-01-whats-on-things-to-do.csv,discover,gkp-discover-01,4,pub events near me,pub events near me,GBP,500,encoded_band,100,1000,returned,0,0,Low,4,0.47,1.53,,,,2025-08-01,2026-07-31,United Kingdom,English,Google Search,country,2026-09-08,70fbd70d057b238cee57df3db043a3eea72e89573d2278812516bf8fcdf617ca
raw/gkp-discover-01-whats-on-things-to-do.csv,discover,gkp-discover-01,5,quiz night near me,quiz night near me,GBP,5000,encoded_band,1000,10000,returned,0,0,Low,3,0.6,1.94,,,,2025-08-01,2026-07-31,United Kingdom,English,Google Search,country,2026-09-08,70fbd70d057b238cee57df3db043a3eea72e89573d2278812516bf8fcdf617ca
raw/gkp-discover-01-whats-on-things-to-do.csv,discover,gkp-discover-01,6,karaoke near me,karaoke near me,GBP,50000,encoded_band,10000,100000,returned,0,0,Low,32,0.26,0.78,,,,2025-08-01,2026-07-31,United Kingdom,English,Google Search,country,2026-09-08,70fbd70d057b238cee57df3db043a3eea72e89573d2278812516bf8fcdf617ca
raw/gkp-discover-01-whats-on-things-to-do.csv,discover,gkp-discover-01,7,bingo night near me,bingo night near me,GBP,500,encoded_band,100,1000,returned,0,0,Low,7,1.09,4.81,,,,2025-08-01,2026-07-31,United Kingdom,English,Google Search,country,2026-09-08,70fbd70d057b238cee57df3db043a3eea72e89573d2278812516bf8fcdf617ca
raw/gkp-discover-01-whats-on-things-to-do.csv,discover,gkp-discover-01,8,pub entertainment near me,pub entertainment near me,GBP,500,encoded_band,100,1000,returned,0,0,Low,9,,,,,,2025-08-01,2026-07-31,United Kingdom,English,Google Search,country,2026-09-08,70fbd70d057b238cee57df3db043a3eea72e89573d2278812516bf8fcdf617ca
raw/gkp-discover-01-whats-on-things-to-do.csv,discover,gkp-discover-01,9,whats on this weekend near me,whats on this weekend near me,GBP,50000,encoded_band,10000,100000,returned,0,0,High,95,0.38,1.33,,,,2025-08-01,2026-07-31,United Kingdom,English,Google Search,country,2026-09-08,70fbd70d057b238cee57df3db043a3eea72e89573d2278812516bf8fcdf617ca
raw/gkp-discover-01-whats-on-things-to-do.csv,discover,gkp-discover-01,10,things to do near me this weekend,things to do near me this weekend,GBP,5000,encoded_band,1000,10000,returned,0,0,High,100,0.32,1.22,,,,2025-08-01,2026-07-31,United Kingdom,English,Google Search,country,2026-09-08,70fbd70d057b238cee57df3db043a3eea72e89573d2278812516bf8fcdf617ca
raw/gkp-discover-01-whats-on-things-to-do.csv,discover,gkp-discover-01,11,what to do today near me,what to do today near me,GBP,5000,encoded_band,1000,10000,returned,0,0,High,92,0.25,1.12,,,,2025-08-01,2026-07-31,United Kingdom,English,Google Search,country,2026-09-08,70fbd70d057b238cee57df3db043a3eea72e89573d2278812516bf8fcdf617ca
raw/gkp-discover-01-whats-on-things-to-do.csv,discover,gkp-discover-01,12,events near me this weekend,events near me this weekend,GBP,5000,encoded_band,1000,10000,returned,0,0,High,97,0.4,1.55,,,,2025-08-01,2026-07-31,United Kingdom,English,Google Search,country,2026-09-08,70fbd70d057b238cee57df3db043a3eea72e89573d2278812516bf8fcdf617ca
raw/gkp-discover-01-whats-on-things-to-do.csv,discover,gkp-discover-01,13,events near me today,events near me today,GBP,5000,encoded_band,1000,10000,returned,-0.9,0,High,100,0.35,1.43,,,,2025-08-01,2026-07-31,United Kingdom,English,Google Search,country,2026-09-08,70fbd70d057b238cee57df3db043a3eea72e89573d2278812516bf8fcdf617ca
raw/gkp-discover-01-whats-on-things-to-do.csv,discover,gkp-discover-01,14,what to do this weekend near me,what to do this weekend near me,GBP,500,encoded_band,100,1000,returned,-0.9,0,High,100,0.32,1.06,,,,2025-08-01,2026-07-31,United Kingdom,English,Google Search,country,2026-09-08,70fbd70d057b238cee57df3db043a3eea72e89573d2278812516bf8fcdf617ca
raw/gkp-discover-01-whats-on-things-to-do.csv,discover,gkp-discover-01,15,what going on this weekend near me,what going on this weekend near me,GBP,500,encoded_band,100,1000,returned,0,0,High,99,0.43,1.26,,,,2025-08-01,2026-07-31,United Kingdom,English,Google Search,country,2026-09-08,70fbd70d057b238cee57df3db043a3eea72e89573d2278812516bf8fcdf617ca
raw/gkp-discover-01-whats-on-things-to-do.csv,discover,gkp-discover-01,16,what's on near me today,what's on near me today,GBP,50000,encoded_band,10000,100000,returned,0,0,High,97,0.32,1.22,,,,2025-08-01,2026-07-31,United Kingdom,English,Google Search,country,2026-09-08,70fbd70d057b238cee57df3db043a3eea72e89573d2278812516bf8fcdf617ca
raw/gkp-discover-01-whats-on-things-to-do.csv,discover,gkp-discover-01,17,karaoke bar near me,karaoke bar near me,GBP,5000,encoded_band,1000,10000,returned,0,0,Low,28,0.14,0.73,,,,2025-08-01,2026-07-31,United Kingdom,English,Google Search,country,2026-09-08,70fbd70d057b238cee57df3db043a3eea72e89573d2278812516bf8fcdf617ca
raw/gkp-discover-01-whats-on-things-to-do.csv,discover,gkp-discover-01,18,pub quiz near me,pub quiz near me,GBP,5000,encoded_band,1000,10000,returned,0,-0.9,Low,7,0.73,2.38,,,,2025-08-01,2026-07-31,United Kingdom,English,Google Search,country,2026-09-08,70fbd70d057b238cee57df3db043a3eea72e89573d2278812516bf8fcdf617ca
raw/gkp-discover-01-whats-on-things-to-do.csv,discover,gkp-discover-01,19,what to do tonight near me,what to do tonight near me,GBP,500,encoded_band,100,1000,returned,0,0,High,100,0.37,1.2,,,,2025-08-01,2026-07-31,United Kingdom,English,Google Search,country,2026-09-08,70fbd70d057b238cee57df3db043a3eea72e89573d2278812516bf8fcdf617ca
raw/gkp-discover-01-whats-on-things-to-do.csv,discover,gkp-discover-01,20,local events this weekend,local events this weekend,GBP,500,encoded_band,100,1000,returned,0,0,High,95,0.53,14.77,,,,2025-08-01,2026-07-31,United Kingdom,English,Google Search,country,2026-09-08,70fbd70d057b238cee57df3db043a3eea72e89573d2278812516bf8fcdf617ca
raw/gkp-discover-01-whats-on-things-to-do.csv,discover,gkp-discover-01,21,what's happening this weekend near me,what's happening this weekend near me,GBP,500,encoded_band,100,1000,returned,0,0,High,99,0.4,1.5,,,,2025-08-01,2026-07-31,United Kingdom,English,Google Search,country,2026-09-08,70fbd70d057b238cee57df3db043a3eea72e89573d2278812516bf8fcdf617ca
raw/gkp-discover-01-whats-on-things-to-do.csv,discover,gkp-discover-01,22,fun things to do this weekend near me,fun things to do this weekend near me,GBP,50,encoded_band,10,100,returned,0,0,High,95,0.3,1.12,,,,2025-08-01,2026-07-31,United Kingdom,English,Google Search,country,2026-09-08,70fbd70d057b238cee57df3db043a3eea72e89573d2278812516bf8fcdf617ca
raw/gkp-discover-01-whats-on-things-to-do.csv,discover,gkp-discover-01,23,what's going on this weekend near me,what's going on this weekend near me,GBP,500,encoded_band,100,1000,returned,0,0,High,99,0.43,1.26,,,,2025-08-01,2026-07-31,United Kingdom,English,Google Search,country,2026-09-08,70fbd70d057b238cee57df3db043a3eea72e89573d2278812516bf8fcdf617ca
raw/gkp-discover-01-whats-on-things-to-do.csv,discover,gkp-discover-01,24,karaoke rooms near me,karaoke rooms near me,GBP,5000,encoded_band,1000,10000,returned,0,0,Low,31,0.23,0.75,,,,2025-08-01,2026-07-31,United Kingdom,English,Google Search,country,2026-09-08,70fbd70d057b238cee57df3db043a3eea72e89573d2278812516bf8fcdf617ca
raw/gkp-discover-01-whats-on-things-to-do.csv,discover,gkp-discover-01,25,pubs with function rooms near me,pubs with function rooms near me,GBP,5000,encoded_band,1000,10000,returned,0,0,Low,17,0.59,1.57,,,,2025-08-01,2026-07-31,United Kingdom,English,Google Search,country,2026-09-08,70fbd70d057b238cee57df3db043a3eea72e89573d2278812516bf8fcdf617ca
raw/gkp-discover-01-whats-on-things-to-do.csv,discover,gkp-discover-01,26,what's happening near me today,what's happening near me today,GBP,500,encoded_band,100,1000,returned,0,0,High,99,0.33,1.19,,,,2025-08-01,2026-07-31,United Kingdom,English,Google Search,country,2026-09-08,70fbd70d057b238cee57df3db043a3eea72e89573d2278812516bf8fcdf617ca
raw/gkp-discover-01-whats-on-things-to-do.csv,discover,gkp-discover-01,27,local events this weekend near me,local events this weekend near me,GBP,500,encoded_band,100,1000,returned,-0.9,0,High,94,0.46,10.33,,,,2025-08-01,2026-07-31,United Kingdom,English,Google Search,country,2026-09-08,70fbd70d057b238cee57df3db043a3eea72e89573d2278812516bf8fcdf617ca
raw/gkp-discover-01-whats-on-things-to-do.csv,discover,gkp-discover-01,28,ktv near me,ktv near me,GBP,500,encoded_band,100,1000,returned,0,0,Medium,44,0.38,1.61,,,,2025-08-01,2026-07-31,United Kingdom,English,Google Search,country,2026-09-08,70fbd70d057b238cee57df3db043a3eea72e89573d2278812516bf8fcdf617ca
raw/gkp-discover-01-whats-on-things-to-do.csv,discover,gkp-discover-01,29,what's going on today near me,what's going on today near me,GBP,500,encoded_band,100,1000,returned,0,9,High,99,0.3,1.16,,,,2025-08-01,2026-07-31,United Kingdom,English,Google Search,country,2026-09-08,70fbd70d057b238cee57df3db043a3eea72e89573d2278812516bf8fcdf617ca
raw/gkp-discover-01-whats-on-things-to-do.csv,discover,gkp-discover-01,30,karaoke near me tonight,karaoke near me tonight,GBP,500,encoded_band,100,1000,returned,0,0,Low,6,0.37,1.68,,,,2025-08-01,2026-07-31,United Kingdom,English,Google Search,country,2026-09-08,70fbd70d057b238cee57df3db043a3eea72e89573d2278812516bf8fcdf617ca
raw/gkp-discover-01-whats-on-things-to-do.csv,discover,gkp-discover-01,31,pubs with live music near me,pubs with live music near me,GBP,5000,encoded_band,1000,10000,returned,0,0,Low,17,0.43,1.02,,,,2025-08-01,2026-07-31,United Kingdom,English,Google Search,country,2026-09-08,70fbd70d057b238cee57df3db043a3eea72e89573d2278812516bf8fcdf617ca
raw/gkp-discover-01-whats-on-things-to-do.csv,discover,gkp-discover-01,32,what is on this weekend near me,what is on this weekend near me,GBP,500,encoded_band,100,1000,returned,0,0,High,100,0.3,1.26,,,,2025-08-01,2026-07-31,United Kingdom,English,Google Search,country,2026-09-08,70fbd70d057b238cee57df3db043a3eea72e89573d2278812516bf8fcdf617ca
raw/gkp-discover-01-whats-on-things-to-do.csv,discover,gkp-discover-01,33,things to do around me this weekend,things to do around me this weekend,GBP,50,encoded_band,10,100,returned,0,0,High,93,0.36,1.75,,,,2025-08-01,2026-07-31,United Kingdom,English,Google Search,country,2026-09-08,70fbd70d057b238cee57df3db043a3eea72e89573d2278812516bf8fcdf617ca
raw/gkp-discover-01-whats-on-things-to-do.csv,discover,gkp-discover-01,34,trivia night near me,trivia night near me,GBP,50,encoded_band,10,100,returned,0,0,Low,7,,,,,,2025-08-01,2026-07-31,United Kingdom,English,Google Search,country,2026-09-08,70fbd70d057b238cee57df3db043a3eea72e89573d2278812516bf8fcdf617ca
raw/gkp-discover-01-whats-on-things-to-do.csv,discover,gkp-discover-01,35,family things to do this weekend near me,family things to do this weekend near me,GBP,50,encoded_band,10,100,returned,-0.9,0,High,98,0.33,1.08,,,,2025-08-01,2026-07-31,United Kingdom,English,Google Search,country,2026-09-08,70fbd70d057b238cee57df3db043a3eea72e89573d2278812516bf8fcdf617ca
raw/gkp-discover-01-whats-on-things-to-do.csv,discover,gkp-discover-01,36,what is happening this weekend near me,what is happening this weekend near me,GBP,50,encoded_band,10,100,returned,-0.9,0,High,89,0.43,1.34,,,,2025-08-01,2026-07-31,United Kingdom,English,Google Search,country,2026-09-08,70fbd70d057b238cee57df3db043a3eea72e89573d2278812516bf8fcdf617ca
raw/gkp-discover-01-whats-on-things-to-do.csv,discover,gkp-discover-01,37,pubs doing christmas dinner near me,pubs doing christmas dinner near me,GBP,5000,encoded_band,1000,10000,returned,0,-0.9,Low,4,,,,,,2025-08-01,2026-07-31,United Kingdom,English,Google Search,country,2026-09-08,70fbd70d057b238cee57df3db043a3eea72e89573d2278812516bf8fcdf617ca
raw/gkp-discover-01-whats-on-things-to-do.csv,discover,gkp-discover-01,38,what is there to do this weekend near me,what is there to do this weekend near me,GBP,50,encoded_band,10,100,returned,0,0,High,92,0.54,2.04,,,,2025-08-01,2026-07-31,United Kingdom,English,Google Search,country,2026-09-08,70fbd70d057b238cee57df3db043a3eea72e89573d2278812516bf8fcdf617ca
raw/gkp-discover-01-whats-on-things-to-do.csv,discover,gkp-discover-01,39,private karaoke rooms near me,private karaoke rooms near me,GBP,500,encoded_band,100,1000,returned,0,0,Low,29,0.25,0.72,,,,2025-08-01,2026-07-31,United Kingdom,English,Google Search,country,2026-09-08,70fbd70d057b238cee57df3db043a3eea72e89573d2278812516bf8fcdf617ca
raw/gkp-discover-01-whats-on-things-to-do.csv,discover,gkp-discover-01,40,pubs with private function rooms near me,pubs with private function rooms near me,GBP,500,encoded_band,100,1000,returned,0,0,Low,16,0.57,1.6,,,,2025-08-01,2026-07-31,United Kingdom,English,Google Search,country,2026-09-08,70fbd70d057b238cee57df3db043a3eea72e89573d2278812516bf8fcdf617ca
raw/gkp-discover-01-whats-on-things-to-do.csv,discover,gkp-discover-01,41,karaoke places near me,karaoke places near me,GBP,500,encoded_band,100,1000,returned,0,0,Low,27,0.22,0.7,,,,2025-08-01,2026-07-31,United Kingdom,English,Google Search,country,2026-09-08,70fbd70d057b238cee57df3db043a3eea72e89573d2278812516bf8fcdf617ca
raw/gkp-discover-01-whats-on-things-to-do.csv,discover,gkp-discover-01,42,events happening today near me,events happening today near me,GBP,500,encoded_band,100,1000,returned,0,0,High,100,0.35,1.3,,,,2025-08-01,2026-07-31,United Kingdom,English,Google Search,country,2026-09-08,70fbd70d057b238cee57df3db043a3eea72e89573d2278812516bf8fcdf617ca
raw/gkp-discover-01-whats-on-things-to-do.csv,discover,gkp-discover-01,43,what's on near me tomorrow,what's on near me tomorrow,GBP,5000,encoded_band,1000,10000,returned,-0.9,0,High,100,0.33,1.38,,,,2025-08-01,2026-07-31,United Kingdom,English,Google Search,country,2026-09-08,70fbd70d057b238cee57df3db043a3eea72e89573d2278812516bf8fcdf617ca
raw/gkp-discover-01-whats-on-things-to-do.csv,discover,gkp-discover-01,44,what to do near me tomorrow,what to do near me tomorrow,GBP,5000,encoded_band,1000,10000,returned,0,0,High,100,0.25,1.15,,,,2025-08-01,2026-07-31,United Kingdom,English,Google Search,country,2026-09-08,70fbd70d057b238cee57df3db043a3eea72e89573d2278812516bf8fcdf617ca
raw/gkp-discover-01-whats-on-things-to-do.csv,discover,gkp-discover-01,45,pubs with live music near me this weekend,pubs with live music near me this weekend,GBP,500,encoded_band,100,1000,returned,0,0,Low,2,0.43,0.77,,,,2025-08-01,2026-07-31,United Kingdom,English,Google Search,country,2026-09-08,70fbd70d057b238cee57df3db043a3eea72e89573d2278812516bf8fcdf617ca
raw/gkp-discover-01-whats-on-things-to-do.csv,discover,gkp-discover-01,46,private karaoke near me,private karaoke near me,GBP,500,encoded_band,100,1000,returned,0,0,Low,33,0.25,0.66,,,,2025-08-01,2026-07-31,United Kingdom,English,Google Search,country,2026-09-08,70fbd70d057b238cee57df3db043a3eea72e89573d2278812516bf8fcdf617ca
raw/gkp-discover-01-whats-on-things-to-do.csv,discover,gkp-discover-01,47,pubs with live music near me tonight,pubs with live music near me tonight,GBP,500,encoded_band,100,1000,returned,0,0,Low,4,,,,,,2025-08-01,2026-07-31,United Kingdom,English,Google Search,country,2026-09-08,70fbd70d057b238cee57df3db043a3eea72e89573d2278812516bf8fcdf617ca
raw/gkp-discover-01-whats-on-things-to-do.csv,discover,gkp-discover-01,48,what on today near me,what on today near me,GBP,50000,encoded_band,10000,100000,returned,0,0,High,97,0.32,1.22,,,,2025-08-01,2026-07-31,United Kingdom,English,Google Search,country,2026-09-08,70fbd70d057b238cee57df3db043a3eea72e89573d2278812516bf8fcdf617ca
raw/gkp-discover-01-whats-on-things-to-do.csv,discover,gkp-discover-01,49,fun events this weekend near me,fun events this weekend near me,GBP,50,encoded_band,10,100,returned,0,0,High,95,0.45,0.74,,,,2025-08-01,2026-07-31,United Kingdom,English,Google Search,country,2026-09-08,70fbd70d057b238cee57df3db043a3eea72e89573d2278812516bf8fcdf617ca
raw/gkp-discover-01-whats-on-things-to-do.csv,discover,gkp-discover-01,50,what is happening near me today,what is happening near me today,GBP,500,encoded_band,100,1000,returned,0,0,High,99,0.22,0.83,,,,2025-08-01,2026-07-31,United Kingdom,English,Google Search,country,2026-09-08,70fbd70d057b238cee57df3db043a3eea72e89573d2278812516bf8fcdf617ca
raw/gkp-discover-01-whats-on-things-to-do.csv,discover,gkp-discover-01,51,bar trivia near me,bar trivia near me,GBP,50,encoded_band,10,100,returned,0,-0.9,Low,29,0.76,1.55,,,,2025-08-01,2026-07-31,United Kingdom,English,Google Search,country,2026-09-08,70fbd70d057b238cee57df3db043a3eea72e89573d2278812516bf8fcdf617ca
raw/gkp-discover-01-whats-on-things-to-do.csv,discover,gkp-discover-01,52,what to do today near me events,what to do today near me events,GBP,50,encoded_band,10,100,returned,0,0,High,97,,,,,,2025-08-01,2026-07-31,United Kingdom,English,Google Search,country,2026-09-08,70fbd70d057b238cee57df3db043a3eea72e89573d2278812516bf8fcdf617ca
raw/gkp-discover-01-whats-on-things-to-do.csv,discover,gkp-discover-01,53,things to do in my area this weekend,things to do in my area this weekend,GBP,50,encoded_band,10,100,returned,0,0,High,84,0.14,1.87,,,,2025-08-01,2026-07-31,United Kingdom,English,Google Search,country,2026-09-08,70fbd70d057b238cee57df3db043a3eea72e89573d2278812516bf8fcdf617ca
raw/gkp-discover-01-whats-on-things-to-do.csv,discover,gkp-discover-01,54,what is happening near me this weekend,what is happening near me this weekend,GBP,50,encoded_band,10,100,returned,-0.9,0,High,89,0.43,1.34,,,,2025-08-01,2026-07-31,United Kingdom,English,Google Search,country,2026-09-08,70fbd70d057b238cee57df3db043a3eea72e89573d2278812516bf8fcdf617ca
raw/gkp-discover-01-whats-on-things-to-do.csv,discover,gkp-discover-01,55,events happening near me this weekend,events happening near me this weekend,GBP,500,encoded_band,100,1000,returned,0,0,High,100,0.37,1.16,,,,2025-08-01,2026-07-31,United Kingdom,English,Google Search,country,2026-09-08,70fbd70d057b238cee57df3db043a3eea72e89573d2278812516bf8fcdf617ca
raw/gkp-discover-01-whats-on-things-to-do.csv,discover,gkp-discover-01,56,karaoke birthday party near me,karaoke birthday party near me,GBP,50,encoded_band,10,100,returned,0,0,Low,32,0.43,1.19,,,,2025-08-01,2026-07-31,United Kingdom,English,Google Search,country,2026-09-08,70fbd70d057b238cee57df3db043a3eea72e89573d2278812516bf8fcdf617ca
raw/gkp-discover-01-whats-on-things-to-do.csv,discover,gkp-discover-01,57,what to do today in my area,what to do today in my area,GBP,50,encoded_band,10,100,returned,0,0,High,78,0.34,1.17,,,,2025-08-01,2026-07-31,United Kingdom,English,Google Search,country,2026-09-08,70fbd70d057b238cee57df3db043a3eea72e89573d2278812516bf8fcdf617ca
raw/gkp-discover-01-whats-on-things-to-do.csv,discover,gkp-discover-01,58,events around me today,events around me today,GBP,50,encoded_band,10,100,returned,0,9,High,98,0.27,1.13,,,,2025-08-01,2026-07-31,United Kingdom,English,Google Search,country,2026-09-08,70fbd70d057b238cee57df3db043a3eea72e89573d2278812516bf8fcdf617ca
raw/gkp-discover-01-whats-on-things-to-do.csv,discover,gkp-discover-01,59,karaoke near me private room,karaoke near me private room,GBP,500,encoded_band,100,1000,returned,0,0,Low,29,0.25,0.72,,,,2025-08-01,2026-07-31,United Kingdom,English,Google Search,country,2026-09-08,70fbd70d057b238cee57df3db043a3eea72e89573d2278812516bf8fcdf617ca
raw/gkp-discover-01-whats-on-things-to-do.csv,discover,gkp-discover-01,60,what to do this friday near me,what to do this friday near me,GBP,50,encoded_band,10,100,returned,0,0,High,100,,,,,,2025-08-01,2026-07-31,United Kingdom,English,Google Search,country,2026-09-08,70fbd70d057b238cee57df3db043a3eea72e89573d2278812516bf8fcdf617ca
raw/gkp-discover-01-whats-on-things-to-do.csv,discover,gkp-discover-01,61,what is there to do near me this weekend,what is there to do near me this weekend,GBP,50,encoded_band,10,100,returned,0,0,High,92,0.54,2.04,,,,2025-08-01,2026-07-31,United Kingdom,English,Google Search,country,2026-09-08,70fbd70d057b238cee57df3db043a3eea72e89573d2278812516bf8fcdf617ca
raw/gkp-discover-01-whats-on-things-to-do.csv,discover,gkp-discover-01,62,things to do near me today events,things to do near me today events,GBP,50,encoded_band,10,100,returned,0,0,Medium,39,,,,,,2025-08-01,2026-07-31,United Kingdom,English,Google Search,country,2026-09-08,70fbd70d057b238cee57df3db043a3eea72e89573d2278812516bf8fcdf617ca
raw/gkp-discover-01-whats-on-things-to-do.csv,discover,gkp-discover-01,63,fun events today near me,fun events today near me,GBP,50,encoded_band,10,100,returned,0,0,High,99,0.67,14.77,,,,2025-08-01,2026-07-31,United Kingdom,English,Google Search,country,2026-09-08,70fbd70d057b238cee57df3db043a3eea72e89573d2278812516bf8fcdf617ca
raw/gkp-discover-01-whats-on-things-to-do.csv,discover,gkp-discover-01,64,what is there to do tonight near me,what is there to do tonight near me,GBP,50,encoded_band,10,100,returned,0,9,High,99,0.19,0.88,,,,2025-08-01,2026-07-31,United Kingdom,English,Google Search,country,2026-09-08,70fbd70d057b238cee57df3db043a3eea72e89573d2278812516bf8fcdf617ca
raw/gkp-discover-01-whats-on-things-to-do.csv,discover,gkp-discover-01,65,what's happening around me this weekend,what's happening around me this weekend,GBP,50,encoded_band,10,100,returned,0,0,High,81,0.5,1.15,,,,2025-08-01,2026-07-31,United Kingdom,English,Google Search,country,2026-09-08,70fbd70d057b238cee57df3db043a3eea72e89573d2278812516bf8fcdf617ca
raw/gkp-discover-01-whats-on-things-to-do.csv,discover,gkp-discover-01,66,what on this weekend near me,what on this weekend near me,GBP,50000,encoded_band,10000,100000,returned,0,0,High,95,0.38,1.33,,,,2025-08-01,2026-07-31,United Kingdom,English,Google Search,country,2026-09-08,70fbd70d057b238cee57df3db043a3eea72e89573d2278812516bf8fcdf617ca
raw/gkp-discover-01-whats-on-things-to-do.csv,discover,gkp-discover-01,67,what to do friday night near me,what to do friday night near me,GBP,50,encoded_band,10,100,returned,0,0,High,97,,,,,,2025-08-01,2026-07-31,United Kingdom,English,Google Search,country,2026-09-08,70fbd70d057b238cee57df3db043a3eea72e89573d2278812516bf8fcdf617ca
raw/gkp-discover-01-whats-on-things-to-do.csv,discover,gkp-discover-01,68,what to do next weekend near me,what to do next weekend near me,GBP,500,encoded_band,100,1000,returned,-0.9,0,High,100,0.32,1.06,,,,2025-08-01,2026-07-31,United Kingdom,English,Google Search,country,2026-09-08,70fbd70d057b238cee57df3db043a3eea72e89573d2278812516bf8fcdf617ca
raw/gkp-discover-01-whats-on-things-to-do.csv,discover,gkp-discover-01,69,what to do saturday near me,what to do saturday near me,GBP,500,encoded_band,100,1000,returned,0,0,High,99,0.32,1.32,,,,2025-08-01,2026-07-31,United Kingdom,English,Google Search,country,2026-09-08,70fbd70d057b238cee57df3db043a3eea72e89573d2278812516bf8fcdf617ca
raw/gkp-discover-01-whats-on-things-to-do.csv,discover,gkp-discover-01,70,local pub bands near me,local pub bands near me,GBP,50,encoded_band,10,100,returned,0,0,Medium,60,0.54,4.36,,,,2025-08-01,2026-07-31,United Kingdom,English,Google Search,country,2026-09-08,70fbd70d057b238cee57df3db043a3eea72e89573d2278812516bf8fcdf617ca
raw/gkp-discover-01-whats-on-things-to-do.csv,discover,gkp-discover-01,71,what to do on memorial day near me,what to do on memorial day near me,GBP,50,encoded_band,10,100,returned,0,0,Unknown,,,,,,,2025-08-01,2026-07-31,United Kingdom,English,Google Search,country,2026-09-08,70fbd70d057b238cee57df3db043a3eea72e89573d2278812516bf8fcdf617ca
raw/gkp-discover-01-whats-on-things-to-do.csv,discover,gkp-discover-01,72,what's going on tonight near me,what's going on tonight near me,GBP,50,encoded_band,10,100,returned,0,0,High,94,0.45,1.27,,,,2025-08-01,2026-07-31,United Kingdom,English,Google Search,country,2026-09-08,70fbd70d057b238cee57df3db043a3eea72e89573d2278812516bf8fcdf617ca
raw/gkp-discover-01-whats-on-things-to-do.csv,discover,gkp-discover-01,73,what is happening around me,what is happening around me,GBP,50,encoded_band,10,100,returned,0,0,High,77,,,,,,2025-08-01,2026-07-31,United Kingdom,English,Google Search,country,2026-09-08,70fbd70d057b238cee57df3db043a3eea72e89573d2278812516bf8fcdf617ca
raw/gkp-discover-01-whats-on-things-to-do.csv,discover,gkp-discover-01,74,events around me this weekend,events around me this weekend,GBP,50,encoded_band,10,100,returned,0,0,High,100,0.34,0.87,,,,2025-08-01,2026-07-31,United Kingdom,English,Google Search,country,2026-09-08,70fbd70d057b238cee57df3db043a3eea72e89573d2278812516bf8fcdf617ca
raw/gkp-discover-01-whats-on-things-to-do.csv,discover,gkp-discover-01,75,anything happening today near me,anything happening today near me,GBP,500,encoded_band,100,1000,returned,0,0,High,100,0.51,7.21,,,,2025-08-01,2026-07-31,United Kingdom,English,Google Search,country,2026-09-08,70fbd70d057b238cee57df3db043a3eea72e89573d2278812516bf8fcdf617ca
raw/gkp-discover-01-whats-on-things-to-do.csv,discover,gkp-discover-01,76,what to do this saturday near me,what to do this saturday near me,GBP,500,encoded_band,100,1000,returned,-0.9,0,High,100,0.32,1.06,,,,2025-08-01,2026-07-31,United Kingdom,English,Google Search,country,2026-09-08,70fbd70d057b238cee57df3db043a3eea72e89573d2278812516bf8fcdf617ca
raw/gkp-discover-01-whats-on-things-to-do.csv,discover,gkp-discover-01,77,what's going on around me today,what's going on around me today,GBP,50,encoded_band,10,100,returned,0,0,High,95,0.28,1.78,,,,2025-08-01,2026-07-31,United Kingdom,English,Google Search,country,2026-09-08,70fbd70d057b238cee57df3db043a3eea72e89573d2278812516bf8fcdf617ca
raw/gkp-discover-01-whats-on-things-to-do.csv,discover,gkp-discover-01,78,korean karaoke near me,korean karaoke near me,GBP,500,encoded_band,100,1000,returned,0,0,Medium,45,,,,,,2025-08-01,2026-07-31,United Kingdom,English,Google Search,country,2026-09-08,70fbd70d057b238cee57df3db043a3eea72e89573d2278812516bf8fcdf617ca
raw/gkp-discover-01-whats-on-things-to-do.csv,discover,gkp-discover-01,79,what can i do this weekend near me,what can i do this weekend near me,GBP,50,encoded_band,10,100,returned,0,0,High,75,0.16,1.21,,,,2025-08-01,2026-07-31,United Kingdom,English,Google Search,country,2026-09-08,70fbd70d057b238cee57df3db043a3eea72e89573d2278812516bf8fcdf617ca
raw/gkp-discover-01-whats-on-things-to-do.csv,discover,gkp-discover-01,80,what can i do tomorrow near me,what can i do tomorrow near me,GBP,500,encoded_band,100,1000,returned,0,0,High,100,0.14,0.86,,,,2025-08-01,2026-07-31,United Kingdom,English,Google Search,country,2026-09-08,70fbd70d057b238cee57df3db043a3eea72e89573d2278812516bf8fcdf617ca
raw/gkp-discover-01-whats-on-things-to-do.csv,discover,gkp-discover-01,81,christmas events this weekend near me,christmas events this weekend near me,GBP,500,encoded_band,100,1000,returned,0,0,Unknown,,,,,,,2025-08-01,2026-07-31,United Kingdom,English,Google Search,country,2026-09-08,70fbd70d057b238cee57df3db043a3eea72e89573d2278812516bf8fcdf617ca
raw/gkp-discover-01-whats-on-things-to-do.csv,discover,gkp-discover-01,82,local pub quiz nights near me,local pub quiz nights near me,GBP,500,encoded_band,100,1000,returned,-0.9,-0.9,Low,2,,,,,,2025-08-01,2026-07-31,United Kingdom,English,Google Search,country,2026-09-08,70fbd70d057b238cee57df3db043a3eea72e89573d2278812516bf8fcdf617ca
raw/gkp-discover-01-whats-on-things-to-do.csv,discover,gkp-discover-01,83,what to do on the weekend near me,what to do on the weekend near me,GBP,50,encoded_band,10,100,returned,0,0,High,100,,,,,,2025-08-01,2026-07-31,United Kingdom,English,Google Search,country,2026-09-08,70fbd70d057b238cee57df3db043a3eea72e89573d2278812516bf8fcdf617ca
raw/gkp-discover-01-whats-on-things-to-do.csv,discover,gkp-discover-01,84,what events are happening this weekend near me,what events are happening this weekend near me,GBP,50,encoded_band,10,100,returned,0,0,High,88,0.38,1.56,,,,2025-08-01,2026-07-31,United Kingdom,English,Google Search,country,2026-09-08,70fbd70d057b238cee57df3db043a3eea72e89573d2278812516bf8fcdf617ca
raw/gkp-discover-01-whats-on-things-to-do.csv,discover,gkp-discover-01,85,local things to do this weekend,local things to do this weekend,GBP,50,encoded_band,10,100,returned,0,0,High,100,0.32,1.72,,,,2025-08-01,2026-07-31,United Kingdom,English,Google Search,country,2026-09-08,70fbd70d057b238cee57df3db043a3eea72e89573d2278812516bf8fcdf617ca
raw/gkp-discover-01-whats-on-things-to-do.csv,discover,gkp-discover-01,86,what to do around me this weekend,what to do around me this weekend,GBP,50,encoded_band,10,100,returned,0,0,High,83,,,,,,2025-08-01,2026-07-31,United Kingdom,English,Google Search,country,2026-09-08,70fbd70d057b238cee57df3db043a3eea72e89573d2278812516bf8fcdf617ca
raw/gkp-discover-01-whats-on-things-to-do.csv,discover,gkp-discover-01,87,live band karaoke near me,live band karaoke near me,GBP,50,encoded_band,10,100,returned,0,0,Low,22,,,,,,2025-08-01,2026-07-31,United Kingdom,English,Google Search,country,2026-09-08,70fbd70d057b238cee57df3db043a3eea72e89573d2278812516bf8fcdf617ca
raw/gkp-discover-01-whats-on-things-to-do.csv,discover,gkp-discover-01,88,what's happening tonight near me,what's happening tonight near me,GBP,50,encoded_band,10,100,returned,0,0,High,100,0.4,0.95,,,,2025-08-01,2026-07-31,United Kingdom,English,Google Search,country,2026-09-08,70fbd70d057b238cee57df3db043a3eea72e89573d2278812516bf8fcdf617ca
raw/gkp-discover-01-whats-on-things-to-do.csv,discover,gkp-discover-01,89,events and things to do near me this weekend,events and things to do near me this weekend,GBP,50,encoded_band,10,100,returned,-1,-1,Unknown,,,,,,,2025-08-01,2026-07-31,United Kingdom,English,Google Search,country,2026-09-08,70fbd70d057b238cee57df3db043a3eea72e89573d2278812516bf8fcdf617ca
raw/gkp-discover-01-whats-on-things-to-do.csv,discover,gkp-discover-01,90,things do this weekend near me,things do this weekend near me,GBP,5000,encoded_band,1000,10000,returned,0,0,High,100,0.32,1.22,,,,2025-08-01,2026-07-31,United Kingdom,English,Google Search,country,2026-09-08,70fbd70d057b238cee57df3db043a3eea72e89573d2278812516bf8fcdf617ca
raw/gkp-discover-01-whats-on-things-to-do.csv,discover,gkp-discover-01,91,what do this weekend near me,what do this weekend near me,GBP,50,encoded_band,10,100,returned,0,0,High,100,,,,,,2025-08-01,2026-07-31,United Kingdom,English,Google Search,country,2026-09-08,70fbd70d057b238cee57df3db043a3eea72e89573d2278812516bf8fcdf617ca
raw/gkp-discover-01-whats-on-things-to-do.csv,discover,gkp-discover-01,92,what to do this afternoon near me,what to do this afternoon near me,GBP,50,encoded_band,10,100,returned,9,9,High,100,0.22,0.97,,,,2025-08-01,2026-07-31,United Kingdom,English,Google Search,country,2026-09-08,70fbd70d057b238cee57df3db043a3eea72e89573d2278812516bf8fcdf617ca
raw/gkp-discover-01-whats-on-things-to-do.csv,discover,gkp-discover-01,93,special events today near me,special events today near me,GBP,50,encoded_band,10,100,returned,0,0,High,100,,,,,,2025-08-01,2026-07-31,United Kingdom,English,Google Search,country,2026-09-08,70fbd70d057b238cee57df3db043a3eea72e89573d2278812516bf8fcdf617ca
raw/gkp-discover-01-whats-on-things-to-do.csv,discover,gkp-discover-01,94,what should i do tonight near me,what should i do tonight near me,GBP,50,encoded_band,10,100,returned,0,0,Medium,57,,,,,,2025-08-01,2026-07-31,United Kingdom,English,Google Search,country,2026-09-08,70fbd70d057b238cee57df3db043a3eea72e89573d2278812516bf8fcdf617ca
raw/gkp-discover-01-whats-on-things-to-do.csv,discover,gkp-discover-01,95,what to do this sunday near me,what to do this sunday near me,GBP,500,encoded_band,100,1000,returned,0,0,High,87,0.24,1.12,,,,2025-08-01,2026-07-31,United Kingdom,English,Google Search,country,2026-09-08,70fbd70d057b238cee57df3db043a3eea72e89573d2278812516bf8fcdf617ca
raw/gkp-discover-01-whats-on-things-to-do.csv,discover,gkp-discover-01,96,area events this weekend near me,area events this weekend near me,GBP,50,encoded_band,10,100,returned,-1,0,Unknown,,,,,,,2025-08-01,2026-07-31,United Kingdom,English,Google Search,country,2026-09-08,70fbd70d057b238cee57df3db043a3eea72e89573d2278812516bf8fcdf617ca
raw/gkp-discover-01-whats-on-things-to-do.csv,discover,gkp-discover-01,97,live irish music near me,live irish music near me,GBP,500,encoded_band,100,1000,returned,0,0,Low,9,,,,,,2025-08-01,2026-07-31,United Kingdom,English,Google Search,country,2026-09-08,70fbd70d057b238cee57df3db043a3eea72e89573d2278812516bf8fcdf617ca
raw/gkp-discover-01-whats-on-things-to-do.csv,discover,gkp-discover-01,98,what to today near me,what to today near me,GBP,50,encoded_band,10,100,returned,0,0,High,95,,,,,,2025-08-01,2026-07-31,United Kingdom,English,Google Search,country,2026-09-08,70fbd70d057b238cee57df3db043a3eea72e89573d2278812516bf8fcdf617ca
raw/gkp-discover-01-whats-on-things-to-do.csv,discover,gkp-discover-01,99,pub venue hire near me,pub venue hire near me,GBP,500,encoded_band,100,1000,returned,0,0,Low,22,0.54,1.49,,,,2025-08-01,2026-07-31,United Kingdom,English,Google Search,country,2026-09-08,70fbd70d057b238cee57df3db043a3eea72e89573d2278812516bf8fcdf617ca
raw/gkp-discover-01-whats-on-things-to-do.csv,discover,gkp-discover-01,100,what to this weekend near me,what to this weekend near me,GBP,500,encoded_band,100,1000,returned,0,0,High,100,0.3,1.26,,,,2025-08-01,2026-07-31,United Kingdom,English,Google Search,country,2026-09-08,70fbd70d057b238cee57df3db043a3eea72e89573d2278812516bf8fcdf617ca
raw/gkp-discover-01-whats-on-things-to-do.csv,discover,gkp-discover-01,101,pub trivia near me,pub trivia near me,GBP,50,encoded_band,10,100,returned,0,-0.9,Low,29,0.76,1.55,,,,2025-08-01,2026-07-31,United Kingdom,English,Google Search,country,2026-09-08,70fbd70d057b238cee57df3db043a3eea72e89573d2278812516bf8fcdf617ca
raw/gkp-discover-01-whats-on-things-to-do.csv,discover,gkp-discover-01,102,what to do this evening near me,what to do this evening near me,GBP,50,encoded_band,10,100,returned,0,9,High,99,0.29,0.96,,,,2025-08-01,2026-07-31,United Kingdom,English,Google Search,country,2026-09-08,70fbd70d057b238cee57df3db043a3eea72e89573d2278812516bf8fcdf617ca
raw/gkp-discover-01-whats-on-things-to-do.csv,discover,gkp-discover-01,103,family karaoke near me,family karaoke near me,GBP,50,encoded_band,10,100,returned,0,0,Low,28,0.26,0.65,,,,2025-08-01,2026-07-31,United Kingdom,English,Google Search,country,2026-09-08,70fbd70d057b238cee57df3db043a3eea72e89573d2278812516bf8fcdf617ca
raw/gkp-discover-01-whats-on-things-to-do.csv,discover,gkp-discover-01,104,karaoke party near me,karaoke party near me,GBP,500,encoded_band,100,1000,returned,0,0,Low,26,0.38,1.12,,,,2025-08-01,2026-07-31,United Kingdom,English,Google Search,country,2026-09-08,70fbd70d057b238cee57df3db043a3eea72e89573d2278812516bf8fcdf617ca
raw/gkp-discover-01-whats-on-things-to-do.csv,discover,gkp-discover-01,105,what's on next weekend near me,what's on next weekend near me,GBP,500,encoded_band,100,1000,returned,0,0,Low,14,0.33,1.09,,,,2025-08-01,2026-07-31,United Kingdom,English,Google Search,country,2026-09-08,70fbd70d057b238cee57df3db043a3eea72e89573d2278812516bf8fcdf617ca
raw/gkp-discover-01-whats-on-things-to-do.csv,discover,gkp-discover-01,106,what events are happening near me,what events are happening near me,GBP,50,encoded_band,10,100,returned,0,0,High,100,,,,,,2025-08-01,2026-07-31,United Kingdom,English,Google Search,country,2026-09-08,70fbd70d057b238cee57df3db043a3eea72e89573d2278812516bf8fcdf617ca
raw/gkp-discover-01-whats-on-things-to-do.csv,discover,gkp-discover-01,107,what can i do near me today,what can i do near me today,GBP,500,encoded_band,100,1000,returned,0,9,High,100,0.26,1.11,,,,2025-08-01,2026-07-31,United Kingdom,English,Google Search,country,2026-09-08,70fbd70d057b238cee57df3db043a3eea72e89573d2278812516bf8fcdf617ca
raw/gkp-discover-01-whats-on-things-to-do.csv,discover,gkp-discover-01,108,events to do near me today,events to do near me today,GBP,50,encoded_band,10,100,returned,0,0,High,96,,,,,,2025-08-01,2026-07-31,United Kingdom,English,Google Search,country,2026-09-08,70fbd70d057b238cee57df3db043a3eea72e89573d2278812516bf8fcdf617ca
raw/gkp-discover-01-whats-on-things-to-do.csv,discover,gkp-discover-01,109,any events today near me,any events today near me,GBP,50,encoded_band,10,100,returned,0,0,High,86,0.33,0.73,,,,2025-08-01,2026-07-31,United Kingdom,English,Google Search,country,2026-09-08,70fbd70d057b238cee57df3db043a3eea72e89573d2278812516bf8fcdf617ca
raw/gkp-discover-01-whats-on-things-to-do.csv,discover,gkp-discover-01,110,what to do memorial day weekend near me,what to do memorial day weekend near me,GBP,,encoded_band,,,absent,,,Unknown,,,,,,,2025-08-01,2026-07-31,United Kingdom,English,Google Search,country,2026-09-08,70fbd70d057b238cee57df3db043a3eea72e89573d2278812516bf8fcdf617ca
raw/gkp-discover-01-whats-on-things-to-do.csv,discover,gkp-discover-01,111,events in my area today,events in my area today,GBP,50,encoded_band,10,100,returned,0,0,High,86,0.31,0.85,,,,2025-08-01,2026-07-31,United Kingdom,English,Google Search,country,2026-09-08,70fbd70d057b238cee57df3db043a3eea72e89573d2278812516bf8fcdf617ca
raw/gkp-discover-01-whats-on-things-to-do.csv,discover,gkp-discover-01,112,what events are happening today near me,what events are happening today near me,GBP,50,encoded_band,10,100,returned,0,0,High,94,0.23,0.91,,,,2025-08-01,2026-07-31,United Kingdom,English,Google Search,country,2026-09-08,70fbd70d057b238cee57df3db043a3eea72e89573d2278812516bf8fcdf617ca
raw/gkp-discover-01-whats-on-things-to-do.csv,discover,gkp-discover-01,113,what to do on labor day near me,what to do on labor day near me,GBP,0,encoded_band,0,0,zero,0,0,Unknown,,,,,,,2025-08-01,2026-07-31,United Kingdom,English,Google Search,country,2026-09-08,70fbd70d057b238cee57df3db043a3eea72e89573d2278812516bf8fcdf617ca
raw/gkp-discover-01-whats-on-things-to-do.csv,discover,gkp-discover-01,114,what's happening around me today,what's happening around me today,GBP,50,encoded_band,10,100,returned,-0.9,0,High,98,0.23,1.48,,,,2025-08-01,2026-07-31,United Kingdom,English,Google Search,country,2026-09-08,70fbd70d057b238cee57df3db043a3eea72e89573d2278812516bf8fcdf617ca
raw/gkp-discover-01-whats-on-things-to-do.csv,discover,gkp-discover-01,115,what to do on saturday night near me,what to do on saturday night near me,GBP,50,encoded_band,10,100,returned,0,0,High,93,,,,,,2025-08-01,2026-07-31,United Kingdom,English,Google Search,country,2026-09-08,70fbd70d057b238cee57df3db043a3eea72e89573d2278812516bf8fcdf617ca
raw/gkp-discover-01-whats-on-things-to-do.csv,discover,gkp-discover-01,116,what's happening tomorrow near me,what's happening tomorrow near me,GBP,500,encoded_band,100,1000,returned,0,0,High,99,0.4,1.1,,,,2025-08-01,2026-07-31,United Kingdom,English,Google Search,country,2026-09-08,70fbd70d057b238cee57df3db043a3eea72e89573d2278812516bf8fcdf617ca
raw/gkp-discover-01-whats-on-things-to-do.csv,discover,gkp-discover-01,117,whats to do near me today,whats to do near me today,GBP,50,encoded_band,10,100,returned,0,0,High,100,0.3,1.25,,,,2025-08-01,2026-07-31,United Kingdom,English,Google Search,country,2026-09-08,70fbd70d057b238cee57df3db043a3eea72e89573d2278812516bf8fcdf617ca
raw/gkp-discover-01-whats-on-things-to-do.csv,discover,gkp-discover-01,118,pub quiz nights near me,pub quiz nights near me,GBP,500,encoded_band,100,1000,returned,0,0,Low,4,,,,,,2025-08-01,2026-07-31,United Kingdom,English,Google Search,country,2026-09-08,70fbd70d057b238cee57df3db043a3eea72e89573d2278812516bf8fcdf617ca
raw/gkp-discover-01-whats-on-things-to-do.csv,discover,gkp-discover-01,119,things to do on weekends near me,things to do on weekends near me,GBP,5000,encoded_band,1000,10000,returned,0,0,High,100,0.32,1.22,,,,2025-08-01,2026-07-31,United Kingdom,English,Google Search,country,2026-09-08,70fbd70d057b238cee57df3db043a3eea72e89573d2278812516bf8fcdf617ca
raw/gkp-discover-01-whats-on-things-to-do.csv,discover,gkp-discover-01,120,events in my area this weekend,events in my area this weekend,GBP,50,encoded_band,10,100,returned,0,0,High,68,0.45,1.18,,,,2025-08-01,2026-07-31,United Kingdom,English,Google Search,country,2026-09-08,70fbd70d057b238cee57df3db043a3eea72e89573d2278812516bf8fcdf617ca
raw/gkp-discover-01-whats-on-things-to-do.csv,discover,gkp-discover-01,121,what's happening in my area right now,what's happening in my area right now,GBP,50,encoded_band,10,100,returned,0,0,Medium,42,,,,,,2025-08-01,2026-07-31,United Kingdom,English,Google Search,country,2026-09-08,70fbd70d057b238cee57df3db043a3eea72e89573d2278812516bf8fcdf617ca
raw/gkp-discover-01-whats-on-things-to-do.csv,discover,gkp-discover-01,122,karaoke places for under 18 near me,karaoke places for under 18 near me,GBP,50,encoded_band,10,100,returned,0,0,Low,11,,,,,,2025-08-01,2026-07-31,United Kingdom,English,Google Search,country,2026-09-08,70fbd70d057b238cee57df3db043a3eea72e89573d2278812516bf8fcdf617ca
raw/gkp-discover-01-whats-on-things-to-do.csv,discover,gkp-discover-01,123,things to do nearby this weekend,things to do nearby this weekend,GBP,50,encoded_band,10,100,returned,0,0,High,100,,,,,,2025-08-01,2026-07-31,United Kingdom,English,Google Search,country,2026-09-08,70fbd70d057b238cee57df3db043a3eea72e89573d2278812516bf8fcdf617ca
raw/gkp-discover-01-whats-on-things-to-do.csv,discover,gkp-discover-01,124,pub gigs near me,pub gigs near me,GBP,50,encoded_band,10,100,returned,0,-0.9,Low,4,,,,,,2025-08-01,2026-07-31,United Kingdom,English,Google Search,country,2026-09-08,70fbd70d057b238cee57df3db043a3eea72e89573d2278812516bf8fcdf617ca
raw/gkp-discover-01-whats-on-things-to-do.csv,discover,gkp-discover-01,125,midnight bingo near me,midnight bingo near me,GBP,50,encoded_band,10,100,returned,0,0,High,86,2.27,10.65,,,,2025-08-01,2026-07-31,United Kingdom,English,Google Search,country,2026-09-08,70fbd70d057b238cee57df3db043a3eea72e89573d2278812516bf8fcdf617ca
raw/gkp-discover-01-whats-on-things-to-do.csv,discover,gkp-discover-01,126,what's going on in my area this weekend,what's going on in my area this weekend,GBP,50,encoded_band,10,100,returned,0,0,High,75,0.33,1.13,,,,2025-08-01,2026-07-31,United Kingdom,English,Google Search,country,2026-09-08,70fbd70d057b238cee57df3db043a3eea72e89573d2278812516bf8fcdf617ca
raw/gkp-discover-01-whats-on-things-to-do.csv,discover,gkp-discover-01,127,pubs for hire near me,pubs for hire near me,GBP,500,encoded_band,100,1000,returned,0,0,Low,21,0.54,1.91,,,,2025-08-01,2026-07-31,United Kingdom,English,Google Search,country,2026-09-08,70fbd70d057b238cee57df3db043a3eea72e89573d2278812516bf8fcdf617ca
raw/gkp-discover-01-whats-on-things-to-do.csv,discover,gkp-discover-01,128,events going on near me today,events going on near me today,GBP,500,encoded_band,100,1000,returned,0,0,High,100,0.35,1.06,,,,2025-08-01,2026-07-31,United Kingdom,English,Google Search,country,2026-09-08,70fbd70d057b238cee57df3db043a3eea72e89573d2278812516bf8fcdf617ca
raw/gkp-discover-01-whats-on-things-to-do.csv,discover,gkp-discover-01,129,things to do the weekend near me,things to do the weekend near me,GBP,50,encoded_band,10,100,returned,0,0,High,88,,,,,,2025-08-01,2026-07-31,United Kingdom,English,Google Search,country,2026-09-08,70fbd70d057b238cee57df3db043a3eea72e89573d2278812516bf8fcdf617ca
raw/gkp-discover-01-whats-on-things-to-do.csv,discover,gkp-discover-01,130,what to do for memorial day weekend near me,what to do for memorial day weekend near me,GBP,0,encoded_band,0,0,zero,0,0,Unknown,,,,,,,2025-08-01,2026-07-31,United Kingdom,English,Google Search,country,2026-09-08,70fbd70d057b238cee57df3db043a3eea72e89573d2278812516bf8fcdf617ca
raw/gkp-discover-01-whats-on-things-to-do.csv,discover,gkp-discover-01,131,things to do near me weekend,things to do near me weekend,GBP,5000,encoded_band,1000,10000,returned,0,0,High,100,0.32,1.22,,,,2025-08-01,2026-07-31,United Kingdom,English,Google Search,country,2026-09-08,70fbd70d057b238cee57df3db043a3eea72e89573d2278812516bf8fcdf617ca
raw/gkp-discover-01-whats-on-things-to-do.csv,discover,gkp-discover-01,132,karaoke near me for birthday party,karaoke near me for birthday party,GBP,50,encoded_band,10,100,returned,0,-1,Unknown,,,,,,,2025-08-01,2026-07-31,United Kingdom,English,Google Search,country,2026-09-08,70fbd70d057b238cee57df3db043a3eea72e89573d2278812516bf8fcdf617ca
raw/gkp-discover-01-whats-on-things-to-do.csv,discover,gkp-discover-01,133,what's there to do this weekend near me,what's there to do this weekend near me,GBP,50,encoded_band,10,100,returned,-1,0,Unknown,,,,,,,2025-08-01,2026-07-31,United Kingdom,English,Google Search,country,2026-09-08,70fbd70d057b238cee57df3db043a3eea72e89573d2278812516bf8fcdf617ca
raw/gkp-discover-01-whats-on-things-to-do.csv,discover,gkp-discover-01,134,best karaoke near me,best karaoke near me,GBP,50,encoded_band,10,100,returned,0,0,Low,24,,,,,,2025-08-01,2026-07-31,United Kingdom,English,Google Search,country,2026-09-08,70fbd70d057b238cee57df3db043a3eea72e89573d2278812516bf8fcdf617ca
raw/gkp-discover-01-whats-on-things-to-do.csv,discover,gkp-discover-01,135,what can we do tomorrow near me,what can we do tomorrow near me,GBP,50,encoded_band,10,100,returned,0,0,High,68,0.14,1.12,,,,2025-08-01,2026-07-31,United Kingdom,English,Google Search,country,2026-09-08,70fbd70d057b238cee57df3db043a3eea72e89573d2278812516bf8fcdf617ca
raw/gkp-discover-01-whats-on-things-to-do.csv,discover,gkp-discover-01,136,what to do saturday night near me,what to do saturday night near me,GBP,50,encoded_band,10,100,returned,0,0,High,93,,,,,,2025-08-01,2026-07-31,United Kingdom,English,Google Search,country,2026-09-08,70fbd70d057b238cee57df3db043a3eea72e89573d2278812516bf8fcdf617ca
raw/gkp-discover-01-whats-on-things-to-do.csv,discover,gkp-discover-01,137,cheap karaoke near me,cheap karaoke near me,GBP,500,encoded_band,100,1000,returned,0,0,Medium,49,0.25,0.66,,,,2025-08-01,2026-07-31,United Kingdom,English,Google Search,country,2026-09-08,70fbd70d057b238cee57df3db043a3eea72e89573d2278812516bf8fcdf617ca
raw/gkp-discover-01-whats-on-things-to-do.csv,discover,gkp-discover-01,138,ktv bar near me,ktv bar near me,GBP,50,encoded_band,10,100,returned,0,0,Low,10,,,,,,2025-08-01,2026-07-31,United Kingdom,English,Google Search,country,2026-09-08,70fbd70d057b238cee57df3db043a3eea72e89573d2278812516bf8fcdf617ca
raw/gkp-discover-01-whats-on-things-to-do.csv,discover,gkp-discover-01,139,what's happening this weekend around me,what's happening this weekend around me,GBP,50,encoded_band,10,100,returned,0,,High,100,,,,,,2025-08-01,2026-07-31,United Kingdom,English,Google Search,country,2026-09-08,70fbd70d057b238cee57df3db043a3eea72e89573d2278812516bf8fcdf617ca
raw/gkp-discover-01-whats-on-things-to-do.csv,discover,gkp-discover-01,140,what to do on memorial day weekend near me,what to do on memorial day weekend near me,GBP,0,encoded_band,0,0,zero,0,0,Unknown,,,,,,,2025-08-01,2026-07-31,United Kingdom,English,Google Search,country,2026-09-08,70fbd70d057b238cee57df3db043a3eea72e89573d2278812516bf8fcdf617ca
raw/gkp-discover-01-whats-on-things-to-do.csv,discover,gkp-discover-01,141,pub quiz wednesday near me,pub quiz wednesday near me,GBP,500,encoded_band,100,1000,returned,0,0,Low,11,0.5,2.8,,,,2025-08-01,2026-07-31,United Kingdom,English,Google Search,country,2026-09-08,70fbd70d057b238cee57df3db043a3eea72e89573d2278812516bf8fcdf617ca
raw/gkp-discover-01-whats-on-things-to-do.csv,discover,gkp-discover-01,142,what can i do tonight near me,what can i do tonight near me,GBP,500,encoded_band,100,1000,returned,0,9,High,100,0.26,1.11,,,,2025-08-01,2026-07-31,United Kingdom,English,Google Search,country,2026-09-08,70fbd70d057b238cee57df3db043a3eea72e89573d2278812516bf8fcdf617ca
raw/gkp-discover-01-whats-on-things-to-do.csv,discover,gkp-discover-01,143,late night bingo near me,late night bingo near me,GBP,50,encoded_band,10,100,returned,0,0,Low,5,,,,,,2025-08-01,2026-07-31,United Kingdom,English,Google Search,country,2026-09-08,70fbd70d057b238cee57df3db043a3eea72e89573d2278812516bf8fcdf617ca
raw/gkp-discover-01-whats-on-things-to-do.csv,discover,gkp-discover-01,144,karaoke booth near me,karaoke booth near me,GBP,500,encoded_band,100,1000,returned,0,0,Low,30,0.24,0.77,,,,2025-08-01,2026-07-31,United Kingdom,English,Google Search,country,2026-09-08,70fbd70d057b238cee57df3db043a3eea72e89573d2278812516bf8fcdf617ca
raw/gkp-discover-01-whats-on-things-to-do.csv,discover,gkp-discover-01,145,what is going on this weekend around me,what is going on this weekend around me,GBP,50,encoded_band,10,100,returned,,0,Medium,33,,,,,,2025-08-01,2026-07-31,United Kingdom,English,Google Search,country,2026-09-08,70fbd70d057b238cee57df3db043a3eea72e89573d2278812516bf8fcdf617ca
raw/gkp-discover-01-whats-on-things-to-do.csv,discover,gkp-discover-01,146,night pub near me,night pub near me,GBP,500,encoded_band,100,1000,returned,0,0,Medium,35,,,,,,2025-08-01,2026-07-31,United Kingdom,English,Google Search,country,2026-09-08,70fbd70d057b238cee57df3db043a3eea72e89573d2278812516bf8fcdf617ca
raw/gkp-discover-01-whats-on-things-to-do.csv,discover,gkp-discover-01,147,things to do in weekend near me,things to do in weekend near me,GBP,5000,encoded_band,1000,10000,returned,0,0,High,100,0.32,1.22,,,,2025-08-01,2026-07-31,United Kingdom,English,Google Search,country,2026-09-08,70fbd70d057b238cee57df3db043a3eea72e89573d2278812516bf8fcdf617ca
raw/gkp-discover-01-whats-on-things-to-do.csv,discover,gkp-discover-01,148,what is there to do tomorrow near me,what is there to do tomorrow near me,GBP,50,encoded_band,10,100,returned,0,0,High,83,0.22,0.91,,,,2025-08-01,2026-07-31,United Kingdom,English,Google Search,country,2026-09-08,70fbd70d057b238cee57df3db043a3eea72e89573d2278812516bf8fcdf617ca
raw/gkp-discover-01-whats-on-things-to-do.csv,discover,gkp-discover-01,149,area events today near me,area events today near me,GBP,0,encoded_band,0,0,zero,0,0,Unknown,,,,,,,2025-08-01,2026-07-31,United Kingdom,English,Google Search,country,2026-09-08,70fbd70d057b238cee57df3db043a3eea72e89573d2278812516bf8fcdf617ca
raw/gkp-discover-01-whats-on-things-to-do.csv,discover,gkp-discover-01,150,things to do weekend near me,things to do weekend near me,GBP,5000,encoded_band,1000,10000,returned,0,0,High,100,0.32,1.22,,,,2025-08-01,2026-07-31,United Kingdom,English,Google Search,country,2026-09-08,70fbd70d057b238cee57df3db043a3eea72e89573d2278812516bf8fcdf617ca
raw/gkp-discover-01-whats-on-things-to-do.csv,discover,gkp-discover-01,151,local family events this weekend,local family events this weekend,GBP,50,encoded_band,10,100,returned,0,0,Medium,50,,,,,,2025-08-01,2026-07-31,United Kingdom,English,Google Search,country,2026-09-08,70fbd70d057b238cee57df3db043a3eea72e89573d2278812516bf8fcdf617ca
raw/gkp-discover-01-whats-on-things-to-do.csv,discover,gkp-discover-01,152,what's going on tomorrow near me,what's going on tomorrow near me,GBP,50,encoded_band,10,100,returned,9,0,High,100,0.24,1.09,,,,2025-08-01,2026-07-31,United Kingdom,English,Google Search,country,2026-09-08,70fbd70d057b238cee57df3db043a3eea72e89573d2278812516bf8fcdf617ca
raw/gkp-discover-01-whats-on-things-to-do.csv,discover,gkp-discover-01,153,what events are going on near me,what events are going on near me,GBP,50,encoded_band,10,100,returned,0,0,Medium,58,,,,,,2025-08-01,2026-07-31,United Kingdom,English,Google Search,country,2026-09-08,70fbd70d057b238cee57df3db043a3eea72e89573d2278812516bf8fcdf617ca
raw/gkp-discover-01-whats-on-things-to-do.csv,discover,gkp-discover-01,154,bank holiday things to do near me,bank holiday things to do near me,GBP,500,encoded_band,100,1000,returned,-0.99,0,Low,0,,,,,,2025-08-01,2026-07-31,United Kingdom,English,Google Search,country,2026-09-08,70fbd70d057b238cee57df3db043a3eea72e89573d2278812516bf8fcdf617ca
raw/gkp-discover-01-whats-on-things-to-do.csv,discover,gkp-discover-01,155,what's to do this weekend near me,what's to do this weekend near me,GBP,500,encoded_band,100,1000,returned,-0.9,0,High,100,0.32,1.06,,,,2025-08-01,2026-07-31,United Kingdom,English,Google Search,country,2026-09-08,70fbd70d057b238cee57df3db043a3eea72e89573d2278812516bf8fcdf617ca
raw/gkp-discover-01-whats-on-things-to-do.csv,discover,gkp-discover-01,156,what's happening near me right now,what's happening near me right now,GBP,50,encoded_band,10,100,returned,0,0,High,79,,,,,,2025-08-01,2026-07-31,United Kingdom,English,Google Search,country,2026-09-08,70fbd70d057b238cee57df3db043a3eea72e89573d2278812516bf8fcdf617ca
raw/gkp-discover-01-whats-on-things-to-do.csv,discover,gkp-discover-01,157,what to do tonight around me,what to do tonight around me,GBP,50,encoded_band,10,100,returned,0,-1,Unknown,,,,,,,2025-08-01,2026-07-31,United Kingdom,English,Google Search,country,2026-09-08,70fbd70d057b238cee57df3db043a3eea72e89573d2278812516bf8fcdf617ca
raw/gkp-discover-01-whats-on-things-to-do.csv,discover,gkp-discover-01,158,what's going on around me this weekend,what's going on around me this weekend,GBP,50,encoded_band,10,100,returned,0,0,High,90,,,,,,2025-08-01,2026-07-31,United Kingdom,English,Google Search,country,2026-09-08,70fbd70d057b238cee57df3db043a3eea72e89573d2278812516bf8fcdf617ca
raw/gkp-discover-01-whats-on-things-to-do.csv,discover,gkp-discover-01,159,pub quiz near me thursday,pub quiz near me thursday,GBP,500,encoded_band,100,1000,returned,0,0,Low,7,,,,,,2025-08-01,2026-07-31,United Kingdom,English,Google Search,country,2026-09-08,70fbd70d057b238cee57df3db043a3eea72e89573d2278812516bf8fcdf617ca
raw/gkp-discover-01-whats-on-things-to-do.csv,discover,gkp-discover-01,160,things to do this weekend with family near me,things to do this weekend with family near me,GBP,50,encoded_band,10,100,returned,,0,Low,21,,,,,,2025-08-01,2026-07-31,United Kingdom,English,Google Search,country,2026-09-08,70fbd70d057b238cee57df3db043a3eea72e89573d2278812516bf8fcdf617ca
raw/gkp-discover-01-whats-on-things-to-do.csv,discover,gkp-discover-01,161,things to do at the weekend near me,things to do at the weekend near me,GBP,5000,encoded_band,1000,10000,returned,0,0,High,100,0.32,1.22,,,,2025-08-01,2026-07-31,United Kingdom,English,Google Search,country,2026-09-08,70fbd70d057b238cee57df3db043a3eea72e89573d2278812516bf8fcdf617ca
raw/gkp-discover-01-whats-on-things-to-do.csv,discover,gkp-discover-01,162,what to do on a saturday night near me,what to do on a saturday night near me,GBP,50,encoded_band,10,100,returned,0,0,High,93,,,,,,2025-08-01,2026-07-31,United Kingdom,English,Google Search,country,2026-09-08,70fbd70d057b238cee57df3db043a3eea72e89573d2278812516bf8fcdf617ca
raw/gkp-discover-01-whats-on-things-to-do.csv,discover,gkp-discover-01,163,what's happening in near me this weekend,what's happening in near me this weekend,GBP,50,encoded_band,10,100,returned,0,0,Medium,52,,,,,,2025-08-01,2026-07-31,United Kingdom,English,Google Search,country,2026-09-08,70fbd70d057b238cee57df3db043a3eea72e89573d2278812516bf8fcdf617ca
raw/gkp-discover-01-whats-on-things-to-do.csv,discover,gkp-discover-01,164,pubs with private dining rooms near me,pubs with private dining rooms near me,GBP,500,encoded_band,100,1000,returned,0,-0.9,Low,22,0.49,1.16,,,,2025-08-01,2026-07-31,United Kingdom,English,Google Search,country,2026-09-08,70fbd70d057b238cee57df3db043a3eea72e89573d2278812516bf8fcdf617ca
raw/gkp-discover-01-whats-on-things-to-do.csv,discover,gkp-discover-01,165,events nearby this weekend,events nearby this weekend,GBP,50,encoded_band,10,100,returned,0,0,High,100,0.22,1.49,,,,2025-08-01,2026-07-31,United Kingdom,English,Google Search,country,2026-09-08,70fbd70d057b238cee57df3db043a3eea72e89573d2278812516bf8fcdf617ca
raw/gkp-discover-01-whats-on-things-to-do.csv,discover,gkp-discover-01,166,what's happening in my area today,what's happening in my area today,GBP,50,encoded_band,10,100,returned,0,0,High,93,,,,,,2025-08-01,2026-07-31,United Kingdom,English,Google Search,country,2026-09-08,70fbd70d057b238cee57df3db043a3eea72e89573d2278812516bf8fcdf617ca
raw/gkp-discover-01-whats-on-things-to-do.csv,discover,gkp-discover-01,167,pub music near me,pub music near me,GBP,5000,encoded_band,1000,10000,returned,0,0,Low,20,0.31,0.99,,,,2025-08-01,2026-07-31,United Kingdom,English,Google Search,country,2026-09-08,70fbd70d057b238cee57df3db043a3eea72e89573d2278812516bf8fcdf617ca
raw/gkp-discover-01-whats-on-things-to-do.csv,discover,gkp-discover-01,168,things to do with family near me this weekend,things to do with family near me this weekend,GBP,50,encoded_band,10,100,returned,0,0,Low,20,,,,,,2025-08-01,2026-07-31,United Kingdom,English,Google Search,country,2026-09-08,70fbd70d057b238cee57df3db043a3eea72e89573d2278812516bf8fcdf617ca
raw/gkp-discover-01-whats-on-things-to-do.csv,discover,gkp-discover-01,169,karaoke nearby,karaoke nearby,GBP,500,encoded_band,100,1000,returned,0,0,Low,16,0.23,0.76,,,,2025-08-01,2026-07-31,United Kingdom,English,Google Search,country,2026-09-08,70fbd70d057b238cee57df3db043a3eea72e89573d2278812516bf8fcdf617ca
raw/gkp-discover-01-whats-on-things-to-do.csv,discover,gkp-discover-01,170,karaoke lounge near me,karaoke lounge near me,GBP,50,encoded_band,10,100,returned,0,0,Low,12,,,,,,2025-08-01,2026-07-31,United Kingdom,English,Google Search,country,2026-09-08,70fbd70d057b238cee57df3db043a3eea72e89573d2278812516bf8fcdf617ca
raw/gkp-discover-01-whats-on-things-to-do.csv,discover,gkp-discover-01,171,any events this weekend near me,any events this weekend near me,GBP,50,encoded_band,10,100,returned,9,9,High,97,0.35,1.05,,,,2025-08-01,2026-07-31,United Kingdom,English,Google Search,country,2026-09-08,70fbd70d057b238cee57df3db043a3eea72e89573d2278812516bf8fcdf617ca
raw/gkp-discover-01-whats-on-things-to-do.csv,discover,gkp-discover-01,172,events going on near me this weekend,events going on near me this weekend,GBP,50,encoded_band,10,100,returned,0,0,High,87,,,,,,2025-08-01,2026-07-31,United Kingdom,English,Google Search,country,2026-09-08,70fbd70d057b238cee57df3db043a3eea72e89573d2278812516bf8fcdf617ca
raw/gkp-discover-01-whats-on-things-to-do.csv,discover,gkp-discover-01,173,things to do near me on the weekend,things to do near me on the weekend,GBP,50,encoded_band,10,100,returned,0,0,High,67,,,,,,2025-08-01,2026-07-31,United Kingdom,English,Google Search,country,2026-09-08,70fbd70d057b238cee57df3db043a3eea72e89573d2278812516bf8fcdf617ca
raw/gkp-discover-01-whats-on-things-to-do.csv,discover,gkp-discover-01,174,family friendly events today near me,family friendly events today near me,GBP,50,encoded_band,10,100,returned,0,0,High,92,,,,,,2025-08-01,2026-07-31,United Kingdom,English,Google Search,country,2026-09-08,70fbd70d057b238cee57df3db043a3eea72e89573d2278812516bf8fcdf617ca
raw/gkp-discover-01-whats-on-things-to-do.csv,discover,gkp-discover-01,175,what's up this weekend near me,what's up this weekend near me,GBP,50,encoded_band,10,100,returned,,0,Medium,46,,,,,,2025-08-01,2026-07-31,United Kingdom,English,Google Search,country,2026-09-08,70fbd70d057b238cee57df3db043a3eea72e89573d2278812516bf8fcdf617ca
raw/gkp-discover-01-whats-on-things-to-do.csv,discover,gkp-discover-01,176,what to do near me today events,what to do near me today events,GBP,50,encoded_band,10,100,returned,,,High,71,,,,,,2025-08-01,2026-07-31,United Kingdom,English,Google Search,country,2026-09-08,70fbd70d057b238cee57df3db043a3eea72e89573d2278812516bf8fcdf617ca
raw/gkp-discover-01-whats-on-things-to-do.csv,discover,gkp-discover-01,177,pub function room hire near me,pub function room hire near me,GBP,50,encoded_band,10,100,returned,9,0,Low,17,0.49,1.76,,,,2025-08-01,2026-07-31,United Kingdom,English,Google Search,country,2026-09-08,70fbd70d057b238cee57df3db043a3eea72e89573d2278812516bf8fcdf617ca
raw/gkp-discover-01-whats-on-things-to-do.csv,discover,gkp-discover-01,178,karaoke near me under 21,karaoke near me under 21,GBP,50,encoded_band,10,100,returned,0,-1,Unknown,,,,,,,2025-08-01,2026-07-31,United Kingdom,English,Google Search,country,2026-09-08,70fbd70d057b238cee57df3db043a3eea72e89573d2278812516bf8fcdf617ca
raw/gkp-discover-01-whats-on-things-to-do.csv,discover,gkp-discover-01,179,local trivia nights near me,local trivia nights near me,GBP,50,encoded_band,10,100,returned,0,,Low,0,,,,,,2025-08-01,2026-07-31,United Kingdom,English,Google Search,country,2026-09-08,70fbd70d057b238cee57df3db043a3eea72e89573d2278812516bf8fcdf617ca
raw/gkp-discover-01-whats-on-things-to-do.csv,discover,gkp-discover-01,180,karaoke restaurants near me,karaoke restaurants near me,GBP,50,encoded_band,10,100,returned,0,-0.9,Low,28,,,,,,2025-08-01,2026-07-31,United Kingdom,English,Google Search,country,2026-09-08,70fbd70d057b238cee57df3db043a3eea72e89573d2278812516bf8fcdf617ca
raw/gkp-discover-01-whats-on-things-to-do.csv,discover,gkp-discover-01,181,best things to do this weekend near me,best things to do this weekend near me,GBP,50,encoded_band,10,100,returned,0,0,Low,0,,,,,,2025-08-01,2026-07-31,United Kingdom,English,Google Search,country,2026-09-08,70fbd70d057b238cee57df3db043a3eea72e89573d2278812516bf8fcdf617ca
raw/gkp-discover-01-whats-on-things-to-do.csv,discover,gkp-discover-01,182,what to do labor day weekend near me,what to do labor day weekend near me,GBP,50,encoded_band,10,100,returned,0,0,Unknown,,,,,,,2025-08-01,2026-07-31,United Kingdom,English,Google Search,country,2026-09-08,70fbd70d057b238cee57df3db043a3eea72e89573d2278812516bf8fcdf617ca
raw/gkp-discover-01-whats-on-things-to-do.csv,discover,gkp-discover-01,183,friday night bingo near me,friday night bingo near me,GBP,50,encoded_band,10,100,returned,0,0,Low,1,,,,,,2025-08-01,2026-07-31,United Kingdom,English,Google Search,country,2026-09-08,70fbd70d057b238cee57df3db043a3eea72e89573d2278812516bf8fcdf617ca
raw/gkp-discover-01-whats-on-things-to-do.csv,discover,gkp-discover-01,184,what is going on tonight near me,what is going on tonight near me,GBP,50,encoded_band,10,100,returned,0,0,High,100,,,,,,2025-08-01,2026-07-31,United Kingdom,English,Google Search,country,2026-09-08,70fbd70d057b238cee57df3db043a3eea72e89573d2278812516bf8fcdf617ca
raw/gkp-discover-01-whats-on-things-to-do.csv,discover,gkp-discover-01,185,what to do in my area this weekend,what to do in my area this weekend,GBP,50,encoded_band,10,100,returned,0,0,Medium,57,,,,,,2025-08-01,2026-07-31,United Kingdom,English,Google Search,country,2026-09-08,70fbd70d057b238cee57df3db043a3eea72e89573d2278812516bf8fcdf617ca
raw/gkp-discover-01-whats-on-things-to-do.csv,discover,gkp-discover-01,186,things near me to do this weekend,things near me to do this weekend,GBP,50,encoded_band,10,100,returned,0,0,High,100,,,,,,2025-08-01,2026-07-31,United Kingdom,English,Google Search,country,2026-09-08,70fbd70d057b238cee57df3db043a3eea72e89573d2278812516bf8fcdf617ca
raw/gkp-discover-01-whats-on-things-to-do.csv,discover,gkp-discover-01,187,what can we do this weekend near me,what can we do this weekend near me,GBP,50,encoded_band,10,100,returned,0,0,High,86,0.21,0.97,,,,2025-08-01,2026-07-31,United Kingdom,English,Google Search,country,2026-09-08,70fbd70d057b238cee57df3db043a3eea72e89573d2278812516bf8fcdf617ca
raw/gkp-discover-01-whats-on-things-to-do.csv,discover,gkp-discover-01,188,what do near me today,what do near me today,GBP,50,encoded_band,10,100,returned,0,0,High,100,,,,,,2025-08-01,2026-07-31,United Kingdom,English,Google Search,country,2026-09-08,70fbd70d057b238cee57df3db043a3eea72e89573d2278812516bf8fcdf617ca
raw/gkp-discover-01-whats-on-things-to-do.csv,discover,gkp-discover-01,189,what's there to do today around me,what's there to do today around me,GBP,50,encoded_band,10,100,returned,0,-1,Unknown,,,,,,,2025-08-01,2026-07-31,United Kingdom,English,Google Search,country,2026-09-08,70fbd70d057b238cee57df3db043a3eea72e89573d2278812516bf8fcdf617ca
raw/gkp-discover-01-whats-on-things-to-do.csv,discover,gkp-discover-01,190,local events today near me,local events today near me,GBP,500,encoded_band,100,1000,returned,0,0,High,96,0.32,1.48,,,,2025-08-01,2026-07-31,United Kingdom,English,Google Search,country,2026-09-08,70fbd70d057b238cee57df3db043a3eea72e89573d2278812516bf8fcdf617ca
raw/gkp-discover-01-whats-on-things-to-do.csv,discover,gkp-discover-01,191,what's on around me today,what's on around me today,GBP,500,encoded_band,100,1000,returned,0,0,High,94,0.31,1.41,,,,2025-08-01,2026-07-31,United Kingdom,English,Google Search,country,2026-09-08,70fbd70d057b238cee57df3db043a3eea72e89573d2278812516bf8fcdf617ca
raw/gkp-discover-01-whats-on-things-to-do.csv,discover,gkp-discover-01,192,karaoke pubs near me,karaoke pubs near me,GBP,500,encoded_band,100,1000,returned,0,0,Low,19,,,,,,2025-08-01,2026-07-31,United Kingdom,English,Google Search,country,2026-09-08,70fbd70d057b238cee57df3db043a3eea72e89573d2278812516bf8fcdf617ca
raw/gkp-discover-01-whats-on-things-to-do.csv,discover,gkp-discover-01,193,karaoke for minors near me,karaoke for minors near me,GBP,50,encoded_band,10,100,returned,0,,Medium,52,,,,,,2025-08-01,2026-07-31,United Kingdom,English,Google Search,country,2026-09-08,70fbd70d057b238cee57df3db043a3eea72e89573d2278812516bf8fcdf617ca
raw/gkp-discover-01-whats-on-things-to-do.csv,discover,gkp-discover-01,194,pubs for private hire near me,pubs for private hire near me,GBP,50,encoded_band,10,100,returned,0,0,Medium,36,0.75,2.75,,,,2025-08-01,2026-07-31,United Kingdom,English,Google Search,country,2026-09-08,70fbd70d057b238cee57df3db043a3eea72e89573d2278812516bf8fcdf617ca
raw/gkp-discover-01-whats-on-things-to-do.csv,discover,gkp-discover-01,195,what to do near me this weekend 2022,what to do near me this weekend 2022,GBP,0,encoded_band,0,0,zero,0,0,Unknown,,,,,,,2025-08-01,2026-07-31,United Kingdom,English,Google Search,country,2026-09-08,70fbd70d057b238cee57df3db043a3eea72e89573d2278812516bf8fcdf617ca
raw/gkp-discover-01-whats-on-things-to-do.csv,discover,gkp-discover-01,196,bar trivia near me tonight,bar trivia near me tonight,GBP,50,encoded_band,10,100,returned,0,0,Low,5,,,,,,2025-08-01,2026-07-31,United Kingdom,English,Google Search,country,2026-09-08,70fbd70d057b238cee57df3db043a3eea72e89573d2278812516bf8fcdf617ca
raw/gkp-discover-01-whats-on-things-to-do.csv,discover,gkp-discover-01,197,nearest karaoke bar,nearest karaoke bar,GBP,50,encoded_band,10,100,returned,0,0,Low,17,0.48,0.67,,,,2025-08-01,2026-07-31,United Kingdom,English,Google Search,country,2026-09-08,70fbd70d057b238cee57df3db043a3eea72e89573d2278812516bf8fcdf617ca
raw/gkp-discover-01-whats-on-things-to-do.csv,discover,gkp-discover-01,198,special events this weekend near me,special events this weekend near me,GBP,50,encoded_band,10,100,returned,0,0,Medium,51,,,,,,2025-08-01,2026-07-31,United Kingdom,English,Google Search,country,2026-09-08,70fbd70d057b238cee57df3db043a3eea72e89573d2278812516bf8fcdf617ca
raw/gkp-discover-01-whats-on-things-to-do.csv,discover,gkp-discover-01,199,pub quiz near me wednesday,pub quiz near me wednesday,GBP,500,encoded_band,100,1000,returned,0,0,Low,11,0.5,2.8,,,,2025-08-01,2026-07-31,United Kingdom,English,Google Search,country,2026-09-08,70fbd70d057b238cee57df3db043a3eea72e89573d2278812516bf8fcdf617ca
raw/gkp-discover-01-whats-on-things-to-do.csv,discover,gkp-discover-01,200,pub poker nights near me,pub poker nights near me,GBP,50,encoded_band,10,100,returned,0,0,Low,0,,,,,,2025-08-01,2026-07-31,United Kingdom,English,Google Search,country,2026-09-08,70fbd70d057b238cee57df3db043a3eea72e89573d2278812516bf8fcdf617ca
raw/gkp-discover-01-whats-on-things-to-do.csv,discover,gkp-discover-01,201,what events are on today near me,what events are on today near me,GBP,500,encoded_band,100,1000,returned,0,0,High,100,0.27,1.69,,,,2025-08-01,2026-07-31,United Kingdom,English,Google Search,country,2026-09-08,70fbd70d057b238cee57df3db043a3eea72e89573d2278812516bf8fcdf617ca
raw/gkp-discover-01-whats-on-things-to-do.csv,discover,gkp-discover-01,202,karaoke near me for minors,karaoke near me for minors,GBP,50,encoded_band,10,100,returned,0,0,Medium,57,,,,,,2025-08-01,2026-07-31,United Kingdom,English,Google Search,country,2026-09-08,70fbd70d057b238cee57df3db043a3eea72e89573d2278812516bf8fcdf617ca
raw/gkp-discover-01-whats-on-things-to-do.csv,discover,gkp-discover-01,203,what is on near me this weekend,what is on near me this weekend,GBP,500,encoded_band,100,1000,returned,0,0,High,100,0.3,1.26,,,,2025-08-01,2026-07-31,United Kingdom,English,Google Search,country,2026-09-08,70fbd70d057b238cee57df3db043a3eea72e89573d2278812516bf8fcdf617ca
raw/gkp-discover-01-whats-on-things-to-do.csv,discover,gkp-discover-01,204,any events going on near me,any events going on near me,GBP,50,encoded_band,10,100,returned,0,0,Medium,43,,,,,,2025-08-01,2026-07-31,United Kingdom,English,Google Search,country,2026-09-08,70fbd70d057b238cee57df3db043a3eea72e89573d2278812516bf8fcdf617ca
raw/gkp-discover-01-whats-on-things-to-do.csv,discover,gkp-discover-01,205,what to do in weekend near me,what to do in weekend near me,GBP,50,encoded_band,10,100,returned,-1,0,Unknown,,,,,,,2025-08-01,2026-07-31,United Kingdom,English,Google Search,country,2026-09-08,70fbd70d057b238cee57df3db043a3eea72e89573d2278812516bf8fcdf617ca
raw/gkp-discover-01-whats-on-things-to-do.csv,discover,gkp-discover-01,206,bars with karaoke near me,bars with karaoke near me,GBP,5000,encoded_band,1000,10000,returned,0,0,Low,28,0.14,0.73,,,,2025-08-01,2026-07-31,United Kingdom,English,Google Search,country,2026-09-08,70fbd70d057b238cee57df3db043a3eea72e89573d2278812516bf8fcdf617ca
raw/gkp-discover-01-whats-on-things-to-do.csv,discover,gkp-discover-01,207,local events today in my area,local events today in my area,GBP,50,encoded_band,10,100,returned,0,0,High,86,,,,,,2025-08-01,2026-07-31,United Kingdom,English,Google Search,country,2026-09-08,70fbd70d057b238cee57df3db043a3eea72e89573d2278812516bf8fcdf617ca
raw/gkp-discover-01-whats-on-things-to-do.csv,discover,gkp-discover-01,208,things to do this weekend near me family,things to do this weekend near me family,GBP,50,encoded_band,10,100,returned,0,0,High,100,,,,,,2025-08-01,2026-07-31,United Kingdom,English,Google Search,country,2026-09-08,70fbd70d057b238cee57df3db043a3eea72e89573d2278812516bf8fcdf617ca
raw/gkp-discover-01-whats-on-things-to-do.csv,discover,gkp-discover-01,209,karaoke band near me,karaoke band near me,GBP,50,encoded_band,10,100,returned,0,0,Low,0,,,,,,2025-08-01,2026-07-31,United Kingdom,English,Google Search,country,2026-09-08,70fbd70d057b238cee57df3db043a3eea72e89573d2278812516bf8fcdf617ca
raw/gkp-discover-01-whats-on-things-to-do.csv,discover,gkp-discover-01,210,karaoke room rental near me,karaoke room rental near me,GBP,50,encoded_band,10,100,returned,0,0,High,79,,,,,,2025-08-01,2026-07-31,United Kingdom,English,Google Search,country,2026-09-08,70fbd70d057b238cee57df3db043a3eea72e89573d2278812516bf8fcdf617ca
raw/gkp-discover-01-whats-on-things-to-do.csv,discover,gkp-discover-01,211,what is there to do this weekend in my area,what is there to do this weekend in my area,GBP,50,encoded_band,10,100,returned,0,0,Unknown,,,,,,,2025-08-01,2026-07-31,United Kingdom,English,Google Search,country,2026-09-08,70fbd70d057b238cee57df3db043a3eea72e89573d2278812516bf8fcdf617ca
raw/gkp-discover-01-whats-on-things-to-do.csv,discover,gkp-discover-01,212,what to do next week near me,what to do next week near me,GBP,50,encoded_band,10,100,returned,0,0,Low,17,,,,,,2025-08-01,2026-07-31,United Kingdom,English,Google Search,country,2026-09-08,70fbd70d057b238cee57df3db043a3eea72e89573d2278812516bf8fcdf617ca
raw/gkp-discover-01-whats-on-things-to-do.csv,discover,gkp-discover-01,213,what events are going on this weekend near me,what events are going on this weekend near me,GBP,50,encoded_band,10,100,returned,0,0,High,100,,,,,,2025-08-01,2026-07-31,United Kingdom,English,Google Search,country,2026-09-08,70fbd70d057b238cee57df3db043a3eea72e89573d2278812516bf8fcdf617ca
raw/gkp-discover-01-whats-on-things-to-do.csv,discover,gkp-discover-01,214,what events are going on near me this weekend,what events are going on near me this weekend,GBP,50,encoded_band,10,100,returned,0,0,High,100,,,,,,2025-08-01,2026-07-31,United Kingdom,English,Google Search,country,2026-09-08,70fbd70d057b238cee57df3db043a3eea72e89573d2278812516bf8fcdf617ca
raw/gkp-discover-01-whats-on-things-to-do.csv,discover,gkp-discover-01,215,events nearby today,events nearby today,GBP,50,encoded_band,10,100,returned,0,0,High,96,,,,,,2025-08-01,2026-07-31,United Kingdom,English,Google Search,country,2026-09-08,70fbd70d057b238cee57df3db043a3eea72e89573d2278812516bf8fcdf617ca
raw/gkp-discover-01-whats-on-things-to-do.csv,discover,gkp-discover-01,216,things to do outside near me this weekend,things to do outside near me this weekend,GBP,50,encoded_band,10,100,returned,-1,-1,Unknown,,,,,,,2025-08-01,2026-07-31,United Kingdom,English,Google Search,country,2026-09-08,70fbd70d057b238cee57df3db043a3eea72e89573d2278812516bf8fcdf617ca
raw/gkp-discover-01-whats-on-things-to-do.csv,discover,gkp-discover-01,217,what events are going on today near me,what events are going on today near me,GBP,50,encoded_band,10,100,returned,0,0,High,70,,,,,,2025-08-01,2026-07-31,United Kingdom,English,Google Search,country,2026-09-08,70fbd70d057b238cee57df3db043a3eea72e89573d2278812516bf8fcdf617ca
raw/gkp-discover-01-whats-on-things-to-do.csv,discover,gkp-discover-01,218,events near by me today,events near by me today,GBP,50,encoded_band,10,100,returned,0,0,High,71,,,,,,2025-08-01,2026-07-31,United Kingdom,English,Google Search,country,2026-09-08,70fbd70d057b238cee57df3db043a3eea72e89573d2278812516bf8fcdf617ca
raw/gkp-discover-01-whats-on-things-to-do.csv,discover,gkp-discover-01,219,what's going this weekend near me,what's going this weekend near me,GBP,50,encoded_band,10,100,returned,0,0,High,94,,,,,,2025-08-01,2026-07-31,United Kingdom,English,Google Search,country,2026-09-08,70fbd70d057b238cee57df3db043a3eea72e89573d2278812516bf8fcdf617ca
raw/gkp-discover-01-whats-on-things-to-do.csv,discover,gkp-discover-01,220,karaoke near me under 18,karaoke near me under 18,GBP,50,encoded_band,10,100,returned,0,0,Low,25,0.26,0.72,,,,2025-08-01,2026-07-31,United Kingdom,English,Google Search,country,2026-09-08,70fbd70d057b238cee57df3db043a3eea72e89573d2278812516bf8fcdf617ca
raw/gkp-discover-01-whats-on-things-to-do.csv,discover,gkp-discover-01,221,what's happening this weekend in my area,what's happening this weekend in my area,GBP,50,encoded_band,10,100,returned,0,0,High,97,,,,,,2025-08-01,2026-07-31,United Kingdom,English,Google Search,country,2026-09-08,70fbd70d057b238cee57df3db043a3eea72e89573d2278812516bf8fcdf617ca
raw/gkp-discover-01-whats-on-things-to-do.csv,discover,gkp-discover-01,222,what's on this week near me,what's on this week near me,GBP,50000,encoded_band,10000,100000,returned,0,0,High,95,0.38,1.33,,,,2025-08-01,2026-07-31,United Kingdom,English,Google Search,country,2026-09-08,70fbd70d057b238cee57df3db043a3eea72e89573d2278812516bf8fcdf617ca
raw/gkp-discover-01-whats-on-things-to-do.csv,discover,gkp-discover-01,223,what to do on labor day weekend near me,what to do on labor day weekend near me,GBP,50,encoded_band,10,100,returned,0,0,Unknown,,,,,,,2025-08-01,2026-07-31,United Kingdom,English,Google Search,country,2026-09-08,70fbd70d057b238cee57df3db043a3eea72e89573d2278812516bf8fcdf617ca
raw/gkp-discover-01-whats-on-things-to-do.csv,discover,gkp-discover-01,224,what should i do tomorrow near me,what should i do tomorrow near me,GBP,50,encoded_band,10,100,returned,0,0,High,96,0.27,0.93,,,,2025-08-01,2026-07-31,United Kingdom,English,Google Search,country,2026-09-08,70fbd70d057b238cee57df3db043a3eea72e89573d2278812516bf8fcdf617ca
raw/gkp-discover-01-whats-on-things-to-do.csv,discover,gkp-discover-01,225,events for the weekend near me,events for the weekend near me,GBP,5000,encoded_band,1000,10000,returned,0,0,High,97,0.4,1.55,,,,2025-08-01,2026-07-31,United Kingdom,English,Google Search,country,2026-09-08,70fbd70d057b238cee57df3db043a3eea72e89573d2278812516bf8fcdf617ca
raw/gkp-discover-01-whats-on-things-to-do.csv,discover,gkp-discover-01,226,videoke bar near me,videoke bar near me,GBP,50,encoded_band,10,100,returned,0,0,Low,14,,,,,,2025-08-01,2026-07-31,United Kingdom,English,Google Search,country,2026-09-08,70fbd70d057b238cee57df3db043a3eea72e89573d2278812516bf8fcdf617ca
raw/gkp-discover-01-whats-on-things-to-do.csv,discover,gkp-discover-01,227,what is there to do tonight in my area,what is there to do tonight in my area,GBP,50,encoded_band,10,100,returned,,,Medium,43,,,,,,2025-08-01,2026-07-31,United Kingdom,English,Google Search,country,2026-09-08,70fbd70d057b238cee57df3db043a3eea72e89573d2278812516bf8fcdf617ca
raw/gkp-discover-01-whats-on-things-to-do.csv,discover,gkp-discover-01,228,midnight bingo near me tonight,midnight bingo near me tonight,GBP,50,encoded_band,10,100,returned,,,Low,0,,,,,,2025-08-01,2026-07-31,United Kingdom,English,Google Search,country,2026-09-08,70fbd70d057b238cee57df3db043a3eea72e89573d2278812516bf8fcdf617ca
raw/gkp-discover-01-whats-on-things-to-do.csv,discover,gkp-discover-01,229,what's happening next weekend near me,what's happening next weekend near me,GBP,50,encoded_band,10,100,returned,0,0,Low,10,0.15,1.17,,,,2025-08-01,2026-07-31,United Kingdom,English,Google Search,country,2026-09-08,70fbd70d057b238cee57df3db043a3eea72e89573d2278812516bf8fcdf617ca
raw/gkp-discover-01-whats-on-things-to-do.csv,discover,gkp-discover-01,230,karaoke spots near me,karaoke spots near me,GBP,500,encoded_band,100,1000,returned,0,0,Low,27,0.22,0.7,,,,2025-08-01,2026-07-31,United Kingdom,English,Google Search,country,2026-09-08,70fbd70d057b238cee57df3db043a3eea72e89573d2278812516bf8fcdf617ca
raw/gkp-discover-01-whats-on-things-to-do.csv,discover,gkp-discover-01,231,what should i do this weekend near me,what should i do this weekend near me,GBP,50,encoded_band,10,100,returned,0,0,High,100,,,,,,2025-08-01,2026-07-31,United Kingdom,English,Google Search,country,2026-09-08,70fbd70d057b238cee57df3db043a3eea72e89573d2278812516bf8fcdf617ca
raw/gkp-discover-01-whats-on-things-to-do.csv,discover,gkp-discover-01,232,things do near me this weekend,things do near me this weekend,GBP,5000,encoded_band,1000,10000,returned,0,0,High,100,0.32,1.22,,,,2025-08-01,2026-07-31,United Kingdom,English,Google Search,country,2026-09-08,70fbd70d057b238cee57df3db043a3eea72e89573d2278812516bf8fcdf617ca
raw/gkp-discover-01-whats-on-things-to-do.csv,discover,gkp-discover-01,233,karaoke venues near me,karaoke venues near me,GBP,50,encoded_band,10,100,returned,0,0,Medium,34,0.31,1.58,,,,2025-08-01,2026-07-31,United Kingdom,English,Google Search,country,2026-09-08,70fbd70d057b238cee57df3db043a3eea72e89573d2278812516bf8fcdf617ca
raw/gkp-discover-01-whats-on-things-to-do.csv,discover,gkp-discover-01,234,karaoke places near me under 18,karaoke places near me under 18,GBP,50,encoded_band,10,100,returned,0,0,Low,18,0.38,0.59,,,,2025-08-01,2026-07-31,United Kingdom,English,Google Search,country,2026-09-08,70fbd70d057b238cee57df3db043a3eea72e89573d2278812516bf8fcdf617ca
raw/gkp-discover-01-whats-on-things-to-do.csv,discover,gkp-discover-01,235,karaoke near me open now,karaoke near me open now,GBP,500,encoded_band,100,1000,returned,0,0,Low,21,0.18,0.52,,,,2025-08-01,2026-07-31,United Kingdom,English,Google Search,country,2026-09-08,70fbd70d057b238cee57df3db043a3eea72e89573d2278812516bf8fcdf617ca
raw/gkp-discover-01-whats-on-things-to-do.csv,discover,gkp-discover-01,236,what is on tomorrow near me,what is on tomorrow near me,GBP,500,encoded_band,100,1000,returned,0,0,High,100,0.25,1.16,,,,2025-08-01,2026-07-31,United Kingdom,English,Google Search,country,2026-09-08,70fbd70d057b238cee57df3db043a3eea72e89573d2278812516bf8fcdf617ca
raw/gkp-discover-01-whats-on-things-to-do.csv,discover,gkp-discover-01,237,pubs with live music near me tomorrow,pubs with live music near me tomorrow,GBP,50,encoded_band,10,100,returned,0,0,Low,2,,,,,,2025-08-01,2026-07-31,United Kingdom,English,Google Search,country,2026-09-08,70fbd70d057b238cee57df3db043a3eea72e89573d2278812516bf8fcdf617ca
raw/gkp-discover-01-whats-on-things-to-do.csv,discover,gkp-discover-01,238,what to do near me next weekend,what to do near me next weekend,GBP,50,encoded_band,10,100,returned,0,0,Low,14,,,,,,2025-08-01,2026-07-31,United Kingdom,English,Google Search,country,2026-09-08,70fbd70d057b238cee57df3db043a3eea72e89573d2278812516bf8fcdf617ca
raw/gkp-discover-01-whats-on-things-to-do.csv,discover,gkp-discover-01,239,what's going on this weekend in my area,what's going on this weekend in my area,GBP,50,encoded_band,10,100,returned,0,0,High,75,0.33,1.13,,,,2025-08-01,2026-07-31,United Kingdom,English,Google Search,country,2026-09-08,70fbd70d057b238cee57df3db043a3eea72e89573d2278812516bf8fcdf617ca
raw/gkp-discover-01-whats-on-things-to-do.csv,discover,gkp-discover-01,240,what's happening near me now,what's happening near me now,GBP,50,encoded_band,10,100,returned,0,0,High,100,,,,,,2025-08-01,2026-07-31,United Kingdom,English,Google Search,country,2026-09-08,70fbd70d057b238cee57df3db043a3eea72e89573d2278812516bf8fcdf617ca
raw/gkp-discover-01-whats-on-things-to-do.csv,discover,gkp-discover-01,241,best karaoke places near me,best karaoke places near me,GBP,50,encoded_band,10,100,returned,0,0,Medium,41,,,,,,2025-08-01,2026-07-31,United Kingdom,English,Google Search,country,2026-09-08,70fbd70d057b238cee57df3db043a3eea72e89573d2278812516bf8fcdf617ca
raw/gkp-discover-01-whats-on-things-to-do.csv,discover,gkp-discover-01,242,cool things to do this weekend near me,cool things to do this weekend near me,GBP,50,encoded_band,10,100,returned,0,0,Medium,57,,,,,,2025-08-01,2026-07-31,United Kingdom,English,Google Search,country,2026-09-08,70fbd70d057b238cee57df3db043a3eea72e89573d2278812516bf8fcdf617ca
raw/gkp-discover-01-whats-on-things-to-do.csv,discover,gkp-discover-01,243,pubs for party hire near me,pubs for party hire near me,GBP,50,encoded_band,10,100,returned,0,0,Low,16,,,,,,2025-08-01,2026-07-31,United Kingdom,English,Google Search,country,2026-09-08,70fbd70d057b238cee57df3db043a3eea72e89573d2278812516bf8fcdf617ca
raw/gkp-discover-01-whats-on-things-to-do.csv,discover,gkp-discover-01,244,events and festivals near me today,events and festivals near me today,GBP,50,encoded_band,10,100,returned,0,0,High,98,,,,,,2025-08-01,2026-07-31,United Kingdom,English,Google Search,country,2026-09-08,70fbd70d057b238cee57df3db043a3eea72e89573d2278812516bf8fcdf617ca
raw/gkp-discover-01-whats-on-things-to-do.csv,discover,gkp-discover-01,245,karaoke near me with private rooms,karaoke near me with private rooms,GBP,500,encoded_band,100,1000,returned,0,0,Low,29,0.25,0.72,,,,2025-08-01,2026-07-31,United Kingdom,English,Google Search,country,2026-09-08,70fbd70d057b238cee57df3db043a3eea72e89573d2278812516bf8fcdf617ca
raw/gkp-discover-01-whats-on-things-to-do.csv,discover,gkp-discover-01,246,events and festivals near me this weekend,events and festivals near me this weekend,GBP,50,encoded_band,10,100,returned,0,0,Medium,38,,,,,,2025-08-01,2026-07-31,United Kingdom,English,Google Search,country,2026-09-08,70fbd70d057b238cee57df3db043a3eea72e89573d2278812516bf8fcdf617ca
raw/gkp-discover-01-whats-on-things-to-do.csv,discover,gkp-discover-01,247,fun family things to do this weekend near me,fun family things to do this weekend near me,GBP,50,encoded_band,10,100,returned,0,0,Unknown,,,,,,,2025-08-01,2026-07-31,United Kingdom,English,Google Search,country,2026-09-08,70fbd70d057b238cee57df3db043a3eea72e89573d2278812516bf8fcdf617ca
raw/gkp-discover-01-whats-on-things-to-do.csv,discover,gkp-discover-01,248,community events today near me,community events today near me,GBP,50,encoded_band,10,100,returned,0,0,Medium,45,,,,,,2025-08-01,2026-07-31,United Kingdom,English,Google Search,country,2026-09-08,70fbd70d057b238cee57df3db043a3eea72e89573d2278812516bf8fcdf617ca
raw/gkp-discover-01-whats-on-things-to-do.csv,discover,gkp-discover-01,249,things to do near me for the weekend,things to do near me for the weekend,GBP,50,encoded_band,10,100,returned,0,-1,Unknown,,,,,,,2025-08-01,2026-07-31,United Kingdom,English,Google Search,country,2026-09-08,70fbd70d057b238cee57df3db043a3eea72e89573d2278812516bf8fcdf617ca
raw/gkp-discover-01-whats-on-things-to-do.csv,discover,gkp-discover-01,250,party pubs near me,party pubs near me,GBP,50,encoded_band,10,100,returned,0,0,Low,21,,,,,,2025-08-01,2026-07-31,United Kingdom,English,Google Search,country,2026-09-08,70fbd70d057b238cee57df3db043a3eea72e89573d2278812516bf8fcdf617ca
raw/gkp-discover-01-whats-on-things-to-do.csv,discover,gkp-discover-01,251,events happening around me this weekend,events happening around me this weekend,GBP,50,encoded_band,10,100,returned,0,0,High,100,,,,,,2025-08-01,2026-07-31,United Kingdom,English,Google Search,country,2026-09-08,70fbd70d057b238cee57df3db043a3eea72e89573d2278812516bf8fcdf617ca
raw/gkp-discover-01-whats-on-things-to-do.csv,discover,gkp-discover-01,252,18 and older karaoke near me,18 and older karaoke near me,GBP,0,encoded_band,0,0,zero,0,-1,Unknown,,,,,,,2025-08-01,2026-07-31,United Kingdom,English,Google Search,country,2026-09-08,70fbd70d057b238cee57df3db043a3eea72e89573d2278812516bf8fcdf617ca
raw/gkp-discover-01-whats-on-things-to-do.csv,discover,gkp-discover-01,253,18 karaoke bars near me,18 karaoke bars near me,GBP,0,encoded_band,0,0,zero,0,0,Unknown,,,,,,,2025-08-01,2026-07-31,United Kingdom,English,Google Search,country,2026-09-08,70fbd70d057b238cee57df3db043a3eea72e89573d2278812516bf8fcdf617ca
raw/gkp-discover-01-whats-on-things-to-do.csv,discover,gkp-discover-01,254,18 karaoke near me,18 karaoke near me,GBP,0,encoded_band,0,0,zero,0,0,Unknown,,,,,,,2025-08-01,2026-07-31,United Kingdom,English,Google Search,country,2026-09-08,70fbd70d057b238cee57df3db043a3eea72e89573d2278812516bf8fcdf617ca
raw/gkp-discover-01-whats-on-things-to-do.csv,discover,gkp-discover-01,255,18 plus karaoke near me,18 plus karaoke near me,GBP,0,encoded_band,0,0,zero,0,0,Unknown,,,,,,,2025-08-01,2026-07-31,United Kingdom,English,Google Search,country,2026-09-08,70fbd70d057b238cee57df3db043a3eea72e89573d2278812516bf8fcdf617ca
raw/gkp-discover-01-whats-on-things-to-do.csv,discover,gkp-discover-01,256,24 hour karaoke near me,24 hour karaoke near me,GBP,50,encoded_band,10,100,returned,0,0,High,67,,,,,,2025-08-01,2026-07-31,United Kingdom,English,Google Search,country,2026-09-08,70fbd70d057b238cee57df3db043a3eea72e89573d2278812516bf8fcdf617ca
raw/gkp-discover-01-whats-on-things-to-do.csv,discover,gkp-discover-01,257,24 hours ktv near me,24 hours ktv near me,GBP,0,encoded_band,0,0,zero,0,0,Unknown,,,,,,,2025-08-01,2026-07-31,United Kingdom,English,Google Search,country,2026-09-08,70fbd70d057b238cee57df3db043a3eea72e89573d2278812516bf8fcdf617ca
raw/gkp-discover-01-whats-on-things-to-do.csv,discover,gkp-discover-01,258,affordable karaoke near me,affordable karaoke near me,GBP,50,encoded_band,10,100,returned,0,0,Low,7,,,,,,2025-08-01,2026-07-31,United Kingdom,English,Google Search,country,2026-09-08,70fbd70d057b238cee57df3db043a3eea72e89573d2278812516bf8fcdf617ca
raw/gkp-discover-01-whats-on-things-to-do.csv,discover,gkp-discover-01,259,afternoon karaoke near me,afternoon karaoke near me,GBP,50,encoded_band,10,100,returned,0,0,Low,6,,,,,,2025-08-01,2026-07-31,United Kingdom,English,Google Search,country,2026-09-08,70fbd70d057b238cee57df3db043a3eea72e89573d2278812516bf8fcdf617ca
raw/gkp-discover-01-whats-on-things-to-do.csv,discover,gkp-discover-01,260,all age karaoke near me,all age karaoke near me,GBP,50,encoded_band,10,100,returned,0,0,Medium,54,,,,,,2025-08-01,2026-07-31,United Kingdom,English,Google Search,country,2026-09-08,70fbd70d057b238cee57df3db043a3eea72e89573d2278812516bf8fcdf617ca
raw/gkp-discover-01-whats-on-things-to-do.csv,discover,gkp-discover-01,261,all day karaoke near me,all day karaoke near me,GBP,50,encoded_band,10,100,returned,,0,Medium,43,,,,,,2025-08-01,2026-07-31,United Kingdom,English,Google Search,country,2026-09-08,70fbd70d057b238cee57df3db043a3eea72e89573d2278812516bf8fcdf617ca
raw/gkp-discover-01-whats-on-things-to-do.csv,discover,gkp-discover-01,262,all night bingo near me,all night bingo near me,GBP,50,encoded_band,10,100,returned,0,0,Unknown,,,,,,,2025-08-01,2026-07-31,United Kingdom,English,Google Search,country,2026-09-08,70fbd70d057b238cee57df3db043a3eea72e89573d2278812516bf8fcdf617ca
raw/gkp-discover-01-whats-on-things-to-do.csv,discover,gkp-discover-01,263,all night pubs near me,all night pubs near me,GBP,50,encoded_band,10,100,returned,0,0,Low,0,,,,,,2025-08-01,2026-07-31,United Kingdom,English,Google Search,country,2026-09-08,70fbd70d057b238cee57df3db043a3eea72e89573d2278812516bf8fcdf617ca
raw/gkp-discover-01-whats-on-things-to-do.csv,discover,gkp-discover-01,264,american karaoke near me,american karaoke near me,GBP,50,encoded_band,10,100,returned,0,-1,Unknown,,,,,,,2025-08-01,2026-07-31,United Kingdom,English,Google Search,country,2026-09-08,70fbd70d057b238cee57df3db043a3eea72e89573d2278812516bf8fcdf617ca
raw/gkp-discover-01-whats-on-things-to-do.csv,discover,gkp-discover-01,265,any bingo tonight near me,any bingo tonight near me,GBP,50,encoded_band,10,100,returned,0,0,Low,7,,,,,,2025-08-01,2026-07-31,United Kingdom,English,Google Search,country,2026-09-08,70fbd70d057b238cee57df3db043a3eea72e89573d2278812516bf8fcdf617ca
raw/gkp-discover-01-whats-on-things-to-do.csv,discover,gkp-discover-01,266,any events happening today near me,any events happening today near me,GBP,50,encoded_band,10,100,returned,0,0,High,90,0.23,0.81,,,,2025-08-01,2026-07-31,United Kingdom,English,Google Search,country,2026-09-08,70fbd70d057b238cee57df3db043a3eea72e89573d2278812516bf8fcdf617ca
raw/gkp-discover-01-whats-on-things-to-do.csv,discover,gkp-discover-01,267,any events on today near me,any events on today near me,GBP,50,encoded_band,10,100,returned,0,9,High,98,0.44,0.93,,,,2025-08-01,2026-07-31,United Kingdom,English,Google Search,country,2026-09-08,70fbd70d057b238cee57df3db043a3eea72e89573d2278812516bf8fcdf617ca
raw/gkp-discover-01-whats-on-things-to-do.csv,discover,gkp-discover-01,268,any karaoke bars near me,any karaoke bars near me,GBP,50,encoded_band,10,100,returned,0,0,Low,0,,,,,,2025-08-01,2026-07-31,United Kingdom,English,Google Search,country,2026-09-08,70fbd70d057b238cee57df3db043a3eea72e89573d2278812516bf8fcdf617ca
raw/gkp-discover-01-whats-on-things-to-do.csv,discover,gkp-discover-01,269,any karaoke near me,any karaoke near me,GBP,50,encoded_band,10,100,returned,0,0,Low,4,,,,,,2025-08-01,2026-07-31,United Kingdom,English,Google Search,country,2026-09-08,70fbd70d057b238cee57df3db043a3eea72e89573d2278812516bf8fcdf617ca
raw/gkp-discover-01-whats-on-things-to-do.csv,discover,gkp-discover-01,270,any karaoke tonight near me,any karaoke tonight near me,GBP,50,encoded_band,10,100,returned,0,0,Low,3,,,,,,2025-08-01,2026-07-31,United Kingdom,English,Google Search,country,2026-09-08,70fbd70d057b238cee57df3db043a3eea72e89573d2278812516bf8fcdf617ca
raw/gkp-discover-01-whats-on-things-to-do.csv,discover,gkp-discover-01,271,any ktv open now,any ktv open now,GBP,,encoded_band,,,absent,,,Unknown,,,,,,,2025-08-01,2026-07-31,United Kingdom,English,Google Search,country,2026-09-08,70fbd70d057b238cee57df3db043a3eea72e89573d2278812516bf8fcdf617ca
raw/gkp-discover-01-whats-on-things-to-do.csv,discover,gkp-discover-01,272,anything happening near me today,anything happening near me today,GBP,50,encoded_band,10,100,returned,0,9,High,100,0.29,0.83,,,,2025-08-01,2026-07-31,United Kingdom,English,Google Search,country,2026-09-08,70fbd70d057b238cee57df3db043a3eea72e89573d2278812516bf8fcdf617ca
raw/gkp-discover-01-whats-on-things-to-do.csv,discover,gkp-discover-01,273,are there any events today near me,are there any events today near me,GBP,50,encoded_band,10,100,returned,0,0,Medium,46,,,,,,2025-08-01,2026-07-31,United Kingdom,English,Google Search,country,2026-09-08,70fbd70d057b238cee57df3db043a3eea72e89573d2278812516bf8fcdf617ca
raw/gkp-discover-01-whats-on-things-to-do.csv,discover,gkp-discover-01,274,asian karaoke bar near me,asian karaoke bar near me,GBP,50,encoded_band,10,100,returned,0,,Low,0,,,,,,2025-08-01,2026-07-31,United Kingdom,English,Google Search,country,2026-09-08,70fbd70d057b238cee57df3db043a3eea72e89573d2278812516bf8fcdf617ca
raw/gkp-discover-01-whats-on-things-to-do.csv,discover,gkp-discover-01,275,asian karaoke near me,asian karaoke near me,GBP,50,encoded_band,10,100,returned,0,0,Medium,37,,,,,,2025-08-01,2026-07-31,United Kingdom,English,Google Search,country,2026-09-08,70fbd70d057b238cee57df3db043a3eea72e89573d2278812516bf8fcdf617ca
raw/gkp-discover-01-whats-on-things-to-do.csv,discover,gkp-discover-01,276,asian style karaoke near me,asian style karaoke near me,GBP,50,encoded_band,10,100,returned,-1,0,Unknown,,,,,,,2025-08-01,2026-07-31,United Kingdom,English,Google Search,country,2026-09-08,70fbd70d057b238cee57df3db043a3eea72e89573d2278812516bf8fcdf617ca
raw/gkp-discover-01-whats-on-things-to-do.csv,discover,gkp-discover-01,277,attractions near staines,attractions near staines,GBP,50,encoded_band,10,100,returned,0,0,High,100,0.26,1.7,,,,2025-08-01,2026-07-31,United Kingdom,English,Google Search,country,2026-09-08,70fbd70d057b238cee57df3db043a3eea72e89573d2278812516bf8fcdf617ca
raw/gkp-discover-01-whats-on-things-to-do.csv,discover,gkp-discover-01,278,august bank holiday things to do near me,august bank holiday things to do near me,GBP,50,encoded_band,10,100,returned,0,0,Low,7,,,,,,2025-08-01,2026-07-31,United Kingdom,English,Google Search,country,2026-09-08,70fbd70d057b238cee57df3db043a3eea72e89573d2278812516bf8fcdf617ca
raw/gkp-discover-01-whats-on-things-to-do.csv,discover,gkp-discover-01,279,august bank holiday what's on near me,august bank holiday what's on near me,GBP,50,encoded_band,10,100,returned,0,0,Low,5,,,,,,2025-08-01,2026-07-31,United Kingdom,English,Google Search,country,2026-09-08,70fbd70d057b238cee57df3db043a3eea72e89573d2278812516bf8fcdf617ca
raw/gkp-discover-01-whats-on-things-to-do.csv,discover,gkp-discover-01,280,august bank holiday whats on near me,august bank holiday whats on near me,GBP,50,encoded_band,10,100,returned,0,0,Low,0,,,,,,2025-08-01,2026-07-31,United Kingdom,English,Google Search,country,2026-09-08,70fbd70d057b238cee57df3db043a3eea72e89573d2278812516bf8fcdf617ca
raw/gkp-discover-01-whats-on-things-to-do.csv,discover,gkp-discover-01,281,axe throwing pub near me,axe throwing pub near me,GBP,50,encoded_band,10,100,returned,0,0,Low,33,0.37,0.81,,,,2025-08-01,2026-07-31,United Kingdom,English,Google Search,country,2026-09-08,70fbd70d057b238cee57df3db043a3eea72e89573d2278812516bf8fcdf617ca
raw/gkp-discover-01-whats-on-things-to-do.csv,discover,gkp-discover-01,282,ban ban karaoke near me,ban ban karaoke near me,GBP,50,encoded_band,10,100,returned,0,-1,Unknown,,,,,,,2025-08-01,2026-07-31,United Kingdom,English,Google Search,country,2026-09-08,70fbd70d057b238cee57df3db043a3eea72e89573d2278812516bf8fcdf617ca
raw/gkp-discover-01-whats-on-things-to-do.csv,discover,gkp-discover-01,283,bank holiday weekend things to do near me,bank holiday weekend things to do near me,GBP,50,encoded_band,10,100,returned,0,,High,100,,,,,,2025-08-01,2026-07-31,United Kingdom,English,Google Search,country,2026-09-08,70fbd70d057b238cee57df3db043a3eea72e89573d2278812516bf8fcdf617ca
raw/gkp-discover-01-whats-on-things-to-do.csv,discover,gkp-discover-01,284,bar and karaoke near me,bar and karaoke near me,GBP,50,encoded_band,10,100,returned,0,0,Medium,57,,,,,,2025-08-01,2026-07-31,United Kingdom,English,Google Search,country,2026-09-08,70fbd70d057b238cee57df3db043a3eea72e89573d2278812516bf8fcdf617ca
raw/gkp-discover-01-whats-on-things-to-do.csv,discover,gkp-discover-01,285,bar karaoke near me,bar karaoke near me,GBP,5000,encoded_band,1000,10000,returned,0,0,Low,28,0.14,0.73,,,,2025-08-01,2026-07-31,United Kingdom,English,Google Search,country,2026-09-08,70fbd70d057b238cee57df3db043a3eea72e89573d2278812516bf8fcdf617ca
raw/gkp-discover-01-whats-on-things-to-do.csv,discover,gkp-discover-01,286,bar near me karaoke,bar near me karaoke,GBP,5000,encoded_band,1000,10000,returned,0,0,Low,28,0.14,0.73,,,,2025-08-01,2026-07-31,United Kingdom,English,Google Search,country,2026-09-08,70fbd70d057b238cee57df3db043a3eea72e89573d2278812516bf8fcdf617ca
raw/gkp-discover-01-whats-on-things-to-do.csv,discover,gkp-discover-01,287,bar near me with karaoke,bar near me with karaoke,GBP,5000,encoded_band,1000,10000,returned,0,0,Low,28,0.14,0.73,,,,2025-08-01,2026-07-31,United Kingdom,English,Google Search,country,2026-09-08,70fbd70d057b238cee57df3db043a3eea72e89573d2278812516bf8fcdf617ca
raw/gkp-discover-01-whats-on-things-to-do.csv,discover,gkp-discover-01,288,bar trivia friday night near me,bar trivia friday night near me,GBP,50,encoded_band,10,100,returned,0,0,Unknown,,,,,,,2025-08-01,2026-07-31,United Kingdom,English,Google Search,country,2026-09-08,70fbd70d057b238cee57df3db043a3eea72e89573d2278812516bf8fcdf617ca
raw/gkp-discover-01-whats-on-things-to-do.csv,discover,gkp-discover-01,289,bar trivia games near me,bar trivia games near me,GBP,,encoded_band,,,absent,,,Unknown,,,,,,,2025-08-01,2026-07-31,United Kingdom,English,Google Search,country,2026-09-08,70fbd70d057b238cee57df3db043a3eea72e89573d2278812516bf8fcdf617ca
raw/gkp-discover-01-whats-on-things-to-do.csv,discover,gkp-discover-01,290,bar trivia near me friday,bar trivia near me friday,GBP,0,encoded_band,0,0,zero,0,0,Unknown,,,,,,,2025-08-01,2026-07-31,United Kingdom,English,Google Search,country,2026-09-08,70fbd70d057b238cee57df3db043a3eea72e89573d2278812516bf8fcdf617ca
raw/gkp-discover-01-whats-on-things-to-do.csv,discover,gkp-discover-01,291,bar trivia near me saturday,bar trivia near me saturday,GBP,0,encoded_band,0,0,zero,0,0,Unknown,,,,,,,2025-08-01,2026-07-31,United Kingdom,English,Google Search,country,2026-09-08,70fbd70d057b238cee57df3db043a3eea72e89573d2278812516bf8fcdf617ca
raw/gkp-discover-01-whats-on-things-to-do.csv,discover,gkp-discover-01,292,bar trivia near me thursday,bar trivia near me thursday,GBP,0,encoded_band,0,0,zero,0,0,Unknown,,,,,,,2025-08-01,2026-07-31,United Kingdom,English,Google Search,country,2026-09-08,70fbd70d057b238cee57df3db043a3eea72e89573d2278812516bf8fcdf617ca
raw/gkp-discover-01-whats-on-things-to-do.csv,discover,gkp-discover-01,293,bar trivia near me today,bar trivia near me today,GBP,0,encoded_band,0,0,zero,0,0,Unknown,,,,,,,2025-08-01,2026-07-31,United Kingdom,English,Google Search,country,2026-09-08,70fbd70d057b238cee57df3db043a3eea72e89573d2278812516bf8fcdf617ca
raw/gkp-discover-01-whats-on-things-to-do.csv,discover,gkp-discover-01,294,bar trivia near me wednesday,bar trivia near me wednesday,GBP,0,encoded_band,0,0,zero,0,0,Unknown,,,,,,,2025-08-01,2026-07-31,United Kingdom,English,Google Search,country,2026-09-08,70fbd70d057b238cee57df3db043a3eea72e89573d2278812516bf8fcdf617ca
raw/gkp-discover-01-whats-on-things-to-do.csv,discover,gkp-discover-01,295,bar trivia night near me,bar trivia night near me,GBP,50,encoded_band,10,100,returned,0,0,Unknown,,,,,,,2025-08-01,2026-07-31,United Kingdom,English,Google Search,country,2026-09-08,70fbd70d057b238cee57df3db043a3eea72e89573d2278812516bf8fcdf617ca
raw/gkp-discover-01-whats-on-things-to-do.csv,discover,gkp-discover-01,296,bar trivia thursday near me,bar trivia thursday near me,GBP,50,encoded_band,10,100,returned,0,0,Unknown,,,,,,,2025-08-01,2026-07-31,United Kingdom,English,Google Search,country,2026-09-08,70fbd70d057b238cee57df3db043a3eea72e89573d2278812516bf8fcdf617ca
raw/gkp-discover-01-whats-on-things-to-do.csv,discover,gkp-discover-01,297,bar trivia tonight near me,bar trivia tonight near me,GBP,50,encoded_band,10,100,returned,0,0,Low,5,,,,,,2025-08-01,2026-07-31,United Kingdom,English,Google Search,country,2026-09-08,70fbd70d057b238cee57df3db043a3eea72e89573d2278812516bf8fcdf617ca
raw/gkp-discover-01-whats-on-things-to-do.csv,discover,gkp-discover-01,298,bar trivia tuesday near me,bar trivia tuesday near me,GBP,0,encoded_band,0,0,zero,0,0,Unknown,,,,,,,2025-08-01,2026-07-31,United Kingdom,English,Google Search,country,2026-09-08,70fbd70d057b238cee57df3db043a3eea72e89573d2278812516bf8fcdf617ca
raw/gkp-discover-01-whats-on-things-to-do.csv,discover,gkp-discover-01,299,bar trivia wednesday near me,bar trivia wednesday near me,GBP,50,encoded_band,10,100,returned,0,0,Unknown,,,,,,,2025-08-01,2026-07-31,United Kingdom,English,Google Search,country,2026-09-08,70fbd70d057b238cee57df3db043a3eea72e89573d2278812516bf8fcdf617ca
raw/gkp-discover-01-whats-on-things-to-do.csv,discover,gkp-discover-01,300,bars near me with karaoke tonight,bars near me with karaoke tonight,GBP,50,encoded_band,10,100,returned,0,0,Low,16,,,,,,2025-08-01,2026-07-31,United Kingdom,English,Google Search,country,2026-09-08,70fbd70d057b238cee57df3db043a3eea72e89573d2278812516bf8fcdf617ca
raw/gkp-discover-01-whats-on-things-to-do.csv,discover,gkp-discover-01,301,bars that do karaoke near me,bars that do karaoke near me,GBP,50,encoded_band,10,100,returned,0,0,Low,18,,,,,,2025-08-01,2026-07-31,United Kingdom,English,Google Search,country,2026-09-08,70fbd70d057b238cee57df3db043a3eea72e89573d2278812516bf8fcdf617ca
raw/gkp-discover-01-whats-on-things-to-do.csv,discover,gkp-discover-01,302,bars that do trivia near me,bars that do trivia near me,GBP,50,encoded_band,10,100,returned,0,0,Unknown,,,,,,,2025-08-01,2026-07-31,United Kingdom,English,Google Search,country,2026-09-08,70fbd70d057b238cee57df3db043a3eea72e89573d2278812516bf8fcdf617ca
raw/gkp-discover-01-whats-on-things-to-do.csv,discover,gkp-discover-01,303,bars that do trivia night near me,bars that do trivia night near me,GBP,50,encoded_band,10,100,returned,,0,Low,0,,,,,,2025-08-01,2026-07-31,United Kingdom,English,Google Search,country,2026-09-08,70fbd70d057b238cee57df3db043a3eea72e89573d2278812516bf8fcdf617ca
raw/gkp-discover-01-whats-on-things-to-do.csv,discover,gkp-discover-01,304,bars with karaoke near me tonight,bars with karaoke near me tonight,GBP,50,encoded_band,10,100,returned,0,-1,Unknown,,,,,,,2025-08-01,2026-07-31,United Kingdom,English,Google Search,country,2026-09-08,70fbd70d057b238cee57df3db043a3eea72e89573d2278812516bf8fcdf617ca
raw/gkp-discover-01-whats-on-things-to-do.csv,discover,gkp-discover-01,305,bars with karaoke night near me,bars with karaoke night near me,GBP,50,encoded_band,10,100,returned,0,0,Unknown,,,,,,,2025-08-01,2026-07-31,United Kingdom,English,Google Search,country,2026-09-08,70fbd70d057b238cee57df3db043a3eea72e89573d2278812516bf8fcdf617ca
raw/gkp-discover-01-whats-on-things-to-do.csv,discover,gkp-discover-01,306,beer crawls near me,beer crawls near me,GBP,50,encoded_band,10,100,returned,0,0,Medium,43,,,,,,2025-08-01,2026-07-31,United Kingdom,English,Google Search,country,2026-09-08,70fbd70d057b238cee57df3db043a3eea72e89573d2278812516bf8fcdf617ca
raw/gkp-discover-01-whats-on-things-to-do.csv,discover,gkp-discover-01,307,best karaoke bar near me,best karaoke bar near me,GBP,50,encoded_band,10,100,returned,0,0,Low,27,,,,,,2025-08-01,2026-07-31,United Kingdom,English,Google Search,country,2026-09-08,70fbd70d057b238cee57df3db043a3eea72e89573d2278812516bf8fcdf617ca
raw/gkp-discover-01-whats-on-things-to-do.csv,discover,gkp-discover-01,308,best karaoke bars with private rooms near me,best karaoke bars with private rooms near me,GBP,50,encoded_band,10,100,returned,0,0,Unknown,,,,,,,2025-08-01,2026-07-31,United Kingdom,English,Google Search,country,2026-09-08,70fbd70d057b238cee57df3db043a3eea72e89573d2278812516bf8fcdf617ca
raw/gkp-discover-01-whats-on-things-to-do.csv,discover,gkp-discover-01,309,best karaoke near me tonight,best karaoke near me tonight,GBP,50,encoded_band,10,100,returned,0,0,Low,7,,,,,,2025-08-01,2026-07-31,United Kingdom,English,Google Search,country,2026-09-08,70fbd70d057b238cee57df3db043a3eea72e89573d2278812516bf8fcdf617ca
raw/gkp-discover-01-whats-on-things-to-do.csv,discover,gkp-discover-01,310,best karaoke nights near me,best karaoke nights near me,GBP,50,encoded_band,10,100,returned,0,,Low,0,,,,,,2025-08-01,2026-07-31,United Kingdom,English,Google Search,country,2026-09-08,70fbd70d057b238cee57df3db043a3eea72e89573d2278812516bf8fcdf617ca
raw/gkp-discover-01-whats-on-things-to-do.csv,discover,gkp-discover-01,311,best karaoke restaurants near me,best karaoke restaurants near me,GBP,50,encoded_band,10,100,returned,0,0,Medium,43,,,,,,2025-08-01,2026-07-31,United Kingdom,English,Google Search,country,2026-09-08,70fbd70d057b238cee57df3db043a3eea72e89573d2278812516bf8fcdf617ca
raw/gkp-discover-01-whats-on-things-to-do.csv,discover,gkp-discover-01,312,best karaoke rooms near me,best karaoke rooms near me,GBP,50,encoded_band,10,100,returned,-1,-1,Unknown,,,,,,,2025-08-01,2026-07-31,United Kingdom,English,Google Search,country,2026-09-08,70fbd70d057b238cee57df3db043a3eea72e89573d2278812516bf8fcdf617ca
raw/gkp-discover-01-whats-on-things-to-do.csv,discover,gkp-discover-01,313,best karaoke spots near me,best karaoke spots near me,GBP,50,encoded_band,10,100,returned,-1,0,Unknown,,,,,,,2025-08-01,2026-07-31,United Kingdom,English,Google Search,country,2026-09-08,70fbd70d057b238cee57df3db043a3eea72e89573d2278812516bf8fcdf617ca
raw/gkp-discover-01-whats-on-things-to-do.csv,discover,gkp-discover-01,314,best korean karaoke near me,best korean karaoke near me,GBP,50,encoded_band,10,100,returned,,0,High,86,,,,,,2025-08-01,2026-07-31,United Kingdom,English,Google Search,country,2026-09-08,70fbd70d057b238cee57df3db043a3eea72e89573d2278812516bf8fcdf617ca
raw/gkp-discover-01-whats-on-things-to-do.csv,discover,gkp-discover-01,315,best ktv near me,best ktv near me,GBP,50,encoded_band,10,100,returned,0,-1,Unknown,,,,,,,2025-08-01,2026-07-31,United Kingdom,English,Google Search,country,2026-09-08,70fbd70d057b238cee57df3db043a3eea72e89573d2278812516bf8fcdf617ca
raw/gkp-discover-01-whats-on-things-to-do.csv,discover,gkp-discover-01,316,best place for karaoke near me,best place for karaoke near me,GBP,50,encoded_band,10,100,returned,0,0,Low,26,,,,,,2025-08-01,2026-07-31,United Kingdom,English,Google Search,country,2026-09-08,70fbd70d057b238cee57df3db043a3eea72e89573d2278812516bf8fcdf617ca
raw/gkp-discover-01-whats-on-things-to-do.csv,discover,gkp-discover-01,317,best private karaoke near me,best private karaoke near me,GBP,50,encoded_band,10,100,returned,,,High,100,,,,,,2025-08-01,2026-07-31,United Kingdom,English,Google Search,country,2026-09-08,70fbd70d057b238cee57df3db043a3eea72e89573d2278812516bf8fcdf617ca
raw/gkp-discover-01-whats-on-things-to-do.csv,discover,gkp-discover-01,318,best trivia near me,best trivia near me,GBP,0,encoded_band,0,0,zero,0,0,Unknown,,,,,,,2025-08-01,2026-07-31,United Kingdom,English,Google Search,country,2026-09-08,70fbd70d057b238cee57df3db043a3eea72e89573d2278812516bf8fcdf617ca
raw/gkp-discover-01-whats-on-things-to-do.csv,discover,gkp-discover-01,319,best trivia night near me,best trivia night near me,GBP,50,encoded_band,10,100,returned,,,Low,0,,,,,,2025-08-01,2026-07-31,United Kingdom,English,Google Search,country,2026-09-08,70fbd70d057b238cee57df3db043a3eea72e89573d2278812516bf8fcdf617ca
raw/gkp-discover-01-whats-on-things-to-do.csv,discover,gkp-discover-01,320,big echo karaoke near me,big echo karaoke near me,GBP,50,encoded_band,10,100,returned,0,0,Low,0,,,,,,2025-08-01,2026-07-31,United Kingdom,English,Google Search,country,2026-09-08,70fbd70d057b238cee57df3db043a3eea72e89573d2278812516bf8fcdf617ca
raw/gkp-discover-01-whats-on-things-to-do.csv,discover,gkp-discover-01,321,bingo fridays near me,bingo fridays near me,GBP,50,encoded_band,10,100,returned,0,0,Low,0,,,,,,2025-08-01,2026-07-31,United Kingdom,English,Google Search,country,2026-09-08,70fbd70d057b238cee57df3db043a3eea72e89573d2278812516bf8fcdf617ca
raw/gkp-discover-01-whats-on-things-to-do.csv,discover,gkp-discover-01,322,bingo games near me tonight,bingo games near me tonight,GBP,50,encoded_band,10,100,returned,0,0,Unknown,,,,,,,2025-08-01,2026-07-31,United Kingdom,English,Google Search,country,2026-09-08,70fbd70d057b238cee57df3db043a3eea72e89573d2278812516bf8fcdf617ca
raw/gkp-discover-01-whats-on-things-to-do.csv,discover,gkp-discover-01,323,bingo games tonight near me,bingo games tonight near me,GBP,50,encoded_band,10,100,returned,0,-1,Unknown,,,,,,,2025-08-01,2026-07-31,United Kingdom,English,Google Search,country,2026-09-08,70fbd70d057b238cee57df3db043a3eea72e89573d2278812516bf8fcdf617ca
raw/gkp-discover-01-whats-on-things-to-do.csv,discover,gkp-discover-01,324,bingo monday near me,bingo monday near me,GBP,50,encoded_band,10,100,returned,0,0,Low,8,,,,,,2025-08-01,2026-07-31,United Kingdom,English,Google Search,country,2026-09-08,70fbd70d057b238cee57df3db043a3eea72e89573d2278812516bf8fcdf617ca
raw/gkp-discover-01-whats-on-things-to-do.csv,discover,gkp-discover-01,325,bingo monday night near me,bingo monday night near me,GBP,50,encoded_band,10,100,returned,0,0,Low,1,,,,,,2025-08-01,2026-07-31,United Kingdom,English,Google Search,country,2026-09-08,70fbd70d057b238cee57df3db043a3eea72e89573d2278812516bf8fcdf617ca
raw/gkp-discover-01-whats-on-things-to-do.csv,discover,gkp-discover-01,326,bingo near me friday night,bingo near me friday night,GBP,50,encoded_band,10,100,returned,0,0,Low,1,,,,,,2025-08-01,2026-07-31,United Kingdom,English,Google Search,country,2026-09-08,70fbd70d057b238cee57df3db043a3eea72e89573d2278812516bf8fcdf617ca
raw/gkp-discover-01-whats-on-things-to-do.csv,discover,gkp-discover-01,327,bingo near me monday,bingo near me monday,GBP,50,encoded_band,10,100,returned,0,0,Unknown,,,,,,,2025-08-01,2026-07-31,United Kingdom,English,Google Search,country,2026-09-08,70fbd70d057b238cee57df3db043a3eea72e89573d2278812516bf8fcdf617ca
raw/gkp-discover-01-whats-on-things-to-do.csv,discover,gkp-discover-01,328,bingo near me monday night,bingo near me monday night,GBP,50,encoded_band,10,100,returned,0,0,Low,1,,,,,,2025-08-01,2026-07-31,United Kingdom,English,Google Search,country,2026-09-08,70fbd70d057b238cee57df3db043a3eea72e89573d2278812516bf8fcdf617ca
raw/gkp-discover-01-whats-on-things-to-do.csv,discover,gkp-discover-01,329,bingo near me on friday night,bingo near me on friday night,GBP,50,encoded_band,10,100,returned,0,0,Low,1,,,,,,2025-08-01,2026-07-31,United Kingdom,English,Google Search,country,2026-09-08,70fbd70d057b238cee57df3db043a3eea72e89573d2278812516bf8fcdf617ca
raw/gkp-discover-01-whats-on-things-to-do.csv,discover,gkp-discover-01,330,bingo near me on monday,bingo near me on monday,GBP,50,encoded_band,10,100,returned,0,0,Low,8,,,,,,2025-08-01,2026-07-31,United Kingdom,English,Google Search,country,2026-09-08,70fbd70d057b238cee57df3db043a3eea72e89573d2278812516bf8fcdf617ca
raw/gkp-discover-01-whats-on-things-to-do.csv,discover,gkp-discover-01,331,bingo near me on saturday night,bingo near me on saturday night,GBP,50,encoded_band,10,100,returned,0,0,Low,1,,,,,,2025-08-01,2026-07-31,United Kingdom,English,Google Search,country,2026-09-08,70fbd70d057b238cee57df3db043a3eea72e89573d2278812516bf8fcdf617ca
raw/gkp-discover-01-whats-on-things-to-do.csv,discover,gkp-discover-01,332,bingo near me on saturdays,bingo near me on saturdays,GBP,50,encoded_band,10,100,returned,0,0,Low,6,,,,,,2025-08-01,2026-07-31,United Kingdom,English,Google Search,country,2026-09-08,70fbd70d057b238cee57df3db043a3eea72e89573d2278812516bf8fcdf617ca
raw/gkp-discover-01-whats-on-things-to-do.csv,discover,gkp-discover-01,333,bingo near me on sunday night,bingo near me on sunday night,GBP,50,encoded_band,10,100,returned,0,0,Unknown,,,,,,,2025-08-01,2026-07-31,United Kingdom,English,Google Search,country,2026-09-08,70fbd70d057b238cee57df3db043a3eea72e89573d2278812516bf8fcdf617ca
raw/gkp-discover-01-whats-on-things-to-do.csv,discover,gkp-discover-01,334,bingo near me on thursday,bingo near me on thursday,GBP,50,encoded_band,10,100,returned,0,0,Low,0,,,,,,2025-08-01,2026-07-31,United Kingdom,English,Google Search,country,2026-09-08,70fbd70d057b238cee57df3db043a3eea72e89573d2278812516bf8fcdf617ca
raw/gkp-discover-01-whats-on-things-to-do.csv,discover,gkp-discover-01,335,bingo near me on thursday night,bingo near me on thursday night,GBP,50,encoded_band,10,100,returned,0,0,Unknown,,,,,,,2025-08-01,2026-07-31,United Kingdom,English,Google Search,country,2026-09-08,70fbd70d057b238cee57df3db043a3eea72e89573d2278812516bf8fcdf617ca
raw/gkp-discover-01-whats-on-things-to-do.csv,discover,gkp-discover-01,336,bingo near me on tuesday,bingo near me on tuesday,GBP,50,encoded_band,10,100,returned,0,0,Low,6,,,,,,2025-08-01,2026-07-31,United Kingdom,English,Google Search,country,2026-09-08,70fbd70d057b238cee57df3db043a3eea72e89573d2278812516bf8fcdf617ca
raw/gkp-discover-01-whats-on-things-to-do.csv,discover,gkp-discover-01,337,bingo near me on wednesday,bingo near me on wednesday,GBP,50,encoded_band,10,100,returned,0,0,Low,4,,,,,,2025-08-01,2026-07-31,United Kingdom,English,Google Search,country,2026-09-08,70fbd70d057b238cee57df3db043a3eea72e89573d2278812516bf8fcdf617ca
raw/gkp-discover-01-whats-on-things-to-do.csv,discover,gkp-discover-01,338,bingo near me open tonight,bingo near me open tonight,GBP,50,encoded_band,10,100,returned,-1,0,Unknown,,,,,,,2025-08-01,2026-07-31,United Kingdom,English,Google Search,country,2026-09-08,70fbd70d057b238cee57df3db043a3eea72e89573d2278812516bf8fcdf617ca
raw/gkp-discover-01-whats-on-things-to-do.csv,discover,gkp-discover-01,339,bingo near me saturday,bingo near me saturday,GBP,50,encoded_band,10,100,returned,0,0,Low,6,,,,,,2025-08-01,2026-07-31,United Kingdom,English,Google Search,country,2026-09-08,70fbd70d057b238cee57df3db043a3eea72e89573d2278812516bf8fcdf617ca
raw/gkp-discover-01-whats-on-things-to-do.csv,discover,gkp-discover-01,340,bingo near me saturday night,bingo near me saturday night,GBP,50,encoded_band,10,100,returned,0,0,Low,1,,,,,,2025-08-01,2026-07-31,United Kingdom,English,Google Search,country,2026-09-08,70fbd70d057b238cee57df3db043a3eea72e89573d2278812516bf8fcdf617ca
raw/gkp-discover-01-whats-on-things-to-do.csv,discover,gkp-discover-01,341,bingo near me sunday night,bingo near me sunday night,GBP,50,encoded_band,10,100,returned,0,0,Low,0,,,,,,2025-08-01,2026-07-31,United Kingdom,English,Google Search,country,2026-09-08,70fbd70d057b238cee57df3db043a3eea72e89573d2278812516bf8fcdf617ca
raw/gkp-discover-01-whats-on-things-to-do.csv,discover,gkp-discover-01,342,bingo near me thursday,bingo near me thursday,GBP,50,encoded_band,10,100,returned,0,0,Low,0,,,,,,2025-08-01,2026-07-31,United Kingdom,English,Google Search,country,2026-09-08,70fbd70d057b238cee57df3db043a3eea72e89573d2278812516bf8fcdf617ca
raw/gkp-discover-01-whats-on-things-to-do.csv,discover,gkp-discover-01,343,bingo near me thursday night,bingo near me thursday night,GBP,50,encoded_band,10,100,returned,,0,Low,0,,,,,,2025-08-01,2026-07-31,United Kingdom,English,Google Search,country,2026-09-08,70fbd70d057b238cee57df3db043a3eea72e89573d2278812516bf8fcdf617ca
raw/gkp-discover-01-whats-on-things-to-do.csv,discover,gkp-discover-01,344,bingo near me tonite,bingo near me tonite,GBP,,encoded_band,,,absent,,,Unknown,,,,,,,2025-08-01,2026-07-31,United Kingdom,English,Google Search,country,2026-09-08,70fbd70d057b238cee57df3db043a3eea72e89573d2278812516bf8fcdf617ca
raw/gkp-discover-01-whats-on-things-to-do.csv,discover,gkp-discover-01,345,bingo near me tuesday,bingo near me tuesday,GBP,50,encoded_band,10,100,returned,0,0,Low,6,,,,,,2025-08-01,2026-07-31,United Kingdom,English,Google Search,country,2026-09-08,70fbd70d057b238cee57df3db043a3eea72e89573d2278812516bf8fcdf617ca
raw/gkp-discover-01-whats-on-things-to-do.csv,discover,gkp-discover-01,346,bingo near me tuesday night,bingo near me tuesday night,GBP,50,encoded_band,10,100,returned,0,,Low,0,,,,,,2025-08-01,2026-07-31,United Kingdom,English,Google Search,country,2026-09-08,70fbd70d057b238cee57df3db043a3eea72e89573d2278812516bf8fcdf617ca
raw/gkp-discover-01-whats-on-things-to-do.csv,discover,gkp-discover-01,347,bingo near me wednesday,bingo near me wednesday,GBP,50,encoded_band,10,100,returned,0,0,Low,4,,,,,,2025-08-01,2026-07-31,United Kingdom,English,Google Search,country,2026-09-08,70fbd70d057b238cee57df3db043a3eea72e89573d2278812516bf8fcdf617ca
raw/gkp-discover-01-whats-on-things-to-do.csv,discover,gkp-discover-01,348,bingo near me wednesday night,bingo near me wednesday night,GBP,50,encoded_band,10,100,returned,0,-1,Unknown,,,,,,,2025-08-01,2026-07-31,United Kingdom,English,Google Search,country,2026-09-08,70fbd70d057b238cee57df3db043a3eea72e89573d2278812516bf8fcdf617ca
raw/gkp-discover-01-whats-on-things-to-do.csv,discover,gkp-discover-01,349,bingo nights in my area,bingo nights in my area,GBP,50,encoded_band,10,100,returned,-1,0,Unknown,,,,,,,2025-08-01,2026-07-31,United Kingdom,English,Google Search,country,2026-09-08,70fbd70d057b238cee57df3db043a3eea72e89573d2278812516bf8fcdf617ca
raw/gkp-discover-01-whats-on-things-to-do.csv,discover,gkp-discover-01,350,bingo on fridays near me,bingo on fridays near me,GBP,50,encoded_band,10,100,returned,-1,0,Unknown,,,,,,,2025-08-01,2026-07-31,United Kingdom,English,Google Search,country,2026-09-08,70fbd70d057b238cee57df3db043a3eea72e89573d2278812516bf8fcdf617ca
raw/gkp-discover-01-whats-on-things-to-do.csv,discover,gkp-discover-01,351,bingo on monday near me,bingo on monday near me,GBP,50,encoded_band,10,100,returned,0,0,Low,8,,,,,,2025-08-01,2026-07-31,United Kingdom,English,Google Search,country,2026-09-08,70fbd70d057b238cee57df3db043a3eea72e89573d2278812516bf8fcdf617ca
raw/gkp-discover-01-whats-on-things-to-do.csv,discover,gkp-discover-01,352,bingo on monday nights near me,bingo on monday nights near me,GBP,50,encoded_band,10,100,returned,0,0,Low,1,,,,,,2025-08-01,2026-07-31,United Kingdom,English,Google Search,country,2026-09-08,70fbd70d057b238cee57df3db043a3eea72e89573d2278812516bf8fcdf617ca
raw/gkp-discover-01-whats-on-things-to-do.csv,discover,gkp-discover-01,353,bingo on saturday night near me,bingo on saturday night near me,GBP,50,encoded_band,10,100,returned,0,0,Low,1,,,,,,2025-08-01,2026-07-31,United Kingdom,English,Google Search,country,2026-09-08,70fbd70d057b238cee57df3db043a3eea72e89573d2278812516bf8fcdf617ca
raw/gkp-discover-01-whats-on-things-to-do.csv,discover,gkp-discover-01,354,bingo on sunday night near me,bingo on sunday night near me,GBP,50,encoded_band,10,100,returned,0,0,Low,0,,,,,,2025-08-01,2026-07-31,United Kingdom,English,Google Search,country,2026-09-08,70fbd70d057b238cee57df3db043a3eea72e89573d2278812516bf8fcdf617ca
raw/gkp-discover-01-whats-on-things-to-do.csv,discover,gkp-discover-01,355,bingo on thursday night near me,bingo on thursday night near me,GBP,50,encoded_band,10,100,returned,0,0,Low,1,,,,,,2025-08-01,2026-07-31,United Kingdom,English,Google Search,country,2026-09-08,70fbd70d057b238cee57df3db043a3eea72e89573d2278812516bf8fcdf617ca
raw/gkp-discover-01-whats-on-things-to-do.csv,discover,gkp-discover-01,356,bingo on tonight near me,bingo on tonight near me,GBP,50,encoded_band,10,100,returned,0,0,Medium,36,1.09,3.91,,,,2025-08-01,2026-07-31,United Kingdom,English,Google Search,country,2026-09-08,70fbd70d057b238cee57df3db043a3eea72e89573d2278812516bf8fcdf617ca
raw/gkp-discover-01-whats-on-things-to-do.csv,discover,gkp-discover-01,357,bingo on tuesday night near me,bingo on tuesday night near me,GBP,50,encoded_band,10,100,returned,0,0,Low,5,,,,,,2025-08-01,2026-07-31,United Kingdom,English,Google Search,country,2026-09-08,70fbd70d057b238cee57df3db043a3eea72e89573d2278812516bf8fcdf617ca
raw/gkp-discover-01-whats-on-things-to-do.csv,discover,gkp-discover-01,358,bingo on wednesday nights near me,bingo on wednesday nights near me,GBP,50,encoded_band,10,100,returned,0,0,Low,9,,,,,,2025-08-01,2026-07-31,United Kingdom,English,Google Search,country,2026-09-08,70fbd70d057b238cee57df3db043a3eea72e89573d2278812516bf8fcdf617ca
raw/gkp-discover-01-whats-on-things-to-do.csv,discover,gkp-discover-01,359,bingo open tonight near me,bingo open tonight near me,GBP,50,encoded_band,10,100,returned,0,-1,Unknown,,,,,,,2025-08-01,2026-07-31,United Kingdom,English,Google Search,country,2026-09-08,70fbd70d057b238cee57df3db043a3eea72e89573d2278812516bf8fcdf617ca
raw/gkp-discover-01-whats-on-things-to-do.csv,discover,gkp-discover-01,360,bingo sunday night near me,bingo sunday night near me,GBP,50,encoded_band,10,100,returned,0,0,Low,0,,,,,,2025-08-01,2026-07-31,United Kingdom,English,Google Search,country,2026-09-08,70fbd70d057b238cee57df3db043a3eea72e89573d2278812516bf8fcdf617ca
raw/gkp-discover-01-whats-on-things-to-do.csv,discover,gkp-discover-01,361,bingo thursday near me,bingo thursday near me,GBP,50,encoded_band,10,100,returned,0,0,Low,5,,,,,,2025-08-01,2026-07-31,United Kingdom,English,Google Search,country,2026-09-08,70fbd70d057b238cee57df3db043a3eea72e89573d2278812516bf8fcdf617ca
raw/gkp-discover-01-whats-on-things-to-do.csv,discover,gkp-discover-01,362,bingo tonight around me,bingo tonight around me,GBP,50,encoded_band,10,100,returned,,,Low,0,,,,,,2025-08-01,2026-07-31,United Kingdom,English,Google Search,country,2026-09-08,70fbd70d057b238cee57df3db043a3eea72e89573d2278812516bf8fcdf617ca
raw/gkp-discover-01-whats-on-things-to-do.csv,discover,gkp-discover-01,363,bingo tonight in my area,bingo tonight in my area,GBP,50,encoded_band,10,100,returned,,0,Low,5,,,,,,2025-08-01,2026-07-31,United Kingdom,English,Google Search,country,2026-09-08,70fbd70d057b238cee57df3db043a3eea72e89573d2278812516bf8fcdf617ca
raw/gkp-discover-01-whats-on-things-to-do.csv,discover,gkp-discover-01,364,bingo tuesday near me,bingo tuesday near me,GBP,50,encoded_band,10,100,returned,0,0,Low,6,,,,,,2025-08-01,2026-07-31,United Kingdom,English,Google Search,country,2026-09-08,70fbd70d057b238cee57df3db043a3eea72e89573d2278812516bf8fcdf617ca
raw/gkp-discover-01-whats-on-things-to-do.csv,discover,gkp-discover-01,365,bingo tuesday night near me,bingo tuesday night near me,GBP,50,encoded_band,10,100,returned,0,0,Low,5,,,,,,2025-08-01,2026-07-31,United Kingdom,English,Google Search,country,2026-09-08,70fbd70d057b238cee57df3db043a3eea72e89573d2278812516bf8fcdf617ca
raw/gkp-discover-01-whats-on-things-to-do.csv,discover,gkp-discover-01,366,bingo wednesday near me,bingo wednesday near me,GBP,50,encoded_band,10,100,returned,0,0,Low,4,,,,,,2025-08-01,2026-07-31,United Kingdom,English,Google Search,country,2026-09-08,70fbd70d057b238cee57df3db043a3eea72e89573d2278812516bf8fcdf617ca
raw/gkp-discover-01-whats-on-things-to-do.csv,discover,gkp-discover-01,367,bingo wednesdays near me,bingo wednesdays near me,GBP,50,encoded_band,10,100,returned,0,0,Low,4,,,,,,2025-08-01,2026-07-31,United Kingdom,English,Google Search,country,2026-09-08,70fbd70d057b238cee57df3db043a3eea72e89573d2278812516bf8fcdf617ca
raw/gkp-discover-01-whats-on-things-to-do.csv,discover,gkp-discover-01,368,birthday party pub near me,birthday party pub near me,GBP,50,encoded_band,10,100,returned,-1,-1,Unknown,,,,,,,2025-08-01,2026-07-31,United Kingdom,English,Google Search,country,2026-09-08,70fbd70d057b238cee57df3db043a3eea72e89573d2278812516bf8fcdf617ca
raw/gkp-discover-01-whats-on-things-to-do.csv,discover,gkp-discover-01,369,black karaoke bars near me,black karaoke bars near me,GBP,50,encoded_band,10,100,returned,-1,0,Unknown,,,,,,,2025-08-01,2026-07-31,United Kingdom,English,Google Search,country,2026-09-08,70fbd70d057b238cee57df3db043a3eea72e89573d2278812516bf8fcdf617ca
raw/gkp-discover-01-whats-on-things-to-do.csv,discover,gkp-discover-01,370,black karaoke near me,black karaoke near me,GBP,50,encoded_band,10,100,returned,0,0,Low,29,,,,,,2025-08-01,2026-07-31,United Kingdom,English,Google Search,country,2026-09-08,70fbd70d057b238cee57df3db043a3eea72e89573d2278812516bf8fcdf617ca
raw/gkp-discover-01-whats-on-things-to-do.csv,discover,gkp-discover-01,371,black owned karaoke near me,black owned karaoke near me,GBP,50,encoded_band,10,100,returned,0,0,Unknown,,,,,,,2025-08-01,2026-07-31,United Kingdom,English,Google Search,country,2026-09-08,70fbd70d057b238cee57df3db043a3eea72e89573d2278812516bf8fcdf617ca
raw/gkp-discover-01-whats-on-things-to-do.csv,discover,gkp-discover-01,372,bollywood karaoke near me,bollywood karaoke near me,GBP,50,encoded_band,10,100,returned,0,0,Low,16,0.23,0.58,,,,2025-08-01,2026-07-31,United Kingdom,English,Google Search,country,2026-09-08,70fbd70d057b238cee57df3db043a3eea72e89573d2278812516bf8fcdf617ca
raw/gkp-discover-01-whats-on-things-to-do.csv,discover,gkp-discover-01,373,bollywood night pub near me,bollywood night pub near me,GBP,50,encoded_band,10,100,returned,0,0,Low,0,,,,,,2025-08-01,2026-07-31,United Kingdom,English,Google Search,country,2026-09-08,70fbd70d057b238cee57df3db043a3eea72e89573d2278812516bf8fcdf617ca
raw/gkp-discover-01-whats-on-things-to-do.csv,discover,gkp-discover-01,374,bongo's bingo near me,bongo's bingo near me,GBP,5000,encoded_band,1000,10000,returned,0,-0.9,Low,1,2.07,3.61,,,,2025-08-01,2026-07-31,United Kingdom,English,Google Search,country,2026-09-08,70fbd70d057b238cee57df3db043a3eea72e89573d2278812516bf8fcdf617ca
raw/gkp-discover-01-whats-on-things-to-do.csv,discover,gkp-discover-01,375,booth karaoke near me,booth karaoke near me,GBP,50,encoded_band,10,100,returned,,0,Low,11,,,,,,2025-08-01,2026-07-31,United Kingdom,English,Google Search,country,2026-09-08,70fbd70d057b238cee57df3db043a3eea72e89573d2278812516bf8fcdf617ca
raw/gkp-discover-01-whats-on-things-to-do.csv,discover,gkp-discover-01,376,broadway karaoke near me,broadway karaoke near me,GBP,50,encoded_band,10,100,returned,-1,-1,Unknown,,,,,,,2025-08-01,2026-07-31,United Kingdom,English,Google Search,country,2026-09-08,70fbd70d057b238cee57df3db043a3eea72e89573d2278812516bf8fcdf617ca
raw/gkp-discover-01-whats-on-things-to-do.csv,discover,gkp-discover-01,377,burns night pubs near me,burns night pubs near me,GBP,50,encoded_band,10,100,returned,0,-1,Unknown,,,,,,,2025-08-01,2026-07-31,United Kingdom,English,Google Search,country,2026-09-08,70fbd70d057b238cee57df3db043a3eea72e89573d2278812516bf8fcdf617ca
raw/gkp-discover-01-whats-on-things-to-do.csv,discover,gkp-discover-01,378,cheap karaoke places near me,cheap karaoke places near me,GBP,50,encoded_band,10,100,returned,,0,Low,26,0.28,0.85,,,,2025-08-01,2026-07-31,United Kingdom,English,Google Search,country,2026-09-08,70fbd70d057b238cee57df3db043a3eea72e89573d2278812516bf8fcdf617ca
raw/gkp-discover-01-whats-on-things-to-do.csv,discover,gkp-discover-01,379,chinese karaoke near me,chinese karaoke near me,GBP,50,encoded_band,10,100,returned,0,0,Low,17,,,,,,2025-08-01,2026-07-31,United Kingdom,English,Google Search,country,2026-09-08,70fbd70d057b238cee57df3db043a3eea72e89573d2278812516bf8fcdf617ca
raw/gkp-discover-01-whats-on-things-to-do.csv,discover,gkp-discover-01,380,chinese ktv near me,chinese ktv near me,GBP,50,encoded_band,10,100,returned,0,-1,Unknown,,,,,,,2025-08-01,2026-07-31,United Kingdom,English,Google Search,country,2026-09-08,70fbd70d057b238cee57df3db043a3eea72e89573d2278812516bf8fcdf617ca
raw/gkp-discover-01-whats-on-things-to-do.csv,discover,gkp-discover-01,381,christmas day lunch pubs near me,christmas day lunch pubs near me,GBP,50,encoded_band,10,100,returned,0,0,Low,11,,,,,,2025-08-01,2026-07-31,United Kingdom,English,Google Search,country,2026-09-08,70fbd70d057b238cee57df3db043a3eea72e89573d2278812516bf8fcdf617ca
raw/gkp-discover-01-whats-on-things-to-do.csv,discover,gkp-discover-01,382,christmas day pubs near me,christmas day pubs near me,GBP,500,encoded_band,100,1000,returned,0,0,Low,13,,,,,,2025-08-01,2026-07-31,United Kingdom,English,Google Search,country,2026-09-08,70fbd70d057b238cee57df3db043a3eea72e89573d2278812516bf8fcdf617ca
raw/gkp-discover-01-whats-on-things-to-do.csv,discover,gkp-discover-01,383,christmas dinner pub near me,christmas dinner pub near me,GBP,500,encoded_band,100,1000,returned,0,-0.9,Low,7,,,,,,2025-08-01,2026-07-31,United Kingdom,English,Google Search,country,2026-09-08,70fbd70d057b238cee57df3db043a3eea72e89573d2278812516bf8fcdf617ca
raw/gkp-discover-01-whats-on-things-to-do.csv,discover,gkp-discover-01,384,christmas karaoke near me,christmas karaoke near me,GBP,50,encoded_band,10,100,returned,0,-1,Unknown,,,,,,,2025-08-01,2026-07-31,United Kingdom,English,Google Search,country,2026-09-08,70fbd70d057b238cee57df3db043a3eea72e89573d2278812516bf8fcdf617ca
raw/gkp-discover-01-whats-on-things-to-do.csv,discover,gkp-discover-01,385,christmas lunch pub near me,christmas lunch pub near me,GBP,500,encoded_band,100,1000,returned,0,0,Low,17,,,,,,2025-08-01,2026-07-31,United Kingdom,English,Google Search,country,2026-09-08,70fbd70d057b238cee57df3db043a3eea72e89573d2278812516bf8fcdf617ca
raw/gkp-discover-01-whats-on-things-to-do.csv,discover,gkp-discover-01,386,christmas party pubs near me,christmas party pubs near me,GBP,50,encoded_band,10,100,returned,0,-1,Unknown,,,,,,,2025-08-01,2026-07-31,United Kingdom,English,Google Search,country,2026-09-08,70fbd70d057b238cee57df3db043a3eea72e89573d2278812516bf8fcdf617ca
raw/gkp-discover-01-whats-on-things-to-do.csv,discover,gkp-discover-01,387,christmas pub dinner near me,christmas pub dinner near me,GBP,50,encoded_band,10,100,returned,0,0,Low,2,,,,,,2025-08-01,2026-07-31,United Kingdom,English,Google Search,country,2026-09-08,70fbd70d057b238cee57df3db043a3eea72e89573d2278812516bf8fcdf617ca
raw/gkp-discover-01-whats-on-things-to-do.csv,discover,gkp-discover-01,388,christmas pub lunch near me,christmas pub lunch near me,GBP,500,encoded_band,100,1000,returned,0,0,Low,17,,,,,,2025-08-01,2026-07-31,United Kingdom,English,Google Search,country,2026-09-08,70fbd70d057b238cee57df3db043a3eea72e89573d2278812516bf8fcdf617ca
raw/gkp-discover-01-whats-on-things-to-do.csv,discover,gkp-discover-01,389,christmas pub meal near me,christmas pub meal near me,GBP,50,encoded_band,10,100,returned,,0,Low,9,,,,,,2025-08-01,2026-07-31,United Kingdom,English,Google Search,country,2026-09-08,70fbd70d057b238cee57df3db043a3eea72e89573d2278812516bf8fcdf617ca
raw/gkp-discover-01-whats-on-things-to-do.csv,discover,gkp-discover-01,390,christmas quiz night near me,christmas quiz night near me,GBP,50,encoded_band,10,100,returned,,0,Low,0,,,,,,2025-08-01,2026-07-31,United Kingdom,English,Google Search,country,2026-09-08,70fbd70d057b238cee57df3db043a3eea72e89573d2278812516bf8fcdf617ca
raw/gkp-discover-01-whats-on-things-to-do.csv,discover,gkp-discover-01,391,closest karaoke bar,closest karaoke bar,GBP,50,encoded_band,10,100,returned,0,0,Low,17,0.48,0.67,,,,2025-08-01,2026-07-31,United Kingdom,English,Google Search,country,2026-09-08,70fbd70d057b238cee57df3db043a3eea72e89573d2278812516bf8fcdf617ca
raw/gkp-discover-01-whats-on-things-to-do.csv,discover,gkp-discover-01,392,closest karaoke bar near me,closest karaoke bar near me,GBP,50,encoded_band,10,100,returned,0,,Low,5,,,,,,2025-08-01,2026-07-31,United Kingdom,English,Google Search,country,2026-09-08,70fbd70d057b238cee57df3db043a3eea72e89573d2278812516bf8fcdf617ca
raw/gkp-discover-01-whats-on-things-to-do.csv,discover,gkp-discover-01,393,closest karaoke bar to me,closest karaoke bar to me,GBP,50,encoded_band,10,100,returned,0,0,Low,10,,,,,,2025-08-01,2026-07-31,United Kingdom,English,Google Search,country,2026-09-08,70fbd70d057b238cee57df3db043a3eea72e89573d2278812516bf8fcdf617ca
raw/gkp-discover-01-whats-on-things-to-do.csv,discover,gkp-discover-01,394,closest karaoke bar to my location,closest karaoke bar to my location,GBP,50,encoded_band,10,100,returned,0,0,Low,11,,,,,,2025-08-01,2026-07-31,United Kingdom,English,Google Search,country,2026-09-08,70fbd70d057b238cee57df3db043a3eea72e89573d2278812516bf8fcdf617ca
raw/gkp-discover-01-whats-on-things-to-do.csv,discover,gkp-discover-01,395,clubs with karaoke near me,clubs with karaoke near me,GBP,50,encoded_band,10,100,returned,,0,Low,17,,,,,,2025-08-01,2026-07-31,United Kingdom,English,Google Search,country,2026-09-08,70fbd70d057b238cee57df3db043a3eea72e89573d2278812516bf8fcdf617ca
raw/gkp-discover-01-whats-on-things-to-do.csv,discover,gkp-discover-01,396,coin karaoke near me,coin karaoke near me,GBP,50,encoded_band,10,100,returned,0,0,Medium,50,,,,,,2025-08-01,2026-07-31,United Kingdom,English,Google Search,country,2026-09-08,70fbd70d057b238cee57df3db043a3eea72e89573d2278812516bf8fcdf617ca
raw/gkp-discover-01-whats-on-things-to-do.csv,discover,gkp-discover-01,397,community bingo near me tonight,community bingo near me tonight,GBP,50,encoded_band,10,100,returned,0,0,Unknown,,,,,,,2025-08-01,2026-07-31,United Kingdom,English,Google Search,country,2026-09-08,70fbd70d057b238cee57df3db043a3eea72e89573d2278812516bf8fcdf617ca
raw/gkp-discover-01-whats-on-things-to-do.csv,discover,gkp-discover-01,398,community events this weekend near me,community events this weekend near me,GBP,50,encoded_band,10,100,returned,0,,Medium,36,,,,,,2025-08-01,2026-07-31,United Kingdom,English,Google Search,country,2026-09-08,70fbd70d057b238cee57df3db043a3eea72e89573d2278812516bf8fcdf617ca
raw/gkp-discover-01-whats-on-things-to-do.csv,discover,gkp-discover-01,399,country karaoke bar near me,country karaoke bar near me,GBP,50,encoded_band,10,100,returned,0,0,Low,0,,,,,,2025-08-01,2026-07-31,United Kingdom,English,Google Search,country,2026-09-08,70fbd70d057b238cee57df3db043a3eea72e89573d2278812516bf8fcdf617ca
raw/gkp-discover-01-whats-on-things-to-do.csv,discover,gkp-discover-01,400,country karaoke near me,country karaoke near me,GBP,50,encoded_band,10,100,returned,0,0,Low,0,,,,,,2025-08-01,2026-07-31,United Kingdom,English,Google Search,country,2026-09-08,70fbd70d057b238cee57df3db043a3eea72e89573d2278812516bf8fcdf617ca
raw/gkp-discover-01-whats-on-things-to-do.csv,discover,gkp-discover-01,401,day karaoke near me,day karaoke near me,GBP,50,encoded_band,10,100,returned,0,0,Low,7,,,,,,2025-08-01,2026-07-31,United Kingdom,English,Google Search,country,2026-09-08,70fbd70d057b238cee57df3db043a3eea72e89573d2278812516bf8fcdf617ca
raw/gkp-discover-01-whats-on-things-to-do.csv,discover,gkp-discover-01,402,day pubs near me,day pubs near me,GBP,50,encoded_band,10,100,returned,0,0,Low,18,,,,,,2025-08-01,2026-07-31,United Kingdom,English,Google Search,country,2026-09-08,70fbd70d057b238cee57df3db043a3eea72e89573d2278812516bf8fcdf617ca
raw/gkp-discover-01-whats-on-things-to-do.csv,discover,gkp-discover-01,403,days out near staines,days out near staines,GBP,50,encoded_band,10,100,returned,0,0,Medium,41,,,,,,2025-08-01,2026-07-31,United Kingdom,English,Google Search,country,2026-09-08,70fbd70d057b238cee57df3db043a3eea72e89573d2278812516bf8fcdf617ca
raw/gkp-discover-01-whats-on-things-to-do.csv,discover,gkp-discover-01,404,daytime karaoke near me,daytime karaoke near me,GBP,50,encoded_band,10,100,returned,0,0,Low,18,,,,,,2025-08-01,2026-07-31,United Kingdom,English,Google Search,country,2026-09-08,70fbd70d057b238cee57df3db043a3eea72e89573d2278812516bf8fcdf617ca
raw/gkp-discover-01-whats-on-things-to-do.csv,discover,gkp-discover-01,405,dinner and karaoke near me,dinner and karaoke near me,GBP,50,encoded_band,10,100,returned,0,0,Medium,40,,,,,,2025-08-01,2026-07-31,United Kingdom,English,Google Search,country,2026-09-08,70fbd70d057b238cee57df3db043a3eea72e89573d2278812516bf8fcdf617ca
raw/gkp-discover-01-whats-on-things-to-do.csv,discover,gkp-discover-01,406,dirty bingo near me,dirty bingo near me,GBP,50,encoded_band,10,100,returned,,0,Low,0,,,,,,2025-08-01,2026-07-31,United Kingdom,English,Google Search,country,2026-09-08,70fbd70d057b238cee57df3db043a3eea72e89573d2278812516bf8fcdf617ca
raw/gkp-discover-01-whats-on-things-to-do.csv,discover,gkp-discover-01,407,disco bingo near me,disco bingo near me,GBP,50,encoded_band,10,100,returned,0,0,Low,2,,,,,,2025-08-01,2026-07-31,United Kingdom,English,Google Search,country,2026-09-08,70fbd70d057b238cee57df3db043a3eea72e89573d2278812516bf8fcdf617ca
raw/gkp-discover-01-whats-on-things-to-do.csv,discover,gkp-discover-01,408,dj night pub near me,dj night pub near me,GBP,50,encoded_band,10,100,returned,-1,-1,Unknown,,,,,,,2025-08-01,2026-07-31,United Kingdom,English,Google Search,country,2026-09-08,70fbd70d057b238cee57df3db043a3eea72e89573d2278812516bf8fcdf617ca
raw/gkp-discover-01-whats-on-things-to-do.csv,discover,gkp-discover-01,409,dog friendly beer gardens near me,dog friendly beer gardens near me,GBP,500,encoded_band,100,1000,returned,0,0,Low,5,,,,,,2025-08-01,2026-07-31,United Kingdom,English,Google Search,country,2026-09-08,70fbd70d057b238cee57df3db043a3eea72e89573d2278812516bf8fcdf617ca
raw/gkp-discover-01-whats-on-things-to-do.csv,discover,gkp-discover-01,410,drag karaoke near me,drag karaoke near me,GBP,50,encoded_band,10,100,returned,0,0,Low,23,,,,,,2025-08-01,2026-07-31,United Kingdom,English,Google Search,country,2026-09-08,70fbd70d057b238cee57df3db043a3eea72e89573d2278812516bf8fcdf617ca
raw/gkp-discover-01-whats-on-things-to-do.csv,discover,gkp-discover-01,411,drag queen bingo near me 2022,drag queen bingo near me 2022,GBP,0,encoded_band,0,0,zero,0,0,Unknown,,,,,,,2025-08-01,2026-07-31,United Kingdom,English,Google Search,country,2026-09-08,70fbd70d057b238cee57df3db043a3eea72e89573d2278812516bf8fcdf617ca
raw/gkp-discover-01-whats-on-things-to-do.csv,discover,gkp-discover-01,412,drag queen karaoke near me,drag queen karaoke near me,GBP,50,encoded_band,10,100,returned,0,0,Medium,50,,,,,,2025-08-01,2026-07-31,United Kingdom,English,Google Search,country,2026-09-08,70fbd70d057b238cee57df3db043a3eea72e89573d2278812516bf8fcdf617ca
raw/gkp-discover-01-whats-on-things-to-do.csv,discover,gkp-discover-01,413,english karaoke near me,english karaoke near me,GBP,50,encoded_band,10,100,returned,-1,0,Unknown,,,,,,,2025-08-01,2026-07-31,United Kingdom,English,Google Search,country,2026-09-08,70fbd70d057b238cee57df3db043a3eea72e89573d2278812516bf8fcdf617ca
raw/gkp-discover-01-whats-on-things-to-do.csv,discover,gkp-discover-01,414,entertainment in pubs near me,entertainment in pubs near me,GBP,50,encoded_band,10,100,returned,0,0,Low,7,,,,,,2025-08-01,2026-07-31,United Kingdom,English,Google Search,country,2026-09-08,70fbd70d057b238cee57df3db043a3eea72e89573d2278812516bf8fcdf617ca
raw/gkp-discover-01-whats-on-things-to-do.csv,discover,gkp-discover-01,415,entertainment pubs near me,entertainment pubs near me,GBP,500,encoded_band,100,1000,returned,0,0,Low,9,,,,,,2025-08-01,2026-07-31,United Kingdom,English,Google Search,country,2026-09-08,70fbd70d057b238cee57df3db043a3eea72e89573d2278812516bf8fcdf617ca
raw/gkp-discover-01-whats-on-things-to-do.csv,discover,gkp-discover-01,416,evening bingo near me,evening bingo near me,GBP,50,encoded_band,10,100,returned,0,0,Low,11,,,,,,2025-08-01,2026-07-31,United Kingdom,English,Google Search,country,2026-09-08,70fbd70d057b238cee57df3db043a3eea72e89573d2278812516bf8fcdf617ca
raw/gkp-discover-01-whats-on-things-to-do.csv,discover,gkp-discover-01,417,events and things to do near me today,events and things to do near me today,GBP,50,encoded_band,10,100,returned,0,0,Low,0,,,,,,2025-08-01,2026-07-31,United Kingdom,English,Google Search,country,2026-09-08,70fbd70d057b238cee57df3db043a3eea72e89573d2278812516bf8fcdf617ca
raw/gkp-discover-01-whats-on-things-to-do.csv,discover,gkp-discover-01,418,events around the area today,events around the area today,GBP,50,encoded_band,10,100,returned,-1,0,Unknown,,,,,,,2025-08-01,2026-07-31,United Kingdom,English,Google Search,country,2026-09-08,70fbd70d057b238cee57df3db043a3eea72e89573d2278812516bf8fcdf617ca
raw/gkp-discover-01-whats-on-things-to-do.csv,discover,gkp-discover-01,419,events festivals near me this weekend,events festivals near me this weekend,GBP,50,encoded_band,10,100,returned,0,0,Low,5,,,,,,2025-08-01,2026-07-31,United Kingdom,English,Google Search,country,2026-09-08,70fbd70d057b238cee57df3db043a3eea72e89573d2278812516bf8fcdf617ca
raw/gkp-discover-01-whats-on-things-to-do.csv,discover,gkp-discover-01,420,events festivals near me today,events festivals near me today,GBP,50,encoded_band,10,100,returned,0,0,Unknown,,,,,,,2025-08-01,2026-07-31,United Kingdom,English,Google Search,country,2026-09-08,70fbd70d057b238cee57df3db043a3eea72e89573d2278812516bf8fcdf617ca
raw/gkp-discover-01-whats-on-things-to-do.csv,discover,gkp-discover-01,421,events for families near me this weekend,events for families near me this weekend,GBP,50,encoded_band,10,100,returned,0,0,Medium,53,0.42,1.21,,,,2025-08-01,2026-07-31,United Kingdom,English,Google Search,country,2026-09-08,70fbd70d057b238cee57df3db043a3eea72e89573d2278812516bf8fcdf617ca
raw/gkp-discover-01-whats-on-things-to-do.csv,discover,gkp-discover-01,422,events going on around me this weekend,events going on around me this weekend,GBP,50,encoded_band,10,100,returned,0,0,Low,0,,,,,,2025-08-01,2026-07-31,United Kingdom,English,Google Search,country,2026-09-08,70fbd70d057b238cee57df3db043a3eea72e89573d2278812516bf8fcdf617ca
raw/gkp-discover-01-whats-on-things-to-do.csv,discover,gkp-discover-01,423,events going on around me today,events going on around me today,GBP,50,encoded_band,10,100,returned,0,0,High,71,,,,,,2025-08-01,2026-07-31,United Kingdom,English,Google Search,country,2026-09-08,70fbd70d057b238cee57df3db043a3eea72e89573d2278812516bf8fcdf617ca
raw/gkp-discover-01-whats-on-things-to-do.csv,discover,gkp-discover-01,424,events going on in my area this weekend,events going on in my area this weekend,GBP,50,encoded_band,10,100,returned,0,0,Unknown,,,,,,,2025-08-01,2026-07-31,United Kingdom,English,Google Search,country,2026-09-08,70fbd70d057b238cee57df3db043a3eea72e89573d2278812516bf8fcdf617ca
raw/gkp-discover-01-whats-on-things-to-do.csv,discover,gkp-discover-01,425,events going on in my area today,events going on in my area today,GBP,50,encoded_band,10,100,returned,,,High,100,,,,,,2025-08-01,2026-07-31,United Kingdom,English,Google Search,country,2026-09-08,70fbd70d057b238cee57df3db043a3eea72e89573d2278812516bf8fcdf617ca
raw/gkp-discover-01-whats-on-things-to-do.csv,discover,gkp-discover-01,426,events going on near me next weekend,events going on near me next weekend,GBP,50,encoded_band,10,100,returned,,,Low,24,,,,,,2025-08-01,2026-07-31,United Kingdom,English,Google Search,country,2026-09-08,70fbd70d057b238cee57df3db043a3eea72e89573d2278812516bf8fcdf617ca
raw/gkp-discover-01-whats-on-things-to-do.csv,discover,gkp-discover-01,427,events happening around me today,events happening around me today,GBP,50,encoded_band,10,100,returned,0,0,Low,0,,,,,,2025-08-01,2026-07-31,United Kingdom,English,Google Search,country,2026-09-08,70fbd70d057b238cee57df3db043a3eea72e89573d2278812516bf8fcdf617ca
raw/gkp-discover-01-whats-on-things-to-do.csv,discover,gkp-discover-01,428,events happening in my area this weekend,events happening in my area this weekend,GBP,50,encoded_band,10,100,returned,-1,0,Unknown,,,,,,,2025-08-01,2026-07-31,United Kingdom,English,Google Search,country,2026-09-08,70fbd70d057b238cee57df3db043a3eea72e89573d2278812516bf8fcdf617ca
raw/gkp-discover-01-whats-on-things-to-do.csv,discover,gkp-discover-01,429,events happening in my area today,events happening in my area today,GBP,50,encoded_band,10,100,returned,0,0,Low,0,,,,,,2025-08-01,2026-07-31,United Kingdom,English,Google Search,country,2026-09-08,70fbd70d057b238cee57df3db043a3eea72e89573d2278812516bf8fcdf617ca
raw/gkp-discover-01-whats-on-things-to-do.csv,discover,gkp-discover-01,430,events happening near me on saturday,events happening near me on saturday,GBP,50,encoded_band,10,100,returned,0,0,Low,6,,,,,,2025-08-01,2026-07-31,United Kingdom,English,Google Search,country,2026-09-08,70fbd70d057b238cee57df3db043a3eea72e89573d2278812516bf8fcdf617ca
raw/gkp-discover-01-whats-on-things-to-do.csv,discover,gkp-discover-01,431,events happening near me saturday,events happening near me saturday,GBP,50,encoded_band,10,100,returned,0,0,Low,26,,,,,,2025-08-01,2026-07-31,United Kingdom,English,Google Search,country,2026-09-08,70fbd70d057b238cee57df3db043a3eea72e89573d2278812516bf8fcdf617ca
raw/gkp-discover-01-whats-on-things-to-do.csv,discover,gkp-discover-01,432,events happening this weekend around me,events happening this weekend around me,GBP,50,encoded_band,10,100,returned,0,0,Unknown,,,,,,,2025-08-01,2026-07-31,United Kingdom,English,Google Search,country,2026-09-08,70fbd70d057b238cee57df3db043a3eea72e89573d2278812516bf8fcdf617ca
raw/gkp-discover-01-whats-on-things-to-do.csv,discover,gkp-discover-01,433,events in my area for today,events in my area for today,GBP,50,encoded_band,10,100,returned,0,0,High,86,0.31,0.85,,,,2025-08-01,2026-07-31,United Kingdom,English,Google Search,country,2026-09-08,70fbd70d057b238cee57df3db043a3eea72e89573d2278812516bf8fcdf617ca
raw/gkp-discover-01-whats-on-things-to-do.csv,discover,gkp-discover-01,434,events in my area next weekend,events in my area next weekend,GBP,50,encoded_band,10,100,returned,-1,-1,Unknown,,,,,,,2025-08-01,2026-07-31,United Kingdom,English,Google Search,country,2026-09-08,70fbd70d057b238cee57df3db043a3eea72e89573d2278812516bf8fcdf617ca
raw/gkp-discover-01-whats-on-things-to-do.csv,discover,gkp-discover-01,435,events in our area this weekend,events in our area this weekend,GBP,50,encoded_band,10,100,returned,0,0,Medium,43,,,,,,2025-08-01,2026-07-31,United Kingdom,English,Google Search,country,2026-09-08,70fbd70d057b238cee57df3db043a3eea72e89573d2278812516bf8fcdf617ca
raw/gkp-discover-01-whats-on-things-to-do.csv,discover,gkp-discover-01,436,events in our area today,events in our area today,GBP,50,encoded_band,10,100,returned,-1,-1,Unknown,,,,,,,2025-08-01,2026-07-31,United Kingdom,English,Google Search,country,2026-09-08,70fbd70d057b238cee57df3db043a3eea72e89573d2278812516bf8fcdf617ca
raw/gkp-discover-01-whats-on-things-to-do.csv,discover,gkp-discover-01,437,events in pubs near me,events in pubs near me,GBP,50,encoded_band,10,100,returned,0,0,Low,4,,,,,,2025-08-01,2026-07-31,United Kingdom,English,Google Search,country,2026-09-08,70fbd70d057b238cee57df3db043a3eea72e89573d2278812516bf8fcdf617ca
raw/gkp-discover-01-whats-on-things-to-do.csv,discover,gkp-discover-01,438,events in this weekend near me,events in this weekend near me,GBP,50,encoded_band,10,100,returned,0,0,Medium,38,,,,,,2025-08-01,2026-07-31,United Kingdom,English,Google Search,country,2026-09-08,70fbd70d057b238cee57df3db043a3eea72e89573d2278812516bf8fcdf617ca
raw/gkp-discover-01-whats-on-things-to-do.csv,discover,gkp-discover-01,439,events in today near me,events in today near me,GBP,50,encoded_band,10,100,returned,0,0,High,87,0.62,1.11,,,,2025-08-01,2026-07-31,United Kingdom,English,Google Search,country,2026-09-08,70fbd70d057b238cee57df3db043a3eea72e89573d2278812516bf8fcdf617ca
raw/gkp-discover-01-whats-on-things-to-do.csv,discover,gkp-discover-01,440,events near here this weekend,events near here this weekend,GBP,50,encoded_band,10,100,returned,0,0,High,100,,,,,,2025-08-01,2026-07-31,United Kingdom,English,Google Search,country,2026-09-08,70fbd70d057b238cee57df3db043a3eea72e89573d2278812516bf8fcdf617ca
raw/gkp-discover-01-whats-on-things-to-do.csv,discover,gkp-discover-01,441,events near here today,events near here today,GBP,50,encoded_band,10,100,returned,0,0,High,84,,,,,,2025-08-01,2026-07-31,United Kingdom,English,Google Search,country,2026-09-08,70fbd70d057b238cee57df3db043a3eea72e89573d2278812516bf8fcdf617ca
raw/gkp-discover-01-whats-on-things-to-do.csv,discover,gkp-discover-01,442,events near me for the weekend,events near me for the weekend,GBP,50,encoded_band,10,100,returned,-1,0,Unknown,,,,,,,2025-08-01,2026-07-31,United Kingdom,English,Google Search,country,2026-09-08,70fbd70d057b238cee57df3db043a3eea72e89573d2278812516bf8fcdf617ca
raw/gkp-discover-01-whats-on-things-to-do.csv,discover,gkp-discover-01,443,events near me going on today,events near me going on today,GBP,500,encoded_band,100,1000,returned,0,0,High,100,0.35,1.06,,,,2025-08-01,2026-07-31,United Kingdom,English,Google Search,country,2026-09-08,70fbd70d057b238cee57df3db043a3eea72e89573d2278812516bf8fcdf617ca
raw/gkp-discover-01-whats-on-things-to-do.csv,discover,gkp-discover-01,444,events near me happening today,events near me happening today,GBP,500,encoded_band,100,1000,returned,0,0,High,100,0.35,1.3,,,,2025-08-01,2026-07-31,United Kingdom,English,Google Search,country,2026-09-08,70fbd70d057b238cee57df3db043a3eea72e89573d2278812516bf8fcdf617ca
raw/gkp-discover-01-whats-on-things-to-do.csv,discover,gkp-discover-01,445,events near me may bank holiday,events near me may bank holiday,GBP,50,encoded_band,10,100,returned,-1,0,Unknown,,,,,,,2025-08-01,2026-07-31,United Kingdom,English,Google Search,country,2026-09-08,70fbd70d057b238cee57df3db043a3eea72e89573d2278812516bf8fcdf617ca
raw/gkp-discover-01-whats-on-things-to-do.csv,discover,gkp-discover-01,446,events near me now today,events near me now today,GBP,50,encoded_band,10,100,returned,0,0,High,100,,,,,,2025-08-01,2026-07-31,United Kingdom,English,Google Search,country,2026-09-08,70fbd70d057b238cee57df3db043a3eea72e89573d2278812516bf8fcdf617ca
raw/gkp-discover-01-whats-on-things-to-do.csv,discover,gkp-discover-01,447,events near my location this weekend,events near my location this weekend,GBP,50,encoded_band,10,100,returned,-1,-1,Unknown,,,,,,,2025-08-01,2026-07-31,United Kingdom,English,Google Search,country,2026-09-08,70fbd70d057b238cee57df3db043a3eea72e89573d2278812516bf8fcdf617ca
raw/gkp-discover-01-whats-on-things-to-do.csv,discover,gkp-discover-01,448,events on near me this weekend,events on near me this weekend,GBP,5000,encoded_band,1000,10000,returned,0,0,High,97,0.4,1.55,,,,2025-08-01,2026-07-31,United Kingdom,English,Google Search,country,2026-09-08,70fbd70d057b238cee57df3db043a3eea72e89573d2278812516bf8fcdf617ca
raw/gkp-discover-01-whats-on-things-to-do.csv,discover,gkp-discover-01,449,events on weekend near me,events on weekend near me,GBP,5000,encoded_band,1000,10000,returned,0,0,High,97,0.4,1.55,,,,2025-08-01,2026-07-31,United Kingdom,English,Google Search,country,2026-09-08,70fbd70d057b238cee57df3db043a3eea72e89573d2278812516bf8fcdf617ca
raw/gkp-discover-01-whats-on-things-to-do.csv,discover,gkp-discover-01,450,events or festivals near me this weekend,events or festivals near me this weekend,GBP,50,encoded_band,10,100,returned,0,,High,100,,,,,,2025-08-01,2026-07-31,United Kingdom,English,Google Search,country,2026-09-08,70fbd70d057b238cee57df3db043a3eea72e89573d2278812516bf8fcdf617ca
raw/gkp-discover-01-whats-on-things-to-do.csv,discover,gkp-discover-01,451,events or festivals near me today,events or festivals near me today,GBP,50,encoded_band,10,100,returned,0,0,High,100,,,,,,2025-08-01,2026-07-31,United Kingdom,English,Google Search,country,2026-09-08,70fbd70d057b238cee57df3db043a3eea72e89573d2278812516bf8fcdf617ca
raw/gkp-discover-01-whats-on-things-to-do.csv,discover,gkp-discover-01,452,events the weekend near me,events the weekend near me,GBP,50,encoded_band,10,100,returned,,0,Medium,43,,,,,,2025-08-01,2026-07-31,United Kingdom,English,Google Search,country,2026-09-08,70fbd70d057b238cee57df3db043a3eea72e89573d2278812516bf8fcdf617ca
raw/gkp-discover-01-whats-on-things-to-do.csv,discover,gkp-discover-01,453,events this weekend in my area,events this weekend in my area,GBP,50,encoded_band,10,100,returned,0,0,High,68,0.45,1.18,,,,2025-08-01,2026-07-31,United Kingdom,English,Google Search,country,2026-09-08,70fbd70d057b238cee57df3db043a3eea72e89573d2278812516bf8fcdf617ca
raw/gkp-discover-01-whats-on-things-to-do.csv,discover,gkp-discover-01,454,events this weekend near me 2021,events this weekend near me 2021,GBP,0,encoded_band,0,0,zero,0,0,Unknown,,,,,,,2025-08-01,2026-07-31,United Kingdom,English,Google Search,country,2026-09-08,70fbd70d057b238cee57df3db043a3eea72e89573d2278812516bf8fcdf617ca
raw/gkp-discover-01-whats-on-things-to-do.csv,discover,gkp-discover-01,455,events this weekend near me 2022,events this weekend near me 2022,GBP,0,encoded_band,0,0,zero,0,0,Unknown,,,,,,,2025-08-01,2026-07-31,United Kingdom,English,Google Search,country,2026-09-08,70fbd70d057b238cee57df3db043a3eea72e89573d2278812516bf8fcdf617ca
raw/gkp-discover-01-whats-on-things-to-do.csv,discover,gkp-discover-01,456,events this weekend near me now,events this weekend near me now,GBP,50,encoded_band,10,100,returned,0,-1,Unknown,,,,,,,2025-08-01,2026-07-31,United Kingdom,English,Google Search,country,2026-09-08,70fbd70d057b238cee57df3db043a3eea72e89573d2278812516bf8fcdf617ca
raw/gkp-discover-01-whats-on-things-to-do.csv,discover,gkp-discover-01,457,events this weekend near my location,events this weekend near my location,GBP,50,encoded_band,10,100,returned,0,0,Unknown,,,,,,,2025-08-01,2026-07-31,United Kingdom,English,Google Search,country,2026-09-08,70fbd70d057b238cee57df3db043a3eea72e89573d2278812516bf8fcdf617ca
raw/gkp-discover-01-whats-on-things-to-do.csv,discover,gkp-discover-01,458,events this weekend within 100 miles of me,events this weekend within 100 miles of me,GBP,50,encoded_band,10,100,returned,0,-1,Unknown,,,,,,,2025-08-01,2026-07-31,United Kingdom,English,Google Search,country,2026-09-08,70fbd70d057b238cee57df3db043a3eea72e89573d2278812516bf8fcdf617ca
raw/gkp-discover-01-whats-on-things-to-do.csv,discover,gkp-discover-01,459,events to do near me this weekend,events to do near me this weekend,GBP,50,encoded_band,10,100,returned,0,0,High,100,,,,,,2025-08-01,2026-07-31,United Kingdom,English,Google Search,country,2026-09-08,70fbd70d057b238cee57df3db043a3eea72e89573d2278812516bf8fcdf617ca
raw/gkp-discover-01-whats-on-things-to-do.csv,discover,gkp-discover-01,460,events today near me now,events today near me now,GBP,50,encoded_band,10,100,returned,0,0,High,100,,,,,,2025-08-01,2026-07-31,United Kingdom,English,Google Search,country,2026-09-08,70fbd70d057b238cee57df3db043a3eea72e89573d2278812516bf8fcdf617ca
raw/gkp-discover-01-whats-on-things-to-do.csv,discover,gkp-discover-01,461,events today near me today,events today near me today,GBP,5000,encoded_band,1000,10000,returned,-0.9,0,High,100,0.35,1.43,,,,2025-08-01,2026-07-31,United Kingdom,English,Google Search,country,2026-09-08,70fbd70d057b238cee57df3db043a3eea72e89573d2278812516bf8fcdf617ca
raw/gkp-discover-01-whats-on-things-to-do.csv,discover,gkp-discover-01,462,events today near my location,events today near my location,GBP,50,encoded_band,10,100,returned,0,0,High,86,,,,,,2025-08-01,2026-07-31,United Kingdom,English,Google Search,country,2026-09-08,70fbd70d057b238cee57df3db043a3eea72e89573d2278812516bf8fcdf617ca
raw/gkp-discover-01-whats-on-things-to-do.csv,discover,gkp-discover-01,463,events within 100 miles of me this weekend,events within 100 miles of me this weekend,GBP,50,encoded_band,10,100,returned,0,0,Low,0,,,,,,2025-08-01,2026-07-31,United Kingdom,English,Google Search,country,2026-09-08,70fbd70d057b238cee57df3db043a3eea72e89573d2278812516bf8fcdf617ca
raw/gkp-discover-01-whats-on-things-to-do.csv,discover,gkp-discover-01,464,family fun events today near me,family fun events today near me,GBP,50,encoded_band,10,100,returned,,,High,100,,,,,,2025-08-01,2026-07-31,United Kingdom,English,Google Search,country,2026-09-08,70fbd70d057b238cee57df3db043a3eea72e89573d2278812516bf8fcdf617ca
raw/gkp-discover-01-whats-on-things-to-do.csv,discover,gkp-discover-01,465,family ktv near me,family ktv near me,GBP,50,encoded_band,10,100,returned,-1,0,Unknown,,,,,,,2025-08-01,2026-07-31,United Kingdom,English,Google Search,country,2026-09-08,70fbd70d057b238cee57df3db043a3eea72e89573d2278812516bf8fcdf617ca
raw/gkp-discover-01-whats-on-things-to-do.csv,discover,gkp-discover-01,466,family trivia night near me,family trivia night near me,GBP,50,encoded_band,10,100,returned,0,0,Unknown,,,,,,,2025-08-01,2026-07-31,United Kingdom,English,Google Search,country,2026-09-08,70fbd70d057b238cee57df3db043a3eea72e89573d2278812516bf8fcdf617ca
raw/gkp-discover-01-whats-on-things-to-do.csv,discover,gkp-discover-01,467,festivals and events this weekend near me,festivals and events this weekend near me,GBP,50,encoded_band,10,100,returned,0,0,Medium,38,,,,,,2025-08-01,2026-07-31,United Kingdom,English,Google Search,country,2026-09-08,70fbd70d057b238cee57df3db043a3eea72e89573d2278812516bf8fcdf617ca
raw/gkp-discover-01-whats-on-things-to-do.csv,discover,gkp-discover-01,468,festivals and events today near me,festivals and events today near me,GBP,50,encoded_band,10,100,returned,0,0,Medium,50,,,,,,2025-08-01,2026-07-31,United Kingdom,English,Google Search,country,2026-09-08,70fbd70d057b238cee57df3db043a3eea72e89573d2278812516bf8fcdf617ca
raw/gkp-discover-01-whats-on-things-to-do.csv,discover,gkp-discover-01,469,find a pub quiz near me,find a pub quiz near me,GBP,50,encoded_band,10,100,returned,0,0,Low,3,,,,,,2025-08-01,2026-07-31,United Kingdom,English,Google Search,country,2026-09-08,70fbd70d057b238cee57df3db043a3eea72e89573d2278812516bf8fcdf617ca
raw/gkp-discover-01-whats-on-things-to-do.csv,discover,gkp-discover-01,470,find karaoke near me,find karaoke near me,GBP,50,encoded_band,10,100,returned,-1,-1,Unknown,,,,,,,2025-08-01,2026-07-31,United Kingdom,English,Google Search,country,2026-09-08,70fbd70d057b238cee57df3db043a3eea72e89573d2278812516bf8fcdf617ca
raw/gkp-discover-01-whats-on-things-to-do.csv,discover,gkp-discover-01,471,find pub quiz near me,find pub quiz near me,GBP,50,encoded_band,10,100,returned,0,0,Low,0,,,,,,2025-08-01,2026-07-31,United Kingdom,English,Google Search,country,2026-09-08,70fbd70d057b238cee57df3db043a3eea72e89573d2278812516bf8fcdf617ca
raw/gkp-discover-01-whats-on-things-to-do.csv,discover,gkp-discover-01,472,find trivia near me,find trivia near me,GBP,50,encoded_band,10,100,returned,0,-1,Unknown,,,,,,,2025-08-01,2026-07-31,United Kingdom,English,Google Search,country,2026-09-08,70fbd70d057b238cee57df3db043a3eea72e89573d2278812516bf8fcdf617ca
raw/gkp-discover-01-whats-on-things-to-do.csv,discover,gkp-discover-01,473,food and karaoke near me,food and karaoke near me,GBP,50,encoded_band,10,100,returned,0,0,Low,2,,,,,,2025-08-01,2026-07-31,United Kingdom,English,Google Search,country,2026-09-08,70fbd70d057b238cee57df3db043a3eea72e89573d2278812516bf8fcdf617ca
raw/gkp-discover-01-whats-on-things-to-do.csv,discover,gkp-discover-01,474,free bingo tonight near me,free bingo tonight near me,GBP,50,encoded_band,10,100,returned,,0,Low,29,,,,,,2025-08-01,2026-07-31,United Kingdom,English,Google Search,country,2026-09-08,70fbd70d057b238cee57df3db043a3eea72e89573d2278812516bf8fcdf617ca
raw/gkp-discover-01-whats-on-things-to-do.csv,discover,gkp-discover-01,475,free things to do in staines,free things to do in staines,GBP,50,encoded_band,10,100,returned,0,0,Low,1,,,,,,2025-08-01,2026-07-31,United Kingdom,English,Google Search,country,2026-09-08,70fbd70d057b238cee57df3db043a3eea72e89573d2278812516bf8fcdf617ca
raw/gkp-discover-01-whats-on-things-to-do.csv,discover,gkp-discover-01,476,friday karaoke near me,friday karaoke near me,GBP,50,encoded_band,10,100,returned,0,0,Low,7,,,,,,2025-08-01,2026-07-31,United Kingdom,English,Google Search,country,2026-09-08,70fbd70d057b238cee57df3db043a3eea72e89573d2278812516bf8fcdf617ca
raw/gkp-discover-01-whats-on-things-to-do.csv,discover,gkp-discover-01,477,friday night bar trivia near me,friday night bar trivia near me,GBP,0,encoded_band,0,0,zero,0,0,Unknown,,,,,,,2025-08-01,2026-07-31,United Kingdom,English,Google Search,country,2026-09-08,70fbd70d057b238cee57df3db043a3eea72e89573d2278812516bf8fcdf617ca
raw/gkp-discover-01-whats-on-things-to-do.csv,discover,gkp-discover-01,478,friday night bingo in my area,friday night bingo in my area,GBP,50,encoded_band,10,100,returned,0,0,Unknown,,,,,,,2025-08-01,2026-07-31,United Kingdom,English,Google Search,country,2026-09-08,70fbd70d057b238cee57df3db043a3eea72e89573d2278812516bf8fcdf617ca
raw/gkp-discover-01-whats-on-things-to-do.csv,discover,gkp-discover-01,479,friday night karaoke bars near me,friday night karaoke bars near me,GBP,50,encoded_band,10,100,returned,-1,0,Unknown,,,,,,,2025-08-01,2026-07-31,United Kingdom,English,Google Search,country,2026-09-08,70fbd70d057b238cee57df3db043a3eea72e89573d2278812516bf8fcdf617ca
raw/gkp-discover-01-whats-on-things-to-do.csv,discover,gkp-discover-01,480,friday night karaoke near me,friday night karaoke near me,GBP,50,encoded_band,10,100,returned,-0.9,0,Low,4,,,,,,2025-08-01,2026-07-31,United Kingdom,English,Google Search,country,2026-09-08,70fbd70d057b238cee57df3db043a3eea72e89573d2278812516bf8fcdf617ca
raw/gkp-discover-01-whats-on-things-to-do.csv,discover,gkp-discover-01,481,friday night pub quiz near me,friday night pub quiz near me,GBP,50,encoded_band,10,100,returned,0,0,Low,3,,,,,,2025-08-01,2026-07-31,United Kingdom,English,Google Search,country,2026-09-08,70fbd70d057b238cee57df3db043a3eea72e89573d2278812516bf8fcdf617ca
raw/gkp-discover-01-whats-on-things-to-do.csv,discover,gkp-discover-01,482,friday night pubs near me,friday night pubs near me,GBP,50,encoded_band,10,100,returned,0,0,Low,4,,,,,,2025-08-01,2026-07-31,United Kingdom,English,Google Search,country,2026-09-08,70fbd70d057b238cee57df3db043a3eea72e89573d2278812516bf8fcdf617ca
raw/gkp-discover-01-whats-on-things-to-do.csv,discover,gkp-discover-01,483,friday night trivia near me,friday night trivia near me,GBP,50,encoded_band,10,100,returned,0,,Low,0,,,,,,2025-08-01,2026-07-31,United Kingdom,English,Google Search,country,2026-09-08,70fbd70d057b238cee57df3db043a3eea72e89573d2278812516bf8fcdf617ca
raw/gkp-discover-01-whats-on-things-to-do.csv,discover,gkp-discover-01,484,friday pub quiz near me,friday pub quiz near me,GBP,50,encoded_band,10,100,returned,-0.9,0,Low,6,,,,,,2025-08-01,2026-07-31,United Kingdom,English,Google Search,country,2026-09-08,70fbd70d057b238cee57df3db043a3eea72e89573d2278812516bf8fcdf617ca
raw/gkp-discover-01-whats-on-things-to-do.csv,discover,gkp-discover-01,485,friday trivia near me,friday trivia near me,GBP,50,encoded_band,10,100,returned,,,Low,0,,,,,,2025-08-01,2026-07-31,United Kingdom,English,Google Search,country,2026-09-08,70fbd70d057b238cee57df3db043a3eea72e89573d2278812516bf8fcdf617ca
raw/gkp-discover-01-whats-on-things-to-do.csv,discover,gkp-discover-01,486,friday trivia night near me,friday trivia night near me,GBP,50,encoded_band,10,100,returned,0,0,Unknown,,,,,,,2025-08-01,2026-07-31,United Kingdom,English,Google Search,country,2026-09-08,70fbd70d057b238cee57df3db043a3eea72e89573d2278812516bf8fcdf617ca
raw/gkp-discover-01-whats-on-things-to-do.csv,discover,gkp-discover-01,487,friends trivia near me,friends trivia near me,GBP,50,encoded_band,10,100,returned,0,0,Unknown,,,,,,,2025-08-01,2026-07-31,United Kingdom,English,Google Search,country,2026-09-08,70fbd70d057b238cee57df3db043a3eea72e89573d2278812516bf8fcdf617ca
raw/gkp-discover-01-whats-on-things-to-do.csv,discover,gkp-discover-01,488,friends trivia night near me,friends trivia night near me,GBP,50,encoded_band,10,100,returned,-1,-1,Unknown,,,,,,,2025-08-01,2026-07-31,United Kingdom,English,Google Search,country,2026-09-08,70fbd70d057b238cee57df3db043a3eea72e89573d2278812516bf8fcdf617ca
raw/gkp-discover-01-whats-on-things-to-do.csv,discover,gkp-discover-01,489,fun family events this weekend near me,fun family events this weekend near me,GBP,50,encoded_band,10,100,returned,-1,0,Unknown,,,,,,,2025-08-01,2026-07-31,United Kingdom,English,Google Search,country,2026-09-08,70fbd70d057b238cee57df3db043a3eea72e89573d2278812516bf8fcdf617ca
raw/gkp-discover-01-whats-on-things-to-do.csv,discover,gkp-discover-01,490,fun karaoke bars near me,fun karaoke bars near me,GBP,50,encoded_band,10,100,returned,0,,Low,4,,,,,,2025-08-01,2026-07-31,United Kingdom,English,Google Search,country,2026-09-08,70fbd70d057b238cee57df3db043a3eea72e89573d2278812516bf8fcdf617ca
raw/gkp-discover-01-whats-on-things-to-do.csv,discover,gkp-discover-01,491,fun karaoke places near me,fun karaoke places near me,GBP,50,encoded_band,10,100,returned,-1,0,Unknown,,,,,,,2025-08-01,2026-07-31,United Kingdom,English,Google Search,country,2026-09-08,70fbd70d057b238cee57df3db043a3eea72e89573d2278812516bf8fcdf617ca
raw/gkp-discover-01-whats-on-things-to-do.csv,discover,gkp-discover-01,492,fun things to do for the weekend near me,fun things to do for the weekend near me,GBP,50,encoded_band,10,100,returned,-1,-1,Unknown,,,,,,,2025-08-01,2026-07-31,United Kingdom,English,Google Search,country,2026-09-08,70fbd70d057b238cee57df3db043a3eea72e89573d2278812516bf8fcdf617ca
raw/gkp-discover-01-whats-on-things-to-do.csv,discover,gkp-discover-01,493,fun things to do in staines,fun things to do in staines,GBP,50,encoded_band,10,100,returned,0,0,High,100,,,,,,2025-08-01,2026-07-31,United Kingdom,English,Google Search,country,2026-09-08,70fbd70d057b238cee57df3db043a3eea72e89573d2278812516bf8fcdf617ca
raw/gkp-discover-01-whats-on-things-to-do.csv,discover,gkp-discover-01,494,fun things to do on a weekend near me,fun things to do on a weekend near me,GBP,50,encoded_band,10,100,returned,0,0,High,100,,,,,,2025-08-01,2026-07-31,United Kingdom,English,Google Search,country,2026-09-08,70fbd70d057b238cee57df3db043a3eea72e89573d2278812516bf8fcdf617ca
raw/gkp-discover-01-whats-on-things-to-do.csv,discover,gkp-discover-01,495,fun things to do this weekend around me,fun things to do this weekend around me,GBP,50,encoded_band,10,100,returned,0,-1,Unknown,,,,,,,2025-08-01,2026-07-31,United Kingdom,English,Google Search,country,2026-09-08,70fbd70d057b238cee57df3db043a3eea72e89573d2278812516bf8fcdf617ca
raw/gkp-discover-01-whats-on-things-to-do.csv,discover,gkp-discover-01,496,fun things to do this weekend in my area,fun things to do this weekend in my area,GBP,50,encoded_band,10,100,returned,0,-1,Unknown,,,,,,,2025-08-01,2026-07-31,United Kingdom,English,Google Search,country,2026-09-08,70fbd70d057b238cee57df3db043a3eea72e89573d2278812516bf8fcdf617ca
raw/gkp-discover-01-whats-on-things-to-do.csv,discover,gkp-discover-01,497,gay bar karaoke near me,gay bar karaoke near me,GBP,50,encoded_band,10,100,returned,0,0,Low,14,,,,,,2025-08-01,2026-07-31,United Kingdom,English,Google Search,country,2026-09-08,70fbd70d057b238cee57df3db043a3eea72e89573d2278812516bf8fcdf617ca
raw/gkp-discover-01-whats-on-things-to-do.csv,discover,gkp-discover-01,498,gay karaoke bar near me,gay karaoke bar near me,GBP,50,encoded_band,10,100,returned,0,0,Low,3,,,,,,2025-08-01,2026-07-31,United Kingdom,English,Google Search,country,2026-09-08,70fbd70d057b238cee57df3db043a3eea72e89573d2278812516bf8fcdf617ca
raw/gkp-discover-01-whats-on-things-to-do.csv,discover,gkp-discover-01,499,gay karaoke near me,gay karaoke near me,GBP,50,encoded_band,10,100,returned,0,0,Low,23,,,,,,2025-08-01,2026-07-31,United Kingdom,English,Google Search,country,2026-09-08,70fbd70d057b238cee57df3db043a3eea72e89573d2278812516bf8fcdf617ca
raw/gkp-discover-01-whats-on-things-to-do.csv,discover,gkp-discover-01,500,good karaoke bars near me,good karaoke bars near me,GBP,50,encoded_band,10,100,returned,0,0,Low,27,,,,,,2025-08-01,2026-07-31,United Kingdom,English,Google Search,country,2026-09-08,70fbd70d057b238cee57df3db043a3eea72e89573d2278812516bf8fcdf617ca
raw/gkp-discover-01-whats-on-things-to-do.csv,discover,gkp-discover-01,501,good karaoke near me,good karaoke near me,GBP,50,encoded_band,10,100,returned,0,0,Low,24,,,,,,2025-08-01,2026-07-31,United Kingdom,English,Google Search,country,2026-09-08,70fbd70d057b238cee57df3db043a3eea72e89573d2278812516bf8fcdf617ca
raw/gkp-discover-01-whats-on-things-to-do.csv,discover,gkp-discover-01,502,good karaoke places near me,good karaoke places near me,GBP,50,encoded_band,10,100,returned,0,0,Medium,41,,,,,,2025-08-01,2026-07-31,United Kingdom,English,Google Search,country,2026-09-08,70fbd70d057b238cee57df3db043a3eea72e89573d2278812516bf8fcdf617ca
raw/gkp-discover-01-whats-on-things-to-do.csv,discover,gkp-discover-01,503,group karaoke near me,group karaoke near me,GBP,50,encoded_band,10,100,returned,0,0,Low,31,,,,,,2025-08-01,2026-07-31,United Kingdom,English,Google Search,country,2026-09-08,70fbd70d057b238cee57df3db043a3eea72e89573d2278812516bf8fcdf617ca
raw/gkp-discover-01-whats-on-things-to-do.csv,discover,gkp-discover-01,504,halal karaoke near me,halal karaoke near me,GBP,50,encoded_band,10,100,returned,0,0,Medium,43,,,,,,2025-08-01,2026-07-31,United Kingdom,English,Google Search,country,2026-09-08,70fbd70d057b238cee57df3db043a3eea72e89573d2278812516bf8fcdf617ca
raw/gkp-discover-01-whats-on-things-to-do.csv,discover,gkp-discover-01,505,halloween pub crawls near me,halloween pub crawls near me,GBP,50,encoded_band,10,100,returned,0,0,Unknown,,,,,,,2025-08-01,2026-07-31,United Kingdom,English,Google Search,country,2026-09-08,70fbd70d057b238cee57df3db043a3eea72e89573d2278812516bf8fcdf617ca
raw/gkp-discover-01-whats-on-things-to-do.csv,discover,gkp-discover-01,506,halloween pub events near me,halloween pub events near me,GBP,50,encoded_band,10,100,returned,0,-1,Unknown,,,,,,,2025-08-01,2026-07-31,United Kingdom,English,Google Search,country,2026-09-08,70fbd70d057b238cee57df3db043a3eea72e89573d2278812516bf8fcdf617ca
raw/gkp-discover-01-whats-on-things-to-do.csv,discover,gkp-discover-01,507,halloween pub near me,halloween pub near me,GBP,50,encoded_band,10,100,returned,0,0,Low,0,,,,,,2025-08-01,2026-07-31,United Kingdom,English,Google Search,country,2026-09-08,70fbd70d057b238cee57df3db043a3eea72e89573d2278812516bf8fcdf617ca
raw/gkp-discover-01-whats-on-things-to-do.csv,discover,gkp-discover-01,508,happy hour karaoke near me,happy hour karaoke near me,GBP,50,encoded_band,10,100,returned,0,-1,Unknown,,,,,,,2025-08-01,2026-07-31,United Kingdom,English,Google Search,country,2026-09-08,70fbd70d057b238cee57df3db043a3eea72e89573d2278812516bf8fcdf617ca
raw/gkp-discover-01-whats-on-things-to-do.csv,discover,gkp-discover-01,509,happy hour trivia near me,happy hour trivia near me,GBP,,encoded_band,,,absent,,,Unknown,,,,,,,2025-08-01,2026-07-31,United Kingdom,English,Google Search,country,2026-09-08,70fbd70d057b238cee57df3db043a3eea72e89573d2278812516bf8fcdf617ca
raw/gkp-discover-01-whats-on-things-to-do.csv,discover,gkp-discover-01,510,hispanic karaoke near me,hispanic karaoke near me,GBP,0,encoded_band,0,0,zero,0,0,Unknown,,,,,,,2025-08-01,2026-07-31,United Kingdom,English,Google Search,country,2026-09-08,70fbd70d057b238cee57df3db043a3eea72e89573d2278812516bf8fcdf617ca
raw/gkp-discover-01-whats-on-things-to-do.csv,discover,gkp-discover-01,511,indian karaoke bar near me,indian karaoke bar near me,GBP,50,encoded_band,10,100,returned,0,-1,Unknown,,,,,,,2025-08-01,2026-07-31,United Kingdom,English,Google Search,country,2026-09-08,70fbd70d057b238cee57df3db043a3eea72e89573d2278812516bf8fcdf617ca
raw/gkp-discover-01-whats-on-things-to-do.csv,discover,gkp-discover-01,512,individual karaoke rooms near me,individual karaoke rooms near me,GBP,50,encoded_band,10,100,returned,0,-1,Unknown,,,,,,,2025-08-01,2026-07-31,United Kingdom,English,Google Search,country,2026-09-08,70fbd70d057b238cee57df3db043a3eea72e89573d2278812516bf8fcdf617ca
raw/gkp-discover-01-whats-on-things-to-do.csv,discover,gkp-discover-01,513,indoor karaoke near me,indoor karaoke near me,GBP,50,encoded_band,10,100,returned,0,0,Low,14,,,,,,2025-08-01,2026-07-31,United Kingdom,English,Google Search,country,2026-09-08,70fbd70d057b238cee57df3db043a3eea72e89573d2278812516bf8fcdf617ca
raw/gkp-discover-01-whats-on-things-to-do.csv,discover,gkp-discover-01,514,irish events near me,irish events near me,GBP,50,encoded_band,10,100,returned,0,0,High,83,,,,,,2025-08-01,2026-07-31,United Kingdom,English,Google Search,country,2026-09-08,70fbd70d057b238cee57df3db043a3eea72e89573d2278812516bf8fcdf617ca
raw/gkp-discover-01-whats-on-things-to-do.csv,discover,gkp-discover-01,515,irish live music near me,irish live music near me,GBP,50,encoded_band,10,100,returned,0,0,Low,17,,,,,,2025-08-01,2026-07-31,United Kingdom,English,Google Search,country,2026-09-08,70fbd70d057b238cee57df3db043a3eea72e89573d2278812516bf8fcdf617ca
raw/gkp-discover-01-whats-on-things-to-do.csv,discover,gkp-discover-01,516,irish music live near me,irish music live near me,GBP,50,encoded_band,10,100,returned,0,0,Low,29,,,,,,2025-08-01,2026-07-31,United Kingdom,English,Google Search,country,2026-09-08,70fbd70d057b238cee57df3db043a3eea72e89573d2278812516bf8fcdf617ca
raw/gkp-discover-01-whats-on-things-to-do.csv,discover,gkp-discover-01,517,irish night near me,irish night near me,GBP,50,encoded_band,10,100,returned,0,0,Low,18,,,,,,2025-08-01,2026-07-31,United Kingdom,English,Google Search,country,2026-09-08,70fbd70d057b238cee57df3db043a3eea72e89573d2278812516bf8fcdf617ca
raw/gkp-discover-01-whats-on-things-to-do.csv,discover,gkp-discover-01,518,irish pub live music near me,irish pub live music near me,GBP,50,encoded_band,10,100,returned,0,0,Low,16,,,,,,2025-08-01,2026-07-31,United Kingdom,English,Google Search,country,2026-09-08,70fbd70d057b238cee57df3db043a3eea72e89573d2278812516bf8fcdf617ca
raw/gkp-discover-01-whats-on-things-to-do.csv,discover,gkp-discover-01,519,irish pub near me live music,irish pub near me live music,GBP,50,encoded_band,10,100,returned,0,0,Low,16,,,,,,2025-08-01,2026-07-31,United Kingdom,English,Google Search,country,2026-09-08,70fbd70d057b238cee57df3db043a3eea72e89573d2278812516bf8fcdf617ca
raw/gkp-discover-01-whats-on-things-to-do.csv,discover,gkp-discover-01,520,irish pub near me with live music,irish pub near me with live music,GBP,50,encoded_band,10,100,returned,0,0,Low,0,,,,,,2025-08-01,2026-07-31,United Kingdom,English,Google Search,country,2026-09-08,70fbd70d057b238cee57df3db043a3eea72e89573d2278812516bf8fcdf617ca
raw/gkp-discover-01-whats-on-things-to-do.csv,discover,gkp-discover-01,521,irish pub with live music near me,irish pub with live music near me,GBP,50,encoded_band,10,100,returned,0,0,Low,10,,,,,,2025-08-01,2026-07-31,United Kingdom,English,Google Search,country,2026-09-08,70fbd70d057b238cee57df3db043a3eea72e89573d2278812516bf8fcdf617ca
raw/gkp-discover-01-whats-on-things-to-do.csv,discover,gkp-discover-01,522,is there any events today near me,is there any events today near me,GBP,50,encoded_band,10,100,returned,0,0,High,84,,,,,,2025-08-01,2026-07-31,United Kingdom,English,Google Search,country,2026-09-08,70fbd70d057b238cee57df3db043a3eea72e89573d2278812516bf8fcdf617ca
raw/gkp-discover-01-whats-on-things-to-do.csv,discover,gkp-discover-01,523,is there anything happening today near me,is there anything happening today near me,GBP,50,encoded_band,10,100,returned,0,0,High,88,,,,,,2025-08-01,2026-07-31,United Kingdom,English,Google Search,country,2026-09-08,70fbd70d057b238cee57df3db043a3eea72e89573d2278812516bf8fcdf617ca
raw/gkp-discover-01-whats-on-things-to-do.csv,discover,gkp-discover-01,524,japanese karaoke bar near me,japanese karaoke bar near me,GBP,50,encoded_band,10,100,returned,0,0,Low,29,,,,,,2025-08-01,2026-07-31,United Kingdom,English,Google Search,country,2026-09-08,70fbd70d057b238cee57df3db043a3eea72e89573d2278812516bf8fcdf617ca
raw/gkp-discover-01-whats-on-things-to-do.csv,discover,gkp-discover-01,525,japanese karaoke near me,japanese karaoke near me,GBP,50,encoded_band,10,100,returned,0,0,Medium,36,,,,,,2025-08-01,2026-07-31,United Kingdom,English,Google Search,country,2026-09-08,70fbd70d057b238cee57df3db043a3eea72e89573d2278812516bf8fcdf617ca
raw/gkp-discover-01-whats-on-things-to-do.csv,discover,gkp-discover-01,526,japanese style karaoke near me,japanese style karaoke near me,GBP,50,encoded_band,10,100,returned,0,0,Low,25,0.28,0.54,,,,2025-08-01,2026-07-31,United Kingdom,English,Google Search,country,2026-09-08,70fbd70d057b238cee57df3db043a3eea72e89573d2278812516bf8fcdf617ca
raw/gkp-discover-01-whats-on-things-to-do.csv,discover,gkp-discover-01,527,joy joy karaoke near me,joy joy karaoke near me,GBP,0,encoded_band,0,0,zero,0,0,Unknown,,,,,,,2025-08-01,2026-07-31,United Kingdom,English,Google Search,country,2026-09-08,70fbd70d057b238cee57df3db043a3eea72e89573d2278812516bf8fcdf617ca
raw/gkp-discover-01-whats-on-things-to-do.csv,discover,gkp-discover-01,528,july 10 events near me,july 10 events near me,GBP,50,encoded_band,10,100,returned,0,0,Low,18,,,,,,2025-08-01,2026-07-31,United Kingdom,English,Google Search,country,2026-09-08,70fbd70d057b238cee57df3db043a3eea72e89573d2278812516bf8fcdf617ca
raw/gkp-discover-01-whats-on-things-to-do.csv,discover,gkp-discover-01,529,karaoke 18 near me,karaoke 18 near me,GBP,0,encoded_band,0,0,zero,0,0,Unknown,,,,,,,2025-08-01,2026-07-31,United Kingdom,English,Google Search,country,2026-09-08,70fbd70d057b238cee57df3db043a3eea72e89573d2278812516bf8fcdf617ca
raw/gkp-discover-01-whats-on-things-to-do.csv,discover,gkp-discover-01,530,karaoke 24 hours near me,karaoke 24 hours near me,GBP,50,encoded_band,10,100,returned,0,0,Unknown,,,,,,,2025-08-01,2026-07-31,United Kingdom,English,Google Search,country,2026-09-08,70fbd70d057b238cee57df3db043a3eea72e89573d2278812516bf8fcdf617ca
raw/gkp-discover-01-whats-on-things-to-do.csv,discover,gkp-discover-01,531,karaoke all ages near me,karaoke all ages near me,GBP,50,encoded_band,10,100,returned,0,0,Medium,54,,,,,,2025-08-01,2026-07-31,United Kingdom,English,Google Search,country,2026-09-08,70fbd70d057b238cee57df3db043a3eea72e89573d2278812516bf8fcdf617ca
raw/gkp-discover-01-whats-on-things-to-do.csv,discover,gkp-discover-01,532,karaoke and bar near me,karaoke and bar near me,GBP,5000,encoded_band,1000,10000,returned,0,0,Low,28,0.14,0.73,,,,2025-08-01,2026-07-31,United Kingdom,English,Google Search,country,2026-09-08,70fbd70d057b238cee57df3db043a3eea72e89573d2278812516bf8fcdf617ca
raw/gkp-discover-01-whats-on-things-to-do.csv,discover,gkp-discover-01,533,karaoke and dinner near me,karaoke and dinner near me,GBP,50,encoded_band,10,100,returned,0,0,Medium,34,,,,,,2025-08-01,2026-07-31,United Kingdom,English,Google Search,country,2026-09-08,70fbd70d057b238cee57df3db043a3eea72e89573d2278812516bf8fcdf617ca
raw/gkp-discover-01-whats-on-things-to-do.csv,discover,gkp-discover-01,534,karaoke and food near me,karaoke and food near me,GBP,50,encoded_band,10,100,returned,0,0,Medium,43,,,,,,2025-08-01,2026-07-31,United Kingdom,English,Google Search,country,2026-09-08,70fbd70d057b238cee57df3db043a3eea72e89573d2278812516bf8fcdf617ca
raw/gkp-discover-01-whats-on-things-to-do.csv,discover,gkp-discover-01,535,karaoke and sushi near me,karaoke and sushi near me,GBP,50,encoded_band,10,100,returned,,0,High,86,,,,,,2025-08-01,2026-07-31,United Kingdom,English,Google Search,country,2026-09-08,70fbd70d057b238cee57df3db043a3eea72e89573d2278812516bf8fcdf617ca
raw/gkp-discover-01-whats-on-things-to-do.csv,discover,gkp-discover-01,536,karaoke around me,karaoke around me,GBP,50,encoded_band,10,100,returned,0,0,Low,23,,,,,,2025-08-01,2026-07-31,United Kingdom,English,Google Search,country,2026-09-08,70fbd70d057b238cee57df3db043a3eea72e89573d2278812516bf8fcdf617ca
raw/gkp-discover-01-whats-on-things-to-do.csv,discover,gkp-discover-01,537,karaoke around me tonight,karaoke around me tonight,GBP,50,encoded_band,10,100,returned,0,0,Unknown,,,,,,,2025-08-01,2026-07-31,United Kingdom,English,Google Search,country,2026-09-08,70fbd70d057b238cee57df3db043a3eea72e89573d2278812516bf8fcdf617ca
raw/gkp-discover-01-whats-on-things-to-do.csv,discover,gkp-discover-01,538,karaoke asian near me,karaoke asian near me,GBP,50,encoded_band,10,100,returned,0,0,Low,31,,,,,,2025-08-01,2026-07-31,United Kingdom,English,Google Search,country,2026-09-08,70fbd70d057b238cee57df3db043a3eea72e89573d2278812516bf8fcdf617ca
raw/gkp-discover-01-whats-on-things-to-do.csv,discover,gkp-discover-01,539,karaoke bar around me,karaoke bar around me,GBP,50,encoded_band,10,100,returned,0,0,Low,0,,,,,,2025-08-01,2026-07-31,United Kingdom,English,Google Search,country,2026-09-08,70fbd70d057b238cee57df3db043a3eea72e89573d2278812516bf8fcdf617ca
raw/gkp-discover-01-whats-on-things-to-do.csv,discover,gkp-discover-01,540,karaoke bar near here,karaoke bar near here,GBP,50,encoded_band,10,100,returned,0,0,Low,28,0.15,0.49,,,,2025-08-01,2026-07-31,United Kingdom,English,Google Search,country,2026-09-08,70fbd70d057b238cee57df3db043a3eea72e89573d2278812516bf8fcdf617ca
raw/gkp-discover-01-whats-on-things-to-do.csv,discover,gkp-discover-01,541,karaoke bar near me 18,karaoke bar near me 18,GBP,,encoded_band,,,absent,,,Unknown,,,,,,,2025-08-01,2026-07-31,United Kingdom,English,Google Search,country,2026-09-08,70fbd70d057b238cee57df3db043a3eea72e89573d2278812516bf8fcdf617ca
raw/gkp-discover-01-whats-on-things-to-do.csv,discover,gkp-discover-01,542,karaoke bar near me friday nights,karaoke bar near me friday nights,GBP,50,encoded_band,10,100,returned,0,0,Unknown,,,,,,,2025-08-01,2026-07-31,United Kingdom,English,Google Search,country,2026-09-08,70fbd70d057b238cee57df3db043a3eea72e89573d2278812516bf8fcdf617ca
raw/gkp-discover-01-whats-on-things-to-do.csv,discover,gkp-discover-01,543,karaoke bar near me now,karaoke bar near me now,GBP,50,encoded_band,10,100,returned,0,0,Low,3,,,,,,2025-08-01,2026-07-31,United Kingdom,English,Google Search,country,2026-09-08,70fbd70d057b238cee57df3db043a3eea72e89573d2278812516bf8fcdf617ca
raw/gkp-discover-01-whats-on-things-to-do.csv,discover,gkp-discover-01,544,karaoke bar near me open now,karaoke bar near me open now,GBP,50,encoded_band,10,100,returned,0,0,Low,28,,,,,,2025-08-01,2026-07-31,United Kingdom,English,Google Search,country,2026-09-08,70fbd70d057b238cee57df3db043a3eea72e89573d2278812516bf8fcdf617ca
raw/gkp-discover-01-whats-on-things-to-do.csv,discover,gkp-discover-01,545,karaoke bar near me private rooms,karaoke bar near me private rooms,GBP,50,encoded_band,10,100,returned,0,0,Low,14,,,,,,2025-08-01,2026-07-31,United Kingdom,English,Google Search,country,2026-09-08,70fbd70d057b238cee57df3db043a3eea72e89573d2278812516bf8fcdf617ca
raw/gkp-discover-01-whats-on-things-to-do.csv,discover,gkp-discover-01,546,karaoke bar near me saturday night,karaoke bar near me saturday night,GBP,50,encoded_band,10,100,returned,-1,-1,Unknown,,,,,,,2025-08-01,2026-07-31,United Kingdom,English,Google Search,country,2026-09-08,70fbd70d057b238cee57df3db043a3eea72e89573d2278812516bf8fcdf617ca
raw/gkp-discover-01-whats-on-things-to-do.csv,discover,gkp-discover-01,547,karaoke bar near me sunday night,karaoke bar near me sunday night,GBP,50,encoded_band,10,100,returned,0,0,Unknown,,,,,,,2025-08-01,2026-07-31,United Kingdom,English,Google Search,country,2026-09-08,70fbd70d057b238cee57df3db043a3eea72e89573d2278812516bf8fcdf617ca
raw/gkp-discover-01-whats-on-things-to-do.csv,discover,gkp-discover-01,548,karaoke bar near me under 21,karaoke bar near me under 21,GBP,0,encoded_band,0,0,zero,0,0,Unknown,,,,,,,2025-08-01,2026-07-31,United Kingdom,English,Google Search,country,2026-09-08,70fbd70d057b238cee57df3db043a3eea72e89573d2278812516bf8fcdf617ca
raw/gkp-discover-01-whats-on-things-to-do.csv,discover,gkp-discover-01,549,karaoke bar near me wednesday,karaoke bar near me wednesday,GBP,50,encoded_band,10,100,returned,0,-1,Unknown,,,,,,,2025-08-01,2026-07-31,United Kingdom,English,Google Search,country,2026-09-08,70fbd70d057b238cee57df3db043a3eea72e89573d2278812516bf8fcdf617ca
raw/gkp-discover-01-whats-on-things-to-do.csv,discover,gkp-discover-01,550,karaoke bar near me with private rooms,karaoke bar near me with private rooms,GBP,50,encoded_band,10,100,returned,,0,High,79,,,,,,2025-08-01,2026-07-31,United Kingdom,English,Google Search,country,2026-09-08,70fbd70d057b238cee57df3db043a3eea72e89573d2278812516bf8fcdf617ca
raw/gkp-discover-01-whats-on-things-to-do.csv,discover,gkp-discover-01,551,karaoke bar near my location,karaoke bar near my location,GBP,50,encoded_band,10,100,returned,0,0,Low,7,,,,,,2025-08-01,2026-07-31,United Kingdom,English,Google Search,country,2026-09-08,70fbd70d057b238cee57df3db043a3eea72e89573d2278812516bf8fcdf617ca
raw/gkp-discover-01-whats-on-things-to-do.csv,discover,gkp-discover-01,552,karaoke bar near us,karaoke bar near us,GBP,50,encoded_band,10,100,returned,0,0,Low,20,,,,,,2025-08-01,2026-07-31,United Kingdom,English,Google Search,country,2026-09-08,70fbd70d057b238cee57df3db043a3eea72e89573d2278812516bf8fcdf617ca
raw/gkp-discover-01-whats-on-things-to-do.csv,discover,gkp-discover-01,553,karaoke bar open near me,karaoke bar open near me,GBP,50,encoded_band,10,100,returned,0,0,Low,21,,,,,,2025-08-01,2026-07-31,United Kingdom,English,Google Search,country,2026-09-08,70fbd70d057b238cee57df3db043a3eea72e89573d2278812516bf8fcdf617ca
raw/gkp-discover-01-whats-on-things-to-do.csv,discover,gkp-discover-01,554,karaoke bar private rooms near me,karaoke bar private rooms near me,GBP,50,encoded_band,10,100,returned,0,0,Medium,64,,,,,,2025-08-01,2026-07-31,United Kingdom,English,Google Search,country,2026-09-08,70fbd70d057b238cee57df3db043a3eea72e89573d2278812516bf8fcdf617ca
raw/gkp-discover-01-whats-on-things-to-do.csv,discover,gkp-discover-01,555,karaoke bar tonight near me,karaoke bar tonight near me,GBP,50,encoded_band,10,100,returned,0,0,Low,16,,,,,,2025-08-01,2026-07-31,United Kingdom,English,Google Search,country,2026-09-08,70fbd70d057b238cee57df3db043a3eea72e89573d2278812516bf8fcdf617ca
raw/gkp-discover-01-whats-on-things-to-do.csv,discover,gkp-discover-01,556,karaoke bar under 18 near me,karaoke bar under 18 near me,GBP,50,encoded_band,10,100,returned,0,0,Unknown,,,,,,,2025-08-01,2026-07-31,United Kingdom,English,Google Search,country,2026-09-08,70fbd70d057b238cee57df3db043a3eea72e89573d2278812516bf8fcdf617ca
raw/gkp-discover-01-whats-on-things-to-do.csv,discover,gkp-discover-01,557,karaoke bar with private room near me,karaoke bar with private room near me,GBP,50,encoded_band,10,100,returned,0,0,Low,21,,,,,,2025-08-01,2026-07-31,United Kingdom,English,Google Search,country,2026-09-08,70fbd70d057b238cee57df3db043a3eea72e89573d2278812516bf8fcdf617ca
raw/gkp-discover-01-whats-on-things-to-do.csv,discover,gkp-discover-01,558,karaoke bars in my area,karaoke bars in my area,GBP,50,encoded_band,10,100,returned,0,0,Unknown,,,,,,,2025-08-01,2026-07-31,United Kingdom,English,Google Search,country,2026-09-08,70fbd70d057b238cee57df3db043a3eea72e89573d2278812516bf8fcdf617ca
raw/gkp-discover-01-whats-on-things-to-do.csv,discover,gkp-discover-01,559,karaoke bars near me monday,karaoke bars near me monday,GBP,50,encoded_band,10,100,returned,0,0,Unknown,,,,,,,2025-08-01,2026-07-31,United Kingdom,English,Google Search,country,2026-09-08,70fbd70d057b238cee57df3db043a3eea72e89573d2278812516bf8fcdf617ca
raw/gkp-discover-01-whats-on-things-to-do.csv,discover,gkp-discover-01,560,karaoke bars near me open tonight,karaoke bars near me open tonight,GBP,50,encoded_band,10,100,returned,0,-1,Unknown,,,,,,,2025-08-01,2026-07-31,United Kingdom,English,Google Search,country,2026-09-08,70fbd70d057b238cee57df3db043a3eea72e89573d2278812516bf8fcdf617ca
raw/gkp-discover-01-whats-on-things-to-do.csv,discover,gkp-discover-01,561,karaoke bars near me saturday,karaoke bars near me saturday,GBP,50,encoded_band,10,100,returned,0,0,Unknown,,,,,,,2025-08-01,2026-07-31,United Kingdom,English,Google Search,country,2026-09-08,70fbd70d057b238cee57df3db043a3eea72e89573d2278812516bf8fcdf617ca
raw/gkp-discover-01-whats-on-things-to-do.csv,discover,gkp-discover-01,562,karaoke bars near me sunday,karaoke bars near me sunday,GBP,50,encoded_band,10,100,returned,,,Low,0,,,,,,2025-08-01,2026-07-31,United Kingdom,English,Google Search,country,2026-09-08,70fbd70d057b238cee57df3db043a3eea72e89573d2278812516bf8fcdf617ca
raw/gkp-discover-01-whats-on-things-to-do.csv,discover,gkp-discover-01,563,karaoke bars near me thursday night,karaoke bars near me thursday night,GBP,50,encoded_band,10,100,returned,,,Low,0,,,,,,2025-08-01,2026-07-31,United Kingdom,English,Google Search,country,2026-09-08,70fbd70d057b238cee57df3db043a3eea72e89573d2278812516bf8fcdf617ca
raw/gkp-discover-01-whats-on-things-to-do.csv,discover,gkp-discover-01,564,karaoke bars nearby,karaoke bars nearby,GBP,50,encoded_band,10,100,returned,0,0,Low,15,0.18,0.59,,,,2025-08-01,2026-07-31,United Kingdom,English,Google Search,country,2026-09-08,70fbd70d057b238cee57df3db043a3eea72e89573d2278812516bf8fcdf617ca
raw/gkp-discover-01-whats-on-things-to-do.csv,discover,gkp-discover-01,565,karaoke bars saturday night near me,karaoke bars saturday night near me,GBP,50,encoded_band,10,100,returned,-1,0,Unknown,,,,,,,2025-08-01,2026-07-31,United Kingdom,English,Google Search,country,2026-09-08,70fbd70d057b238cee57df3db043a3eea72e89573d2278812516bf8fcdf617ca
raw/gkp-discover-01-whats-on-things-to-do.csv,discover,gkp-discover-01,566,karaoke best near me,karaoke best near me,GBP,50,encoded_band,10,100,returned,-1,-1,Unknown,,,,,,,2025-08-01,2026-07-31,United Kingdom,English,Google Search,country,2026-09-08,70fbd70d057b238cee57df3db043a3eea72e89573d2278812516bf8fcdf617ca
raw/gkp-discover-01-whats-on-things-to-do.csv,discover,gkp-discover-01,567,karaoke cheap near me,karaoke cheap near me,GBP,50,encoded_band,10,100,returned,0,0,Medium,58,0.29,0.61,,,,2025-08-01,2026-07-31,United Kingdom,English,Google Search,country,2026-09-08,70fbd70d057b238cee57df3db043a3eea72e89573d2278812516bf8fcdf617ca
raw/gkp-discover-01-whats-on-things-to-do.csv,discover,gkp-discover-01,568,karaoke closest to me,karaoke closest to me,GBP,50,encoded_band,10,100,returned,0,0,Medium,38,0.16,1.1,,,,2025-08-01,2026-07-31,United Kingdom,English,Google Search,country,2026-09-08,70fbd70d057b238cee57df3db043a3eea72e89573d2278812516bf8fcdf617ca
raw/gkp-discover-01-whats-on-things-to-do.csv,discover,gkp-discover-01,569,karaoke clubs near me,karaoke clubs near me,GBP,50,encoded_band,10,100,returned,0,0,Low,29,,,,,,2025-08-01,2026-07-31,United Kingdom,English,Google Search,country,2026-09-08,70fbd70d057b238cee57df3db043a3eea72e89573d2278812516bf8fcdf617ca
raw/gkp-discover-01-whats-on-things-to-do.csv,discover,gkp-discover-01,570,karaoke dinner near me,karaoke dinner near me,GBP,50,encoded_band,10,100,returned,-1,0,Unknown,,,,,,,2025-08-01,2026-07-31,United Kingdom,English,Google Search,country,2026-09-08,70fbd70d057b238cee57df3db043a3eea72e89573d2278812516bf8fcdf617ca
raw/gkp-discover-01-whats-on-things-to-do.csv,discover,gkp-discover-01,571,karaoke en español near me,karaoke en español near me,GBP,50,encoded_band,10,100,returned,0,-1,Unknown,,,,,,,2025-08-01,2026-07-31,United Kingdom,English,Google Search,country,2026-09-08,70fbd70d057b238cee57df3db043a3eea72e89573d2278812516bf8fcdf617ca
raw/gkp-discover-01-whats-on-things-to-do.csv,discover,gkp-discover-01,572,karaoke every night near me,karaoke every night near me,GBP,50,encoded_band,10,100,returned,0,0,Unknown,,,,,,,2025-08-01,2026-07-31,United Kingdom,English,Google Search,country,2026-09-08,70fbd70d057b238cee57df3db043a3eea72e89573d2278812516bf8fcdf617ca
raw/gkp-discover-01-whats-on-things-to-do.csv,discover,gkp-discover-01,573,karaoke family near me,karaoke family near me,GBP,50,encoded_band,10,100,returned,0,0,Low,0,,,,,,2025-08-01,2026-07-31,United Kingdom,English,Google Search,country,2026-09-08,70fbd70d057b238cee57df3db043a3eea72e89573d2278812516bf8fcdf617ca
raw/gkp-discover-01-whats-on-things-to-do.csv,discover,gkp-discover-01,574,karaoke food places near me,karaoke food places near me,GBP,50,encoded_band,10,100,returned,0,0,Unknown,,,,,,,2025-08-01,2026-07-31,United Kingdom,English,Google Search,country,2026-09-08,70fbd70d057b238cee57df3db043a3eea72e89573d2278812516bf8fcdf617ca
raw/gkp-discover-01-whats-on-things-to-do.csv,discover,gkp-discover-01,575,karaoke for all ages near me,karaoke for all ages near me,GBP,50,encoded_band,10,100,returned,0,0,Medium,54,,,,,,2025-08-01,2026-07-31,United Kingdom,English,Google Search,country,2026-09-08,70fbd70d057b238cee57df3db043a3eea72e89573d2278812516bf8fcdf617ca
raw/gkp-discover-01-whats-on-things-to-do.csv,discover,gkp-discover-01,576,karaoke for family near me,karaoke for family near me,GBP,50,encoded_band,10,100,returned,,0,High,67,,,,,,2025-08-01,2026-07-31,United Kingdom,English,Google Search,country,2026-09-08,70fbd70d057b238cee57df3db043a3eea72e89573d2278812516bf8fcdf617ca
raw/gkp-discover-01-whats-on-things-to-do.csv,discover,gkp-discover-01,577,karaoke for teens near me,karaoke for teens near me,GBP,50,encoded_band,10,100,returned,0,0,Medium,33,0.27,0.6,,,,2025-08-01,2026-07-31,United Kingdom,English,Google Search,country,2026-09-08,70fbd70d057b238cee57df3db043a3eea72e89573d2278812516bf8fcdf617ca
raw/gkp-discover-01-whats-on-things-to-do.csv,discover,gkp-discover-01,578,karaoke friday near me,karaoke friday near me,GBP,50,encoded_band,10,100,returned,0,0,Low,17,,,,,,2025-08-01,2026-07-31,United Kingdom,English,Google Search,country,2026-09-08,70fbd70d057b238cee57df3db043a3eea72e89573d2278812516bf8fcdf617ca
raw/gkp-discover-01-whats-on-things-to-do.csv,discover,gkp-discover-01,579,karaoke gay bar near me,karaoke gay bar near me,GBP,50,encoded_band,10,100,returned,0,0,Low,5,,,,,,2025-08-01,2026-07-31,United Kingdom,English,Google Search,country,2026-09-08,70fbd70d057b238cee57df3db043a3eea72e89573d2278812516bf8fcdf617ca
raw/gkp-discover-01-whats-on-things-to-do.csv,discover,gkp-discover-01,580,karaoke happy hour near me,karaoke happy hour near me,GBP,50,encoded_band,10,100,returned,0,-1,Unknown,,,,,,,2025-08-01,2026-07-31,United Kingdom,English,Google Search,country,2026-09-08,70fbd70d057b238cee57df3db043a3eea72e89573d2278812516bf8fcdf617ca
raw/gkp-discover-01-whats-on-things-to-do.csv,discover,gkp-discover-01,581,karaoke house near me,karaoke house near me,GBP,50,encoded_band,10,100,returned,,0,High,86,,,,,,2025-08-01,2026-07-31,United Kingdom,English,Google Search,country,2026-09-08,70fbd70d057b238cee57df3db043a3eea72e89573d2278812516bf8fcdf617ca
raw/gkp-discover-01-whats-on-things-to-do.csv,discover,gkp-discover-01,582,karaoke in mall near me,karaoke in mall near me,GBP,0,encoded_band,0,0,zero,0,0,Unknown,,,,,,,2025-08-01,2026-07-31,United Kingdom,English,Google Search,country,2026-09-08,70fbd70d057b238cee57df3db043a3eea72e89573d2278812516bf8fcdf617ca
raw/gkp-discover-01-whats-on-things-to-do.csv,discover,gkp-discover-01,583,karaoke in my area,karaoke in my area,GBP,50,encoded_band,10,100,returned,0,0,Low,0,,,,,,2025-08-01,2026-07-31,United Kingdom,English,Google Search,country,2026-09-08,70fbd70d057b238cee57df3db043a3eea72e89573d2278812516bf8fcdf617ca
raw/gkp-discover-01-whats-on-things-to-do.csv,discover,gkp-discover-01,584,karaoke in my area tonight,karaoke in my area tonight,GBP,50,encoded_band,10,100,returned,-1,0,Unknown,,,,,,,2025-08-01,2026-07-31,United Kingdom,English,Google Search,country,2026-09-08,70fbd70d057b238cee57df3db043a3eea72e89573d2278812516bf8fcdf617ca
raw/gkp-discover-01-whats-on-things-to-do.csv,discover,gkp-discover-01,585,karaoke karaoke bar near me,karaoke karaoke bar near me,GBP,0,encoded_band,0,0,zero,0,0,Unknown,,,,,,,2025-08-01,2026-07-31,United Kingdom,English,Google Search,country,2026-09-08,70fbd70d057b238cee57df3db043a3eea72e89573d2278812516bf8fcdf617ca
raw/gkp-discover-01-whats-on-things-to-do.csv,discover,gkp-discover-01,586,karaoke karaoke near me,karaoke karaoke near me,GBP,50,encoded_band,10,100,returned,,0,Low,14,,,,,,2025-08-01,2026-07-31,United Kingdom,English,Google Search,country,2026-09-08,70fbd70d057b238cee57df3db043a3eea72e89573d2278812516bf8fcdf617ca
raw/gkp-discover-01-whats-on-things-to-do.csv,discover,gkp-discover-01,587,karaoke keluarga near me,karaoke keluarga near me,GBP,,encoded_band,,,absent,,,Unknown,,,,,,,2025-08-01,2026-07-31,United Kingdom,English,Google Search,country,2026-09-08,70fbd70d057b238cee57df3db043a3eea72e89573d2278812516bf8fcdf617ca
raw/gkp-discover-01-whats-on-things-to-do.csv,discover,gkp-discover-01,588,karaoke korean near me,karaoke korean near me,GBP,50,encoded_band,10,100,returned,0,0,Medium,57,,,,,,2025-08-01,2026-07-31,United Kingdom,English,Google Search,country,2026-09-08,70fbd70d057b238cee57df3db043a3eea72e89573d2278812516bf8fcdf617ca
raw/gkp-discover-01-whats-on-things-to-do.csv,discover,gkp-discover-01,589,karaoke ktv near me,karaoke ktv near me,GBP,50,encoded_band,10,100,returned,0,0,Low,0,,,,,,2025-08-01,2026-07-31,United Kingdom,English,Google Search,country,2026-09-08,70fbd70d057b238cee57df3db043a3eea72e89573d2278812516bf8fcdf617ca
raw/gkp-discover-01-whats-on-things-to-do.csv,discover,gkp-discover-01,590,karaoke latino near me,karaoke latino near me,GBP,50,encoded_band,10,100,returned,0,0,Low,0,,,,,,2025-08-01,2026-07-31,United Kingdom,English,Google Search,country,2026-09-08,70fbd70d057b238cee57df3db043a3eea72e89573d2278812516bf8fcdf617ca
raw/gkp-discover-01-whats-on-things-to-do.csv,discover,gkp-discover-01,591,karaoke locations near me,karaoke locations near me,GBP,50,encoded_band,10,100,returned,0,0,Low,14,,,,,,2025-08-01,2026-07-31,United Kingdom,English,Google Search,country,2026-09-08,70fbd70d057b238cee57df3db043a3eea72e89573d2278812516bf8fcdf617ca
raw/gkp-discover-01-whats-on-things-to-do.csv,discover,gkp-discover-01,592,karaoke mall near me,karaoke mall near me,GBP,50,encoded_band,10,100,returned,0,0,Unknown,,,,,,,2025-08-01,2026-07-31,United Kingdom,English,Google Search,country,2026-09-08,70fbd70d057b238cee57df3db043a3eea72e89573d2278812516bf8fcdf617ca
raw/gkp-discover-01-whats-on-things-to-do.csv,discover,gkp-discover-01,593,karaoke mexicano near me,karaoke mexicano near me,GBP,0,encoded_band,0,0,zero,0,0,Unknown,,,,,,,2025-08-01,2026-07-31,United Kingdom,English,Google Search,country,2026-09-08,70fbd70d057b238cee57df3db043a3eea72e89573d2278812516bf8fcdf617ca
raw/gkp-discover-01-whats-on-things-to-do.csv,discover,gkp-discover-01,594,karaoke monday near me,karaoke monday near me,GBP,50,encoded_band,10,100,returned,0,0,Low,10,,,,,,2025-08-01,2026-07-31,United Kingdom,English,Google Search,country,2026-09-08,70fbd70d057b238cee57df3db043a3eea72e89573d2278812516bf8fcdf617ca
raw/gkp-discover-01-whats-on-things-to-do.csv,discover,gkp-discover-01,595,karaoke monday night near me,karaoke monday night near me,GBP,50,encoded_band,10,100,returned,0,0,Low,6,,,,,,2025-08-01,2026-07-31,United Kingdom,English,Google Search,country,2026-09-08,70fbd70d057b238cee57df3db043a3eea72e89573d2278812516bf8fcdf617ca
raw/gkp-discover-01-whats-on-things-to-do.csv,discover,gkp-discover-01,596,karaoke music near me,karaoke music near me,GBP,50,encoded_band,10,100,returned,0,,Low,7,,,,,,2025-08-01,2026-07-31,United Kingdom,English,Google Search,country,2026-09-08,70fbd70d057b238cee57df3db043a3eea72e89573d2278812516bf8fcdf617ca
raw/gkp-discover-01-whats-on-things-to-do.csv,discover,gkp-discover-01,597,karaoke near by me,karaoke near by me,GBP,50,encoded_band,10,100,returned,0,-1,Unknown,,,,,,,2025-08-01,2026-07-31,United Kingdom,English,Google Search,country,2026-09-08,70fbd70d057b238cee57df3db043a3eea72e89573d2278812516bf8fcdf617ca
raw/gkp-discover-01-whats-on-things-to-do.csv,discover,gkp-discover-01,598,karaoke near here,karaoke near here,GBP,50,encoded_band,10,100,returned,0,0,Low,33,0.21,0.54,,,,2025-08-01,2026-07-31,United Kingdom,English,Google Search,country,2026-09-08,70fbd70d057b238cee57df3db043a3eea72e89573d2278812516bf8fcdf617ca
raw/gkp-discover-01-whats-on-things-to-do.csv,discover,gkp-discover-01,599,karaoke near home,karaoke near home,GBP,50,encoded_band,10,100,returned,0,,Low,18,,,,,,2025-08-01,2026-07-31,United Kingdom,English,Google Search,country,2026-09-08,70fbd70d057b238cee57df3db043a3eea72e89573d2278812516bf8fcdf617ca
raw/gkp-discover-01-whats-on-things-to-do.csv,discover,gkp-discover-01,600,karaoke near me 18,karaoke near me 18,GBP,0,encoded_band,0,0,zero,0,0,Unknown,,,,,,,2025-08-01,2026-07-31,United Kingdom,English,Google Search,country,2026-09-08,70fbd70d057b238cee57df3db043a3eea72e89573d2278812516bf8fcdf617ca
raw/gkp-discover-01-whats-on-things-to-do.csv,discover,gkp-discover-01,601,karaoke near me 18 plus,karaoke near me 18 plus,GBP,0,encoded_band,0,0,zero,0,0,Unknown,,,,,,,2025-08-01,2026-07-31,United Kingdom,English,Google Search,country,2026-09-08,70fbd70d057b238cee57df3db043a3eea72e89573d2278812516bf8fcdf617ca
raw/gkp-discover-01-whats-on-things-to-do.csv,discover,gkp-discover-01,602,karaoke near me 2022,karaoke near me 2022,GBP,0,encoded_band,0,0,zero,0,0,Unknown,,,,,,,2025-08-01,2026-07-31,United Kingdom,English,Google Search,country,2026-09-08,70fbd70d057b238cee57df3db043a3eea72e89573d2278812516bf8fcdf617ca
raw/gkp-discover-01-whats-on-things-to-do.csv,discover,gkp-discover-01,603,karaoke near me 24 hours,karaoke near me 24 hours,GBP,0,encoded_band,0,0,zero,0,-1,Unknown,,,,,,,2025-08-01,2026-07-31,United Kingdom,English,Google Search,country,2026-09-08,70fbd70d057b238cee57df3db043a3eea72e89573d2278812516bf8fcdf617ca
raw/gkp-discover-01-whats-on-things-to-do.csv,discover,gkp-discover-01,604,karaoke near me all ages,karaoke near me all ages,GBP,50,encoded_band,10,100,returned,0,0,Medium,54,,,,,,2025-08-01,2026-07-31,United Kingdom,English,Google Search,country,2026-09-08,70fbd70d057b238cee57df3db043a3eea72e89573d2278812516bf8fcdf617ca
raw/gkp-discover-01-whats-on-things-to-do.csv,discover,gkp-discover-01,605,karaoke near me bar,karaoke near me bar,GBP,50,encoded_band,10,100,returned,0,0,Low,14,,,,,,2025-08-01,2026-07-31,United Kingdom,English,Google Search,country,2026-09-08,70fbd70d057b238cee57df3db043a3eea72e89573d2278812516bf8fcdf617ca
raw/gkp-discover-01-whats-on-things-to-do.csv,discover,gkp-discover-01,606,karaoke near me cheap,karaoke near me cheap,GBP,500,encoded_band,100,1000,returned,0,0,Medium,49,0.25,0.66,,,,2025-08-01,2026-07-31,United Kingdom,English,Google Search,country,2026-09-08,70fbd70d057b238cee57df3db043a3eea72e89573d2278812516bf8fcdf617ca
raw/gkp-discover-01-whats-on-things-to-do.csv,discover,gkp-discover-01,607,karaoke near me chinatown,karaoke near me chinatown,GBP,50,encoded_band,10,100,returned,0,0,Medium,63,,,,,,2025-08-01,2026-07-31,United Kingdom,English,Google Search,country,2026-09-08,70fbd70d057b238cee57df3db043a3eea72e89573d2278812516bf8fcdf617ca
raw/gkp-discover-01-whats-on-things-to-do.csv,discover,gkp-discover-01,608,karaoke near me for all ages,karaoke near me for all ages,GBP,50,encoded_band,10,100,returned,0,0,Medium,54,,,,,,2025-08-01,2026-07-31,United Kingdom,English,Google Search,country,2026-09-08,70fbd70d057b238cee57df3db043a3eea72e89573d2278812516bf8fcdf617ca
raw/gkp-discover-01-whats-on-things-to-do.csv,discover,gkp-discover-01,609,karaoke near me for teens,karaoke near me for teens,GBP,50,encoded_band,10,100,returned,0,0,Low,25,,,,,,2025-08-01,2026-07-31,United Kingdom,English,Google Search,country,2026-09-08,70fbd70d057b238cee57df3db043a3eea72e89573d2278812516bf8fcdf617ca
raw/gkp-discover-01-whats-on-things-to-do.csv,discover,gkp-discover-01,610,karaoke near me for under 18,karaoke near me for under 18,GBP,50,encoded_band,10,100,returned,0,0,Medium,37,0.17,0.56,,,,2025-08-01,2026-07-31,United Kingdom,English,Google Search,country,2026-09-08,70fbd70d057b238cee57df3db043a3eea72e89573d2278812516bf8fcdf617ca
raw/gkp-discover-01-whats-on-things-to-do.csv,discover,gkp-discover-01,611,karaoke near me for under 21,karaoke near me for under 21,GBP,50,encoded_band,10,100,returned,0,0,Unknown,,,,,,,2025-08-01,2026-07-31,United Kingdom,English,Google Search,country,2026-09-08,70fbd70d057b238cee57df3db043a3eea72e89573d2278812516bf8fcdf617ca
raw/gkp-discover-01-whats-on-things-to-do.csv,discover,gkp-discover-01,612,karaoke near me korean,karaoke near me korean,GBP,50,encoded_band,10,100,returned,0,,Low,21,,,,,,2025-08-01,2026-07-31,United Kingdom,English,Google Search,country,2026-09-08,70fbd70d057b238cee57df3db043a3eea72e89573d2278812516bf8fcdf617ca
raw/gkp-discover-01-whats-on-things-to-do.csv,discover,gkp-discover-01,613,karaoke near me latino,karaoke near me latino,GBP,50,encoded_band,10,100,returned,0,0,Unknown,,,,,,,2025-08-01,2026-07-31,United Kingdom,English,Google Search,country,2026-09-08,70fbd70d057b238cee57df3db043a3eea72e89573d2278812516bf8fcdf617ca
raw/gkp-discover-01-whats-on-things-to-do.csv,discover,gkp-discover-01,614,karaoke near me monday night,karaoke near me monday night,GBP,50,encoded_band,10,100,returned,0,0,Low,6,,,,,,2025-08-01,2026-07-31,United Kingdom,English,Google Search,country,2026-09-08,70fbd70d057b238cee57df3db043a3eea72e89573d2278812516bf8fcdf617ca
raw/gkp-discover-01-whats-on-things-to-do.csv,discover,gkp-discover-01,615,karaoke near me now,karaoke near me now,GBP,50,encoded_band,10,100,returned,0,0,Low,13,0.14,0.85,,,,2025-08-01,2026-07-31,United Kingdom,English,Google Search,country,2026-09-08,70fbd70d057b238cee57df3db043a3eea72e89573d2278812516bf8fcdf617ca
raw/gkp-discover-01-whats-on-things-to-do.csv,discover,gkp-discover-01,616,karaoke near me on friday,karaoke near me on friday,GBP,50,encoded_band,10,100,returned,-1,-1,Unknown,,,,,,,2025-08-01,2026-07-31,United Kingdom,English,Google Search,country,2026-09-08,70fbd70d057b238cee57df3db043a3eea72e89573d2278812516bf8fcdf617ca
raw/gkp-discover-01-whats-on-things-to-do.csv,discover,gkp-discover-01,617,karaoke near me on friday night,karaoke near me on friday night,GBP,50,encoded_band,10,100,returned,0,0,Low,0,,,,,,2025-08-01,2026-07-31,United Kingdom,English,Google Search,country,2026-09-08,70fbd70d057b238cee57df3db043a3eea72e89573d2278812516bf8fcdf617ca
raw/gkp-discover-01-whats-on-things-to-do.csv,discover,gkp-discover-01,618,karaoke near me on monday,karaoke near me on monday,GBP,50,encoded_band,10,100,returned,,0,Low,14,,,,,,2025-08-01,2026-07-31,United Kingdom,English,Google Search,country,2026-09-08,70fbd70d057b238cee57df3db043a3eea72e89573d2278812516bf8fcdf617ca
raw/gkp-discover-01-whats-on-things-to-do.csv,discover,gkp-discover-01,619,karaoke near me on monday night,karaoke near me on monday night,GBP,50,encoded_band,10,100,returned,-1,0,Unknown,,,,,,,2025-08-01,2026-07-31,United Kingdom,English,Google Search,country,2026-09-08,70fbd70d057b238cee57df3db043a3eea72e89573d2278812516bf8fcdf617ca
raw/gkp-discover-01-whats-on-things-to-do.csv,discover,gkp-discover-01,620,karaoke near me on saturday,karaoke near me on saturday,GBP,50,encoded_band,10,100,returned,-0.9,-0.9,Low,12,,,,,,2025-08-01,2026-07-31,United Kingdom,English,Google Search,country,2026-09-08,70fbd70d057b238cee57df3db043a3eea72e89573d2278812516bf8fcdf617ca
raw/gkp-discover-01-whats-on-things-to-do.csv,discover,gkp-discover-01,621,karaoke near me on saturday night,karaoke near me on saturday night,GBP,500,encoded_band,100,1000,returned,0,-0.9,Low,6,,,,,,2025-08-01,2026-07-31,United Kingdom,English,Google Search,country,2026-09-08,70fbd70d057b238cee57df3db043a3eea72e89573d2278812516bf8fcdf617ca
raw/gkp-discover-01-whats-on-things-to-do.csv,discover,gkp-discover-01,622,karaoke near me on sunday,karaoke near me on sunday,GBP,500,encoded_band,100,1000,returned,0,0,Low,10,0.44,0.63,,,,2025-08-01,2026-07-31,United Kingdom,English,Google Search,country,2026-09-08,70fbd70d057b238cee57df3db043a3eea72e89573d2278812516bf8fcdf617ca
raw/gkp-discover-01-whats-on-things-to-do.csv,discover,gkp-discover-01,623,karaoke near me on thursday,karaoke near me on thursday,GBP,50,encoded_band,10,100,returned,0,0,Low,9,,,,,,2025-08-01,2026-07-31,United Kingdom,English,Google Search,country,2026-09-08,70fbd70d057b238cee57df3db043a3eea72e89573d2278812516bf8fcdf617ca
raw/gkp-discover-01-whats-on-things-to-do.csv,discover,gkp-discover-01,624,karaoke near me on tuesday,karaoke near me on tuesday,GBP,50,encoded_band,10,100,returned,-1,0,Unknown,,,,,,,2025-08-01,2026-07-31,United Kingdom,English,Google Search,country,2026-09-08,70fbd70d057b238cee57df3db043a3eea72e89573d2278812516bf8fcdf617ca
raw/gkp-discover-01-whats-on-things-to-do.csv,discover,gkp-discover-01,625,karaoke near me on wednesday,karaoke near me on wednesday,GBP,50,encoded_band,10,100,returned,0,-0.9,Low,7,,,,,,2025-08-01,2026-07-31,United Kingdom,English,Google Search,country,2026-09-08,70fbd70d057b238cee57df3db043a3eea72e89573d2278812516bf8fcdf617ca
raw/gkp-discover-01-whats-on-things-to-do.csv,discover,gkp-discover-01,626,karaoke near me open,karaoke near me open,GBP,50,encoded_band,10,100,returned,0,0,Low,26,,,,,,2025-08-01,2026-07-31,United Kingdom,English,Google Search,country,2026-09-08,70fbd70d057b238cee57df3db043a3eea72e89573d2278812516bf8fcdf617ca
raw/gkp-discover-01-whats-on-things-to-do.csv,discover,gkp-discover-01,627,karaoke near me price,karaoke near me price,GBP,50,encoded_band,10,100,returned,0,0,Medium,40,,,,,,2025-08-01,2026-07-31,United Kingdom,English,Google Search,country,2026-09-08,70fbd70d057b238cee57df3db043a3eea72e89573d2278812516bf8fcdf617ca
raw/gkp-discover-01-whats-on-things-to-do.csv,discover,gkp-discover-01,628,karaoke near me private,karaoke near me private,GBP,50,encoded_band,10,100,returned,0,0,Medium,44,,,,,,2025-08-01,2026-07-31,United Kingdom,English,Google Search,country,2026-09-08,70fbd70d057b238cee57df3db043a3eea72e89573d2278812516bf8fcdf617ca
raw/gkp-discover-01-whats-on-things-to-do.csv,discover,gkp-discover-01,629,karaoke near me private room under 21,karaoke near me private room under 21,GBP,50,encoded_band,10,100,returned,-1,0,Unknown,,,,,,,2025-08-01,2026-07-31,United Kingdom,English,Google Search,country,2026-09-08,70fbd70d057b238cee57df3db043a3eea72e89573d2278812516bf8fcdf617ca
raw/gkp-discover-01-whats-on-things-to-do.csv,discover,gkp-discover-01,630,karaoke near me right now,karaoke near me right now,GBP,50,encoded_band,10,100,returned,0,0,Low,14,,,,,,2025-08-01,2026-07-31,United Kingdom,English,Google Search,country,2026-09-08,70fbd70d057b238cee57df3db043a3eea72e89573d2278812516bf8fcdf617ca
raw/gkp-discover-01-whats-on-things-to-do.csv,discover,gkp-discover-01,631,karaoke near me rooms,karaoke near me rooms,GBP,50,encoded_band,10,100,returned,0,0,Low,26,,,,,,2025-08-01,2026-07-31,United Kingdom,English,Google Search,country,2026-09-08,70fbd70d057b238cee57df3db043a3eea72e89573d2278812516bf8fcdf617ca
raw/gkp-discover-01-whats-on-things-to-do.csv,discover,gkp-discover-01,632,karaoke near me saturday night,karaoke near me saturday night,GBP,500,encoded_band,100,1000,returned,0,-0.9,Low,6,,,,,,2025-08-01,2026-07-31,United Kingdom,English,Google Search,country,2026-09-08,70fbd70d057b238cee57df3db043a3eea72e89573d2278812516bf8fcdf617ca
raw/gkp-discover-01-whats-on-things-to-do.csv,discover,gkp-discover-01,633,karaoke near me sunday,karaoke near me sunday,GBP,500,encoded_band,100,1000,returned,0,0,Low,10,0.44,0.63,,,,2025-08-01,2026-07-31,United Kingdom,English,Google Search,country,2026-09-08,70fbd70d057b238cee57df3db043a3eea72e89573d2278812516bf8fcdf617ca
raw/gkp-discover-01-whats-on-things-to-do.csv,discover,gkp-discover-01,634,karaoke near me sunday night,karaoke near me sunday night,GBP,50,encoded_band,10,100,returned,0,0,Low,8,,,,,,2025-08-01,2026-07-31,United Kingdom,English,Google Search,country,2026-09-08,70fbd70d057b238cee57df3db043a3eea72e89573d2278812516bf8fcdf617ca
raw/gkp-discover-01-whats-on-things-to-do.csv,discover,gkp-discover-01,635,karaoke near me this weekend,karaoke near me this weekend,GBP,50,encoded_band,10,100,returned,0,0,Low,0,,,,,,2025-08-01,2026-07-31,United Kingdom,English,Google Search,country,2026-09-08,70fbd70d057b238cee57df3db043a3eea72e89573d2278812516bf8fcdf617ca
raw/gkp-discover-01-whats-on-things-to-do.csv,discover,gkp-discover-01,636,karaoke near me thursday,karaoke near me thursday,GBP,50,encoded_band,10,100,returned,0,0,Low,9,,,,,,2025-08-01,2026-07-31,United Kingdom,English,Google Search,country,2026-09-08,70fbd70d057b238cee57df3db043a3eea72e89573d2278812516bf8fcdf617ca
raw/gkp-discover-01-whats-on-things-to-do.csv,discover,gkp-discover-01,637,karaoke near me thursday night,karaoke near me thursday night,GBP,50,encoded_band,10,100,returned,0,-0.9,Low,5,,,,,,2025-08-01,2026-07-31,United Kingdom,English,Google Search,country,2026-09-08,70fbd70d057b238cee57df3db043a3eea72e89573d2278812516bf8fcdf617ca
raw/gkp-discover-01-whats-on-things-to-do.csv,discover,gkp-discover-01,638,karaoke near me today,karaoke near me today,GBP,50,encoded_band,10,100,returned,-0.9,0,Low,6,,,,,,2025-08-01,2026-07-31,United Kingdom,English,Google Search,country,2026-09-08,70fbd70d057b238cee57df3db043a3eea72e89573d2278812516bf8fcdf617ca
raw/gkp-discover-01-whats-on-things-to-do.csv,discover,gkp-discover-01,639,karaoke near me tomorrow,karaoke near me tomorrow,GBP,50,encoded_band,10,100,returned,0,0,Low,0,,,,,,2025-08-01,2026-07-31,United Kingdom,English,Google Search,country,2026-09-08,70fbd70d057b238cee57df3db043a3eea72e89573d2278812516bf8fcdf617ca
raw/gkp-discover-01-whats-on-things-to-do.csv,discover,gkp-discover-01,640,karaoke near me tonight 2022,karaoke near me tonight 2022,GBP,0,encoded_band,0,0,zero,0,0,Unknown,,,,,,,2025-08-01,2026-07-31,United Kingdom,English,Google Search,country,2026-09-08,70fbd70d057b238cee57df3db043a3eea72e89573d2278812516bf8fcdf617ca
raw/gkp-discover-01-whats-on-things-to-do.csv,discover,gkp-discover-01,641,karaoke near me tonight friday,karaoke near me tonight friday,GBP,50,encoded_band,10,100,returned,-1,-1,Unknown,,,,,,,2025-08-01,2026-07-31,United Kingdom,English,Google Search,country,2026-09-08,70fbd70d057b238cee57df3db043a3eea72e89573d2278812516bf8fcdf617ca
raw/gkp-discover-01-whats-on-things-to-do.csv,discover,gkp-discover-01,642,karaoke near me tonight monday,karaoke near me tonight monday,GBP,50,encoded_band,10,100,returned,0,0,Unknown,,,,,,,2025-08-01,2026-07-31,United Kingdom,English,Google Search,country,2026-09-08,70fbd70d057b238cee57df3db043a3eea72e89573d2278812516bf8fcdf617ca
raw/gkp-discover-01-whats-on-things-to-do.csv,discover,gkp-discover-01,643,karaoke near me tonight saturday,karaoke near me tonight saturday,GBP,50,encoded_band,10,100,returned,,0,Low,0,,,,,,2025-08-01,2026-07-31,United Kingdom,English,Google Search,country,2026-09-08,70fbd70d057b238cee57df3db043a3eea72e89573d2278812516bf8fcdf617ca
raw/gkp-discover-01-whats-on-things-to-do.csv,discover,gkp-discover-01,644,karaoke near me tonight sunday,karaoke near me tonight sunday,GBP,50,encoded_band,10,100,returned,0,0,Unknown,,,,,,,2025-08-01,2026-07-31,United Kingdom,English,Google Search,country,2026-09-08,70fbd70d057b238cee57df3db043a3eea72e89573d2278812516bf8fcdf617ca
raw/gkp-discover-01-whats-on-things-to-do.csv,discover,gkp-discover-01,645,karaoke near me tonight thursday,karaoke near me tonight thursday,GBP,50,encoded_band,10,100,returned,0,-1,Unknown,,,,,,,2025-08-01,2026-07-31,United Kingdom,English,Google Search,country,2026-09-08,70fbd70d057b238cee57df3db043a3eea72e89573d2278812516bf8fcdf617ca
raw/gkp-discover-01-whats-on-things-to-do.csv,discover,gkp-discover-01,646,karaoke near me tonight tuesday,karaoke near me tonight tuesday,GBP,0,encoded_band,0,0,zero,0,0,Unknown,,,,,,,2025-08-01,2026-07-31,United Kingdom,English,Google Search,country,2026-09-08,70fbd70d057b238cee57df3db043a3eea72e89573d2278812516bf8fcdf617ca
raw/gkp-discover-01-whats-on-things-to-do.csv,discover,gkp-discover-01,647,karaoke near me tonight wednesday,karaoke near me tonight wednesday,GBP,50,encoded_band,10,100,returned,0,0,Unknown,,,,,,,2025-08-01,2026-07-31,United Kingdom,English,Google Search,country,2026-09-08,70fbd70d057b238cee57df3db043a3eea72e89573d2278812516bf8fcdf617ca
raw/gkp-discover-01-whats-on-things-to-do.csv,discover,gkp-discover-01,648,karaoke near me tuesday,karaoke near me tuesday,GBP,50,encoded_band,10,100,returned,0,0,Low,8,,,,,,2025-08-01,2026-07-31,United Kingdom,English,Google Search,country,2026-09-08,70fbd70d057b238cee57df3db043a3eea72e89573d2278812516bf8fcdf617ca
raw/gkp-discover-01-whats-on-things-to-do.csv,discover,gkp-discover-01,649,karaoke near me tuesday night,karaoke near me tuesday night,GBP,50,encoded_band,10,100,returned,0,0,Low,7,,,,,,2025-08-01,2026-07-31,United Kingdom,English,Google Search,country,2026-09-08,70fbd70d057b238cee57df3db043a3eea72e89573d2278812516bf8fcdf617ca
raw/gkp-discover-01-whats-on-things-to-do.csv,discover,gkp-discover-01,650,karaoke near me wednesday,karaoke near me wednesday,GBP,50,encoded_band,10,100,returned,0,-0.9,Low,7,,,,,,2025-08-01,2026-07-31,United Kingdom,English,Google Search,country,2026-09-08,70fbd70d057b238cee57df3db043a3eea72e89573d2278812516bf8fcdf617ca
raw/gkp-discover-01-whats-on-things-to-do.csv,discover,gkp-discover-01,651,karaoke near me wednesday night,karaoke near me wednesday night,GBP,50,encoded_band,10,100,returned,0,0,Low,2,,,,,,2025-08-01,2026-07-31,United Kingdom,English,Google Search,country,2026-09-08,70fbd70d057b238cee57df3db043a3eea72e89573d2278812516bf8fcdf617ca
raw/gkp-discover-01-whats-on-things-to-do.csv,discover,gkp-discover-01,652,karaoke near my location,karaoke near my location,GBP,50,encoded_band,10,100,returned,0,0,Low,20,,,,,,2025-08-01,2026-07-31,United Kingdom,English,Google Search,country,2026-09-08,70fbd70d057b238cee57df3db043a3eea72e89573d2278812516bf8fcdf617ca
raw/gkp-discover-01-whats-on-things-to-do.csv,discover,gkp-discover-01,653,karaoke near to me,karaoke near to me,GBP,50,encoded_band,10,100,returned,,0,Medium,43,,,,,,2025-08-01,2026-07-31,United Kingdom,English,Google Search,country,2026-09-08,70fbd70d057b238cee57df3db043a3eea72e89573d2278812516bf8fcdf617ca
raw/gkp-discover-01-whats-on-things-to-do.csv,discover,gkp-discover-01,654,karaoke near us,karaoke near us,GBP,50,encoded_band,10,100,returned,0,0,Low,23,0.17,1.01,,,,2025-08-01,2026-07-31,United Kingdom,English,Google Search,country,2026-09-08,70fbd70d057b238cee57df3db043a3eea72e89573d2278812516bf8fcdf617ca
raw/gkp-discover-01-whats-on-things-to-do.csv,discover,gkp-discover-01,655,karaoke nearest,karaoke nearest,GBP,50,encoded_band,10,100,returned,0,0,Unknown,,,,,,,2025-08-01,2026-07-31,United Kingdom,English,Google Search,country,2026-09-08,70fbd70d057b238cee57df3db043a3eea72e89573d2278812516bf8fcdf617ca
raw/gkp-discover-01-whats-on-things-to-do.csv,discover,gkp-discover-01,656,karaoke night clubs near me,karaoke night clubs near me,GBP,50,encoded_band,10,100,returned,0,0,Low,0,,,,,,2025-08-01,2026-07-31,United Kingdom,English,Google Search,country,2026-09-08,70fbd70d057b238cee57df3db043a3eea72e89573d2278812516bf8fcdf617ca
raw/gkp-discover-01-whats-on-things-to-do.csv,discover,gkp-discover-01,657,karaoke night near me tonight,karaoke night near me tonight,GBP,50,encoded_band,10,100,returned,0,0,Low,7,,,,,,2025-08-01,2026-07-31,United Kingdom,English,Google Search,country,2026-09-08,70fbd70d057b238cee57df3db043a3eea72e89573d2278812516bf8fcdf617ca
raw/gkp-discover-01-whats-on-things-to-do.csv,discover,gkp-discover-01,658,karaoke night today near me,karaoke night today near me,GBP,50,encoded_band,10,100,returned,0,0,Low,0,,,,,,2025-08-01,2026-07-31,United Kingdom,English,Google Search,country,2026-09-08,70fbd70d057b238cee57df3db043a3eea72e89573d2278812516bf8fcdf617ca
raw/gkp-discover-01-whats-on-things-to-do.csv,discover,gkp-discover-01,659,karaoke night tonight near me,karaoke night tonight near me,GBP,50,encoded_band,10,100,returned,0,0,Low,0,,,,,,2025-08-01,2026-07-31,United Kingdom,English,Google Search,country,2026-09-08,70fbd70d057b238cee57df3db043a3eea72e89573d2278812516bf8fcdf617ca
raw/gkp-discover-01-whats-on-things-to-do.csv,discover,gkp-discover-01,660,karaoke now near me,karaoke now near me,GBP,50,encoded_band,10,100,returned,0,0,Low,13,0.14,0.85,,,,2025-08-01,2026-07-31,United Kingdom,English,Google Search,country,2026-09-08,70fbd70d057b238cee57df3db043a3eea72e89573d2278812516bf8fcdf617ca
raw/gkp-discover-01-whats-on-things-to-do.csv,discover,gkp-discover-01,661,karaoke on sunday night near me,karaoke on sunday night near me,GBP,50,encoded_band,10,100,returned,0,0,Low,8,,,,,,2025-08-01,2026-07-31,United Kingdom,English,Google Search,country,2026-09-08,70fbd70d057b238cee57df3db043a3eea72e89573d2278812516bf8fcdf617ca
raw/gkp-discover-01-whats-on-things-to-do.csv,discover,gkp-discover-01,662,karaoke on thursday night near me,karaoke on thursday night near me,GBP,50,encoded_band,10,100,returned,0,-0.9,Low,5,,,,,,2025-08-01,2026-07-31,United Kingdom,English,Google Search,country,2026-09-08,70fbd70d057b238cee57df3db043a3eea72e89573d2278812516bf8fcdf617ca
raw/gkp-discover-01-whats-on-things-to-do.csv,discover,gkp-discover-01,663,karaoke on tuesday night near me,karaoke on tuesday night near me,GBP,50,encoded_band,10,100,returned,0,0,Low,7,,,,,,2025-08-01,2026-07-31,United Kingdom,English,Google Search,country,2026-09-08,70fbd70d057b238cee57df3db043a3eea72e89573d2278812516bf8fcdf617ca
raw/gkp-discover-01-whats-on-things-to-do.csv,discover,gkp-discover-01,664,karaoke on wednesday night near me,karaoke on wednesday night near me,GBP,50,encoded_band,10,100,returned,0,0,Low,2,,,,,,2025-08-01,2026-07-31,United Kingdom,English,Google Search,country,2026-09-08,70fbd70d057b238cee57df3db043a3eea72e89573d2278812516bf8fcdf617ca
raw/gkp-discover-01-whats-on-things-to-do.csv,discover,gkp-discover-01,665,karaoke open near me,karaoke open near me,GBP,50,encoded_band,10,100,returned,0,0,Low,26,,,,,,2025-08-01,2026-07-31,United Kingdom,English,Google Search,country,2026-09-08,70fbd70d057b238cee57df3db043a3eea72e89573d2278812516bf8fcdf617ca
raw/gkp-discover-01-whats-on-things-to-do.csv,discover,gkp-discover-01,666,karaoke open now near me,karaoke open now near me,GBP,50,encoded_band,10,100,returned,0,0,Medium,51,,,,,,2025-08-01,2026-07-31,United Kingdom,English,Google Search,country,2026-09-08,70fbd70d057b238cee57df3db043a3eea72e89573d2278812516bf8fcdf617ca
raw/gkp-discover-01-whats-on-things-to-do.csv,discover,gkp-discover-01,667,karaoke party places near me,karaoke party places near me,GBP,50,encoded_band,10,100,returned,0,0,Unknown,,,,,,,2025-08-01,2026-07-31,United Kingdom,English,Google Search,country,2026-09-08,70fbd70d057b238cee57df3db043a3eea72e89573d2278812516bf8fcdf617ca
raw/gkp-discover-01-whats-on-things-to-do.csv,discover,gkp-discover-01,668,karaoke party room near me,karaoke party room near me,GBP,50,encoded_band,10,100,returned,-1,0,Unknown,,,,,,,2025-08-01,2026-07-31,United Kingdom,English,Google Search,country,2026-09-08,70fbd70d057b238cee57df3db043a3eea72e89573d2278812516bf8fcdf617ca
raw/gkp-discover-01-whats-on-things-to-do.csv,discover,gkp-discover-01,669,karaoke party rooms near me,karaoke party rooms near me,GBP,50,encoded_band,10,100,returned,0,0,Medium,57,,,,,,2025-08-01,2026-07-31,United Kingdom,English,Google Search,country,2026-09-08,70fbd70d057b238cee57df3db043a3eea72e89573d2278812516bf8fcdf617ca
raw/gkp-discover-01-whats-on-things-to-do.csv,discover,gkp-discover-01,670,karaoke place nearby,karaoke place nearby,GBP,50,encoded_band,10,100,returned,0,0,Low,28,,,,,,2025-08-01,2026-07-31,United Kingdom,English,Google Search,country,2026-09-08,70fbd70d057b238cee57df3db043a3eea72e89573d2278812516bf8fcdf617ca
raw/gkp-discover-01-whats-on-things-to-do.csv,discover,gkp-discover-01,671,karaoke places around me,karaoke places around me,GBP,50,encoded_band,10,100,returned,0,0,Unknown,,,,,,,2025-08-01,2026-07-31,United Kingdom,English,Google Search,country,2026-09-08,70fbd70d057b238cee57df3db043a3eea72e89573d2278812516bf8fcdf617ca
raw/gkp-discover-01-whats-on-things-to-do.csv,discover,gkp-discover-01,672,karaoke places for all ages near me,karaoke places for all ages near me,GBP,50,encoded_band,10,100,returned,,,Low,29,,,,,,2025-08-01,2026-07-31,United Kingdom,English,Google Search,country,2026-09-08,70fbd70d057b238cee57df3db043a3eea72e89573d2278812516bf8fcdf617ca
raw/gkp-discover-01-whats-on-things-to-do.csv,discover,gkp-discover-01,673,karaoke places near me for minors,karaoke places near me for minors,GBP,50,encoded_band,10,100,returned,-1,0,Unknown,,,,,,,2025-08-01,2026-07-31,United Kingdom,English,Google Search,country,2026-09-08,70fbd70d057b238cee57df3db043a3eea72e89573d2278812516bf8fcdf617ca
raw/gkp-discover-01-whats-on-things-to-do.csv,discover,gkp-discover-01,674,karaoke places near me on saturday,karaoke places near me on saturday,GBP,50,encoded_band,10,100,returned,0,0,Unknown,,,,,,,2025-08-01,2026-07-31,United Kingdom,English,Google Search,country,2026-09-08,70fbd70d057b238cee57df3db043a3eea72e89573d2278812516bf8fcdf617ca
raw/gkp-discover-01-whats-on-things-to-do.csv,discover,gkp-discover-01,675,karaoke places near me private rooms,karaoke places near me private rooms,GBP,50,encoded_band,10,100,returned,0,,Medium,42,0.24,0.64,,,,2025-08-01,2026-07-31,United Kingdom,English,Google Search,country,2026-09-08,70fbd70d057b238cee57df3db043a3eea72e89573d2278812516bf8fcdf617ca
raw/gkp-discover-01-whats-on-things-to-do.csv,discover,gkp-discover-01,676,karaoke places near me under 21,karaoke places near me under 21,GBP,0,encoded_band,0,0,zero,0,0,Unknown,,,,,,,2025-08-01,2026-07-31,United Kingdom,English,Google Search,country,2026-09-08,70fbd70d057b238cee57df3db043a3eea72e89573d2278812516bf8fcdf617ca
raw/gkp-discover-01-whats-on-things-to-do.csv,discover,gkp-discover-01,677,karaoke places open near me,karaoke places open near me,GBP,50,encoded_band,10,100,returned,0,0,Low,0,,,,,,2025-08-01,2026-07-31,United Kingdom,English,Google Search,country,2026-09-08,70fbd70d057b238cee57df3db043a3eea72e89573d2278812516bf8fcdf617ca
raw/gkp-discover-01-whats-on-things-to-do.csv,discover,gkp-discover-01,678,karaoke places open now,karaoke places open now,GBP,50,encoded_band,10,100,returned,-1,0,Unknown,,,,,,,2025-08-01,2026-07-31,United Kingdom,English,Google Search,country,2026-09-08,70fbd70d057b238cee57df3db043a3eea72e89573d2278812516bf8fcdf617ca
raw/gkp-discover-01-whats-on-things-to-do.csv,discover,gkp-discover-01,679,karaoke places with private rooms near me,karaoke places with private rooms near me,GBP,50,encoded_band,10,100,returned,,0,Medium,43,,,,,,2025-08-01,2026-07-31,United Kingdom,English,Google Search,country,2026-09-08,70fbd70d057b238cee57df3db043a3eea72e89573d2278812516bf8fcdf617ca
raw/gkp-discover-01-whats-on-things-to-do.csv,discover,gkp-discover-01,680,karaoke price near me,karaoke price near me,GBP,50,encoded_band,10,100,returned,0,,Medium,43,,,,,,2025-08-01,2026-07-31,United Kingdom,English,Google Search,country,2026-09-08,70fbd70d057b238cee57df3db043a3eea72e89573d2278812516bf8fcdf617ca
raw/gkp-discover-01-whats-on-things-to-do.csv,discover,gkp-discover-01,681,karaoke private near me,karaoke private near me,GBP,50,encoded_band,10,100,returned,0,0,Medium,49,,,,,,2025-08-01,2026-07-31,United Kingdom,English,Google Search,country,2026-09-08,70fbd70d057b238cee57df3db043a3eea72e89573d2278812516bf8fcdf617ca
raw/gkp-discover-01-whats-on-things-to-do.csv,discover,gkp-discover-01,682,karaoke rental rooms near me,karaoke rental rooms near me,GBP,50,encoded_band,10,100,returned,,0,Low,24,,,,,,2025-08-01,2026-07-31,United Kingdom,English,Google Search,country,2026-09-08,70fbd70d057b238cee57df3db043a3eea72e89573d2278812516bf8fcdf617ca
raw/gkp-discover-01-whats-on-things-to-do.csv,discover,gkp-discover-01,683,karaoke right now near me,karaoke right now near me,GBP,50,encoded_band,10,100,returned,0,0,High,71,,,,,,2025-08-01,2026-07-31,United Kingdom,English,Google Search,country,2026-09-08,70fbd70d057b238cee57df3db043a3eea72e89573d2278812516bf8fcdf617ca
raw/gkp-discover-01-whats-on-things-to-do.csv,discover,gkp-discover-01,684,karaoke room bar near me,karaoke room bar near me,GBP,50,encoded_band,10,100,returned,0,0,Unknown,,,,,,,2025-08-01,2026-07-31,United Kingdom,English,Google Search,country,2026-09-08,70fbd70d057b238cee57df3db043a3eea72e89573d2278812516bf8fcdf617ca
raw/gkp-discover-01-whats-on-things-to-do.csv,discover,gkp-discover-01,685,karaoke rooms near me for minors,karaoke rooms near me for minors,GBP,50,encoded_band,10,100,returned,0,0,Unknown,,,,,,,2025-08-01,2026-07-31,United Kingdom,English,Google Search,country,2026-09-08,70fbd70d057b238cee57df3db043a3eea72e89573d2278812516bf8fcdf617ca
raw/gkp-discover-01-whats-on-things-to-do.csv,discover,gkp-discover-01,686,karaoke rooms near me private,karaoke rooms near me private,GBP,50,encoded_band,10,100,returned,0,0,Medium,34,0.28,0.68,,,,2025-08-01,2026-07-31,United Kingdom,English,Google Search,country,2026-09-08,70fbd70d057b238cee57df3db043a3eea72e89573d2278812516bf8fcdf617ca
raw/gkp-discover-01-whats-on-things-to-do.csv,discover,gkp-discover-01,687,karaoke rooms near me under 18,karaoke rooms near me under 18,GBP,50,encoded_band,10,100,returned,0,0,Low,10,,,,,,2025-08-01,2026-07-31,United Kingdom,English,Google Search,country,2026-09-08,70fbd70d057b238cee57df3db043a3eea72e89573d2278812516bf8fcdf617ca
raw/gkp-discover-01-whats-on-things-to-do.csv,discover,gkp-discover-01,688,karaoke singing near me,karaoke singing near me,GBP,50,encoded_band,10,100,returned,0,0,Low,14,,,,,,2025-08-01,2026-07-31,United Kingdom,English,Google Search,country,2026-09-08,70fbd70d057b238cee57df3db043a3eea72e89573d2278812516bf8fcdf617ca
raw/gkp-discover-01-whats-on-things-to-do.csv,discover,gkp-discover-01,689,karaoke singing places near me,karaoke singing places near me,GBP,50,encoded_band,10,100,returned,0,0,Unknown,,,,,,,2025-08-01,2026-07-31,United Kingdom,English,Google Search,country,2026-09-08,70fbd70d057b238cee57df3db043a3eea72e89573d2278812516bf8fcdf617ca
raw/gkp-discover-01-whats-on-things-to-do.csv,discover,gkp-discover-01,690,karaoke studio near me,karaoke studio near me,GBP,50,encoded_band,10,100,returned,0,0,Low,18,,,,,,2025-08-01,2026-07-31,United Kingdom,English,Google Search,country,2026-09-08,70fbd70d057b238cee57df3db043a3eea72e89573d2278812516bf8fcdf617ca
raw/gkp-discover-01-whats-on-things-to-do.csv,discover,gkp-discover-01,691,karaoke suites near me,karaoke suites near me,GBP,50,encoded_band,10,100,returned,-1,0,Unknown,,,,,,,2025-08-01,2026-07-31,United Kingdom,English,Google Search,country,2026-09-08,70fbd70d057b238cee57df3db043a3eea72e89573d2278812516bf8fcdf617ca
raw/gkp-discover-01-whats-on-things-to-do.csv,discover,gkp-discover-01,692,karaoke sunday night near me,karaoke sunday night near me,GBP,50,encoded_band,10,100,returned,0,0,Low,8,,,,,,2025-08-01,2026-07-31,United Kingdom,English,Google Search,country,2026-09-08,70fbd70d057b238cee57df3db043a3eea72e89573d2278812516bf8fcdf617ca
raw/gkp-discover-01-whats-on-things-to-do.csv,discover,gkp-discover-01,693,karaoke sushi bar near me,karaoke sushi bar near me,GBP,50,encoded_band,10,100,returned,0,0,Unknown,,,,,,,2025-08-01,2026-07-31,United Kingdom,English,Google Search,country,2026-09-08,70fbd70d057b238cee57df3db043a3eea72e89573d2278812516bf8fcdf617ca
raw/gkp-discover-01-whats-on-things-to-do.csv,discover,gkp-discover-01,694,karaoke this weekend near me,karaoke this weekend near me,GBP,50,encoded_band,10,100,returned,0,0,Low,0,,,,,,2025-08-01,2026-07-31,United Kingdom,English,Google Search,country,2026-09-08,70fbd70d057b238cee57df3db043a3eea72e89573d2278812516bf8fcdf617ca
raw/gkp-discover-01-whats-on-things-to-do.csv,discover,gkp-discover-01,695,karaoke tomorrow near me,karaoke tomorrow near me,GBP,50,encoded_band,10,100,returned,0,0,Low,4,,,,,,2025-08-01,2026-07-31,United Kingdom,English,Google Search,country,2026-09-08,70fbd70d057b238cee57df3db043a3eea72e89573d2278812516bf8fcdf617ca
raw/gkp-discover-01-whats-on-things-to-do.csv,discover,gkp-discover-01,696,karaoke tonight around me,karaoke tonight around me,GBP,50,encoded_band,10,100,returned,0,0,Unknown,,,,,,,2025-08-01,2026-07-31,United Kingdom,English,Google Search,country,2026-09-08,70fbd70d057b238cee57df3db043a3eea72e89573d2278812516bf8fcdf617ca
raw/gkp-discover-01-whats-on-things-to-do.csv,discover,gkp-discover-01,697,karaoke tonight in my area,karaoke tonight in my area,GBP,50,encoded_band,10,100,returned,-1,0,Unknown,,,,,,,2025-08-01,2026-07-31,United Kingdom,English,Google Search,country,2026-09-08,70fbd70d057b238cee57df3db043a3eea72e89573d2278812516bf8fcdf617ca
raw/gkp-discover-01-whats-on-things-to-do.csv,discover,gkp-discover-01,698,karaoke tonight near me now,karaoke tonight near me now,GBP,50,encoded_band,10,100,returned,0,0,Low,4,,,,,,2025-08-01,2026-07-31,United Kingdom,English,Google Search,country,2026-09-08,70fbd70d057b238cee57df3db043a3eea72e89573d2278812516bf8fcdf617ca
raw/gkp-discover-01-whats-on-things-to-do.csv,discover,gkp-discover-01,699,karaoke tonight near me tonight,karaoke tonight near me tonight,GBP,50,encoded_band,10,100,returned,0,0,Unknown,,,,,,,2025-08-01,2026-07-31,United Kingdom,English,Google Search,country,2026-09-08,70fbd70d057b238cee57df3db043a3eea72e89573d2278812516bf8fcdf617ca
raw/gkp-discover-01-whats-on-things-to-do.csv,discover,gkp-discover-01,700,karaoke tonight near my location,karaoke tonight near my location,GBP,50,encoded_band,10,100,returned,-1,0,Unknown,,,,,,,2025-08-01,2026-07-31,United Kingdom,English,Google Search,country,2026-09-08,70fbd70d057b238cee57df3db043a3eea72e89573d2278812516bf8fcdf617ca
raw/gkp-discover-01-whats-on-things-to-do.csv,discover,gkp-discover-01,701,karaoke tonight nearby,karaoke tonight nearby,GBP,50,encoded_band,10,100,returned,-1,-1,Unknown,,,,,,,2025-08-01,2026-07-31,United Kingdom,English,Google Search,country,2026-09-08,70fbd70d057b238cee57df3db043a3eea72e89573d2278812516bf8fcdf617ca
raw/gkp-discover-01-whats-on-things-to-do.csv,discover,gkp-discover-01,702,karaoke under 18 near me,karaoke under 18 near me,GBP,50,encoded_band,10,100,returned,0,0,Medium,62,,,,,,2025-08-01,2026-07-31,United Kingdom,English,Google Search,country,2026-09-08,70fbd70d057b238cee57df3db043a3eea72e89573d2278812516bf8fcdf617ca
raw/gkp-discover-01-whats-on-things-to-do.csv,discover,gkp-discover-01,703,karaoke vip room near me,karaoke vip room near me,GBP,50,encoded_band,10,100,returned,0,,Low,29,,,,,,2025-08-01,2026-07-31,United Kingdom,English,Google Search,country,2026-09-08,70fbd70d057b238cee57df3db043a3eea72e89573d2278812516bf8fcdf617ca
raw/gkp-discover-01-whats-on-things-to-do.csv,discover,gkp-discover-01,704,karaoke with alcohol near me,karaoke with alcohol near me,GBP,50,encoded_band,10,100,returned,0,0,Unknown,,,,,,,2025-08-01,2026-07-31,United Kingdom,English,Google Search,country,2026-09-08,70fbd70d057b238cee57df3db043a3eea72e89573d2278812516bf8fcdf617ca
raw/gkp-discover-01-whats-on-things-to-do.csv,discover,gkp-discover-01,705,karaoke with food near me,karaoke with food near me,GBP,50,encoded_band,10,100,returned,0,0,Low,29,,,,,,2025-08-01,2026-07-31,United Kingdom,English,Google Search,country,2026-09-08,70fbd70d057b238cee57df3db043a3eea72e89573d2278812516bf8fcdf617ca
raw/gkp-discover-01-whats-on-things-to-do.csv,discover,gkp-discover-01,706,kbox karaoke near me,kbox karaoke near me,GBP,50,encoded_band,10,100,returned,-1,0,Unknown,,,,,,,2025-08-01,2026-07-31,United Kingdom,English,Google Search,country,2026-09-08,70fbd70d057b238cee57df3db043a3eea72e89573d2278812516bf8fcdf617ca
raw/gkp-discover-01-whats-on-things-to-do.csv,discover,gkp-discover-01,707,kbox near me,kbox near me,GBP,50,encoded_band,10,100,returned,0,0,Low,7,,,,,,2025-08-01,2026-07-31,United Kingdom,English,Google Search,country,2026-09-08,70fbd70d057b238cee57df3db043a3eea72e89573d2278812516bf8fcdf617ca
raw/gkp-discover-01-whats-on-things-to-do.csv,discover,gkp-discover-01,708,kedai karaoke near me,kedai karaoke near me,GBP,,encoded_band,,,absent,,,Unknown,,,,,,,2025-08-01,2026-07-31,United Kingdom,English,Google Search,country,2026-09-08,70fbd70d057b238cee57df3db043a3eea72e89573d2278812516bf8fcdf617ca
raw/gkp-discover-01-whats-on-things-to-do.csv,discover,gkp-discover-01,709,korean bbq with karaoke near me,korean bbq with karaoke near me,GBP,50,encoded_band,10,100,returned,,,Low,0,,,,,,2025-08-01,2026-07-31,United Kingdom,English,Google Search,country,2026-09-08,70fbd70d057b238cee57df3db043a3eea72e89573d2278812516bf8fcdf617ca
raw/gkp-discover-01-whats-on-things-to-do.csv,discover,gkp-discover-01,710,korean karaoke bar near me,korean karaoke bar near me,GBP,50,encoded_band,10,100,returned,0,0,Medium,38,,,,,,2025-08-01,2026-07-31,United Kingdom,English,Google Search,country,2026-09-08,70fbd70d057b238cee57df3db043a3eea72e89573d2278812516bf8fcdf617ca
raw/gkp-discover-01-whats-on-things-to-do.csv,discover,gkp-discover-01,711,korean karaoke rooms near me,korean karaoke rooms near me,GBP,50,encoded_band,10,100,returned,0,0,Medium,38,,,,,,2025-08-01,2026-07-31,United Kingdom,English,Google Search,country,2026-09-08,70fbd70d057b238cee57df3db043a3eea72e89573d2278812516bf8fcdf617ca
raw/gkp-discover-01-whats-on-things-to-do.csv,discover,gkp-discover-01,712,korean ktv near me,korean ktv near me,GBP,50,encoded_band,10,100,returned,0,,Low,7,,,,,,2025-08-01,2026-07-31,United Kingdom,English,Google Search,country,2026-09-08,70fbd70d057b238cee57df3db043a3eea72e89573d2278812516bf8fcdf617ca
raw/gkp-discover-01-whats-on-things-to-do.csv,discover,gkp-discover-01,713,korean style karaoke near me,korean style karaoke near me,GBP,50,encoded_band,10,100,returned,-1,0,Unknown,,,,,,,2025-08-01,2026-07-31,United Kingdom,English,Google Search,country,2026-09-08,70fbd70d057b238cee57df3db043a3eea72e89573d2278812516bf8fcdf617ca
raw/gkp-discover-01-whats-on-things-to-do.csv,discover,gkp-discover-01,714,ktv around me,ktv around me,GBP,50,encoded_band,10,100,returned,-1,0,Unknown,,,,,,,2025-08-01,2026-07-31,United Kingdom,English,Google Search,country,2026-09-08,70fbd70d057b238cee57df3db043a3eea72e89573d2278812516bf8fcdf617ca
raw/gkp-discover-01-whats-on-things-to-do.csv,discover,gkp-discover-01,715,ktv bar near me open now,ktv bar near me open now,GBP,0,encoded_band,0,0,zero,0,0,Unknown,,,,,,,2025-08-01,2026-07-31,United Kingdom,English,Google Search,country,2026-09-08,70fbd70d057b238cee57df3db043a3eea72e89573d2278812516bf8fcdf617ca
raw/gkp-discover-01-whats-on-things-to-do.csv,discover,gkp-discover-01,716,ktv karaoke near me,ktv karaoke near me,GBP,50,encoded_band,10,100,returned,0,0,Medium,42,,,,,,2025-08-01,2026-07-31,United Kingdom,English,Google Search,country,2026-09-08,70fbd70d057b238cee57df3db043a3eea72e89573d2278812516bf8fcdf617ca
raw/gkp-discover-01-whats-on-things-to-do.csv,discover,gkp-discover-01,717,ktv lounge near me,ktv lounge near me,GBP,50,encoded_band,10,100,returned,0,0,Unknown,,,,,,,2025-08-01,2026-07-31,United Kingdom,English,Google Search,country,2026-09-08,70fbd70d057b238cee57df3db043a3eea72e89573d2278812516bf8fcdf617ca
raw/gkp-discover-01-whats-on-things-to-do.csv,discover,gkp-discover-01,718,ktv near me open now,ktv near me open now,GBP,50,encoded_band,10,100,returned,-1,-1,Unknown,,,,,,,2025-08-01,2026-07-31,United Kingdom,English,Google Search,country,2026-09-08,70fbd70d057b238cee57df3db043a3eea72e89573d2278812516bf8fcdf617ca
raw/gkp-discover-01-whats-on-things-to-do.csv,discover,gkp-discover-01,719,ktv near us,ktv near us,GBP,50,encoded_band,10,100,returned,-1,0,Unknown,,,,,,,2025-08-01,2026-07-31,United Kingdom,English,Google Search,country,2026-09-08,70fbd70d057b238cee57df3db043a3eea72e89573d2278812516bf8fcdf617ca
raw/gkp-discover-01-whats-on-things-to-do.csv,discover,gkp-discover-01,720,ktv nearby,ktv nearby,GBP,50,encoded_band,10,100,returned,-1,-1,Unknown,,,,,,,2025-08-01,2026-07-31,United Kingdom,English,Google Search,country,2026-09-08,70fbd70d057b238cee57df3db043a3eea72e89573d2278812516bf8fcdf617ca
raw/gkp-discover-01-whats-on-things-to-do.csv,discover,gkp-discover-01,721,ktv open near me,ktv open near me,GBP,50,encoded_band,10,100,returned,0,0,Unknown,,,,,,,2025-08-01,2026-07-31,United Kingdom,English,Google Search,country,2026-09-08,70fbd70d057b238cee57df3db043a3eea72e89573d2278812516bf8fcdf617ca
raw/gkp-discover-01-whats-on-things-to-do.csv,discover,gkp-discover-01,722,ktv places near me,ktv places near me,GBP,50,encoded_band,10,100,returned,0,-1,Unknown,,,,,,,2025-08-01,2026-07-31,United Kingdom,English,Google Search,country,2026-09-08,70fbd70d057b238cee57df3db043a3eea72e89573d2278812516bf8fcdf617ca
raw/gkp-discover-01-whats-on-things-to-do.csv,discover,gkp-discover-01,723,ktv pub near me,ktv pub near me,GBP,50,encoded_band,10,100,returned,0,0,Unknown,,,,,,,2025-08-01,2026-07-31,United Kingdom,English,Google Search,country,2026-09-08,70fbd70d057b238cee57df3db043a3eea72e89573d2278812516bf8fcdf617ca
raw/gkp-discover-01-whats-on-things-to-do.csv,discover,gkp-discover-01,724,ktv resto bar near me,ktv resto bar near me,GBP,50,encoded_band,10,100,returned,0,0,Unknown,,,,,,,2025-08-01,2026-07-31,United Kingdom,English,Google Search,country,2026-09-08,70fbd70d057b238cee57df3db043a3eea72e89573d2278812516bf8fcdf617ca
raw/gkp-discover-01-whats-on-things-to-do.csv,discover,gkp-discover-01,725,ktv room near me,ktv room near me,GBP,50,encoded_band,10,100,returned,0,0,Medium,43,,,,,,2025-08-01,2026-07-31,United Kingdom,English,Google Search,country,2026-09-08,70fbd70d057b238cee57df3db043a3eea72e89573d2278812516bf8fcdf617ca
raw/gkp-discover-01-whats-on-things-to-do.csv,discover,gkp-discover-01,726,late bingo near me,late bingo near me,GBP,50,encoded_band,10,100,returned,0,0,Low,8,,,,,,2025-08-01,2026-07-31,United Kingdom,English,Google Search,country,2026-09-08,70fbd70d057b238cee57df3db043a3eea72e89573d2278812516bf8fcdf617ca
raw/gkp-discover-01-whats-on-things-to-do.csv,discover,gkp-discover-01,727,late night karaoke near me,late night karaoke near me,GBP,50,encoded_band,10,100,returned,0,0,Low,23,,,,,,2025-08-01,2026-07-31,United Kingdom,English,Google Search,country,2026-09-08,70fbd70d057b238cee57df3db043a3eea72e89573d2278812516bf8fcdf617ca
raw/gkp-discover-01-whats-on-things-to-do.csv,discover,gkp-discover-01,728,latin karaoke bar near me,latin karaoke bar near me,GBP,0,encoded_band,0,0,zero,0,0,Unknown,,,,,,,2025-08-01,2026-07-31,United Kingdom,English,Google Search,country,2026-09-08,70fbd70d057b238cee57df3db043a3eea72e89573d2278812516bf8fcdf617ca
raw/gkp-discover-01-whats-on-things-to-do.csv,discover,gkp-discover-01,729,latin karaoke near me,latin karaoke near me,GBP,50,encoded_band,10,100,returned,0,0,Low,0,,,,,,2025-08-01,2026-07-31,United Kingdom,English,Google Search,country,2026-09-08,70fbd70d057b238cee57df3db043a3eea72e89573d2278812516bf8fcdf617ca
raw/gkp-discover-01-whats-on-things-to-do.csv,discover,gkp-discover-01,730,live band pub near me,live band pub near me,GBP,50,encoded_band,10,100,returned,0,0,Low,17,,,,,,2025-08-01,2026-07-31,United Kingdom,English,Google Search,country,2026-09-08,70fbd70d057b238cee57df3db043a3eea72e89573d2278812516bf8fcdf617ca
raw/gkp-discover-01-whats-on-things-to-do.csv,discover,gkp-discover-01,731,live bands in pubs near me,live bands in pubs near me,GBP,50,encoded_band,10,100,returned,0,0,Low,2,,,,,,2025-08-01,2026-07-31,United Kingdom,English,Google Search,country,2026-09-08,70fbd70d057b238cee57df3db043a3eea72e89573d2278812516bf8fcdf617ca
raw/gkp-discover-01-whats-on-things-to-do.csv,discover,gkp-discover-01,732,live events today near me,live events today near me,GBP,50,encoded_band,10,100,returned,0,0,High,100,,,,,,2025-08-01,2026-07-31,United Kingdom,English,Google Search,country,2026-09-08,70fbd70d057b238cee57df3db043a3eea72e89573d2278812516bf8fcdf617ca
raw/gkp-discover-01-whats-on-things-to-do.csv,discover,gkp-discover-01,733,live irish music near me today,live irish music near me today,GBP,50,encoded_band,10,100,returned,-1,-1,Unknown,,,,,,,2025-08-01,2026-07-31,United Kingdom,English,Google Search,country,2026-09-08,70fbd70d057b238cee57df3db043a3eea72e89573d2278812516bf8fcdf617ca
raw/gkp-discover-01-whats-on-things-to-do.csv,discover,gkp-discover-01,734,live irish music near me tonight,live irish music near me tonight,GBP,50,encoded_band,10,100,returned,0,0,Low,3,,,,,,2025-08-01,2026-07-31,United Kingdom,English,Google Search,country,2026-09-08,70fbd70d057b238cee57df3db043a3eea72e89573d2278812516bf8fcdf617ca
raw/gkp-discover-01-whats-on-things-to-do.csv,discover,gkp-discover-01,735,live irish music tonight near me,live irish music tonight near me,GBP,50,encoded_band,10,100,returned,,0,Low,4,,,,,,2025-08-01,2026-07-31,United Kingdom,English,Google Search,country,2026-09-08,70fbd70d057b238cee57df3db043a3eea72e89573d2278812516bf8fcdf617ca
raw/gkp-discover-01-whats-on-things-to-do.csv,discover,gkp-discover-01,736,live karaoke band near me,live karaoke band near me,GBP,50,encoded_band,10,100,returned,,0,Low,29,,,,,,2025-08-01,2026-07-31,United Kingdom,English,Google Search,country,2026-09-08,70fbd70d057b238cee57df3db043a3eea72e89573d2278812516bf8fcdf617ca
raw/gkp-discover-01-whats-on-things-to-do.csv,discover,gkp-discover-01,737,live karaoke near me,live karaoke near me,GBP,50,encoded_band,10,100,returned,0,0,Low,30,,,,,,2025-08-01,2026-07-31,United Kingdom,English,Google Search,country,2026-09-08,70fbd70d057b238cee57df3db043a3eea72e89573d2278812516bf8fcdf617ca
raw/gkp-discover-01-whats-on-things-to-do.csv,discover,gkp-discover-01,738,live music at pubs near me,live music at pubs near me,GBP,50,encoded_band,10,100,returned,0,0,Low,5,,,,,,2025-08-01,2026-07-31,United Kingdom,English,Google Search,country,2026-09-08,70fbd70d057b238cee57df3db043a3eea72e89573d2278812516bf8fcdf617ca
raw/gkp-discover-01-whats-on-things-to-do.csv,discover,gkp-discover-01,739,live music irish pub near me,live music irish pub near me,GBP,50,encoded_band,10,100,returned,0,0,High,86,,,,,,2025-08-01,2026-07-31,United Kingdom,English,Google Search,country,2026-09-08,70fbd70d057b238cee57df3db043a3eea72e89573d2278812516bf8fcdf617ca
raw/gkp-discover-01-whats-on-things-to-do.csv,discover,gkp-discover-01,740,live music karaoke near me,live music karaoke near me,GBP,50,encoded_band,10,100,returned,-1,-1,Unknown,,,,,,,2025-08-01,2026-07-31,United Kingdom,English,Google Search,country,2026-09-08,70fbd70d057b238cee57df3db043a3eea72e89573d2278812516bf8fcdf617ca
raw/gkp-discover-01-whats-on-things-to-do.csv,discover,gkp-discover-01,741,live music pubs near me tonight,live music pubs near me tonight,GBP,50,encoded_band,10,100,returned,0,0,Low,18,,,,,,2025-08-01,2026-07-31,United Kingdom,English,Google Search,country,2026-09-08,70fbd70d057b238cee57df3db043a3eea72e89573d2278812516bf8fcdf617ca
raw/gkp-discover-01-whats-on-things-to-do.csv,discover,gkp-discover-01,742,live pub bands near me,live pub bands near me,GBP,50,encoded_band,10,100,returned,0,0,Low,11,,,,,,2025-08-01,2026-07-31,United Kingdom,English,Google Search,country,2026-09-08,70fbd70d057b238cee57df3db043a3eea72e89573d2278812516bf8fcdf617ca
raw/gkp-discover-01-whats-on-things-to-do.csv,discover,gkp-discover-01,743,live pub music near me tonight,live pub music near me tonight,GBP,50,encoded_band,10,100,returned,0,0,Low,6,,,,,,2025-08-01,2026-07-31,United Kingdom,English,Google Search,country,2026-09-08,70fbd70d057b238cee57df3db043a3eea72e89573d2278812516bf8fcdf617ca
raw/gkp-discover-01-whats-on-things-to-do.csv,discover,gkp-discover-01,744,live traditional irish music near me,live traditional irish music near me,GBP,50,encoded_band,10,100,returned,0,0,Low,0,,,,,,2025-08-01,2026-07-31,United Kingdom,English,Google Search,country,2026-09-08,70fbd70d057b238cee57df3db043a3eea72e89573d2278812516bf8fcdf617ca
raw/gkp-discover-01-whats-on-things-to-do.csv,discover,gkp-discover-01,745,local area events this weekend,local area events this weekend,GBP,50,encoded_band,10,100,returned,,,High,100,,,,,,2025-08-01,2026-07-31,United Kingdom,English,Google Search,country,2026-09-08,70fbd70d057b238cee57df3db043a3eea72e89573d2278812516bf8fcdf617ca
raw/gkp-discover-01-whats-on-things-to-do.csv,discover,gkp-discover-01,746,local bingo nights near me,local bingo nights near me,GBP,50,encoded_band,10,100,returned,0,0,Low,0,,,,,,2025-08-01,2026-07-31,United Kingdom,English,Google Search,country,2026-09-08,70fbd70d057b238cee57df3db043a3eea72e89573d2278812516bf8fcdf617ca
raw/gkp-discover-01-whats-on-things-to-do.csv,discover,gkp-discover-01,747,local christmas events this weekend,local christmas events this weekend,GBP,50,encoded_band,10,100,returned,0,0,Unknown,,,,,,,2025-08-01,2026-07-31,United Kingdom,English,Google Search,country,2026-09-08,70fbd70d057b238cee57df3db043a3eea72e89573d2278812516bf8fcdf617ca
raw/gkp-discover-01-whats-on-things-to-do.csv,discover,gkp-discover-01,748,local events for the weekend,local events for the weekend,GBP,500,encoded_band,100,1000,returned,0,0,High,95,0.53,14.77,,,,2025-08-01,2026-07-31,United Kingdom,English,Google Search,country,2026-09-08,70fbd70d057b238cee57df3db043a3eea72e89573d2278812516bf8fcdf617ca
raw/gkp-discover-01-whats-on-things-to-do.csv,discover,gkp-discover-01,749,local events happening today near me,local events happening today near me,GBP,50,encoded_band,10,100,returned,0,0,High,79,,,,,,2025-08-01,2026-07-31,United Kingdom,English,Google Search,country,2026-09-08,70fbd70d057b238cee57df3db043a3eea72e89573d2278812516bf8fcdf617ca
raw/gkp-discover-01-whats-on-things-to-do.csv,discover,gkp-discover-01,750,local events this weekend near me today,local events this weekend near me today,GBP,50,encoded_band,10,100,returned,0,0,Unknown,,,,,,,2025-08-01,2026-07-31,United Kingdom,English,Google Search,country,2026-09-08,70fbd70d057b238cee57df3db043a3eea72e89573d2278812516bf8fcdf617ca
raw/gkp-discover-01-whats-on-things-to-do.csv,discover,gkp-discover-01,751,local family events this weekend near me,local family events this weekend near me,GBP,50,encoded_band,10,100,returned,0,-1,Unknown,,,,,,,2025-08-01,2026-07-31,United Kingdom,English,Google Search,country,2026-09-08,70fbd70d057b238cee57df3db043a3eea72e89573d2278812516bf8fcdf617ca
raw/gkp-discover-01-whats-on-things-to-do.csv,discover,gkp-discover-01,752,local karaoke bars near me,local karaoke bars near me,GBP,50,encoded_band,10,100,returned,0,0,Low,0,,,,,,2025-08-01,2026-07-31,United Kingdom,English,Google Search,country,2026-09-08,70fbd70d057b238cee57df3db043a3eea72e89573d2278812516bf8fcdf617ca
raw/gkp-discover-01-whats-on-things-to-do.csv,discover,gkp-discover-01,753,local karaoke near me,local karaoke near me,GBP,50,encoded_band,10,100,returned,0,0,Low,11,,,,,,2025-08-01,2026-07-31,United Kingdom,English,Google Search,country,2026-09-08,70fbd70d057b238cee57df3db043a3eea72e89573d2278812516bf8fcdf617ca
raw/gkp-discover-01-whats-on-things-to-do.csv,discover,gkp-discover-01,754,local karaoke places,local karaoke places,GBP,50,encoded_band,10,100,returned,0,,Low,0,,,,,,2025-08-01,2026-07-31,United Kingdom,English,Google Search,country,2026-09-08,70fbd70d057b238cee57df3db043a3eea72e89573d2278812516bf8fcdf617ca
raw/gkp-discover-01-whats-on-things-to-do.csv,discover,gkp-discover-01,755,local pub quiz near me,local pub quiz near me,GBP,50,encoded_band,10,100,returned,0,0,Low,5,,,,,,2025-08-01,2026-07-31,United Kingdom,English,Google Search,country,2026-09-08,70fbd70d057b238cee57df3db043a3eea72e89573d2278812516bf8fcdf617ca
raw/gkp-discover-01-whats-on-things-to-do.csv,discover,gkp-discover-01,756,local pubs with live music near me,local pubs with live music near me,GBP,50,encoded_band,10,100,returned,0,0,Low,9,,,,,,2025-08-01,2026-07-31,United Kingdom,English,Google Search,country,2026-09-08,70fbd70d057b238cee57df3db043a3eea72e89573d2278812516bf8fcdf617ca
raw/gkp-discover-01-whats-on-things-to-do.csv,discover,gkp-discover-01,757,local quiz nights near me,local quiz nights near me,GBP,50,encoded_band,10,100,returned,0,-0.9,Low,2,,,,,,2025-08-01,2026-07-31,United Kingdom,English,Google Search,country,2026-09-08,70fbd70d057b238cee57df3db043a3eea72e89573d2278812516bf8fcdf617ca
raw/gkp-discover-01-whats-on-things-to-do.csv,discover,gkp-discover-01,758,local things to do this weekend near me,local things to do this weekend near me,GBP,50,encoded_band,10,100,returned,0,0,High,100,,,,,,2025-08-01,2026-07-31,United Kingdom,English,Google Search,country,2026-09-08,70fbd70d057b238cee57df3db043a3eea72e89573d2278812516bf8fcdf617ca
raw/gkp-discover-01-whats-on-things-to-do.csv,discover,gkp-discover-01,759,local trivia near me,local trivia near me,GBP,50,encoded_band,10,100,returned,0,-1,Unknown,,,,,,,2025-08-01,2026-07-31,United Kingdom,English,Google Search,country,2026-09-08,70fbd70d057b238cee57df3db043a3eea72e89573d2278812516bf8fcdf617ca
raw/gkp-discover-01-whats-on-things-to-do.csv,discover,gkp-discover-01,760,manekineko karaoke near me,manekineko karaoke near me,GBP,50,encoded_band,10,100,returned,0,0,Unknown,,,,,,,2025-08-01,2026-07-31,United Kingdom,English,Google Search,country,2026-09-08,70fbd70d057b238cee57df3db043a3eea72e89573d2278812516bf8fcdf617ca
raw/gkp-discover-01-whats-on-things-to-do.csv,discover,gkp-discover-01,761,may bank holiday events near me,may bank holiday events near me,GBP,500,encoded_band,100,1000,returned,-0.99,0,Low,0,,,,,,2025-08-01,2026-07-31,United Kingdom,English,Google Search,country,2026-09-08,70fbd70d057b238cee57df3db043a3eea72e89573d2278812516bf8fcdf617ca
raw/gkp-discover-01-whats-on-things-to-do.csv,discover,gkp-discover-01,762,mexican karaoke bar near me,mexican karaoke bar near me,GBP,0,encoded_band,0,0,zero,0,0,Unknown,,,,,,,2025-08-01,2026-07-31,United Kingdom,English,Google Search,country,2026-09-08,70fbd70d057b238cee57df3db043a3eea72e89573d2278812516bf8fcdf617ca
raw/gkp-discover-01-whats-on-things-to-do.csv,discover,gkp-discover-01,763,mexican karaoke near me,mexican karaoke near me,GBP,50,encoded_band,10,100,returned,,,Low,0,,,,,,2025-08-01,2026-07-31,United Kingdom,English,Google Search,country,2026-09-08,70fbd70d057b238cee57df3db043a3eea72e89573d2278812516bf8fcdf617ca
raw/gkp-discover-01-whats-on-things-to-do.csv,discover,gkp-discover-01,764,mexican restaurants with karaoke near me,mexican restaurants with karaoke near me,GBP,0,encoded_band,0,0,zero,0,0,Unknown,,,,,,,2025-08-01,2026-07-31,United Kingdom,English,Google Search,country,2026-09-08,70fbd70d057b238cee57df3db043a3eea72e89573d2278812516bf8fcdf617ca
raw/gkp-discover-01-whats-on-things-to-do.csv,discover,gkp-discover-01,765,midnight bingo tonight near me,midnight bingo tonight near me,GBP,0,encoded_band,0,0,zero,0,0,Unknown,,,,,,,2025-08-01,2026-07-31,United Kingdom,English,Google Search,country,2026-09-08,70fbd70d057b238cee57df3db043a3eea72e89573d2278812516bf8fcdf617ca
raw/gkp-discover-01-whats-on-things-to-do.csv,discover,gkp-discover-01,766,monday night bar trivia near me,monday night bar trivia near me,GBP,0,encoded_band,0,0,zero,0,-1,Unknown,,,,,,,2025-08-01,2026-07-31,United Kingdom,English,Google Search,country,2026-09-08,70fbd70d057b238cee57df3db043a3eea72e89573d2278812516bf8fcdf617ca
raw/gkp-discover-01-whats-on-things-to-do.csv,discover,gkp-discover-01,767,monday night bingo in my area,monday night bingo in my area,GBP,50,encoded_band,10,100,returned,0,0,Unknown,,,,,,,2025-08-01,2026-07-31,United Kingdom,English,Google Search,country,2026-09-08,70fbd70d057b238cee57df3db043a3eea72e89573d2278812516bf8fcdf617ca
raw/gkp-discover-01-whats-on-things-to-do.csv,discover,gkp-discover-01,768,monday night pub quiz near me,monday night pub quiz near me,GBP,50,encoded_band,10,100,returned,0,0,Low,3,,,,,,2025-08-01,2026-07-31,United Kingdom,English,Google Search,country,2026-09-08,70fbd70d057b238cee57df3db043a3eea72e89573d2278812516bf8fcdf617ca
raw/gkp-discover-01-whats-on-things-to-do.csv,discover,gkp-discover-01,769,monday night quiz near me,monday night quiz near me,GBP,50,encoded_band,10,100,returned,0,0,Low,2,,,,,,2025-08-01,2026-07-31,United Kingdom,English,Google Search,country,2026-09-08,70fbd70d057b238cee57df3db043a3eea72e89573d2278812516bf8fcdf617ca
raw/gkp-discover-01-whats-on-things-to-do.csv,discover,gkp-discover-01,770,monday night trivia near me,monday night trivia near me,GBP,50,encoded_band,10,100,returned,0,0,Low,11,,,,,,2025-08-01,2026-07-31,United Kingdom,English,Google Search,country,2026-09-08,70fbd70d057b238cee57df3db043a3eea72e89573d2278812516bf8fcdf617ca
raw/gkp-discover-01-whats-on-things-to-do.csv,discover,gkp-discover-01,771,monday nite bingo near me,monday nite bingo near me,GBP,0,encoded_band,0,0,zero,0,0,Unknown,,,,,,,2025-08-01,2026-07-31,United Kingdom,English,Google Search,country,2026-09-08,70fbd70d057b238cee57df3db043a3eea72e89573d2278812516bf8fcdf617ca
raw/gkp-discover-01-whats-on-things-to-do.csv,discover,gkp-discover-01,772,monday pub quiz near me,monday pub quiz near me,GBP,500,encoded_band,100,1000,returned,0,0,Low,9,0.81,2.56,,,,2025-08-01,2026-07-31,United Kingdom,English,Google Search,country,2026-09-08,70fbd70d057b238cee57df3db043a3eea72e89573d2278812516bf8fcdf617ca
raw/gkp-discover-01-whats-on-things-to-do.csv,discover,gkp-discover-01,773,monday quiz night near me,monday quiz night near me,GBP,50,encoded_band,10,100,returned,0,0,Low,4,,,,,,2025-08-01,2026-07-31,United Kingdom,English,Google Search,country,2026-09-08,70fbd70d057b238cee57df3db043a3eea72e89573d2278812516bf8fcdf617ca
raw/gkp-discover-01-whats-on-things-to-do.csv,discover,gkp-discover-01,774,mother's day pub lunch near me,mother's day pub lunch near me,GBP,50,encoded_band,10,100,returned,0,0,Low,0,,,,,,2025-08-01,2026-07-31,United Kingdom,English,Google Search,country,2026-09-08,70fbd70d057b238cee57df3db043a3eea72e89573d2278812516bf8fcdf617ca
raw/gkp-discover-01-whats-on-things-to-do.csv,discover,gkp-discover-01,775,mothers day pub lunch near me,mothers day pub lunch near me,GBP,50,encoded_band,10,100,returned,0,0,Low,0,,,,,,2025-08-01,2026-07-31,United Kingdom,English,Google Search,country,2026-09-08,70fbd70d057b238cee57df3db043a3eea72e89573d2278812516bf8fcdf617ca
raw/gkp-discover-01-whats-on-things-to-do.csv,discover,gkp-discover-01,776,music bingo near me thursday,music bingo near me thursday,GBP,50,encoded_band,10,100,returned,0,0,Unknown,,,,,,,2025-08-01,2026-07-31,United Kingdom,English,Google Search,country,2026-09-08,70fbd70d057b238cee57df3db043a3eea72e89573d2278812516bf8fcdf617ca
raw/gkp-discover-01-whats-on-things-to-do.csv,discover,gkp-discover-01,777,music bingo near me tonight,music bingo near me tonight,GBP,50,encoded_band,10,100,returned,0,0,Low,6,,,,,,2025-08-01,2026-07-31,United Kingdom,English,Google Search,country,2026-09-08,70fbd70d057b238cee57df3db043a3eea72e89573d2278812516bf8fcdf617ca
raw/gkp-discover-01-whats-on-things-to-do.csv,discover,gkp-discover-01,778,music bingo tonight near me,music bingo tonight near me,GBP,50,encoded_band,10,100,returned,0,0,Low,0,,,,,,2025-08-01,2026-07-31,United Kingdom,English,Google Search,country,2026-09-08,70fbd70d057b238cee57df3db043a3eea72e89573d2278812516bf8fcdf617ca
raw/gkp-discover-01-whats-on-things-to-do.csv,discover,gkp-discover-01,779,near me events this weekend,near me events this weekend,GBP,50,encoded_band,10,100,returned,0,0,Medium,54,,,,,,2025-08-01,2026-07-31,United Kingdom,English,Google Search,country,2026-09-08,70fbd70d057b238cee57df3db043a3eea72e89573d2278812516bf8fcdf617ca
raw/gkp-discover-01-whats-on-things-to-do.csv,discover,gkp-discover-01,780,near me karaoke,near me karaoke,GBP,50000,encoded_band,10000,100000,returned,0,0,Low,32,0.26,0.78,,,,2025-08-01,2026-07-31,United Kingdom,English,Google Search,country,2026-09-08,70fbd70d057b238cee57df3db043a3eea72e89573d2278812516bf8fcdf617ca
raw/gkp-discover-01-whats-on-things-to-do.csv,discover,gkp-discover-01,781,near me ktv,near me ktv,GBP,0,encoded_band,0,0,zero,0,0,Unknown,,,,,,,2025-08-01,2026-07-31,United Kingdom,English,Google Search,country,2026-09-08,70fbd70d057b238cee57df3db043a3eea72e89573d2278812516bf8fcdf617ca
raw/gkp-discover-01-whats-on-things-to-do.csv,discover,gkp-discover-01,782,near me night pub,near me night pub,GBP,50,encoded_band,10,100,returned,,0,Low,18,,,,,,2025-08-01,2026-07-31,United Kingdom,English,Google Search,country,2026-09-08,70fbd70d057b238cee57df3db043a3eea72e89573d2278812516bf8fcdf617ca
raw/gkp-discover-01-whats-on-things-to-do.csv,discover,gkp-discover-01,783,nearby karaoke bar,nearby karaoke bar,GBP,50,encoded_band,10,100,returned,0,0,Low,17,0.48,0.67,,,,2025-08-01,2026-07-31,United Kingdom,English,Google Search,country,2026-09-08,70fbd70d057b238cee57df3db043a3eea72e89573d2278812516bf8fcdf617ca
raw/gkp-discover-01-whats-on-things-to-do.csv,discover,gkp-discover-01,784,nearby karaoke places,nearby karaoke places,GBP,50,encoded_band,10,100,returned,0,0,Low,18,,,,,,2025-08-01,2026-07-31,United Kingdom,English,Google Search,country,2026-09-08,70fbd70d057b238cee57df3db043a3eea72e89573d2278812516bf8fcdf617ca
raw/gkp-discover-01-whats-on-things-to-do.csv,discover,gkp-discover-01,785,nearby karaoke rooms,nearby karaoke rooms,GBP,50,encoded_band,10,100,returned,,,Low,0,,,,,,2025-08-01,2026-07-31,United Kingdom,English,Google Search,country,2026-09-08,70fbd70d057b238cee57df3db043a3eea72e89573d2278812516bf8fcdf617ca
raw/gkp-discover-01-whats-on-things-to-do.csv,discover,gkp-discover-01,786,nearby karaoke tonight,nearby karaoke tonight,GBP,50,encoded_band,10,100,returned,0,-1,Unknown,,,,,,,2025-08-01,2026-07-31,United Kingdom,English,Google Search,country,2026-09-08,70fbd70d057b238cee57df3db043a3eea72e89573d2278812516bf8fcdf617ca
raw/gkp-discover-01-whats-on-things-to-do.csv,discover,gkp-discover-01,787,nearby ktv,nearby ktv,GBP,50,encoded_band,10,100,returned,0,0,Unknown,,,,,,,2025-08-01,2026-07-31,United Kingdom,English,Google Search,country,2026-09-08,70fbd70d057b238cee57df3db043a3eea72e89573d2278812516bf8fcdf617ca
raw/gkp-discover-01-whats-on-things-to-do.csv,discover,gkp-discover-01,788,nearby things to do this weekend,nearby things to do this weekend,GBP,50,encoded_band,10,100,returned,-1,0,Unknown,,,,,,,2025-08-01,2026-07-31,United Kingdom,English,Google Search,country,2026-09-08,70fbd70d057b238cee57df3db043a3eea72e89573d2278812516bf8fcdf617ca
raw/gkp-discover-01-whats-on-things-to-do.csv,discover,gkp-discover-01,789,nearest karaoke bar near me,nearest karaoke bar near me,GBP,50,encoded_band,10,100,returned,0,0,Low,18,,,,,,2025-08-01,2026-07-31,United Kingdom,English,Google Search,country,2026-09-08,70fbd70d057b238cee57df3db043a3eea72e89573d2278812516bf8fcdf617ca
raw/gkp-discover-01-whats-on-things-to-do.csv,discover,gkp-discover-01,790,nearest karaoke bar to my location,nearest karaoke bar to my location,GBP,50,encoded_band,10,100,returned,0,0,Low,11,,,,,,2025-08-01,2026-07-31,United Kingdom,English,Google Search,country,2026-09-08,70fbd70d057b238cee57df3db043a3eea72e89573d2278812516bf8fcdf617ca
raw/gkp-discover-01-whats-on-things-to-do.csv,discover,gkp-discover-01,791,nearest karaoke near me,nearest karaoke near me,GBP,50,encoded_band,10,100,returned,0,0,Low,26,0.23,0.66,,,,2025-08-01,2026-07-31,United Kingdom,English,Google Search,country,2026-09-08,70fbd70d057b238cee57df3db043a3eea72e89573d2278812516bf8fcdf617ca
raw/gkp-discover-01-whats-on-things-to-do.csv,discover,gkp-discover-01,792,nearest karaoke to me,nearest karaoke to me,GBP,50,encoded_band,10,100,returned,0,0,Low,19,,,,,,2025-08-01,2026-07-31,United Kingdom,English,Google Search,country,2026-09-08,70fbd70d057b238cee57df3db043a3eea72e89573d2278812516bf8fcdf617ca
raw/gkp-discover-01-whats-on-things-to-do.csv,discover,gkp-discover-01,793,nearest ktv bar,nearest ktv bar,GBP,0,encoded_band,0,0,zero,0,0,Unknown,,,,,,,2025-08-01,2026-07-31,United Kingdom,English,Google Search,country,2026-09-08,70fbd70d057b238cee57df3db043a3eea72e89573d2278812516bf8fcdf617ca
raw/gkp-discover-01-whats-on-things-to-do.csv,discover,gkp-discover-01,794,nearest ktv bar near me,nearest ktv bar near me,GBP,0,encoded_band,0,0,zero,0,0,Unknown,,,,,,,2025-08-01,2026-07-31,United Kingdom,English,Google Search,country,2026-09-08,70fbd70d057b238cee57df3db043a3eea72e89573d2278812516bf8fcdf617ca
raw/gkp-discover-01-whats-on-things-to-do.csv,discover,gkp-discover-01,795,nearest ktv near me,nearest ktv near me,GBP,50,encoded_band,10,100,returned,0,0,Unknown,,,,,,,2025-08-01,2026-07-31,United Kingdom,English,Google Search,country,2026-09-08,70fbd70d057b238cee57df3db043a3eea72e89573d2278812516bf8fcdf617ca
raw/gkp-discover-01-whats-on-things-to-do.csv,discover,gkp-discover-01,796,nearest videoke bar,nearest videoke bar,GBP,,encoded_band,,,absent,,,Unknown,,,,,,,2025-08-01,2026-07-31,United Kingdom,English,Google Search,country,2026-09-08,70fbd70d057b238cee57df3db043a3eea72e89573d2278812516bf8fcdf617ca
raw/gkp-discover-01-whats-on-things-to-do.csv,discover,gkp-discover-01,797,nearest videoke bar near me,nearest videoke bar near me,GBP,0,encoded_band,0,0,zero,0,0,Unknown,,,,,,,2025-08-01,2026-07-31,United Kingdom,English,Google Search,country,2026-09-08,70fbd70d057b238cee57df3db043a3eea72e89573d2278812516bf8fcdf617ca
raw/gkp-discover-01-whats-on-things-to-do.csv,discover,gkp-discover-01,798,new year pubs near me,new year pubs near me,GBP,50,encoded_band,10,100,returned,0,0,Unknown,,,,,,,2025-08-01,2026-07-31,United Kingdom,English,Google Search,country,2026-09-08,70fbd70d057b238cee57df3db043a3eea72e89573d2278812516bf8fcdf617ca
raw/gkp-discover-01-whats-on-things-to-do.csv,discover,gkp-discover-01,799,new year's eve pubs near me,new year's eve pubs near me,GBP,50,encoded_band,10,100,returned,0,0,Low,0,,,,,,2025-08-01,2026-07-31,United Kingdom,English,Google Search,country,2026-09-08,70fbd70d057b238cee57df3db043a3eea72e89573d2278812516bf8fcdf617ca
raw/gkp-discover-01-whats-on-things-to-do.csv,discover,gkp-discover-01,800,new years eve bingo near me,new years eve bingo near me,GBP,50,encoded_band,10,100,returned,0,0,Unknown,,,,,,,2025-08-01,2026-07-31,United Kingdom,English,Google Search,country,2026-09-08,70fbd70d057b238cee57df3db043a3eea72e89573d2278812516bf8fcdf617ca
raw/gkp-discover-01-whats-on-things-to-do.csv,discover,gkp-discover-01,801,new years eve pub events near me,new years eve pub events near me,GBP,50,encoded_band,10,100,returned,,0,Low,0,,,,,,2025-08-01,2026-07-31,United Kingdom,English,Google Search,country,2026-09-08,70fbd70d057b238cee57df3db043a3eea72e89573d2278812516bf8fcdf617ca
raw/gkp-discover-01-whats-on-things-to-do.csv,discover,gkp-discover-01,802,new years eve pub near me,new years eve pub near me,GBP,50,encoded_band,10,100,returned,0,0,Low,0,,,,,,2025-08-01,2026-07-31,United Kingdom,English,Google Search,country,2026-09-08,70fbd70d057b238cee57df3db043a3eea72e89573d2278812516bf8fcdf617ca
raw/gkp-discover-01-whats-on-things-to-do.csv,discover,gkp-discover-01,803,night bingo near me,night bingo near me,GBP,500,encoded_band,100,1000,returned,0,0,Low,7,1.09,4.81,,,,2025-08-01,2026-07-31,United Kingdom,English,Google Search,country,2026-09-08,70fbd70d057b238cee57df3db043a3eea72e89573d2278812516bf8fcdf617ca
raw/gkp-discover-01-whats-on-things-to-do.csv,discover,gkp-discover-01,804,night events today near me,night events today near me,GBP,50,encoded_band,10,100,returned,-1,0,Unknown,,,,,,,2025-08-01,2026-07-31,United Kingdom,English,Google Search,country,2026-09-08,70fbd70d057b238cee57df3db043a3eea72e89573d2278812516bf8fcdf617ca
raw/gkp-discover-01-whats-on-things-to-do.csv,discover,gkp-discover-01,805,night time bingo near me,night time bingo near me,GBP,50,encoded_band,10,100,returned,-1,-1,Unknown,,,,,,,2025-08-01,2026-07-31,United Kingdom,English,Google Search,country,2026-09-08,70fbd70d057b238cee57df3db043a3eea72e89573d2278812516bf8fcdf617ca
raw/gkp-discover-01-whats-on-things-to-do.csv,discover,gkp-discover-01,806,noche de karaoke near me,noche de karaoke near me,GBP,0,encoded_band,0,0,zero,0,0,Unknown,,,,,,,2025-08-01,2026-07-31,United Kingdom,English,Google Search,country,2026-09-08,70fbd70d057b238cee57df3db043a3eea72e89573d2278812516bf8fcdf617ca
raw/gkp-discover-01-whats-on-things-to-do.csv,discover,gkp-discover-01,807,non smoking karaoke near me,non smoking karaoke near me,GBP,0,encoded_band,0,0,zero,0,0,Unknown,,,,,,,2025-08-01,2026-07-31,United Kingdom,English,Google Search,country,2026-09-08,70fbd70d057b238cee57df3db043a3eea72e89573d2278812516bf8fcdf617ca
raw/gkp-discover-01-whats-on-things-to-do.csv,discover,gkp-discover-01,808,nye pubs near me,nye pubs near me,GBP,50,encoded_band,10,100,returned,0,-1,Unknown,,,,,,,2025-08-01,2026-07-31,United Kingdom,English,Google Search,country,2026-09-08,70fbd70d057b238cee57df3db043a3eea72e89573d2278812516bf8fcdf617ca
raw/gkp-discover-01-whats-on-things-to-do.csv,discover,gkp-discover-01,809,open air pubs near me,open air pubs near me,GBP,50,encoded_band,10,100,returned,0,0,Low,24,,,,,,2025-08-01,2026-07-31,United Kingdom,English,Google Search,country,2026-09-08,70fbd70d057b238cee57df3db043a3eea72e89573d2278812516bf8fcdf617ca
raw/gkp-discover-01-whats-on-things-to-do.csv,discover,gkp-discover-01,810,open karaoke bar near me,open karaoke bar near me,GBP,50,encoded_band,10,100,returned,0,0,Low,26,,,,,,2025-08-01,2026-07-31,United Kingdom,English,Google Search,country,2026-09-08,70fbd70d057b238cee57df3db043a3eea72e89573d2278812516bf8fcdf617ca
raw/gkp-discover-01-whats-on-things-to-do.csv,discover,gkp-discover-01,811,open karaoke near me,open karaoke near me,GBP,50,encoded_band,10,100,returned,0,0,Low,26,,,,,,2025-08-01,2026-07-31,United Kingdom,English,Google Search,country,2026-09-08,70fbd70d057b238cee57df3db043a3eea72e89573d2278812516bf8fcdf617ca
raw/gkp-discover-01-whats-on-things-to-do.csv,discover,gkp-discover-01,812,open ktv near me,open ktv near me,GBP,50,encoded_band,10,100,returned,0,0,Unknown,,,,,,,2025-08-01,2026-07-31,United Kingdom,English,Google Search,country,2026-09-08,70fbd70d057b238cee57df3db043a3eea72e89573d2278812516bf8fcdf617ca
raw/gkp-discover-01-whats-on-things-to-do.csv,discover,gkp-discover-01,813,opinionation trivia near me,opinionation trivia near me,GBP,50,encoded_band,10,100,returned,0,0,Unknown,,,,,,,2025-08-01,2026-07-31,United Kingdom,English,Google Search,country,2026-09-08,70fbd70d057b238cee57df3db043a3eea72e89573d2278812516bf8fcdf617ca
raw/gkp-discover-01-whats-on-things-to-do.csv,discover,gkp-discover-01,814,outdoor karaoke near me,outdoor karaoke near me,GBP,50,encoded_band,10,100,returned,-1,-1,Unknown,,,,,,,2025-08-01,2026-07-31,United Kingdom,English,Google Search,country,2026-09-08,70fbd70d057b238cee57df3db043a3eea72e89573d2278812516bf8fcdf617ca
raw/gkp-discover-01-whats-on-things-to-do.csv,discover,gkp-discover-01,815,personal karaoke rooms near me,personal karaoke rooms near me,GBP,50,encoded_band,10,100,returned,0,-1,Unknown,,,,,,,2025-08-01,2026-07-31,United Kingdom,English,Google Search,country,2026-09-08,70fbd70d057b238cee57df3db043a3eea72e89573d2278812516bf8fcdf617ca
raw/gkp-discover-01-whats-on-things-to-do.csv,discover,gkp-discover-01,816,places doing karaoke tonight near me,places doing karaoke tonight near me,GBP,50,encoded_band,10,100,returned,,0,Low,0,,,,,,2025-08-01,2026-07-31,United Kingdom,English,Google Search,country,2026-09-08,70fbd70d057b238cee57df3db043a3eea72e89573d2278812516bf8fcdf617ca
raw/gkp-discover-01-whats-on-things-to-do.csv,discover,gkp-discover-01,817,places that do karaoke near me,places that do karaoke near me,GBP,50,encoded_band,10,100,returned,0,0,Low,17,0.28,0.77,,,,2025-08-01,2026-07-31,United Kingdom,English,Google Search,country,2026-09-08,70fbd70d057b238cee57df3db043a3eea72e89573d2278812516bf8fcdf617ca
raw/gkp-discover-01-whats-on-things-to-do.csv,discover,gkp-discover-01,818,places to go karaoke near me,places to go karaoke near me,GBP,50,encoded_band,10,100,returned,,,Low,0,,,,,,2025-08-01,2026-07-31,United Kingdom,English,Google Search,country,2026-09-08,70fbd70d057b238cee57df3db043a3eea72e89573d2278812516bf8fcdf617ca
raw/gkp-discover-01-whats-on-things-to-do.csv,discover,gkp-discover-01,819,places to play bingo tonight near me,places to play bingo tonight near me,GBP,50,encoded_band,10,100,returned,0,-1,Unknown,,,,,,,2025-08-01,2026-07-31,United Kingdom,English,Google Search,country,2026-09-08,70fbd70d057b238cee57df3db043a3eea72e89573d2278812516bf8fcdf617ca
raw/gkp-discover-01-whats-on-things-to-do.csv,discover,gkp-discover-01,820,places to sing karaoke near me,places to sing karaoke near me,GBP,50,encoded_band,10,100,returned,-1,-1,Unknown,,,,,,,2025-08-01,2026-07-31,United Kingdom,English,Google Search,country,2026-09-08,70fbd70d057b238cee57df3db043a3eea72e89573d2278812516bf8fcdf617ca
raw/gkp-discover-01-whats-on-things-to-do.csv,discover,gkp-discover-01,821,places to visit near staines,places to visit near staines,GBP,50,encoded_band,10,100,returned,0,0,High,100,,,,,,2025-08-01,2026-07-31,United Kingdom,English,Google Search,country,2026-09-08,70fbd70d057b238cee57df3db043a3eea72e89573d2278812516bf8fcdf617ca
raw/gkp-discover-01-whats-on-things-to-do.csv,discover,gkp-discover-01,822,places with karaoke tonight near me,places with karaoke tonight near me,GBP,50,encoded_band,10,100,returned,0,0,Low,0,,,,,,2025-08-01,2026-07-31,United Kingdom,English,Google Search,country,2026-09-08,70fbd70d057b238cee57df3db043a3eea72e89573d2278812516bf8fcdf617ca
raw/gkp-discover-01-whats-on-things-to-do.csv,discover,gkp-discover-01,823,plug in karaoke near me,plug in karaoke near me,GBP,0,encoded_band,0,0,zero,0,0,Unknown,,,,,,,2025-08-01,2026-07-31,United Kingdom,English,Google Search,country,2026-09-08,70fbd70d057b238cee57df3db043a3eea72e89573d2278812516bf8fcdf617ca
raw/gkp-discover-01-whats-on-things-to-do.csv,discover,gkp-discover-01,824,private hire pubs near me,private hire pubs near me,GBP,50,encoded_band,10,100,returned,0,0,Low,25,0.63,1.95,,,,2025-08-01,2026-07-31,United Kingdom,English,Google Search,country,2026-09-08,70fbd70d057b238cee57df3db043a3eea72e89573d2278812516bf8fcdf617ca
raw/gkp-discover-01-whats-on-things-to-do.csv,discover,gkp-discover-01,825,private karaoke bar near me,private karaoke bar near me,GBP,50,encoded_band,10,100,returned,0,0,Low,26,0.36,0.57,,,,2025-08-01,2026-07-31,United Kingdom,English,Google Search,country,2026-09-08,70fbd70d057b238cee57df3db043a3eea72e89573d2278812516bf8fcdf617ca
raw/gkp-discover-01-whats-on-things-to-do.csv,discover,gkp-discover-01,826,private karaoke near me under 21,private karaoke near me under 21,GBP,50,encoded_band,10,100,returned,-1,0,Unknown,,,,,,,2025-08-01,2026-07-31,United Kingdom,English,Google Search,country,2026-09-08,70fbd70d057b238cee57df3db043a3eea72e89573d2278812516bf8fcdf617ca
raw/gkp-discover-01-whats-on-things-to-do.csv,discover,gkp-discover-01,827,private karaoke places near me,private karaoke places near me,GBP,50,encoded_band,10,100,returned,0,0,Medium,54,,,,,,2025-08-01,2026-07-31,United Kingdom,English,Google Search,country,2026-09-08,70fbd70d057b238cee57df3db043a3eea72e89573d2278812516bf8fcdf617ca
raw/gkp-discover-01-whats-on-things-to-do.csv,discover,gkp-discover-01,828,private ktv bar near me,private ktv bar near me,GBP,,encoded_band,,,absent,,,Unknown,,,,,,,2025-08-01,2026-07-31,United Kingdom,English,Google Search,country,2026-09-08,70fbd70d057b238cee57df3db043a3eea72e89573d2278812516bf8fcdf617ca
raw/gkp-discover-01-whats-on-things-to-do.csv,discover,gkp-discover-01,829,private ktv near me,private ktv near me,GBP,50,encoded_band,10,100,returned,,0,High,71,,,,,,2025-08-01,2026-07-31,United Kingdom,English,Google Search,country,2026-09-08,70fbd70d057b238cee57df3db043a3eea72e89573d2278812516bf8fcdf617ca
raw/gkp-discover-01-whats-on-things-to-do.csv,discover,gkp-discover-01,830,private ktv rooms near me,private ktv rooms near me,GBP,50,encoded_band,10,100,returned,-1,0,Unknown,,,,,,,2025-08-01,2026-07-31,United Kingdom,English,Google Search,country,2026-09-08,70fbd70d057b238cee57df3db043a3eea72e89573d2278812516bf8fcdf617ca
raw/gkp-discover-01-whats-on-things-to-do.csv,discover,gkp-discover-01,831,private room karaoke bar near me,private room karaoke bar near me,GBP,50,encoded_band,10,100,returned,0,0,Unknown,,,,,,,2025-08-01,2026-07-31,United Kingdom,English,Google Search,country,2026-09-08,70fbd70d057b238cee57df3db043a3eea72e89573d2278812516bf8fcdf617ca
raw/gkp-discover-01-whats-on-things-to-do.csv,discover,gkp-discover-01,832,private videoke bar near me,private videoke bar near me,GBP,0,encoded_band,0,0,zero,0,0,Unknown,,,,,,,2025-08-01,2026-07-31,United Kingdom,English,Google Search,country,2026-09-08,70fbd70d057b238cee57df3db043a3eea72e89573d2278812516bf8fcdf617ca
raw/gkp-discover-01-whats-on-things-to-do.csv,discover,gkp-discover-01,833,private videoke near me,private videoke near me,GBP,50,encoded_band,10,100,returned,0,0,Unknown,,,,,,,2025-08-01,2026-07-31,United Kingdom,English,Google Search,country,2026-09-08,70fbd70d057b238cee57df3db043a3eea72e89573d2278812516bf8fcdf617ca
raw/gkp-discover-01-whats-on-things-to-do.csv,discover,gkp-discover-01,834,pub and karaoke near me,pub and karaoke near me,GBP,50,encoded_band,10,100,returned,,0,Low,0,,,,,,2025-08-01,2026-07-31,United Kingdom,English,Google Search,country,2026-09-08,70fbd70d057b238cee57df3db043a3eea72e89573d2278812516bf8fcdf617ca
raw/gkp-discover-01-whats-on-things-to-do.csv,discover,gkp-discover-01,835,pub bands playing near me,pub bands playing near me,GBP,50,encoded_band,10,100,returned,0,0,Low,12,,,,,,2025-08-01,2026-07-31,United Kingdom,English,Google Search,country,2026-09-08,70fbd70d057b238cee57df3db043a3eea72e89573d2278812516bf8fcdf617ca
raw/gkp-discover-01-whats-on-things-to-do.csv,discover,gkp-discover-01,836,pub bonfire near me,pub bonfire near me,GBP,50,encoded_band,10,100,returned,0,0,Unknown,,,,,,,2025-08-01,2026-07-31,United Kingdom,English,Google Search,country,2026-09-08,70fbd70d057b238cee57df3db043a3eea72e89573d2278812516bf8fcdf617ca
raw/gkp-discover-01-whats-on-things-to-do.csv,discover,gkp-discover-01,837,pub christmas dinner near me,pub christmas dinner near me,GBP,500,encoded_band,100,1000,returned,0,0,Low,5,,,,,,2025-08-01,2026-07-31,United Kingdom,English,Google Search,country,2026-09-08,70fbd70d057b238cee57df3db043a3eea72e89573d2278812516bf8fcdf617ca
raw/gkp-discover-01-whats-on-things-to-do.csv,discover,gkp-discover-01,838,pub entertainment near me tonight,pub entertainment near me tonight,GBP,50,encoded_band,10,100,returned,0,0,Low,5,,,,,,2025-08-01,2026-07-31,United Kingdom,English,Google Search,country,2026-09-08,70fbd70d057b238cee57df3db043a3eea72e89573d2278812516bf8fcdf617ca
raw/gkp-discover-01-whats-on-things-to-do.csv,discover,gkp-discover-01,839,pub entertainment tonight near me,pub entertainment tonight near me,GBP,50,encoded_band,10,100,returned,0,0,Low,0,,,,,,2025-08-01,2026-07-31,United Kingdom,English,Google Search,country,2026-09-08,70fbd70d057b238cee57df3db043a3eea72e89573d2278812516bf8fcdf617ca
raw/gkp-discover-01-whats-on-things-to-do.csv,discover,gkp-discover-01,840,pub events near me tonight,pub events near me tonight,GBP,50,encoded_band,10,100,returned,0,0,Low,2,,,,,,2025-08-01,2026-07-31,United Kingdom,English,Google Search,country,2026-09-08,70fbd70d057b238cee57df3db043a3eea72e89573d2278812516bf8fcdf617ca
raw/gkp-discover-01-whats-on-things-to-do.csv,discover,gkp-discover-01,841,pub events today near me,pub events today near me,GBP,50,encoded_band,10,100,returned,0,0,Low,0,,,,,,2025-08-01,2026-07-31,United Kingdom,English,Google Search,country,2026-09-08,70fbd70d057b238cee57df3db043a3eea72e89573d2278812516bf8fcdf617ca
raw/gkp-discover-01-whats-on-things-to-do.csv,discover,gkp-discover-01,842,pub food all day near me,pub food all day near me,GBP,50,encoded_band,10,100,returned,0,0,Low,26,,,,,,2025-08-01,2026-07-31,United Kingdom,English,Google Search,country,2026-09-08,70fbd70d057b238cee57df3db043a3eea72e89573d2278812516bf8fcdf617ca
raw/gkp-discover-01-whats-on-things-to-do.csv,discover,gkp-discover-01,843,pub food beer garden near me,pub food beer garden near me,GBP,50,encoded_band,10,100,returned,0,0,Low,13,,,,,,2025-08-01,2026-07-31,United Kingdom,English,Google Search,country,2026-09-08,70fbd70d057b238cee57df3db043a3eea72e89573d2278812516bf8fcdf617ca
raw/gkp-discover-01-whats-on-things-to-do.csv,discover,gkp-discover-01,844,pub food with beer garden near me,pub food with beer garden near me,GBP,50,encoded_band,10,100,returned,-0.9,0,Low,9,,,,,,2025-08-01,2026-07-31,United Kingdom,English,Google Search,country,2026-09-08,70fbd70d057b238cee57df3db043a3eea72e89573d2278812516bf8fcdf617ca
raw/gkp-discover-01-whats-on-things-to-do.csv,discover,gkp-discover-01,845,pub gig guide near me,pub gig guide near me,GBP,50,encoded_band,10,100,returned,0,0,Low,0,,,,,,2025-08-01,2026-07-31,United Kingdom,English,Google Search,country,2026-09-08,70fbd70d057b238cee57df3db043a3eea72e89573d2278812516bf8fcdf617ca
raw/gkp-discover-01-whats-on-things-to-do.csv,discover,gkp-discover-01,846,pub gigs near me tonight,pub gigs near me tonight,GBP,50,encoded_band,10,100,returned,0,0,Low,0,,,,,,2025-08-01,2026-07-31,United Kingdom,English,Google Search,country,2026-09-08,70fbd70d057b238cee57df3db043a3eea72e89573d2278812516bf8fcdf617ca
raw/gkp-discover-01-whats-on-things-to-do.csv,discover,gkp-discover-01,847,pub karaoke near me,pub karaoke near me,GBP,50,encoded_band,10,100,returned,-0.9,0,Low,14,,,,,,2025-08-01,2026-07-31,United Kingdom,English,Google Search,country,2026-09-08,70fbd70d057b238cee57df3db043a3eea72e89573d2278812516bf8fcdf617ca
raw/gkp-discover-01-whats-on-things-to-do.csv,discover,gkp-discover-01,848,pub live band near me,pub live band near me,GBP,50,encoded_band,10,100,returned,0,,Low,0,,,,,,2025-08-01,2026-07-31,United Kingdom,English,Google Search,country,2026-09-08,70fbd70d057b238cee57df3db043a3eea72e89573d2278812516bf8fcdf617ca
raw/gkp-discover-01-whats-on-things-to-do.csv,discover,gkp-discover-01,849,pub music near me tonight,pub music near me tonight,GBP,50,encoded_band,10,100,returned,0,0,Low,2,,,,,,2025-08-01,2026-07-31,United Kingdom,English,Google Search,country,2026-09-08,70fbd70d057b238cee57df3db043a3eea72e89573d2278812516bf8fcdf617ca
raw/gkp-discover-01-whats-on-things-to-do.csv,discover,gkp-discover-01,850,pub near me beer garden,pub near me beer garden,GBP,500,encoded_band,100,1000,returned,0,0,Low,10,,,,,,2025-08-01,2026-07-31,United Kingdom,English,Google Search,country,2026-09-08,70fbd70d057b238cee57df3db043a3eea72e89573d2278812516bf8fcdf617ca
raw/gkp-discover-01-whats-on-things-to-do.csv,discover,gkp-discover-01,851,pub near me live music,pub near me live music,GBP,5000,encoded_band,1000,10000,returned,0,0,Low,17,0.43,1.02,,,,2025-08-01,2026-07-31,United Kingdom,English,Google Search,country,2026-09-08,70fbd70d057b238cee57df3db043a3eea72e89573d2278812516bf8fcdf617ca
raw/gkp-discover-01-whats-on-things-to-do.csv,discover,gkp-discover-01,852,pub nights near me,pub nights near me,GBP,50,encoded_band,10,100,returned,0,0,Low,11,,,,,,2025-08-01,2026-07-31,United Kingdom,English,Google Search,country,2026-09-08,70fbd70d057b238cee57df3db043a3eea72e89573d2278812516bf8fcdf617ca
raw/gkp-discover-01-whats-on-things-to-do.csv,discover,gkp-discover-01,853,pub party hire near me,pub party hire near me,GBP,50,encoded_band,10,100,returned,0,0,Medium,39,0.91,3.39,,,,2025-08-01,2026-07-31,United Kingdom,English,Google Search,country,2026-09-08,70fbd70d057b238cee57df3db043a3eea72e89573d2278812516bf8fcdf617ca
raw/gkp-discover-01-whats-on-things-to-do.csv,discover,gkp-discover-01,854,pub party near me,pub party near me,GBP,50,encoded_band,10,100,returned,0,0,Low,23,,,,,,2025-08-01,2026-07-31,United Kingdom,English,Google Search,country,2026-09-08,70fbd70d057b238cee57df3db043a3eea72e89573d2278812516bf8fcdf617ca
raw/gkp-discover-01-whats-on-things-to-do.csv,discover,gkp-discover-01,855,pub poker near me tonight,pub poker near me tonight,GBP,50,encoded_band,10,100,returned,0,0,Low,5,,,,,,2025-08-01,2026-07-31,United Kingdom,English,Google Search,country,2026-09-08,70fbd70d057b238cee57df3db043a3eea72e89573d2278812516bf8fcdf617ca
raw/gkp-discover-01-whats-on-things-to-do.csv,discover,gkp-discover-01,856,pub poker tournaments near me,pub poker tournaments near me,GBP,50,encoded_band,10,100,returned,0,0,Low,17,,,,,,2025-08-01,2026-07-31,United Kingdom,English,Google Search,country,2026-09-08,70fbd70d057b238cee57df3db043a3eea72e89573d2278812516bf8fcdf617ca
raw/gkp-discover-01-whats-on-things-to-do.csv,discover,gkp-discover-01,857,pub quiz friday near me,pub quiz friday near me,GBP,50,encoded_band,10,100,returned,0,0,Low,9,,,,,,2025-08-01,2026-07-31,United Kingdom,English,Google Search,country,2026-09-08,70fbd70d057b238cee57df3db043a3eea72e89573d2278812516bf8fcdf617ca
raw/gkp-discover-01-whats-on-things-to-do.csv,discover,gkp-discover-01,858,pub quiz monday near me,pub quiz monday near me,GBP,500,encoded_band,100,1000,returned,0,0,Low,9,0.81,2.56,,,,2025-08-01,2026-07-31,United Kingdom,English,Google Search,country,2026-09-08,70fbd70d057b238cee57df3db043a3eea72e89573d2278812516bf8fcdf617ca
raw/gkp-discover-01-whats-on-things-to-do.csv,discover,gkp-discover-01,859,pub quiz monday night near me,pub quiz monday night near me,GBP,50,encoded_band,10,100,returned,0,0,Low,16,,,,,,2025-08-01,2026-07-31,United Kingdom,English,Google Search,country,2026-09-08,70fbd70d057b238cee57df3db043a3eea72e89573d2278812516bf8fcdf617ca
raw/gkp-discover-01-whats-on-things-to-do.csv,discover,gkp-discover-01,860,pub quiz near me friday,pub quiz near me friday,GBP,50,encoded_band,10,100,returned,0,0,Low,3,,,,,,2025-08-01,2026-07-31,United Kingdom,English,Google Search,country,2026-09-08,70fbd70d057b238cee57df3db043a3eea72e89573d2278812516bf8fcdf617ca
raw/gkp-discover-01-whats-on-things-to-do.csv,discover,gkp-discover-01,861,pub quiz near me monday,pub quiz near me monday,GBP,500,encoded_band,100,1000,returned,0,0,Low,9,0.81,2.56,,,,2025-08-01,2026-07-31,United Kingdom,English,Google Search,country,2026-09-08,70fbd70d057b238cee57df3db043a3eea72e89573d2278812516bf8fcdf617ca
raw/gkp-discover-01-whats-on-things-to-do.csv,discover,gkp-discover-01,862,pub quiz near me saturday,pub quiz near me saturday,GBP,50,encoded_band,10,100,returned,0,0,Low,4,,,,,,2025-08-01,2026-07-31,United Kingdom,English,Google Search,country,2026-09-08,70fbd70d057b238cee57df3db043a3eea72e89573d2278812516bf8fcdf617ca
raw/gkp-discover-01-whats-on-things-to-do.csv,discover,gkp-discover-01,863,pub quiz near me sunday,pub quiz near me sunday,GBP,500,encoded_band,100,1000,returned,0,0,Low,9,,,,,,2025-08-01,2026-07-31,United Kingdom,English,Google Search,country,2026-09-08,70fbd70d057b238cee57df3db043a3eea72e89573d2278812516bf8fcdf617ca
raw/gkp-discover-01-whats-on-things-to-do.csv,discover,gkp-discover-01,864,pub quiz near me today,pub quiz near me today,GBP,50,encoded_band,10,100,returned,-0.9,-0.9,Low,6,,,,,,2025-08-01,2026-07-31,United Kingdom,English,Google Search,country,2026-09-08,70fbd70d057b238cee57df3db043a3eea72e89573d2278812516bf8fcdf617ca
raw/gkp-discover-01-whats-on-things-to-do.csv,discover,gkp-discover-01,865,pub quiz near me tuesday,pub quiz near me tuesday,GBP,500,encoded_band,100,1000,returned,0,0,Low,8,,,,,,2025-08-01,2026-07-31,United Kingdom,English,Google Search,country,2026-09-08,70fbd70d057b238cee57df3db043a3eea72e89573d2278812516bf8fcdf617ca
raw/gkp-discover-01-whats-on-things-to-do.csv,discover,gkp-discover-01,866,pub quiz nearby,pub quiz nearby,GBP,50,encoded_band,10,100,returned,0,0,Low,5,,,,,,2025-08-01,2026-07-31,United Kingdom,English,Google Search,country,2026-09-08,70fbd70d057b238cee57df3db043a3eea72e89573d2278812516bf8fcdf617ca
raw/gkp-discover-01-whats-on-things-to-do.csv,discover,gkp-discover-01,867,pub quiz on friday near me,pub quiz on friday near me,GBP,50,encoded_band,10,100,returned,0,0,Low,6,,,,,,2025-08-01,2026-07-31,United Kingdom,English,Google Search,country,2026-09-08,70fbd70d057b238cee57df3db043a3eea72e89573d2278812516bf8fcdf617ca
raw/gkp-discover-01-whats-on-things-to-do.csv,discover,gkp-discover-01,868,pub quiz on saturday near me,pub quiz on saturday near me,GBP,50,encoded_band,10,100,returned,0,0,Low,4,,,,,,2025-08-01,2026-07-31,United Kingdom,English,Google Search,country,2026-09-08,70fbd70d057b238cee57df3db043a3eea72e89573d2278812516bf8fcdf617ca
raw/gkp-discover-01-whats-on-things-to-do.csv,discover,gkp-discover-01,869,pub quiz on wednesday near me,pub quiz on wednesday near me,GBP,50,encoded_band,10,100,returned,0,0,Low,9,,,,,,2025-08-01,2026-07-31,United Kingdom,English,Google Search,country,2026-09-08,70fbd70d057b238cee57df3db043a3eea72e89573d2278812516bf8fcdf617ca
raw/gkp-discover-01-whats-on-things-to-do.csv,discover,gkp-discover-01,870,pub quiz saturday near me,pub quiz saturday near me,GBP,50,encoded_band,10,100,returned,0,0,Low,6,,,,,,2025-08-01,2026-07-31,United Kingdom,English,Google Search,country,2026-09-08,70fbd70d057b238cee57df3db043a3eea72e89573d2278812516bf8fcdf617ca
raw/gkp-discover-01-whats-on-things-to-do.csv,discover,gkp-discover-01,871,pub quiz sunday near me,pub quiz sunday near me,GBP,500,encoded_band,100,1000,returned,-0.9,-0.9,Low,10,,,,,,2025-08-01,2026-07-31,United Kingdom,English,Google Search,country,2026-09-08,70fbd70d057b238cee57df3db043a3eea72e89573d2278812516bf8fcdf617ca
raw/gkp-discover-01-whats-on-things-to-do.csv,discover,gkp-discover-01,872,pub quiz thursday near me,pub quiz thursday near me,GBP,500,encoded_band,100,1000,returned,0,0,Low,7,,,,,,2025-08-01,2026-07-31,United Kingdom,English,Google Search,country,2026-09-08,70fbd70d057b238cee57df3db043a3eea72e89573d2278812516bf8fcdf617ca
raw/gkp-discover-01-whats-on-things-to-do.csv,discover,gkp-discover-01,873,pub quiz thursday night near me,pub quiz thursday night near me,GBP,50,encoded_band,10,100,returned,0,0,Low,4,,,,,,2025-08-01,2026-07-31,United Kingdom,English,Google Search,country,2026-09-08,70fbd70d057b238cee57df3db043a3eea72e89573d2278812516bf8fcdf617ca
raw/gkp-discover-01-whats-on-things-to-do.csv,discover,gkp-discover-01,874,pub quiz today near me,pub quiz today near me,GBP,50,encoded_band,10,100,returned,0,0,Low,5,,,,,,2025-08-01,2026-07-31,United Kingdom,English,Google Search,country,2026-09-08,70fbd70d057b238cee57df3db043a3eea72e89573d2278812516bf8fcdf617ca
raw/gkp-discover-01-whats-on-things-to-do.csv,discover,gkp-discover-01,875,pub quiz tomorrow near me,pub quiz tomorrow near me,GBP,50,encoded_band,10,100,returned,0,0,Low,4,,,,,,2025-08-01,2026-07-31,United Kingdom,English,Google Search,country,2026-09-08,70fbd70d057b238cee57df3db043a3eea72e89573d2278812516bf8fcdf617ca
raw/gkp-discover-01-whats-on-things-to-do.csv,discover,gkp-discover-01,876,pub quiz tuesday near me,pub quiz tuesday near me,GBP,500,encoded_band,100,1000,returned,0,0,Low,8,,,,,,2025-08-01,2026-07-31,United Kingdom,English,Google Search,country,2026-09-08,70fbd70d057b238cee57df3db043a3eea72e89573d2278812516bf8fcdf617ca
raw/gkp-discover-01-whats-on-things-to-do.csv,discover,gkp-discover-01,877,pub steak night near me,pub steak night near me,GBP,50,encoded_band,10,100,returned,0,0,Low,19,,,,,,2025-08-01,2026-07-31,United Kingdom,English,Google Search,country,2026-09-08,70fbd70d057b238cee57df3db043a3eea72e89573d2278812516bf8fcdf617ca
raw/gkp-discover-01-whats-on-things-to-do.csv,discover,gkp-discover-01,878,pub trivia near me tonight,pub trivia near me tonight,GBP,50,encoded_band,10,100,returned,0,0,Low,5,,,,,,2025-08-01,2026-07-31,United Kingdom,English,Google Search,country,2026-09-08,70fbd70d057b238cee57df3db043a3eea72e89573d2278812516bf8fcdf617ca
raw/gkp-discover-01-whats-on-things-to-do.csv,discover,gkp-discover-01,879,pub trivia night near me,pub trivia night near me,GBP,50,encoded_band,10,100,returned,0,0,Low,7,,,,,,2025-08-01,2026-07-31,United Kingdom,English,Google Search,country,2026-09-08,70fbd70d057b238cee57df3db043a3eea72e89573d2278812516bf8fcdf617ca
raw/gkp-discover-01-whats-on-things-to-do.csv,discover,gkp-discover-01,880,pub trivia tonight near me,pub trivia tonight near me,GBP,50,encoded_band,10,100,returned,0,,Low,0,,,,,,2025-08-01,2026-07-31,United Kingdom,English,Google Search,country,2026-09-08,70fbd70d057b238cee57df3db043a3eea72e89573d2278812516bf8fcdf617ca
raw/gkp-discover-01-whats-on-things-to-do.csv,discover,gkp-discover-01,881,pub with live band near me,pub with live band near me,GBP,50,encoded_band,10,100,returned,0,0,Low,22,,,,,,2025-08-01,2026-07-31,United Kingdom,English,Google Search,country,2026-09-08,70fbd70d057b238cee57df3db043a3eea72e89573d2278812516bf8fcdf617ca
raw/gkp-discover-01-whats-on-things-to-do.csv,discover,gkp-discover-01,882,pub with live music tonight near me,pub with live music tonight near me,GBP,500,encoded_band,100,1000,returned,0,0,Low,7,0.46,1.49,,,,2025-08-01,2026-07-31,United Kingdom,English,Google Search,country,2026-09-08,70fbd70d057b238cee57df3db043a3eea72e89573d2278812516bf8fcdf617ca
raw/gkp-discover-01-whats-on-things-to-do.csv,discover,gkp-discover-01,883,public events today near me,public events today near me,GBP,50,encoded_band,10,100,returned,0,,Low,0,,,,,,2025-08-01,2026-07-31,United Kingdom,English,Google Search,country,2026-09-08,70fbd70d057b238cee57df3db043a3eea72e89573d2278812516bf8fcdf617ca
raw/gkp-discover-01-whats-on-things-to-do.csv,discover,gkp-discover-01,884,public karaoke near me,public karaoke near me,GBP,50,encoded_band,10,100,returned,0,0,Low,29,,,,,,2025-08-01,2026-07-31,United Kingdom,English,Google Search,country,2026-09-08,70fbd70d057b238cee57df3db043a3eea72e89573d2278812516bf8fcdf617ca
raw/gkp-discover-01-whats-on-things-to-do.csv,discover,gkp-discover-01,885,pubs and bars with live music near me,pubs and bars with live music near me,GBP,50,encoded_band,10,100,returned,0,0,Low,0,,,,,,2025-08-01,2026-07-31,United Kingdom,English,Google Search,country,2026-09-08,70fbd70d057b238cee57df3db043a3eea72e89573d2278812516bf8fcdf617ca
raw/gkp-discover-01-whats-on-things-to-do.csv,discover,gkp-discover-01,886,pubs christmas day lunch near me,pubs christmas day lunch near me,GBP,50,encoded_band,10,100,returned,,0,Low,0,,,,,,2025-08-01,2026-07-31,United Kingdom,English,Google Search,country,2026-09-08,70fbd70d057b238cee57df3db043a3eea72e89573d2278812516bf8fcdf617ca
raw/gkp-discover-01-whats-on-things-to-do.csv,discover,gkp-discover-01,887,pubs doing christmas lunch near me,pubs doing christmas lunch near me,GBP,50,encoded_band,10,100,returned,,0,Low,4,,,,,,2025-08-01,2026-07-31,United Kingdom,English,Google Search,country,2026-09-08,70fbd70d057b238cee57df3db043a3eea72e89573d2278812516bf8fcdf617ca
raw/gkp-discover-01-whats-on-things-to-do.csv,discover,gkp-discover-01,888,pubs for christmas lunch near me,pubs for christmas lunch near me,GBP,50,encoded_band,10,100,returned,0,0,Low,0,,,,,,2025-08-01,2026-07-31,United Kingdom,English,Google Search,country,2026-09-08,70fbd70d057b238cee57df3db043a3eea72e89573d2278812516bf8fcdf617ca
raw/gkp-discover-01-whats-on-things-to-do.csv,discover,gkp-discover-01,889,pubs for father's day near me,pubs for father's day near me,GBP,50,encoded_band,10,100,returned,-1,0,Unknown,,,,,,,2025-08-01,2026-07-31,United Kingdom,English,Google Search,country,2026-09-08,70fbd70d057b238cee57df3db043a3eea72e89573d2278812516bf8fcdf617ca
raw/gkp-discover-01-whats-on-things-to-do.csv,discover,gkp-discover-01,890,pubs near me christmas dinner,pubs near me christmas dinner,GBP,50,encoded_band,10,100,returned,0,0,Low,1,,,,,,2025-08-01,2026-07-31,United Kingdom,English,Google Search,country,2026-09-08,70fbd70d057b238cee57df3db043a3eea72e89573d2278812516bf8fcdf617ca
raw/gkp-discover-01-whats-on-things-to-do.csv,discover,gkp-discover-01,891,pubs near me doing christmas dinner,pubs near me doing christmas dinner,GBP,5000,encoded_band,1000,10000,returned,0,-0.9,Low,4,,,,,,2025-08-01,2026-07-31,United Kingdom,English,Google Search,country,2026-09-08,70fbd70d057b238cee57df3db043a3eea72e89573d2278812516bf8fcdf617ca
raw/gkp-discover-01-whats-on-things-to-do.csv,discover,gkp-discover-01,892,pubs near me for christmas dinner,pubs near me for christmas dinner,GBP,500,encoded_band,100,1000,returned,0,-0.9,Low,7,,,,,,2025-08-01,2026-07-31,United Kingdom,English,Google Search,country,2026-09-08,70fbd70d057b238cee57df3db043a3eea72e89573d2278812516bf8fcdf617ca
raw/gkp-discover-01-whats-on-things-to-do.csv,discover,gkp-discover-01,893,pubs near me for new year's eve,pubs near me for new year's eve,GBP,50,encoded_band,10,100,returned,0,0,Unknown,,,,,,,2025-08-01,2026-07-31,United Kingdom,English,Google Search,country,2026-09-08,70fbd70d057b238cee57df3db043a3eea72e89573d2278812516bf8fcdf617ca
raw/gkp-discover-01-whats-on-things-to-do.csv,discover,gkp-discover-01,894,pubs near me new year's eve,pubs near me new year's eve,GBP,50,encoded_band,10,100,returned,0,-1,Unknown,,,,,,,2025-08-01,2026-07-31,United Kingdom,English,Google Search,country,2026-09-08,70fbd70d057b238cee57df3db043a3eea72e89573d2278812516bf8fcdf617ca
raw/gkp-discover-01-whats-on-things-to-do.csv,discover,gkp-discover-01,895,pubs near me new years eve,pubs near me new years eve,GBP,50,encoded_band,10,100,returned,0,-1,Unknown,,,,,,,2025-08-01,2026-07-31,United Kingdom,English,Google Search,country,2026-09-08,70fbd70d057b238cee57df3db043a3eea72e89573d2278812516bf8fcdf617ca
raw/gkp-discover-01-whats-on-things-to-do.csv,discover,gkp-discover-01,896,pubs near me open boxing day,pubs near me open boxing day,GBP,50,encoded_band,10,100,returned,0,0,Unknown,,,,,,,2025-08-01,2026-07-31,United Kingdom,English,Google Search,country,2026-09-08,70fbd70d057b238cee57df3db043a3eea72e89573d2278812516bf8fcdf617ca
raw/gkp-discover-01-whats-on-things-to-do.csv,discover,gkp-discover-01,897,pubs near me open christmas day,pubs near me open christmas day,GBP,5000,encoded_band,1000,10000,returned,9,9,Low,2,,,,,,2025-08-01,2026-07-31,United Kingdom,English,Google Search,country,2026-09-08,70fbd70d057b238cee57df3db043a3eea72e89573d2278812516bf8fcdf617ca
raw/gkp-discover-01-whats-on-things-to-do.csv,discover,gkp-discover-01,898,pubs near me that do christmas dinner,pubs near me that do christmas dinner,GBP,50,encoded_band,10,100,returned,0,0,Low,2,,,,,,2025-08-01,2026-07-31,United Kingdom,English,Google Search,country,2026-09-08,70fbd70d057b238cee57df3db043a3eea72e89573d2278812516bf8fcdf617ca
raw/gkp-discover-01-whats-on-things-to-do.csv,discover,gkp-discover-01,899,pubs near me with entertainment,pubs near me with entertainment,GBP,500,encoded_band,100,1000,returned,0,0,Low,9,,,,,,2025-08-01,2026-07-31,United Kingdom,English,Google Search,country,2026-09-08,70fbd70d057b238cee57df3db043a3eea72e89573d2278812516bf8fcdf617ca
raw/gkp-discover-01-whats-on-things-to-do.csv,discover,gkp-discover-01,900,pubs near me with entertainment tonight,pubs near me with entertainment tonight,GBP,50,encoded_band,10,100,returned,0,0,Low,2,,,,,,2025-08-01,2026-07-31,United Kingdom,English,Google Search,country,2026-09-08,70fbd70d057b238cee57df3db043a3eea72e89573d2278812516bf8fcdf617ca
raw/gkp-discover-01-whats-on-things-to-do.csv,discover,gkp-discover-01,901,pubs near me with live music tonight,pubs near me with live music tonight,GBP,500,encoded_band,100,1000,returned,0,0,Low,7,0.46,1.49,,,,2025-08-01,2026-07-31,United Kingdom,English,Google Search,country,2026-09-08,70fbd70d057b238cee57df3db043a3eea72e89573d2278812516bf8fcdf617ca
raw/gkp-discover-01-whats-on-things-to-do.csv,discover,gkp-discover-01,902,pubs open christmas eve near me,pubs open christmas eve near me,GBP,50,encoded_band,10,100,returned,0,0,Unknown,,,,,,,2025-08-01,2026-07-31,United Kingdom,English,Google Search,country,2026-09-08,70fbd70d057b238cee57df3db043a3eea72e89573d2278812516bf8fcdf617ca
raw/gkp-discover-01-whats-on-things-to-do.csv,discover,gkp-discover-01,903,pubs open near me christmas day,pubs open near me christmas day,GBP,500,encoded_band,100,1000,returned,-1,-1,Unknown,,,,,,,2025-08-01,2026-07-31,United Kingdom,English,Google Search,country,2026-09-08,70fbd70d057b238cee57df3db043a3eea72e89573d2278812516bf8fcdf617ca
raw/gkp-discover-01-whats-on-things-to-do.csv,discover,gkp-discover-01,904,pubs open near me new year's day,pubs open near me new year's day,GBP,50,encoded_band,10,100,returned,0,0,Unknown,,,,,,,2025-08-01,2026-07-31,United Kingdom,English,Google Search,country,2026-09-08,70fbd70d057b238cee57df3db043a3eea72e89573d2278812516bf8fcdf617ca
raw/gkp-discover-01-whats-on-things-to-do.csv,discover,gkp-discover-01,905,pubs open near me on christmas day,pubs open near me on christmas day,GBP,5000,encoded_band,1000,10000,returned,9,9,Low,2,,,,,,2025-08-01,2026-07-31,United Kingdom,English,Google Search,country,2026-09-08,70fbd70d057b238cee57df3db043a3eea72e89573d2278812516bf8fcdf617ca
raw/gkp-discover-01-whats-on-things-to-do.csv,discover,gkp-discover-01,906,pubs open near me xmas day,pubs open near me xmas day,GBP,50,encoded_band,10,100,returned,0,0,Unknown,,,,,,,2025-08-01,2026-07-31,United Kingdom,English,Google Search,country,2026-09-08,70fbd70d057b238cee57df3db043a3eea72e89573d2278812516bf8fcdf617ca
raw/gkp-discover-01-whats-on-things-to-do.csv,discover,gkp-discover-01,907,pubs open new year's day near me,pubs open new year's day near me,GBP,50,encoded_band,10,100,returned,-1,-1,Unknown,,,,,,,2025-08-01,2026-07-31,United Kingdom,English,Google Search,country,2026-09-08,70fbd70d057b238cee57df3db043a3eea72e89573d2278812516bf8fcdf617ca
raw/gkp-discover-01-whats-on-things-to-do.csv,discover,gkp-discover-01,908,pubs open new year's eve near me,pubs open new year's eve near me,GBP,50,encoded_band,10,100,returned,0,0,Unknown,,,,,,,2025-08-01,2026-07-31,United Kingdom,English,Google Search,country,2026-09-08,70fbd70d057b238cee57df3db043a3eea72e89573d2278812516bf8fcdf617ca
raw/gkp-discover-01-whats-on-things-to-do.csv,discover,gkp-discover-01,909,pubs open new years day near me,pubs open new years day near me,GBP,50,encoded_band,10,100,returned,0,0,Unknown,,,,,,,2025-08-01,2026-07-31,United Kingdom,English,Google Search,country,2026-09-08,70fbd70d057b238cee57df3db043a3eea72e89573d2278812516bf8fcdf617ca
raw/gkp-discover-01-whats-on-things-to-do.csv,discover,gkp-discover-01,910,pubs open tomorrow near me,pubs open tomorrow near me,GBP,50,encoded_band,10,100,returned,0,0,Low,15,,,,,,2025-08-01,2026-07-31,United Kingdom,English,Google Search,country,2026-09-08,70fbd70d057b238cee57df3db043a3eea72e89573d2278812516bf8fcdf617ca
raw/gkp-discover-01-whats-on-things-to-do.csv,discover,gkp-discover-01,911,pubs playing live music near me,pubs playing live music near me,GBP,50,encoded_band,10,100,returned,0,0,Low,12,,,,,,2025-08-01,2026-07-31,United Kingdom,English,Google Search,country,2026-09-08,70fbd70d057b238cee57df3db043a3eea72e89573d2278812516bf8fcdf617ca
raw/gkp-discover-01-whats-on-things-to-do.csv,discover,gkp-discover-01,912,pubs serving food christmas day near me,pubs serving food christmas day near me,GBP,50,encoded_band,10,100,returned,0,-1,Unknown,,,,,,,2025-08-01,2026-07-31,United Kingdom,English,Google Search,country,2026-09-08,70fbd70d057b238cee57df3db043a3eea72e89573d2278812516bf8fcdf617ca
raw/gkp-discover-01-whats-on-things-to-do.csv,discover,gkp-discover-01,913,pubs that do christmas dinner near me,pubs that do christmas dinner near me,GBP,50,encoded_band,10,100,returned,0,0,Low,5,,,,,,2025-08-01,2026-07-31,United Kingdom,English,Google Search,country,2026-09-08,70fbd70d057b238cee57df3db043a3eea72e89573d2278812516bf8fcdf617ca
raw/gkp-discover-01-whats-on-things-to-do.csv,discover,gkp-discover-01,914,pubs that have live music near me,pubs that have live music near me,GBP,50,encoded_band,10,100,returned,0,0,Low,10,,,,,,2025-08-01,2026-07-31,United Kingdom,English,Google Search,country,2026-09-08,70fbd70d057b238cee57df3db043a3eea72e89573d2278812516bf8fcdf617ca
raw/gkp-discover-01-whats-on-things-to-do.csv,discover,gkp-discover-01,915,pubs that play music near me,pubs that play music near me,GBP,50,encoded_band,10,100,returned,0,0,Low,16,,,,,,2025-08-01,2026-07-31,United Kingdom,English,Google Search,country,2026-09-08,70fbd70d057b238cee57df3db043a3eea72e89573d2278812516bf8fcdf617ca
raw/gkp-discover-01-whats-on-things-to-do.csv,discover,gkp-discover-01,916,pubs to hire for parties near me,pubs to hire for parties near me,GBP,500,encoded_band,100,1000,returned,0,-0.9,Low,15,0.57,1.49,,,,2025-08-01,2026-07-31,United Kingdom,English,Google Search,country,2026-09-08,70fbd70d057b238cee57df3db043a3eea72e89573d2278812516bf8fcdf617ca
raw/gkp-discover-01-whats-on-things-to-do.csv,discover,gkp-discover-01,917,pubs with bands on tonight near me,pubs with bands on tonight near me,GBP,50,encoded_band,10,100,returned,0,0,Low,0,,,,,,2025-08-01,2026-07-31,United Kingdom,English,Google Search,country,2026-09-08,70fbd70d057b238cee57df3db043a3eea72e89573d2278812516bf8fcdf617ca
raw/gkp-discover-01-whats-on-things-to-do.csv,discover,gkp-discover-01,918,pubs with bonfires near me,pubs with bonfires near me,GBP,50,encoded_band,10,100,returned,0,,Low,0,,,,,,2025-08-01,2026-07-31,United Kingdom,English,Google Search,country,2026-09-08,70fbd70d057b238cee57df3db043a3eea72e89573d2278812516bf8fcdf617ca
raw/gkp-discover-01-whats-on-things-to-do.csv,discover,gkp-discover-01,919,pubs with djs near me,pubs with djs near me,GBP,500,encoded_band,100,1000,returned,-0.9,-0.9,Low,27,,,,,,2025-08-01,2026-07-31,United Kingdom,English,Google Search,country,2026-09-08,70fbd70d057b238cee57df3db043a3eea72e89573d2278812516bf8fcdf617ca
raw/gkp-discover-01-whats-on-things-to-do.csv,discover,gkp-discover-01,920,pubs with entertainment near me tonight,pubs with entertainment near me tonight,GBP,50,encoded_band,10,100,returned,0,0,Low,14,,,,,,2025-08-01,2026-07-31,United Kingdom,English,Google Search,country,2026-09-08,70fbd70d057b238cee57df3db043a3eea72e89573d2278812516bf8fcdf617ca
raw/gkp-discover-01-whats-on-things-to-do.csv,discover,gkp-discover-01,921,pubs with events near me,pubs with events near me,GBP,50,encoded_band,10,100,returned,0,0,Low,9,,,,,,2025-08-01,2026-07-31,United Kingdom,English,Google Search,country,2026-09-08,70fbd70d057b238cee57df3db043a3eea72e89573d2278812516bf8fcdf617ca
raw/gkp-discover-01-whats-on-things-to-do.csv,discover,gkp-discover-01,922,pubs with function rooms to hire near me,pubs with function rooms to hire near me,GBP,50,encoded_band,10,100,returned,0,0,Low,17,0.5,1.91,,,,2025-08-01,2026-07-31,United Kingdom,English,Google Search,country,2026-09-08,70fbd70d057b238cee57df3db043a3eea72e89573d2278812516bf8fcdf617ca
raw/gkp-discover-01-whats-on-things-to-do.csv,discover,gkp-discover-01,923,pubs with live entertainment near me,pubs with live entertainment near me,GBP,50,encoded_band,10,100,returned,0,0,Low,4,,,,,,2025-08-01,2026-07-31,United Kingdom,English,Google Search,country,2026-09-08,70fbd70d057b238cee57df3db043a3eea72e89573d2278812516bf8fcdf617ca
raw/gkp-discover-01-whats-on-things-to-do.csv,discover,gkp-discover-01,924,pubs with live music near me today,pubs with live music near me today,GBP,50,encoded_band,10,100,returned,0,0,Low,1,,,,,,2025-08-01,2026-07-31,United Kingdom,English,Google Search,country,2026-09-08,70fbd70d057b238cee57df3db043a3eea72e89573d2278812516bf8fcdf617ca
raw/gkp-discover-01-whats-on-things-to-do.csv,discover,gkp-discover-01,925,pubs with live music sunday near me,pubs with live music sunday near me,GBP,50,encoded_band,10,100,returned,0,0,Low,14,,,,,,2025-08-01,2026-07-31,United Kingdom,English,Google Search,country,2026-09-08,70fbd70d057b238cee57df3db043a3eea72e89573d2278812516bf8fcdf617ca
raw/gkp-discover-01-whats-on-things-to-do.csv,discover,gkp-discover-01,926,pubs with party rooms near me,pubs with party rooms near me,GBP,50,encoded_band,10,100,returned,0,0,Low,10,0.63,1.48,,,,2025-08-01,2026-07-31,United Kingdom,English,Google Search,country,2026-09-08,70fbd70d057b238cee57df3db043a3eea72e89573d2278812516bf8fcdf617ca
raw/gkp-discover-01-whats-on-things-to-do.csv,discover,gkp-discover-01,927,pubs with quiz machines near me,pubs with quiz machines near me,GBP,50,encoded_band,10,100,returned,0,0,Low,14,,,,,,2025-08-01,2026-07-31,United Kingdom,English,Google Search,country,2026-09-08,70fbd70d057b238cee57df3db043a3eea72e89573d2278812516bf8fcdf617ca
raw/gkp-discover-01-whats-on-things-to-do.csv,discover,gkp-discover-01,928,pubs with quiz nights near me,pubs with quiz nights near me,GBP,50,encoded_band,10,100,returned,0,0,Low,9,,,,,,2025-08-01,2026-07-31,United Kingdom,English,Google Search,country,2026-09-08,70fbd70d057b238cee57df3db043a3eea72e89573d2278812516bf8fcdf617ca
raw/gkp-discover-01-whats-on-things-to-do.csv,discover,gkp-discover-01,929,pubs with quizzes near me,pubs with quizzes near me,GBP,50,encoded_band,10,100,returned,0,0,Low,5,,,,,,2025-08-01,2026-07-31,United Kingdom,English,Google Search,country,2026-09-08,70fbd70d057b238cee57df3db043a3eea72e89573d2278812516bf8fcdf617ca
raw/gkp-discover-01-whats-on-things-to-do.csv,discover,gkp-discover-01,930,pubs with small function rooms near me,pubs with small function rooms near me,GBP,50,encoded_band,10,100,returned,0,0,Low,6,,,,,,2025-08-01,2026-07-31,United Kingdom,English,Google Search,country,2026-09-08,70fbd70d057b238cee57df3db043a3eea72e89573d2278812516bf8fcdf617ca
raw/gkp-discover-01-whats-on-things-to-do.csv,discover,gkp-discover-01,931,pubs with trivia near me,pubs with trivia near me,GBP,50,encoded_band,10,100,returned,-1,-1,Unknown,,,,,,,2025-08-01,2026-07-31,United Kingdom,English,Google Search,country,2026-09-08,70fbd70d057b238cee57df3db043a3eea72e89573d2278812516bf8fcdf617ca
raw/gkp-discover-01-whats-on-things-to-do.csv,discover,gkp-discover-01,932,pubs with venue hire near me,pubs with venue hire near me,GBP,500,encoded_band,100,1000,returned,0,0,Low,22,0.54,1.49,,,,2025-08-01,2026-07-31,United Kingdom,English,Google Search,country,2026-09-08,70fbd70d057b238cee57df3db043a3eea72e89573d2278812516bf8fcdf617ca
raw/gkp-discover-01-whats-on-things-to-do.csv,discover,gkp-discover-01,933,quiz near me,quiz near me,GBP,5000,encoded_band,1000,10000,returned,0,0,Low,3,,,,,,2025-08-01,2026-07-31,United Kingdom,English,Google Search,country,2026-09-08,70fbd70d057b238cee57df3db043a3eea72e89573d2278812516bf8fcdf617ca
raw/gkp-discover-01-whats-on-things-to-do.csv,discover,gkp-discover-01,934,quiz near me tonight,quiz near me tonight,GBP,50,encoded_band,10,100,returned,0,0,Low,1,,,,,,2025-08-01,2026-07-31,United Kingdom,English,Google Search,country,2026-09-08,70fbd70d057b238cee57df3db043a3eea72e89573d2278812516bf8fcdf617ca
raw/gkp-discover-01-whats-on-things-to-do.csv,discover,gkp-discover-01,935,quiz night friday near me,quiz night friday near me,GBP,50,encoded_band,10,100,returned,0,0,Low,0,,,,,,2025-08-01,2026-07-31,United Kingdom,English,Google Search,country,2026-09-08,70fbd70d057b238cee57df3db043a3eea72e89573d2278812516bf8fcdf617ca
raw/gkp-discover-01-whats-on-things-to-do.csv,discover,gkp-discover-01,936,quiz night monday near me,quiz night monday near me,GBP,50,encoded_band,10,100,returned,0,0,Medium,38,,,,,,2025-08-01,2026-07-31,United Kingdom,English,Google Search,country,2026-09-08,70fbd70d057b238cee57df3db043a3eea72e89573d2278812516bf8fcdf617ca
raw/gkp-discover-01-whats-on-things-to-do.csv,discover,gkp-discover-01,937,quiz night near me thursday,quiz night near me thursday,GBP,50,encoded_band,10,100,returned,0,0,Low,4,,,,,,2025-08-01,2026-07-31,United Kingdom,English,Google Search,country,2026-09-08,70fbd70d057b238cee57df3db043a3eea72e89573d2278812516bf8fcdf617ca
raw/gkp-discover-01-whats-on-things-to-do.csv,discover,gkp-discover-01,938,quiz night near me tonight,quiz night near me tonight,GBP,500,encoded_band,100,1000,returned,0,0,Low,2,,,,,,2025-08-01,2026-07-31,United Kingdom,English,Google Search,country,2026-09-08,70fbd70d057b238cee57df3db043a3eea72e89573d2278812516bf8fcdf617ca
raw/gkp-discover-01-whats-on-things-to-do.csv,discover,gkp-discover-01,939,quiz night near me tuesday,quiz night near me tuesday,GBP,50,encoded_band,10,100,returned,0,0,Low,1,,,,,,2025-08-01,2026-07-31,United Kingdom,English,Google Search,country,2026-09-08,70fbd70d057b238cee57df3db043a3eea72e89573d2278812516bf8fcdf617ca
raw/gkp-discover-01-whats-on-things-to-do.csv,discover,gkp-discover-01,940,quiz night pubs near me,quiz night pubs near me,GBP,50,encoded_band,10,100,returned,0,0,Low,5,,,,,,2025-08-01,2026-07-31,United Kingdom,English,Google Search,country,2026-09-08,70fbd70d057b238cee57df3db043a3eea72e89573d2278812516bf8fcdf617ca
raw/gkp-discover-01-whats-on-things-to-do.csv,discover,gkp-discover-01,941,quiz night saturday near me,quiz night saturday near me,GBP,50,encoded_band,10,100,returned,0,0,Low,0,,,,,,2025-08-01,2026-07-31,United Kingdom,English,Google Search,country,2026-09-08,70fbd70d057b238cee57df3db043a3eea72e89573d2278812516bf8fcdf617ca
raw/gkp-discover-01-whats-on-things-to-do.csv,discover,gkp-discover-01,942,quiz night thursday near me,quiz night thursday near me,GBP,50,encoded_band,10,100,returned,0,0,Low,5,,,,,,2025-08-01,2026-07-31,United Kingdom,English,Google Search,country,2026-09-08,70fbd70d057b238cee57df3db043a3eea72e89573d2278812516bf8fcdf617ca
raw/gkp-discover-01-whats-on-things-to-do.csv,discover,gkp-discover-01,943,quiz night tonight near me,quiz night tonight near me,GBP,500,encoded_band,100,1000,returned,-0.9,0,Low,4,,,,,,2025-08-01,2026-07-31,United Kingdom,English,Google Search,country,2026-09-08,70fbd70d057b238cee57df3db043a3eea72e89573d2278812516bf8fcdf617ca
raw/gkp-discover-01-whats-on-things-to-do.csv,discover,gkp-discover-01,944,quiz night tuesday near me,quiz night tuesday near me,GBP,50,encoded_band,10,100,returned,0,0,Low,8,,,,,,2025-08-01,2026-07-31,United Kingdom,English,Google Search,country,2026-09-08,70fbd70d057b238cee57df3db043a3eea72e89573d2278812516bf8fcdf617ca
raw/gkp-discover-01-whats-on-things-to-do.csv,discover,gkp-discover-01,945,quiz night wednesday near me,quiz night wednesday near me,GBP,50,encoded_band,10,100,returned,0,0,Low,2,,,,,,2025-08-01,2026-07-31,United Kingdom,English,Google Search,country,2026-09-08,70fbd70d057b238cee57df3db043a3eea72e89573d2278812516bf8fcdf617ca
raw/gkp-discover-01-whats-on-things-to-do.csv,discover,gkp-discover-01,946,quiz nights in pubs near me,quiz nights in pubs near me,GBP,50,encoded_band,10,100,returned,0,0,Low,1,,,,,,2025-08-01,2026-07-31,United Kingdom,English,Google Search,country,2026-09-08,70fbd70d057b238cee57df3db043a3eea72e89573d2278812516bf8fcdf617ca
raw/gkp-discover-01-whats-on-things-to-do.csv,discover,gkp-discover-01,947,quiz pub near me,quiz pub near me,GBP,50,encoded_band,10,100,returned,0,0,Low,18,,,,,,2025-08-01,2026-07-31,United Kingdom,English,Google Search,country,2026-09-08,70fbd70d057b238cee57df3db043a3eea72e89573d2278812516bf8fcdf617ca
raw/gkp-discover-01-whats-on-things-to-do.csv,discover,gkp-discover-01,948,quiz tonight near me,quiz tonight near me,GBP,50,encoded_band,10,100,returned,0,0,Low,3,,,,,,2025-08-01,2026-07-31,United Kingdom,English,Google Search,country,2026-09-08,70fbd70d057b238cee57df3db043a3eea72e89573d2278812516bf8fcdf617ca
raw/gkp-discover-01-whats-on-things-to-do.csv,discover,gkp-discover-01,949,quiz wednesday near me,quiz wednesday near me,GBP,50,encoded_band,10,100,returned,0,0,Low,4,,,,,,2025-08-01,2026-07-31,United Kingdom,English,Google Search,country,2026-09-08,70fbd70d057b238cee57df3db043a3eea72e89573d2278812516bf8fcdf617ca
raw/gkp-discover-01-whats-on-things-to-do.csv,discover,gkp-discover-01,950,r&b karaoke bar near me,r&b karaoke bar near me,GBP,50,encoded_band,10,100,returned,-1,0,Unknown,,,,,,,2025-08-01,2026-07-31,United Kingdom,English,Google Search,country,2026-09-08,70fbd70d057b238cee57df3db043a3eea72e89573d2278812516bf8fcdf617ca
raw/gkp-discover-01-whats-on-things-to-do.csv,discover,gkp-discover-01,951,r&b karaoke near me,r&b karaoke near me,GBP,50,encoded_band,10,100,returned,0,0,Low,0,,,,,,2025-08-01,2026-07-31,United Kingdom,English,Google Search,country,2026-09-08,70fbd70d057b238cee57df3db043a3eea72e89573d2278812516bf8fcdf617ca
raw/gkp-discover-01-whats-on-things-to-do.csv,discover,gkp-discover-01,952,restaurants that do karaoke near me,restaurants that do karaoke near me,GBP,50,encoded_band,10,100,returned,0,,Low,14,,,,,,2025-08-01,2026-07-31,United Kingdom,English,Google Search,country,2026-09-08,70fbd70d057b238cee57df3db043a3eea72e89573d2278812516bf8fcdf617ca
raw/gkp-discover-01-whats-on-things-to-do.csv,discover,gkp-discover-01,953,restaurants with karaoke tonight near me,restaurants with karaoke tonight near me,GBP,50,encoded_band,10,100,returned,0,0,Unknown,,,,,,,2025-08-01,2026-07-31,United Kingdom,English,Google Search,country,2026-09-08,70fbd70d057b238cee57df3db043a3eea72e89573d2278812516bf8fcdf617ca
raw/gkp-discover-01-whats-on-things-to-do.csv,discover,gkp-discover-01,954,room karaoke near me,room karaoke near me,GBP,50,encoded_band,10,100,returned,-1,-1,Unknown,,,,,,,2025-08-01,2026-07-31,United Kingdom,English,Google Search,country,2026-09-08,70fbd70d057b238cee57df3db043a3eea72e89573d2278812516bf8fcdf617ca
raw/gkp-discover-01-whats-on-things-to-do.csv,discover,gkp-discover-01,955,russian karaoke near me,russian karaoke near me,GBP,50,encoded_band,10,100,returned,,0,Low,0,,,,,,2025-08-01,2026-07-31,United Kingdom,English,Google Search,country,2026-09-08,70fbd70d057b238cee57df3db043a3eea72e89573d2278812516bf8fcdf617ca
raw/gkp-discover-01-whats-on-things-to-do.csv,discover,gkp-discover-01,956,saturday karaoke bars near me,saturday karaoke bars near me,GBP,50,encoded_band,10,100,returned,0,0,Unknown,,,,,,,2025-08-01,2026-07-31,United Kingdom,English,Google Search,country,2026-09-08,70fbd70d057b238cee57df3db043a3eea72e89573d2278812516bf8fcdf617ca
raw/gkp-discover-01-whats-on-things-to-do.csv,discover,gkp-discover-01,957,saturday night bar trivia near me,saturday night bar trivia near me,GBP,50,encoded_band,10,100,returned,0,0,Unknown,,,,,,,2025-08-01,2026-07-31,United Kingdom,English,Google Search,country,2026-09-08,70fbd70d057b238cee57df3db043a3eea72e89573d2278812516bf8fcdf617ca
raw/gkp-discover-01-whats-on-things-to-do.csv,discover,gkp-discover-01,958,saturday night bingo in my area,saturday night bingo in my area,GBP,0,encoded_band,0,0,zero,0,0,Unknown,,,,,,,2025-08-01,2026-07-31,United Kingdom,English,Google Search,country,2026-09-08,70fbd70d057b238cee57df3db043a3eea72e89573d2278812516bf8fcdf617ca
raw/gkp-discover-01-whats-on-things-to-do.csv,discover,gkp-discover-01,959,saturday night karaoke bars near me,saturday night karaoke bars near me,GBP,50,encoded_band,10,100,returned,0,,Low,0,,,,,,2025-08-01,2026-07-31,United Kingdom,English,Google Search,country,2026-09-08,70fbd70d057b238cee57df3db043a3eea72e89573d2278812516bf8fcdf617ca
raw/gkp-discover-01-whats-on-things-to-do.csv,discover,gkp-discover-01,960,saturday night pub quiz near me,saturday night pub quiz near me,GBP,50,encoded_band,10,100,returned,0,0,Low,3,,,,,,2025-08-01,2026-07-31,United Kingdom,English,Google Search,country,2026-09-08,70fbd70d057b238cee57df3db043a3eea72e89573d2278812516bf8fcdf617ca
raw/gkp-discover-01-whats-on-things-to-do.csv,discover,gkp-discover-01,961,saturday night trivia near me,saturday night trivia near me,GBP,50,encoded_band,10,100,returned,0,0,Low,0,,,,,,2025-08-01,2026-07-31,United Kingdom,English,Google Search,country,2026-09-08,70fbd70d057b238cee57df3db043a3eea72e89573d2278812516bf8fcdf617ca
raw/gkp-discover-01-whats-on-things-to-do.csv,discover,gkp-discover-01,962,saturday pub quiz near me,saturday pub quiz near me,GBP,50,encoded_band,10,100,returned,0,0,Low,5,,,,,,2025-08-01,2026-07-31,United Kingdom,English,Google Search,country,2026-09-08,70fbd70d057b238cee57df3db043a3eea72e89573d2278812516bf8fcdf617ca
raw/gkp-discover-01-whats-on-things-to-do.csv,discover,gkp-discover-01,963,saturday quiz night near me,saturday quiz night near me,GBP,50,encoded_band,10,100,returned,0,0,Low,4,,,,,,2025-08-01,2026-07-31,United Kingdom,English,Google Search,country,2026-09-08,70fbd70d057b238cee57df3db043a3eea72e89573d2278812516bf8fcdf617ca
raw/gkp-discover-01-whats-on-things-to-do.csv,discover,gkp-discover-01,964,saturday trivia night near me,saturday trivia night near me,GBP,50,encoded_band,10,100,returned,0,0,Low,0,,,,,,2025-08-01,2026-07-31,United Kingdom,English,Google Search,country,2026-09-08,70fbd70d057b238cee57df3db043a3eea72e89573d2278812516bf8fcdf617ca
raw/gkp-discover-01-whats-on-things-to-do.csv,discover,gkp-discover-01,965,seafood karaoke near me,seafood karaoke near me,GBP,0,encoded_band,0,0,zero,0,0,Unknown,,,,,,,2025-08-01,2026-07-31,United Kingdom,English,Google Search,country,2026-09-08,70fbd70d057b238cee57df3db043a3eea72e89573d2278812516bf8fcdf617ca
raw/gkp-discover-01-whats-on-things-to-do.csv,discover,gkp-discover-01,966,sing along bar near me,sing along bar near me,GBP,50,encoded_band,10,100,returned,0,0,Low,24,,,,,,2025-08-01,2026-07-31,United Kingdom,English,Google Search,country,2026-09-08,70fbd70d057b238cee57df3db043a3eea72e89573d2278812516bf8fcdf617ca
raw/gkp-discover-01-whats-on-things-to-do.csv,discover,gkp-discover-01,967,sing karaoke near me,sing karaoke near me,GBP,50,encoded_band,10,100,returned,0,0,Medium,43,,,,,,2025-08-01,2026-07-31,United Kingdom,English,Google Search,country,2026-09-08,70fbd70d057b238cee57df3db043a3eea72e89573d2278812516bf8fcdf617ca
raw/gkp-discover-01-whats-on-things-to-do.csv,discover,gkp-discover-01,968,singing bars near me,singing bars near me,GBP,50,encoded_band,10,100,returned,0,0,Low,2,,,,,,2025-08-01,2026-07-31,United Kingdom,English,Google Search,country,2026-09-08,70fbd70d057b238cee57df3db043a3eea72e89573d2278812516bf8fcdf617ca
raw/gkp-discover-01-whats-on-things-to-do.csv,discover,gkp-discover-01,969,singing rooms near me,singing rooms near me,GBP,50,encoded_band,10,100,returned,0,0,Medium,43,,,,,,2025-08-01,2026-07-31,United Kingdom,English,Google Search,country,2026-09-08,70fbd70d057b238cee57df3db043a3eea72e89573d2278812516bf8fcdf617ca
raw/gkp-discover-01-whats-on-things-to-do.csv,discover,gkp-discover-01,970,single room karaoke near me,single room karaoke near me,GBP,50,encoded_band,10,100,returned,0,0,Unknown,,,,,,,2025-08-01,2026-07-31,United Kingdom,English,Google Search,country,2026-09-08,70fbd70d057b238cee57df3db043a3eea72e89573d2278812516bf8fcdf617ca
raw/gkp-discover-01-whats-on-things-to-do.csv,discover,gkp-discover-01,971,solo karaoke near me,solo karaoke near me,GBP,50,encoded_band,10,100,returned,0,0,Low,28,,,,,,2025-08-01,2026-07-31,United Kingdom,English,Google Search,country,2026-09-08,70fbd70d057b238cee57df3db043a3eea72e89573d2278812516bf8fcdf617ca
raw/gkp-discover-01-whats-on-things-to-do.csv,discover,gkp-discover-01,972,soundproof karaoke room near me,soundproof karaoke room near me,GBP,50,encoded_band,10,100,returned,0,0,Medium,50,,,,,,2025-08-01,2026-07-31,United Kingdom,English,Google Search,country,2026-09-08,70fbd70d057b238cee57df3db043a3eea72e89573d2278812516bf8fcdf617ca
raw/gkp-discover-01-whats-on-things-to-do.csv,discover,gkp-discover-01,973,spanish karaoke bar near me,spanish karaoke bar near me,GBP,0,encoded_band,0,0,zero,0,0,Unknown,,,,,,,2025-08-01,2026-07-31,United Kingdom,English,Google Search,country,2026-09-08,70fbd70d057b238cee57df3db043a3eea72e89573d2278812516bf8fcdf617ca
raw/gkp-discover-01-whats-on-things-to-do.csv,discover,gkp-discover-01,974,spanish karaoke near me,spanish karaoke near me,GBP,50,encoded_band,10,100,returned,-1,0,Unknown,,,,,,,2025-08-01,2026-07-31,United Kingdom,English,Google Search,country,2026-09-08,70fbd70d057b238cee57df3db043a3eea72e89573d2278812516bf8fcdf617ca
raw/gkp-discover-01-whats-on-things-to-do.csv,discover,gkp-discover-01,975,spanish karaoke near me tonight,spanish karaoke near me tonight,GBP,0,encoded_band,0,0,zero,0,0,Unknown,,,,,,,2025-08-01,2026-07-31,United Kingdom,English,Google Search,country,2026-09-08,70fbd70d057b238cee57df3db043a3eea72e89573d2278812516bf8fcdf617ca
raw/gkp-discover-01-whats-on-things-to-do.csv,discover,gkp-discover-01,976,staines attractions,staines attractions,GBP,500,encoded_band,100,1000,returned,0,0,High,100,0.25,1.48,,,,2025-08-01,2026-07-31,United Kingdom,English,Google Search,country,2026-09-08,70fbd70d057b238cee57df3db043a3eea72e89573d2278812516bf8fcdf617ca
raw/gkp-discover-01-whats-on-things-to-do.csv,discover,gkp-discover-01,977,staines things to do,staines things to do,GBP,50,encoded_band,10,100,returned,0,0,High,100,,,,,,2025-08-01,2026-07-31,United Kingdom,English,Google Search,country,2026-09-08,70fbd70d057b238cee57df3db043a3eea72e89573d2278812516bf8fcdf617ca
raw/gkp-discover-01-whats-on-things-to-do.csv,discover,gkp-discover-01,978,staines upon thames things to do,staines upon thames things to do,GBP,50,encoded_band,10,100,returned,0,0,High,100,,,,,,2025-08-01,2026-07-31,United Kingdom,English,Google Search,country,2026-09-08,70fbd70d057b238cee57df3db043a3eea72e89573d2278812516bf8fcdf617ca
raw/gkp-discover-01-whats-on-things-to-do.csv,discover,gkp-discover-01,979,star wars trivia near me,star wars trivia near me,GBP,50,encoded_band,10,100,returned,-1,-1,Unknown,,,,,,,2025-08-01,2026-07-31,United Kingdom,English,Google Search,country,2026-09-08,70fbd70d057b238cee57df3db043a3eea72e89573d2278812516bf8fcdf617ca
raw/gkp-discover-01-whats-on-things-to-do.csv,discover,gkp-discover-01,980,sunday bar trivia near me,sunday bar trivia near me,GBP,0,encoded_band,0,0,zero,0,0,Unknown,,,,,,,2025-08-01,2026-07-31,United Kingdom,English,Google Search,country,2026-09-08,70fbd70d057b238cee57df3db043a3eea72e89573d2278812516bf8fcdf617ca
raw/gkp-discover-01-whats-on-things-to-do.csv,discover,gkp-discover-01,981,sunday karaoke bars near me,sunday karaoke bars near me,GBP,50,encoded_band,10,100,returned,0,0,Low,0,,,,,,2025-08-01,2026-07-31,United Kingdom,English,Google Search,country,2026-09-08,70fbd70d057b238cee57df3db043a3eea72e89573d2278812516bf8fcdf617ca
raw/gkp-discover-01-whats-on-things-to-do.csv,discover,gkp-discover-01,982,sunday night bingo near me,sunday night bingo near me,GBP,50,encoded_band,10,100,returned,0,0,Low,0,,,,,,2025-08-01,2026-07-31,United Kingdom,English,Google Search,country,2026-09-08,70fbd70d057b238cee57df3db043a3eea72e89573d2278812516bf8fcdf617ca
raw/gkp-discover-01-whats-on-things-to-do.csv,discover,gkp-discover-01,983,sunday night pub quiz near me,sunday night pub quiz near me,GBP,50,encoded_band,10,100,returned,0,0,Low,6,,,,,,2025-08-01,2026-07-31,United Kingdom,English,Google Search,country,2026-09-08,70fbd70d057b238cee57df3db043a3eea72e89573d2278812516bf8fcdf617ca
raw/gkp-discover-01-whats-on-things-to-do.csv,discover,gkp-discover-01,984,sunday night quiz near me,sunday night quiz near me,GBP,50,encoded_band,10,100,returned,0,0,Low,4,,,,,,2025-08-01,2026-07-31,United Kingdom,English,Google Search,country,2026-09-08,70fbd70d057b238cee57df3db043a3eea72e89573d2278812516bf8fcdf617ca
raw/gkp-discover-01-whats-on-things-to-do.csv,discover,gkp-discover-01,985,sunday night trivia near me,sunday night trivia near me,GBP,50,encoded_band,10,100,returned,0,0,Unknown,,,,,,,2025-08-01,2026-07-31,United Kingdom,English,Google Search,country,2026-09-08,70fbd70d057b238cee57df3db043a3eea72e89573d2278812516bf8fcdf617ca
raw/gkp-discover-01-whats-on-things-to-do.csv,discover,gkp-discover-01,986,sunday pub quiz near me,sunday pub quiz near me,GBP,500,encoded_band,100,1000,returned,0,0,Low,9,,,,,,2025-08-01,2026-07-31,United Kingdom,English,Google Search,country,2026-09-08,70fbd70d057b238cee57df3db043a3eea72e89573d2278812516bf8fcdf617ca
raw/gkp-discover-01-whats-on-things-to-do.csv,discover,gkp-discover-01,987,sunday quiz near me,sunday quiz near me,GBP,50,encoded_band,10,100,returned,0,0,Low,4,,,,,,2025-08-01,2026-07-31,United Kingdom,English,Google Search,country,2026-09-08,70fbd70d057b238cee57df3db043a3eea72e89573d2278812516bf8fcdf617ca
raw/gkp-discover-01-whats-on-things-to-do.csv,discover,gkp-discover-01,988,sunday quiz night near me,sunday quiz night near me,GBP,50,encoded_band,10,100,returned,0,0,Low,1,,,,,,2025-08-01,2026-07-31,United Kingdom,English,Google Search,country,2026-09-08,70fbd70d057b238cee57df3db043a3eea72e89573d2278812516bf8fcdf617ca
raw/gkp-discover-01-whats-on-things-to-do.csv,discover,gkp-discover-01,989,sunday trivia near me,sunday trivia near me,GBP,50,encoded_band,10,100,returned,-1,-1,Unknown,,,,,,,2025-08-01,2026-07-31,United Kingdom,English,Google Search,country,2026-09-08,70fbd70d057b238cee57df3db043a3eea72e89573d2278812516bf8fcdf617ca
raw/gkp-discover-01-whats-on-things-to-do.csv,discover,gkp-discover-01,990,sunday trivia night near me,sunday trivia night near me,GBP,50,encoded_band,10,100,returned,0,0,Unknown,,,,,,,2025-08-01,2026-07-31,United Kingdom,English,Google Search,country,2026-09-08,70fbd70d057b238cee57df3db043a3eea72e89573d2278812516bf8fcdf617ca
raw/gkp-discover-01-whats-on-things-to-do.csv,discover,gkp-discover-01,991,sushi and karaoke near me,sushi and karaoke near me,GBP,50,encoded_band,10,100,returned,0,0,Low,11,,,,,,2025-08-01,2026-07-31,United Kingdom,English,Google Search,country,2026-09-08,70fbd70d057b238cee57df3db043a3eea72e89573d2278812516bf8fcdf617ca
raw/gkp-discover-01-whats-on-things-to-do.csv,discover,gkp-discover-01,992,sushi karaoke bar near me,sushi karaoke bar near me,GBP,50,encoded_band,10,100,returned,0,0,Unknown,,,,,,,2025-08-01,2026-07-31,United Kingdom,English,Google Search,country,2026-09-08,70fbd70d057b238cee57df3db043a3eea72e89573d2278812516bf8fcdf617ca
raw/gkp-discover-01-whats-on-things-to-do.csv,discover,gkp-discover-01,993,sushi karaoke near me,sushi karaoke near me,GBP,50,encoded_band,10,100,returned,0,0,Medium,48,,,,,,2025-08-01,2026-07-31,United Kingdom,English,Google Search,country,2026-09-08,70fbd70d057b238cee57df3db043a3eea72e89573d2278812516bf8fcdf617ca
raw/gkp-discover-01-whats-on-things-to-do.csv,discover,gkp-discover-01,994,table quiz near me,table quiz near me,GBP,50,encoded_band,10,100,returned,0,0,Low,0,,,,,,2025-08-01,2026-07-31,United Kingdom,English,Google Search,country,2026-09-08,70fbd70d057b238cee57df3db043a3eea72e89573d2278812516bf8fcdf617ca
raw/gkp-discover-01-whats-on-things-to-do.csv,discover,gkp-discover-01,995,tamil karaoke near me,tamil karaoke near me,GBP,50,encoded_band,10,100,returned,0,0,Low,18,,,,,,2025-08-01,2026-07-31,United Kingdom,English,Google Search,country,2026-09-08,70fbd70d057b238cee57df3db043a3eea72e89573d2278812516bf8fcdf617ca
raw/gkp-discover-01-whats-on-things-to-do.csv,discover,gkp-discover-01,996,tavern with live music near me,tavern with live music near me,GBP,50,encoded_band,10,100,returned,0,0,Low,0,,,,,,2025-08-01,2026-07-31,United Kingdom,English,Google Search,country,2026-09-08,70fbd70d057b238cee57df3db043a3eea72e89573d2278812516bf8fcdf617ca
raw/gkp-discover-01-whats-on-things-to-do.csv,discover,gkp-discover-01,997,the best karaoke near me,the best karaoke near me,GBP,50,encoded_band,10,100,returned,0,-1,Unknown,,,,,,,2025-08-01,2026-07-31,United Kingdom,English,Google Search,country,2026-09-08,70fbd70d057b238cee57df3db043a3eea72e89573d2278812516bf8fcdf617ca
raw/gkp-discover-01-whats-on-things-to-do.csv,discover,gkp-discover-01,998,the nearest karaoke,the nearest karaoke,GBP,50,encoded_band,10,100,returned,0,-1,Unknown,,,,,,,2025-08-01,2026-07-31,United Kingdom,English,Google Search,country,2026-09-08,70fbd70d057b238cee57df3db043a3eea72e89573d2278812516bf8fcdf617ca
raw/gkp-discover-01-whats-on-things-to-do.csv,discover,gkp-discover-01,999,the nearest karaoke bar,the nearest karaoke bar,GBP,50,encoded_band,10,100,returned,,,Low,32,,,,,,2025-08-01,2026-07-31,United Kingdom,English,Google Search,country,2026-09-08,70fbd70d057b238cee57df3db043a3eea72e89573d2278812516bf8fcdf617ca
raw/gkp-discover-01-whats-on-things-to-do.csv,discover,gkp-discover-01,1000,things on bank holiday monday near me,things on bank holiday monday near me,GBP,50,encoded_band,10,100,returned,-0.9,0,High,86,,,,,,2025-08-01,2026-07-31,United Kingdom,English,Google Search,country,2026-09-08,70fbd70d057b238cee57df3db043a3eea72e89573d2278812516bf8fcdf617ca
raw/gkp-discover-01-whats-on-things-to-do.csv,discover,gkp-discover-01,1001,things on bank holiday weekend near me,things on bank holiday weekend near me,GBP,50,encoded_band,10,100,returned,-0.9,0,Low,13,,,,,,2025-08-01,2026-07-31,United Kingdom,English,Google Search,country,2026-09-08,70fbd70d057b238cee57df3db043a3eea72e89573d2278812516bf8fcdf617ca
raw/gkp-discover-01-whats-on-things-to-do.csv,discover,gkp-discover-01,1002,things on near me bank holiday,things on near me bank holiday,GBP,50,encoded_band,10,100,returned,-1,0,Unknown,,,,,,,2025-08-01,2026-07-31,United Kingdom,English,Google Search,country,2026-09-08,70fbd70d057b238cee57df3db043a3eea72e89573d2278812516bf8fcdf617ca
raw/gkp-discover-01-whats-on-things-to-do.csv,discover,gkp-discover-01,1003,things on this bank holiday near me,things on this bank holiday near me,GBP,50,encoded_band,10,100,returned,-1,0,Unknown,,,,,,,2025-08-01,2026-07-31,United Kingdom,English,Google Search,country,2026-09-08,70fbd70d057b238cee57df3db043a3eea72e89573d2278812516bf8fcdf617ca
raw/gkp-discover-01-whats-on-things-to-do.csv,discover,gkp-discover-01,1004,things to do around here this weekend,things to do around here this weekend,GBP,50,encoded_band,10,100,returned,-1,-1,Unknown,,,,,,,2025-08-01,2026-07-31,United Kingdom,English,Google Search,country,2026-09-08,70fbd70d057b238cee57df3db043a3eea72e89573d2278812516bf8fcdf617ca
raw/gkp-discover-01-whats-on-things-to-do.csv,discover,gkp-discover-01,1005,things to do around me next weekend,things to do around me next weekend,GBP,50,encoded_band,10,100,returned,-1,0,Unknown,,,,,,,2025-08-01,2026-07-31,United Kingdom,English,Google Search,country,2026-09-08,70fbd70d057b238cee57df3db043a3eea72e89573d2278812516bf8fcdf617ca
raw/gkp-discover-01-whats-on-things-to-do.csv,discover,gkp-discover-01,1006,things to do around staines,things to do around staines,GBP,50,encoded_band,10,100,returned,0,0,High,100,,,,,,2025-08-01,2026-07-31,United Kingdom,English,Google Search,country,2026-09-08,70fbd70d057b238cee57df3db043a3eea72e89573d2278812516bf8fcdf617ca
raw/gkp-discover-01-whats-on-things-to-do.csv,discover,gkp-discover-01,1007,things to do at weekend near me,things to do at weekend near me,GBP,50,encoded_band,10,100,returned,0,0,High,92,0.31,1.24,,,,2025-08-01,2026-07-31,United Kingdom,English,Google Search,country,2026-09-08,70fbd70d057b238cee57df3db043a3eea72e89573d2278812516bf8fcdf617ca
raw/gkp-discover-01-whats-on-things-to-do.csv,discover,gkp-discover-01,1008,things to do august bank holiday near me,things to do august bank holiday near me,GBP,50,encoded_band,10,100,returned,0,0,Low,9,,,,,,2025-08-01,2026-07-31,United Kingdom,English,Google Search,country,2026-09-08,70fbd70d057b238cee57df3db043a3eea72e89573d2278812516bf8fcdf617ca
raw/gkp-discover-01-whats-on-things-to-do.csv,discover,gkp-discover-01,1009,things to do for weekend near me,things to do for weekend near me,GBP,50,encoded_band,10,100,returned,,0,High,90,,,,,,2025-08-01,2026-07-31,United Kingdom,English,Google Search,country,2026-09-08,70fbd70d057b238cee57df3db043a3eea72e89573d2278812516bf8fcdf617ca
raw/gkp-discover-01-whats-on-things-to-do.csv,discover,gkp-discover-01,1010,things to do in staines at night,things to do in staines at night,GBP,50,encoded_band,10,100,returned,0,0,High,100,,,,,,2025-08-01,2026-07-31,United Kingdom,English,Google Search,country,2026-09-08,70fbd70d057b238cee57df3db043a3eea72e89573d2278812516bf8fcdf617ca
raw/gkp-discover-01-whats-on-things-to-do.csv,discover,gkp-discover-01,1011,things to do in staines evening,things to do in staines evening,GBP,50,encoded_band,10,100,returned,0,0,High,100,,,,,,2025-08-01,2026-07-31,United Kingdom,English,Google Search,country,2026-09-08,70fbd70d057b238cee57df3db043a3eea72e89573d2278812516bf8fcdf617ca
raw/gkp-discover-01-whats-on-things-to-do.csv,discover,gkp-discover-01,1012,things to do in staines today,things to do in staines today,GBP,50,encoded_band,10,100,returned,0,0,High,100,,,,,,2025-08-01,2026-07-31,United Kingdom,English,Google Search,country,2026-09-08,70fbd70d057b238cee57df3db043a3eea72e89573d2278812516bf8fcdf617ca
raw/gkp-discover-01-whats-on-things-to-do.csv,discover,gkp-discover-01,1013,things to do in staines uk,things to do in staines uk,GBP,500,encoded_band,100,1000,returned,0,0,High,100,0.25,1.48,,,,2025-08-01,2026-07-31,United Kingdom,English,Google Search,country,2026-09-08,70fbd70d057b238cee57df3db043a3eea72e89573d2278812516bf8fcdf617ca
raw/gkp-discover-01-whats-on-things-to-do.csv,discover,gkp-discover-01,1014,things to do in staines upon thames,things to do in staines upon thames,GBP,500,encoded_band,100,1000,returned,0,0,High,100,0.25,1.48,,,,2025-08-01,2026-07-31,United Kingdom,English,Google Search,country,2026-09-08,70fbd70d057b238cee57df3db043a3eea72e89573d2278812516bf8fcdf617ca
raw/gkp-discover-01-whats-on-things-to-do.csv,discover,gkp-discover-01,1015,things to do in the weekend near me,things to do in the weekend near me,GBP,50,encoded_band,10,100,returned,0,0,Low,0,,,,,,2025-08-01,2026-07-31,United Kingdom,English,Google Search,country,2026-09-08,70fbd70d057b238cee57df3db043a3eea72e89573d2278812516bf8fcdf617ca
raw/gkp-discover-01-whats-on-things-to-do.csv,discover,gkp-discover-01,1016,things to do local this weekend,things to do local this weekend,GBP,50,encoded_band,10,100,returned,0,0,Medium,39,0.29,1.27,,,,2025-08-01,2026-07-31,United Kingdom,English,Google Search,country,2026-09-08,70fbd70d057b238cee57df3db043a3eea72e89573d2278812516bf8fcdf617ca
raw/gkp-discover-01-whats-on-things-to-do.csv,discover,gkp-discover-01,1017,things to do may bank holiday near me,things to do may bank holiday near me,GBP,50,encoded_band,10,100,returned,-1,0,Unknown,,,,,,,2025-08-01,2026-07-31,United Kingdom,English,Google Search,country,2026-09-08,70fbd70d057b238cee57df3db043a3eea72e89573d2278812516bf8fcdf617ca
raw/gkp-discover-01-whats-on-things-to-do.csv,discover,gkp-discover-01,1018,things to do near here this weekend,things to do near here this weekend,GBP,50,encoded_band,10,100,returned,0,0,Medium,50,,,,,,2025-08-01,2026-07-31,United Kingdom,English,Google Search,country,2026-09-08,70fbd70d057b238cee57df3db043a3eea72e89573d2278812516bf8fcdf617ca
raw/gkp-discover-01-whats-on-things-to-do.csv,discover,gkp-discover-01,1019,things to do near me at the weekend,things to do near me at the weekend,GBP,5000,encoded_band,1000,10000,returned,0,0,High,100,0.32,1.22,,,,2025-08-01,2026-07-31,United Kingdom,English,Google Search,country,2026-09-08,70fbd70d057b238cee57df3db043a3eea72e89573d2278812516bf8fcdf617ca
raw/gkp-discover-01-whats-on-things-to-do.csv,discover,gkp-discover-01,1020,things to do near me august bank holiday,things to do near me august bank holiday,GBP,50,encoded_band,10,100,returned,,0,Medium,48,,,,,,2025-08-01,2026-07-31,United Kingdom,English,Google Search,country,2026-09-08,70fbd70d057b238cee57df3db043a3eea72e89573d2278812516bf8fcdf617ca
raw/gkp-discover-01-whats-on-things-to-do.csv,discover,gkp-discover-01,1021,things to do near me bank holiday monday,things to do near me bank holiday monday,GBP,500,encoded_band,100,1000,returned,-0.9,0,Low,0,,,,,,2025-08-01,2026-07-31,United Kingdom,English,Google Search,country,2026-09-08,70fbd70d057b238cee57df3db043a3eea72e89573d2278812516bf8fcdf617ca
raw/gkp-discover-01-whats-on-things-to-do.csv,discover,gkp-discover-01,1022,things to do near me events today,things to do near me events today,GBP,50,encoded_band,10,100,returned,0,0,Low,0,,,,,,2025-08-01,2026-07-31,United Kingdom,English,Google Search,country,2026-09-08,70fbd70d057b238cee57df3db043a3eea72e89573d2278812516bf8fcdf617ca
raw/gkp-discover-01-whats-on-things-to-do.csv,discover,gkp-discover-01,1023,things to do near me for a weekend,things to do near me for a weekend,GBP,50,encoded_band,10,100,returned,0,-1,Unknown,,,,,,,2025-08-01,2026-07-31,United Kingdom,English,Google Search,country,2026-09-08,70fbd70d057b238cee57df3db043a3eea72e89573d2278812516bf8fcdf617ca
raw/gkp-discover-01-whats-on-things-to-do.csv,discover,gkp-discover-01,1024,things to do near me may bank holiday,things to do near me may bank holiday,GBP,50,encoded_band,10,100,returned,-1,0,Unknown,,,,,,,2025-08-01,2026-07-31,United Kingdom,English,Google Search,country,2026-09-08,70fbd70d057b238cee57df3db043a3eea72e89573d2278812516bf8fcdf617ca
raw/gkp-discover-01-whats-on-things-to-do.csv,discover,gkp-discover-01,1025,things to do near me on weekends,things to do near me on weekends,GBP,50,encoded_band,10,100,returned,0,0,High,90,,,,,,2025-08-01,2026-07-31,United Kingdom,English,Google Search,country,2026-09-08,70fbd70d057b238cee57df3db043a3eea72e89573d2278812516bf8fcdf617ca
raw/gkp-discover-01-whats-on-things-to-do.csv,discover,gkp-discover-01,1026,things to do near me this bank holiday weekend,things to do near me this bank holiday weekend,GBP,50,encoded_band,10,100,returned,-1,-1,Unknown,,,,,,,2025-08-01,2026-07-31,United Kingdom,English,Google Search,country,2026-09-08,70fbd70d057b238cee57df3db043a3eea72e89573d2278812516bf8fcdf617ca
raw/gkp-discover-01-whats-on-things-to-do.csv,discover,gkp-discover-01,1027,things to do near my location this weekend,things to do near my location this weekend,GBP,50,encoded_band,10,100,returned,0,,Low,0,,,,,,2025-08-01,2026-07-31,United Kingdom,English,Google Search,country,2026-09-08,70fbd70d057b238cee57df3db043a3eea72e89573d2278812516bf8fcdf617ca
raw/gkp-discover-01-whats-on-things-to-do.csv,discover,gkp-discover-01,1028,things to do near near me this weekend,things to do near near me this weekend,GBP,50,encoded_band,10,100,returned,,,Low,29,,,,,,2025-08-01,2026-07-31,United Kingdom,English,Google Search,country,2026-09-08,70fbd70d057b238cee57df3db043a3eea72e89573d2278812516bf8fcdf617ca
raw/gkp-discover-01-whats-on-things-to-do.csv,discover,gkp-discover-01,1029,things to do near staines,things to do near staines,GBP,50,encoded_band,10,100,returned,0,0,High,100,0.26,1.7,,,,2025-08-01,2026-07-31,United Kingdom,English,Google Search,country,2026-09-08,70fbd70d057b238cee57df3db043a3eea72e89573d2278812516bf8fcdf617ca
raw/gkp-discover-01-whats-on-things-to-do.csv,discover,gkp-discover-01,1030,things to do on a weekend near me,things to do on a weekend near me,GBP,5000,encoded_band,1000,10000,returned,0,0,High,100,0.32,1.22,,,,2025-08-01,2026-07-31,United Kingdom,English,Google Search,country,2026-09-08,70fbd70d057b238cee57df3db043a3eea72e89573d2278812516bf8fcdf617ca
raw/gkp-discover-01-whats-on-things-to-do.csv,discover,gkp-discover-01,1031,things to do on bank holiday weekend near me,things to do on bank holiday weekend near me,GBP,50,encoded_band,10,100,returned,-1,0,Unknown,,,,,,,2025-08-01,2026-07-31,United Kingdom,English,Google Search,country,2026-09-08,70fbd70d057b238cee57df3db043a3eea72e89573d2278812516bf8fcdf617ca
raw/gkp-discover-01-whats-on-things-to-do.csv,discover,gkp-discover-01,1032,things to do on this weekend near me,things to do on this weekend near me,GBP,50,encoded_band,10,100,returned,,0,Medium,64,,,,,,2025-08-01,2026-07-31,United Kingdom,English,Google Search,country,2026-09-08,70fbd70d057b238cee57df3db043a3eea72e89573d2278812516bf8fcdf617ca
raw/gkp-discover-01-whats-on-things-to-do.csv,discover,gkp-discover-01,1033,things to do this bank holiday weekend near me,things to do this bank holiday weekend near me,GBP,500,encoded_band,100,1000,returned,-0.9,0,Low,0,,,,,,2025-08-01,2026-07-31,United Kingdom,English,Google Search,country,2026-09-08,70fbd70d057b238cee57df3db043a3eea72e89573d2278812516bf8fcdf617ca
raw/gkp-discover-01-whats-on-things-to-do.csv,discover,gkp-discover-01,1034,things to do this thursday near me,things to do this thursday near me,GBP,500,encoded_band,100,1000,returned,0,0,High,71,0.31,0.91,,,,2025-08-01,2026-07-31,United Kingdom,English,Google Search,country,2026-09-08,70fbd70d057b238cee57df3db043a3eea72e89573d2278812516bf8fcdf617ca
raw/gkp-discover-01-whats-on-things-to-do.csv,discover,gkp-discover-01,1035,things to do this weekend near me this weekend,things to do this weekend near me this weekend,GBP,50,encoded_band,10,100,returned,0,0,Low,0,,,,,,2025-08-01,2026-07-31,United Kingdom,English,Google Search,country,2026-09-08,70fbd70d057b238cee57df3db043a3eea72e89573d2278812516bf8fcdf617ca
raw/gkp-discover-01-whats-on-things-to-do.csv,discover,gkp-discover-01,1036,things to do this weekend near my location,things to do this weekend near my location,GBP,0,encoded_band,0,0,zero,0,0,Unknown,,,,,,,2025-08-01,2026-07-31,United Kingdom,English,Google Search,country,2026-09-08,70fbd70d057b238cee57df3db043a3eea72e89573d2278812516bf8fcdf617ca
raw/gkp-discover-01-whats-on-things-to-do.csv,discover,gkp-discover-01,1037,things to do this weekend near ne,things to do this weekend near ne,GBP,50,encoded_band,10,100,returned,-1,-1,Unknown,,,,,,,2025-08-01,2026-07-31,United Kingdom,English,Google Search,country,2026-09-08,70fbd70d057b238cee57df3db043a3eea72e89573d2278812516bf8fcdf617ca
raw/gkp-discover-01-whats-on-things-to-do.csv,discover,gkp-discover-01,1038,things to do today near me this weekend,things to do today near me this weekend,GBP,50,encoded_band,10,100,returned,0,0,Low,0,,,,,,2025-08-01,2026-07-31,United Kingdom,English,Google Search,country,2026-09-08,70fbd70d057b238cee57df3db043a3eea72e89573d2278812516bf8fcdf617ca
raw/gkp-discover-01-whats-on-things-to-do.csv,discover,gkp-discover-01,1039,thursday bar trivia near me,thursday bar trivia near me,GBP,50,encoded_band,10,100,returned,0,0,Unknown,,,,,,,2025-08-01,2026-07-31,United Kingdom,English,Google Search,country,2026-09-08,70fbd70d057b238cee57df3db043a3eea72e89573d2278812516bf8fcdf617ca
raw/gkp-discover-01-whats-on-things-to-do.csv,discover,gkp-discover-01,1040,thursday night bar trivia near me,thursday night bar trivia near me,GBP,0,encoded_band,0,0,zero,0,0,Unknown,,,,,,,2025-08-01,2026-07-31,United Kingdom,English,Google Search,country,2026-09-08,70fbd70d057b238cee57df3db043a3eea72e89573d2278812516bf8fcdf617ca
raw/gkp-discover-01-whats-on-things-to-do.csv,discover,gkp-discover-01,1041,thursday night bingo in my area,thursday night bingo in my area,GBP,50,encoded_band,10,100,returned,-1,0,Unknown,,,,,,,2025-08-01,2026-07-31,United Kingdom,English,Google Search,country,2026-09-08,70fbd70d057b238cee57df3db043a3eea72e89573d2278812516bf8fcdf617ca
raw/gkp-discover-01-whats-on-things-to-do.csv,discover,gkp-discover-01,1042,thursday night karaoke bars near me,thursday night karaoke bars near me,GBP,50,encoded_band,10,100,returned,0,0,Unknown,,,,,,,2025-08-01,2026-07-31,United Kingdom,English,Google Search,country,2026-09-08,70fbd70d057b238cee57df3db043a3eea72e89573d2278812516bf8fcdf617ca
raw/gkp-discover-01-whats-on-things-to-do.csv,discover,gkp-discover-01,1043,thursday night pub quiz near me,thursday night pub quiz near me,GBP,50,encoded_band,10,100,returned,0,0,Low,2,,,,,,2025-08-01,2026-07-31,United Kingdom,English,Google Search,country,2026-09-08,70fbd70d057b238cee57df3db043a3eea72e89573d2278812516bf8fcdf617ca
raw/gkp-discover-01-whats-on-things-to-do.csv,discover,gkp-discover-01,1044,thursday night quiz near me,thursday night quiz near me,GBP,50,encoded_band,10,100,returned,0,0,Low,4,,,,,,2025-08-01,2026-07-31,United Kingdom,English,Google Search,country,2026-09-08,70fbd70d057b238cee57df3db043a3eea72e89573d2278812516bf8fcdf617ca
raw/gkp-discover-01-whats-on-things-to-do.csv,discover,gkp-discover-01,1045,thursday night trivia near me,thursday night trivia near me,GBP,50,encoded_band,10,100,returned,0,,Low,0,,,,,,2025-08-01,2026-07-31,United Kingdom,English,Google Search,country,2026-09-08,70fbd70d057b238cee57df3db043a3eea72e89573d2278812516bf8fcdf617ca
raw/gkp-discover-01-whats-on-things-to-do.csv,discover,gkp-discover-01,1046,thursday pub quiz near me,thursday pub quiz near me,GBP,500,encoded_band,100,1000,returned,0,0,Low,10,,,,,,2025-08-01,2026-07-31,United Kingdom,English,Google Search,country,2026-09-08,70fbd70d057b238cee57df3db043a3eea72e89573d2278812516bf8fcdf617ca
raw/gkp-discover-01-whats-on-things-to-do.csv,discover,gkp-discover-01,1047,thursday quiz night near me,thursday quiz night near me,GBP,50,encoded_band,10,100,returned,0,-0.9,Low,1,,,,,,2025-08-01,2026-07-31,United Kingdom,English,Google Search,country,2026-09-08,70fbd70d057b238cee57df3db043a3eea72e89573d2278812516bf8fcdf617ca
raw/gkp-discover-01-whats-on-things-to-do.csv,discover,gkp-discover-01,1048,thursday quiz nights near me,thursday quiz nights near me,GBP,50,encoded_band,10,100,returned,0,-0.9,Low,1,,,,,,2025-08-01,2026-07-31,United Kingdom,English,Google Search,country,2026-09-08,70fbd70d057b238cee57df3db043a3eea72e89573d2278812516bf8fcdf617ca
raw/gkp-discover-01-whats-on-things-to-do.csv,discover,gkp-discover-01,1049,thursday trivia near me,thursday trivia near me,GBP,50,encoded_band,10,100,returned,0,0,Low,0,,,,,,2025-08-01,2026-07-31,United Kingdom,English,Google Search,country,2026-09-08,70fbd70d057b238cee57df3db043a3eea72e89573d2278812516bf8fcdf617ca
raw/gkp-discover-01-whats-on-things-to-do.csv,discover,gkp-discover-01,1050,top karaoke bars near me,top karaoke bars near me,GBP,50,encoded_band,10,100,returned,0,0,Unknown,,,,,,,2025-08-01,2026-07-31,United Kingdom,English,Google Search,country,2026-09-08,70fbd70d057b238cee57df3db043a3eea72e89573d2278812516bf8fcdf617ca
raw/gkp-discover-01-whats-on-things-to-do.csv,discover,gkp-discover-01,1051,top things to do this weekend near me,top things to do this weekend near me,GBP,50,encoded_band,10,100,returned,0,0,Unknown,,,,,,,2025-08-01,2026-07-31,United Kingdom,English,Google Search,country,2026-09-08,70fbd70d057b238cee57df3db043a3eea72e89573d2278812516bf8fcdf617ca
raw/gkp-discover-01-whats-on-things-to-do.csv,discover,gkp-discover-01,1052,trivia around me,trivia around me,GBP,50,encoded_band,10,100,returned,0,0,Unknown,,,,,,,2025-08-01,2026-07-31,United Kingdom,English,Google Search,country,2026-09-08,70fbd70d057b238cee57df3db043a3eea72e89573d2278812516bf8fcdf617ca
raw/gkp-discover-01-whats-on-things-to-do.csv,discover,gkp-discover-01,1053,trivia around me tonight,trivia around me tonight,GBP,,encoded_band,,,absent,,,Unknown,,,,,,,2025-08-01,2026-07-31,United Kingdom,English,Google Search,country,2026-09-08,70fbd70d057b238cee57df3db043a3eea72e89573d2278812516bf8fcdf617ca
raw/gkp-discover-01-whats-on-things-to-do.csv,discover,gkp-discover-01,1054,trivia bar night near me,trivia bar night near me,GBP,0,encoded_band,0,0,zero,0,0,Unknown,,,,,,,2025-08-01,2026-07-31,United Kingdom,English,Google Search,country,2026-09-08,70fbd70d057b238cee57df3db043a3eea72e89573d2278812516bf8fcdf617ca
raw/gkp-discover-01-whats-on-things-to-do.csv,discover,gkp-discover-01,1055,trivia friday near me,trivia friday near me,GBP,50,encoded_band,10,100,returned,0,0,Unknown,,,,,,,2025-08-01,2026-07-31,United Kingdom,English,Google Search,country,2026-09-08,70fbd70d057b238cee57df3db043a3eea72e89573d2278812516bf8fcdf617ca
raw/gkp-discover-01-whats-on-things-to-do.csv,discover,gkp-discover-01,1056,trivia groups near me,trivia groups near me,GBP,50,encoded_band,10,100,returned,0,,Low,0,,,,,,2025-08-01,2026-07-31,United Kingdom,English,Google Search,country,2026-09-08,70fbd70d057b238cee57df3db043a3eea72e89573d2278812516bf8fcdf617ca
raw/gkp-discover-01-whats-on-things-to-do.csv,discover,gkp-discover-01,1057,trivia leagues near me,trivia leagues near me,GBP,50,encoded_band,10,100,returned,0,-1,Unknown,,,,,,,2025-08-01,2026-07-31,United Kingdom,English,Google Search,country,2026-09-08,70fbd70d057b238cee57df3db043a3eea72e89573d2278812516bf8fcdf617ca
raw/gkp-discover-01-whats-on-things-to-do.csv,discover,gkp-discover-01,1058,trivia monday near me,trivia monday near me,GBP,50,encoded_band,10,100,returned,-1,-1,Unknown,,,,,,,2025-08-01,2026-07-31,United Kingdom,English,Google Search,country,2026-09-08,70fbd70d057b238cee57df3db043a3eea72e89573d2278812516bf8fcdf617ca
raw/gkp-discover-01-whats-on-things-to-do.csv,discover,gkp-discover-01,1059,trivia near me friday,trivia near me friday,GBP,0,encoded_band,0,0,zero,0,0,Unknown,,,,,,,2025-08-01,2026-07-31,United Kingdom,English,Google Search,country,2026-09-08,70fbd70d057b238cee57df3db043a3eea72e89573d2278812516bf8fcdf617ca
raw/gkp-discover-01-whats-on-things-to-do.csv,discover,gkp-discover-01,1060,trivia near me monday,trivia near me monday,GBP,50,encoded_band,10,100,returned,,,Low,14,,,,,,2025-08-01,2026-07-31,United Kingdom,English,Google Search,country,2026-09-08,70fbd70d057b238cee57df3db043a3eea72e89573d2278812516bf8fcdf617ca
raw/gkp-discover-01-whats-on-things-to-do.csv,discover,gkp-discover-01,1061,trivia near me monday night,trivia near me monday night,GBP,50,encoded_band,10,100,returned,,,Low,0,,,,,,2025-08-01,2026-07-31,United Kingdom,English,Google Search,country,2026-09-08,70fbd70d057b238cee57df3db043a3eea72e89573d2278812516bf8fcdf617ca
raw/gkp-discover-01-whats-on-things-to-do.csv,discover,gkp-discover-01,1062,trivia near me now,trivia near me now,GBP,50,encoded_band,10,100,returned,0,-1,Unknown,,,,,,,2025-08-01,2026-07-31,United Kingdom,English,Google Search,country,2026-09-08,70fbd70d057b238cee57df3db043a3eea72e89573d2278812516bf8fcdf617ca
raw/gkp-discover-01-whats-on-things-to-do.csv,discover,gkp-discover-01,1063,trivia near me on thursday,trivia near me on thursday,GBP,50,encoded_band,10,100,returned,0,0,Unknown,,,,,,,2025-08-01,2026-07-31,United Kingdom,English,Google Search,country,2026-09-08,70fbd70d057b238cee57df3db043a3eea72e89573d2278812516bf8fcdf617ca
raw/gkp-discover-01-whats-on-things-to-do.csv,discover,gkp-discover-01,1064,trivia near me on wednesday,trivia near me on wednesday,GBP,50,encoded_band,10,100,returned,0,0,Low,4,,,,,,2025-08-01,2026-07-31,United Kingdom,English,Google Search,country,2026-09-08,70fbd70d057b238cee57df3db043a3eea72e89573d2278812516bf8fcdf617ca
raw/gkp-discover-01-whats-on-things-to-do.csv,discover,gkp-discover-01,1065,trivia near me sunday,trivia near me sunday,GBP,0,encoded_band,0,0,zero,0,0,Unknown,,,,,,,2025-08-01,2026-07-31,United Kingdom,English,Google Search,country,2026-09-08,70fbd70d057b238cee57df3db043a3eea72e89573d2278812516bf8fcdf617ca
raw/gkp-discover-01-whats-on-things-to-do.csv,discover,gkp-discover-01,1066,trivia near me thursday,trivia near me thursday,GBP,50,encoded_band,10,100,returned,,0,Low,7,,,,,,2025-08-01,2026-07-31,United Kingdom,English,Google Search,country,2026-09-08,70fbd70d057b238cee57df3db043a3eea72e89573d2278812516bf8fcdf617ca
raw/gkp-discover-01-whats-on-things-to-do.csv,discover,gkp-discover-01,1067,trivia near me thursday night,trivia near me thursday night,GBP,50,encoded_band,10,100,returned,,,Low,7,,,,,,2025-08-01,2026-07-31,United Kingdom,English,Google Search,country,2026-09-08,70fbd70d057b238cee57df3db043a3eea72e89573d2278812516bf8fcdf617ca
raw/gkp-discover-01-whats-on-things-to-do.csv,discover,gkp-discover-01,1068,trivia near me tuesday,trivia near me tuesday,GBP,50,encoded_band,10,100,returned,0,0,Unknown,,,,,,,2025-08-01,2026-07-31,United Kingdom,English,Google Search,country,2026-09-08,70fbd70d057b238cee57df3db043a3eea72e89573d2278812516bf8fcdf617ca
raw/gkp-discover-01-whats-on-things-to-do.csv,discover,gkp-discover-01,1069,trivia near me tuesday night,trivia near me tuesday night,GBP,50,encoded_band,10,100,returned,0,0,Unknown,,,,,,,2025-08-01,2026-07-31,United Kingdom,English,Google Search,country,2026-09-08,70fbd70d057b238cee57df3db043a3eea72e89573d2278812516bf8fcdf617ca
raw/gkp-discover-01-whats-on-things-to-do.csv,discover,gkp-discover-01,1070,trivia near me wednesday,trivia near me wednesday,GBP,50,encoded_band,10,100,returned,0,0,Low,4,,,,,,2025-08-01,2026-07-31,United Kingdom,English,Google Search,country,2026-09-08,70fbd70d057b238cee57df3db043a3eea72e89573d2278812516bf8fcdf617ca
raw/gkp-discover-01-whats-on-things-to-do.csv,discover,gkp-discover-01,1071,trivia near me wednesday night,trivia near me wednesday night,GBP,50,encoded_band,10,100,returned,0,-1,Unknown,,,,,,,2025-08-01,2026-07-31,United Kingdom,English,Google Search,country,2026-09-08,70fbd70d057b238cee57df3db043a3eea72e89573d2278812516bf8fcdf617ca
raw/gkp-discover-01-whats-on-things-to-do.csv,discover,gkp-discover-01,1072,trivia nearby,trivia nearby,GBP,50,encoded_band,10,100,returned,0,-1,Unknown,,,,,,,2025-08-01,2026-07-31,United Kingdom,English,Google Search,country,2026-09-08,70fbd70d057b238cee57df3db043a3eea72e89573d2278812516bf8fcdf617ca
raw/gkp-discover-01-whats-on-things-to-do.csv,discover,gkp-discover-01,1073,trivia night friday near me,trivia night friday near me,GBP,50,encoded_band,10,100,returned,0,,Low,0,,,,,,2025-08-01,2026-07-31,United Kingdom,English,Google Search,country,2026-09-08,70fbd70d057b238cee57df3db043a3eea72e89573d2278812516bf8fcdf617ca
raw/gkp-discover-01-whats-on-things-to-do.csv,discover,gkp-discover-01,1074,trivia night monday near me,trivia night monday near me,GBP,50,encoded_band,10,100,returned,0,0,Low,11,,,,,,2025-08-01,2026-07-31,United Kingdom,English,Google Search,country,2026-09-08,70fbd70d057b238cee57df3db043a3eea72e89573d2278812516bf8fcdf617ca
raw/gkp-discover-01-whats-on-things-to-do.csv,discover,gkp-discover-01,1075,trivia night near me friday,trivia night near me friday,GBP,50,encoded_band,10,100,returned,0,,Low,0,,,,,,2025-08-01,2026-07-31,United Kingdom,English,Google Search,country,2026-09-08,70fbd70d057b238cee57df3db043a3eea72e89573d2278812516bf8fcdf617ca
raw/gkp-discover-01-whats-on-things-to-do.csv,discover,gkp-discover-01,1076,trivia night near me this weekend,trivia night near me this weekend,GBP,0,encoded_band,0,0,zero,0,0,Unknown,,,,,,,2025-08-01,2026-07-31,United Kingdom,English,Google Search,country,2026-09-08,70fbd70d057b238cee57df3db043a3eea72e89573d2278812516bf8fcdf617ca
raw/gkp-discover-01-whats-on-things-to-do.csv,discover,gkp-discover-01,1077,trivia night near me thursday,trivia night near me thursday,GBP,50,encoded_band,10,100,returned,0,0,Unknown,,,,,,,2025-08-01,2026-07-31,United Kingdom,English,Google Search,country,2026-09-08,70fbd70d057b238cee57df3db043a3eea72e89573d2278812516bf8fcdf617ca
raw/gkp-discover-01-whats-on-things-to-do.csv,discover,gkp-discover-01,1078,trivia night near me today,trivia night near me today,GBP,50,encoded_band,10,100,returned,0,,Low,0,,,,,,2025-08-01,2026-07-31,United Kingdom,English,Google Search,country,2026-09-08,70fbd70d057b238cee57df3db043a3eea72e89573d2278812516bf8fcdf617ca
raw/gkp-discover-01-whats-on-things-to-do.csv,discover,gkp-discover-01,1079,trivia night near me tonight,trivia night near me tonight,GBP,50,encoded_band,10,100,returned,0,0,Low,14,,,,,,2025-08-01,2026-07-31,United Kingdom,English,Google Search,country,2026-09-08,70fbd70d057b238cee57df3db043a3eea72e89573d2278812516bf8fcdf617ca
raw/gkp-discover-01-whats-on-things-to-do.csv,discover,gkp-discover-01,1080,trivia night near me tuesday,trivia night near me tuesday,GBP,50,encoded_band,10,100,returned,0,0,Low,7,,,,,,2025-08-01,2026-07-31,United Kingdom,English,Google Search,country,2026-09-08,70fbd70d057b238cee57df3db043a3eea72e89573d2278812516bf8fcdf617ca
raw/gkp-discover-01-whats-on-things-to-do.csv,discover,gkp-discover-01,1081,trivia night near me wednesday,trivia night near me wednesday,GBP,50,encoded_band,10,100,returned,0,0,Low,4,,,,,,2025-08-01,2026-07-31,United Kingdom,English,Google Search,country,2026-09-08,70fbd70d057b238cee57df3db043a3eea72e89573d2278812516bf8fcdf617ca
raw/gkp-discover-01-whats-on-things-to-do.csv,discover,gkp-discover-01,1082,trivia night nearby,trivia night nearby,GBP,50,encoded_band,10,100,returned,0,,Low,7,,,,,,2025-08-01,2026-07-31,United Kingdom,English,Google Search,country,2026-09-08,70fbd70d057b238cee57df3db043a3eea72e89573d2278812516bf8fcdf617ca
raw/gkp-discover-01-whats-on-things-to-do.csv,discover,gkp-discover-01,1083,trivia night on thursday near me,trivia night on thursday near me,GBP,50,encoded_band,10,100,returned,0,-1,Unknown,,,,,,,2025-08-01,2026-07-31,United Kingdom,English,Google Search,country,2026-09-08,70fbd70d057b238cee57df3db043a3eea72e89573d2278812516bf8fcdf617ca
raw/gkp-discover-01-whats-on-things-to-do.csv,discover,gkp-discover-01,1084,trivia night on tuesday near me,trivia night on tuesday near me,GBP,0,encoded_band,0,0,zero,0,-1,Unknown,,,,,,,2025-08-01,2026-07-31,United Kingdom,English,Google Search,country,2026-09-08,70fbd70d057b238cee57df3db043a3eea72e89573d2278812516bf8fcdf617ca
raw/gkp-discover-01-whats-on-things-to-do.csv,discover,gkp-discover-01,1085,trivia night on wednesday near me,trivia night on wednesday near me,GBP,0,encoded_band,0,0,zero,0,-1,Unknown,,,,,,,2025-08-01,2026-07-31,United Kingdom,English,Google Search,country,2026-09-08,70fbd70d057b238cee57df3db043a3eea72e89573d2278812516bf8fcdf617ca
raw/gkp-discover-01-whats-on-things-to-do.csv,discover,gkp-discover-01,1086,trivia night sunday near me,trivia night sunday near me,GBP,50,encoded_band,10,100,returned,0,0,Unknown,,,,,,,2025-08-01,2026-07-31,United Kingdom,English,Google Search,country,2026-09-08,70fbd70d057b238cee57df3db043a3eea72e89573d2278812516bf8fcdf617ca
raw/gkp-discover-01-whats-on-things-to-do.csv,discover,gkp-discover-01,1087,trivia night thursday near me,trivia night thursday near me,GBP,50,encoded_band,10,100,returned,-1,-1,Unknown,,,,,,,2025-08-01,2026-07-31,United Kingdom,English,Google Search,country,2026-09-08,70fbd70d057b238cee57df3db043a3eea72e89573d2278812516bf8fcdf617ca
raw/gkp-discover-01-whats-on-things-to-do.csv,discover,gkp-discover-01,1088,trivia night tomorrow near me,trivia night tomorrow near me,GBP,50,encoded_band,10,100,returned,0,,Low,0,,,,,,2025-08-01,2026-07-31,United Kingdom,English,Google Search,country,2026-09-08,70fbd70d057b238cee57df3db043a3eea72e89573d2278812516bf8fcdf617ca
raw/gkp-discover-01-whats-on-things-to-do.csv,discover,gkp-discover-01,1089,trivia night tonight near me,trivia night tonight near me,GBP,50,encoded_band,10,100,returned,0,0,Low,14,,,,,,2025-08-01,2026-07-31,United Kingdom,English,Google Search,country,2026-09-08,70fbd70d057b238cee57df3db043a3eea72e89573d2278812516bf8fcdf617ca
raw/gkp-discover-01-whats-on-things-to-do.csv,discover,gkp-discover-01,1090,trivia night tuesday near me,trivia night tuesday near me,GBP,50,encoded_band,10,100,returned,0,0,Low,7,,,,,,2025-08-01,2026-07-31,United Kingdom,English,Google Search,country,2026-09-08,70fbd70d057b238cee57df3db043a3eea72e89573d2278812516bf8fcdf617ca
raw/gkp-discover-01-whats-on-things-to-do.csv,discover,gkp-discover-01,1091,trivia night wednesday near me,trivia night wednesday near me,GBP,50,encoded_band,10,100,returned,0,0,Low,4,,,,,,2025-08-01,2026-07-31,United Kingdom,English,Google Search,country,2026-09-08,70fbd70d057b238cee57df3db043a3eea72e89573d2278812516bf8fcdf617ca
raw/gkp-discover-01-whats-on-things-to-do.csv,discover,gkp-discover-01,1092,trivia on saturdays near me,trivia on saturdays near me,GBP,50,encoded_band,10,100,returned,0,0,Unknown,,,,,,,2025-08-01,2026-07-31,United Kingdom,English,Google Search,country,2026-09-08,70fbd70d057b238cee57df3db043a3eea72e89573d2278812516bf8fcdf617ca
raw/gkp-discover-01-whats-on-things-to-do.csv,discover,gkp-discover-01,1093,trivia on sunday near me,trivia on sunday near me,GBP,0,encoded_band,0,0,zero,0,0,Unknown,,,,,,,2025-08-01,2026-07-31,United Kingdom,English,Google Search,country,2026-09-08,70fbd70d057b238cee57df3db043a3eea72e89573d2278812516bf8fcdf617ca
raw/gkp-discover-01-whats-on-things-to-do.csv,discover,gkp-discover-01,1094,trivia on thursday near me,trivia on thursday near me,GBP,0,encoded_band,0,0,zero,0,-1,Unknown,,,,,,,2025-08-01,2026-07-31,United Kingdom,English,Google Search,country,2026-09-08,70fbd70d057b238cee57df3db043a3eea72e89573d2278812516bf8fcdf617ca
raw/gkp-discover-01-whats-on-things-to-do.csv,discover,gkp-discover-01,1095,trivia on thursday nights near me,trivia on thursday nights near me,GBP,50,encoded_band,10,100,returned,0,,Low,0,,,,,,2025-08-01,2026-07-31,United Kingdom,English,Google Search,country,2026-09-08,70fbd70d057b238cee57df3db043a3eea72e89573d2278812516bf8fcdf617ca
raw/gkp-discover-01-whats-on-things-to-do.csv,discover,gkp-discover-01,1096,trivia on wednesday near me,trivia on wednesday near me,GBP,50,encoded_band,10,100,returned,0,0,Low,4,,,,,,2025-08-01,2026-07-31,United Kingdom,English,Google Search,country,2026-09-08,70fbd70d057b238cee57df3db043a3eea72e89573d2278812516bf8fcdf617ca
raw/gkp-discover-01-whats-on-things-to-do.csv,discover,gkp-discover-01,1097,trivia pub near me,trivia pub near me,GBP,50,encoded_band,10,100,returned,0,0,Low,19,,,,,,2025-08-01,2026-07-31,United Kingdom,English,Google Search,country,2026-09-08,70fbd70d057b238cee57df3db043a3eea72e89573d2278812516bf8fcdf617ca
raw/gkp-discover-01-whats-on-things-to-do.csv,discover,gkp-discover-01,1098,trivia saturday near me,trivia saturday near me,GBP,50,encoded_band,10,100,returned,0,0,Unknown,,,,,,,2025-08-01,2026-07-31,United Kingdom,English,Google Search,country,2026-09-08,70fbd70d057b238cee57df3db043a3eea72e89573d2278812516bf8fcdf617ca
raw/gkp-discover-01-whats-on-things-to-do.csv,discover,gkp-discover-01,1099,trivia sunday near me,trivia sunday near me,GBP,0,encoded_band,0,0,zero,0,-1,Unknown,,,,,,,2025-08-01,2026-07-31,United Kingdom,English,Google Search,country,2026-09-08,70fbd70d057b238cee57df3db043a3eea72e89573d2278812516bf8fcdf617ca
raw/gkp-discover-01-whats-on-things-to-do.csv,discover,gkp-discover-01,1100,trivia sunday night near me,trivia sunday night near me,GBP,50,encoded_band,10,100,returned,-1,-1,Unknown,,,,,,,2025-08-01,2026-07-31,United Kingdom,English,Google Search,country,2026-09-08,70fbd70d057b238cee57df3db043a3eea72e89573d2278812516bf8fcdf617ca
raw/gkp-discover-01-whats-on-things-to-do.csv,discover,gkp-discover-01,1101,trivia today near me,trivia today near me,GBP,50,encoded_band,10,100,returned,0,-1,Unknown,,,,,,,2025-08-01,2026-07-31,United Kingdom,English,Google Search,country,2026-09-08,70fbd70d057b238cee57df3db043a3eea72e89573d2278812516bf8fcdf617ca
raw/gkp-discover-01-whats-on-things-to-do.csv,discover,gkp-discover-01,1102,trivia tomorrow near me,trivia tomorrow near me,GBP,50,encoded_band,10,100,returned,0,0,Unknown,,,,,,,2025-08-01,2026-07-31,United Kingdom,English,Google Search,country,2026-09-08,70fbd70d057b238cee57df3db043a3eea72e89573d2278812516bf8fcdf617ca
raw/gkp-discover-01-whats-on-things-to-do.csv,discover,gkp-discover-01,1103,trivia tuesday near me,trivia tuesday near me,GBP,50,encoded_band,10,100,returned,0,0,Low,6,,,,,,2025-08-01,2026-07-31,United Kingdom,English,Google Search,country,2026-09-08,70fbd70d057b238cee57df3db043a3eea72e89573d2278812516bf8fcdf617ca
raw/gkp-discover-01-whats-on-things-to-do.csv,discover,gkp-discover-01,1104,trivia wednesday night near me,trivia wednesday night near me,GBP,50,encoded_band,10,100,returned,0,0,Low,4,,,,,,2025-08-01,2026-07-31,United Kingdom,English,Google Search,country,2026-09-08,70fbd70d057b238cee57df3db043a3eea72e89573d2278812516bf8fcdf617ca
raw/gkp-discover-01-whats-on-things-to-do.csv,discover,gkp-discover-01,1105,tuesday bar trivia near me,tuesday bar trivia near me,GBP,0,encoded_band,0,0,zero,0,0,Unknown,,,,,,,2025-08-01,2026-07-31,United Kingdom,English,Google Search,country,2026-09-08,70fbd70d057b238cee57df3db043a3eea72e89573d2278812516bf8fcdf617ca
raw/gkp-discover-01-whats-on-things-to-do.csv,discover,gkp-discover-01,1106,tuesday bingo in my area,tuesday bingo in my area,GBP,0,encoded_band,0,0,zero,0,0,Unknown,,,,,,,2025-08-01,2026-07-31,United Kingdom,English,Google Search,country,2026-09-08,70fbd70d057b238cee57df3db043a3eea72e89573d2278812516bf8fcdf617ca
raw/gkp-discover-01-whats-on-things-to-do.csv,discover,gkp-discover-01,1107,tuesday karaoke night near me,tuesday karaoke night near me,GBP,50,encoded_band,10,100,returned,0,,Low,14,,,,,,2025-08-01,2026-07-31,United Kingdom,English,Google Search,country,2026-09-08,70fbd70d057b238cee57df3db043a3eea72e89573d2278812516bf8fcdf617ca
raw/gkp-discover-01-whats-on-things-to-do.csv,discover,gkp-discover-01,1108,tuesday night bar trivia near me,tuesday night bar trivia near me,GBP,0,encoded_band,0,0,zero,0,0,Unknown,,,,,,,2025-08-01,2026-07-31,United Kingdom,English,Google Search,country,2026-09-08,70fbd70d057b238cee57df3db043a3eea72e89573d2278812516bf8fcdf617ca
raw/gkp-discover-01-whats-on-things-to-do.csv,discover,gkp-discover-01,1109,tuesday night bingo in my area,tuesday night bingo in my area,GBP,50,encoded_band,10,100,returned,0,0,Unknown,,,,,,,2025-08-01,2026-07-31,United Kingdom,English,Google Search,country,2026-09-08,70fbd70d057b238cee57df3db043a3eea72e89573d2278812516bf8fcdf617ca
raw/gkp-discover-01-whats-on-things-to-do.csv,discover,gkp-discover-01,1110,tuesday night karaoke bars near me,tuesday night karaoke bars near me,GBP,50,encoded_band,10,100,returned,-1,0,Unknown,,,,,,,2025-08-01,2026-07-31,United Kingdom,English,Google Search,country,2026-09-08,70fbd70d057b238cee57df3db043a3eea72e89573d2278812516bf8fcdf617ca
raw/gkp-discover-01-whats-on-things-to-do.csv,discover,gkp-discover-01,1111,tuesday night pub quiz near me,tuesday night pub quiz near me,GBP,50,encoded_band,10,100,returned,0,0,Low,4,,,,,,2025-08-01,2026-07-31,United Kingdom,English,Google Search,country,2026-09-08,70fbd70d057b238cee57df3db043a3eea72e89573d2278812516bf8fcdf617ca
raw/gkp-discover-01-whats-on-things-to-do.csv,discover,gkp-discover-01,1112,tuesday night quiz near me,tuesday night quiz near me,GBP,50,encoded_band,10,100,returned,0,0,Low,8,,,,,,2025-08-01,2026-07-31,United Kingdom,English,Google Search,country,2026-09-08,70fbd70d057b238cee57df3db043a3eea72e89573d2278812516bf8fcdf617ca
raw/gkp-discover-01-whats-on-things-to-do.csv,discover,gkp-discover-01,1113,tuesday night trivia near me,tuesday night trivia near me,GBP,50,encoded_band,10,100,returned,0,0,Low,7,,,,,,2025-08-01,2026-07-31,United Kingdom,English,Google Search,country,2026-09-08,70fbd70d057b238cee57df3db043a3eea72e89573d2278812516bf8fcdf617ca
raw/gkp-discover-01-whats-on-things-to-do.csv,discover,gkp-discover-01,1114,tuesday pub quiz near me,tuesday pub quiz near me,GBP,500,encoded_band,100,1000,returned,9,0,Low,10,,,,,,2025-08-01,2026-07-31,United Kingdom,English,Google Search,country,2026-09-08,70fbd70d057b238cee57df3db043a3eea72e89573d2278812516bf8fcdf617ca
raw/gkp-discover-01-whats-on-things-to-do.csv,discover,gkp-discover-01,1115,tuesday quiz night near me,tuesday quiz night near me,GBP,50,encoded_band,10,100,returned,-0.9,-0.9,Low,2,,,,,,2025-08-01,2026-07-31,United Kingdom,English,Google Search,country,2026-09-08,70fbd70d057b238cee57df3db043a3eea72e89573d2278812516bf8fcdf617ca
raw/gkp-discover-01-whats-on-things-to-do.csv,discover,gkp-discover-01,1116,under 18 karaoke near me,under 18 karaoke near me,GBP,50,encoded_band,10,100,returned,0,0,Low,14,0.4,0.73,,,,2025-08-01,2026-07-31,United Kingdom,English,Google Search,country,2026-09-08,70fbd70d057b238cee57df3db043a3eea72e89573d2278812516bf8fcdf617ca
raw/gkp-discover-01-whats-on-things-to-do.csv,discover,gkp-discover-01,1117,upcoming events this weekend near me,upcoming events this weekend near me,GBP,50,encoded_band,10,100,returned,0,0,Medium,49,,,,,,2025-08-01,2026-07-31,United Kingdom,English,Google Search,country,2026-09-08,70fbd70d057b238cee57df3db043a3eea72e89573d2278812516bf8fcdf617ca
raw/gkp-discover-01-whats-on-things-to-do.csv,discover,gkp-discover-01,1118,upcoming trivia nights near me,upcoming trivia nights near me,GBP,50,encoded_band,10,100,returned,0,0,Unknown,,,,,,,2025-08-01,2026-07-31,United Kingdom,English,Google Search,country,2026-09-08,70fbd70d057b238cee57df3db043a3eea72e89573d2278812516bf8fcdf617ca
raw/gkp-discover-01-whats-on-things-to-do.csv,discover,gkp-discover-01,1119,videoke house near me,videoke house near me,GBP,50,encoded_band,10,100,returned,0,0,Unknown,,,,,,,2025-08-01,2026-07-31,United Kingdom,English,Google Search,country,2026-09-08,70fbd70d057b238cee57df3db043a3eea72e89573d2278812516bf8fcdf617ca
raw/gkp-discover-01-whats-on-things-to-do.csv,discover,gkp-discover-01,1120,videoke near me,videoke near me,GBP,50,encoded_band,10,100,returned,0,0,Low,31,,,,,,2025-08-01,2026-07-31,United Kingdom,English,Google Search,country,2026-09-08,70fbd70d057b238cee57df3db043a3eea72e89573d2278812516bf8fcdf617ca
raw/gkp-discover-01-whats-on-things-to-do.csv,discover,gkp-discover-01,1121,videoke nearby,videoke nearby,GBP,0,encoded_band,0,0,zero,0,0,Unknown,,,,,,,2025-08-01,2026-07-31,United Kingdom,English,Google Search,country,2026-09-08,70fbd70d057b238cee57df3db043a3eea72e89573d2278812516bf8fcdf617ca
raw/gkp-discover-01-whats-on-things-to-do.csv,discover,gkp-discover-01,1122,videoke place near me,videoke place near me,GBP,50,encoded_band,10,100,returned,-1,0,Unknown,,,,,,,2025-08-01,2026-07-31,United Kingdom,English,Google Search,country,2026-09-08,70fbd70d057b238cee57df3db043a3eea72e89573d2278812516bf8fcdf617ca
raw/gkp-discover-01-whats-on-things-to-do.csv,discover,gkp-discover-01,1123,videoke room near me,videoke room near me,GBP,50,encoded_band,10,100,returned,-1,-1,Unknown,,,,,,,2025-08-01,2026-07-31,United Kingdom,English,Google Search,country,2026-09-08,70fbd70d057b238cee57df3db043a3eea72e89573d2278812516bf8fcdf617ca
raw/gkp-discover-01-whats-on-things-to-do.csv,discover,gkp-discover-01,1124,wednesday karaoke bars near me,wednesday karaoke bars near me,GBP,0,encoded_band,0,0,zero,0,0,Unknown,,,,,,,2025-08-01,2026-07-31,United Kingdom,English,Google Search,country,2026-09-08,70fbd70d057b238cee57df3db043a3eea72e89573d2278812516bf8fcdf617ca
raw/gkp-discover-01-whats-on-things-to-do.csv,discover,gkp-discover-01,1125,wednesday karaoke night near me,wednesday karaoke night near me,GBP,50,encoded_band,10,100,returned,,,Low,0,,,,,,2025-08-01,2026-07-31,United Kingdom,English,Google Search,country,2026-09-08,70fbd70d057b238cee57df3db043a3eea72e89573d2278812516bf8fcdf617ca
raw/gkp-discover-01-whats-on-things-to-do.csv,discover,gkp-discover-01,1126,wednesday night bar trivia near me,wednesday night bar trivia near me,GBP,,encoded_band,,,absent,,,Unknown,,,,,,,2025-08-01,2026-07-31,United Kingdom,English,Google Search,country,2026-09-08,70fbd70d057b238cee57df3db043a3eea72e89573d2278812516bf8fcdf617ca
raw/gkp-discover-01-whats-on-things-to-do.csv,discover,gkp-discover-01,1127,wednesday night bingo in my area,wednesday night bingo in my area,GBP,50,encoded_band,10,100,returned,0,0,Unknown,,,,,,,2025-08-01,2026-07-31,United Kingdom,English,Google Search,country,2026-09-08,70fbd70d057b238cee57df3db043a3eea72e89573d2278812516bf8fcdf617ca
raw/gkp-discover-01-whats-on-things-to-do.csv,discover,gkp-discover-01,1128,wednesday night karaoke bars near me,wednesday night karaoke bars near me,GBP,0,encoded_band,0,0,zero,0,0,Unknown,,,,,,,2025-08-01,2026-07-31,United Kingdom,English,Google Search,country,2026-09-08,70fbd70d057b238cee57df3db043a3eea72e89573d2278812516bf8fcdf617ca
raw/gkp-discover-01-whats-on-things-to-do.csv,discover,gkp-discover-01,1129,wednesday night pub quiz near me,wednesday night pub quiz near me,GBP,50,encoded_band,10,100,returned,0,0,Low,4,,,,,,2025-08-01,2026-07-31,United Kingdom,English,Google Search,country,2026-09-08,70fbd70d057b238cee57df3db043a3eea72e89573d2278812516bf8fcdf617ca
raw/gkp-discover-01-whats-on-things-to-do.csv,discover,gkp-discover-01,1130,wednesday night pub trivia near me,wednesday night pub trivia near me,GBP,50,encoded_band,10,100,returned,-1,0,Unknown,,,,,,,2025-08-01,2026-07-31,United Kingdom,English,Google Search,country,2026-09-08,70fbd70d057b238cee57df3db043a3eea72e89573d2278812516bf8fcdf617ca
raw/gkp-discover-01-whats-on-things-to-do.csv,discover,gkp-discover-01,1131,wednesday night quiz near me,wednesday night quiz near me,GBP,50,encoded_band,10,100,returned,0,0,Low,0,,,,,,2025-08-01,2026-07-31,United Kingdom,English,Google Search,country,2026-09-08,70fbd70d057b238cee57df3db043a3eea72e89573d2278812516bf8fcdf617ca
raw/gkp-discover-01-whats-on-things-to-do.csv,discover,gkp-discover-01,1132,wednesday pub quiz near me,wednesday pub quiz near me,GBP,500,encoded_band,100,1000,returned,0,0,Low,11,0.5,2.8,,,,2025-08-01,2026-07-31,United Kingdom,English,Google Search,country,2026-09-08,70fbd70d057b238cee57df3db043a3eea72e89573d2278812516bf8fcdf617ca
raw/gkp-discover-01-whats-on-things-to-do.csv,discover,gkp-discover-01,1133,wednesday quiz night near me,wednesday quiz night near me,GBP,50,encoded_band,10,100,returned,0,0,Low,2,,,,,,2025-08-01,2026-07-31,United Kingdom,English,Google Search,country,2026-09-08,70fbd70d057b238cee57df3db043a3eea72e89573d2278812516bf8fcdf617ca
raw/gkp-discover-01-whats-on-things-to-do.csv,discover,gkp-discover-01,1134,wednesday trivia night near me,wednesday trivia night near me,GBP,50,encoded_band,10,100,returned,0,-1,Unknown,,,,,,,2025-08-01,2026-07-31,United Kingdom,English,Google Search,country,2026-09-08,70fbd70d057b238cee57df3db043a3eea72e89573d2278812516bf8fcdf617ca
raw/gkp-discover-01-whats-on-things-to-do.csv,discover,gkp-discover-01,1135,weekend events this weekend near me,weekend events this weekend near me,GBP,50,encoded_band,10,100,returned,0,0,Low,0,,,,,,2025-08-01,2026-07-31,United Kingdom,English,Google Search,country,2026-09-08,70fbd70d057b238cee57df3db043a3eea72e89573d2278812516bf8fcdf617ca
raw/gkp-discover-01-whats-on-things-to-do.csv,discover,gkp-discover-01,1136,weekend karaoke near me,weekend karaoke near me,GBP,50,encoded_band,10,100,returned,0,0,Low,0,,,,,,2025-08-01,2026-07-31,United Kingdom,English,Google Search,country,2026-09-08,70fbd70d057b238cee57df3db043a3eea72e89573d2278812516bf8fcdf617ca
raw/gkp-discover-01-whats-on-things-to-do.csv,discover,gkp-discover-01,1137,what can i do today for fun near me,what can i do today for fun near me,GBP,50,encoded_band,10,100,returned,,,High,100,,,,,,2025-08-01,2026-07-31,United Kingdom,English,Google Search,country,2026-09-08,70fbd70d057b238cee57df3db043a3eea72e89573d2278812516bf8fcdf617ca
raw/gkp-discover-01-whats-on-things-to-do.csv,discover,gkp-discover-01,1138,what can i do tonight for fun near me,what can i do tonight for fun near me,GBP,50,encoded_band,10,100,returned,-1,0,Unknown,,,,,,,2025-08-01,2026-07-31,United Kingdom,English,Google Search,country,2026-09-08,70fbd70d057b238cee57df3db043a3eea72e89573d2278812516bf8fcdf617ca
raw/gkp-discover-01-whats-on-things-to-do.csv,discover,gkp-discover-01,1139,what can we do tonight near me,what can we do tonight near me,GBP,500,encoded_band,100,1000,returned,0,0,High,80,0.25,1.04,,,,2025-08-01,2026-07-31,United Kingdom,English,Google Search,country,2026-09-08,70fbd70d057b238cee57df3db043a3eea72e89573d2278812516bf8fcdf617ca
raw/gkp-discover-01-whats-on-things-to-do.csv,discover,gkp-discover-01,1140,what event is going on today near me,what event is going on today near me,GBP,50,encoded_band,10,100,returned,0,0,High,70,,,,,,2025-08-01,2026-07-31,United Kingdom,English,Google Search,country,2026-09-08,70fbd70d057b238cee57df3db043a3eea72e89573d2278812516bf8fcdf617ca
raw/gkp-discover-01-whats-on-things-to-do.csv,discover,gkp-discover-01,1141,what event is happening near me today,what event is happening near me today,GBP,50,encoded_band,10,100,returned,0,0,Medium,66,,,,,,2025-08-01,2026-07-31,United Kingdom,English,Google Search,country,2026-09-08,70fbd70d057b238cee57df3db043a3eea72e89573d2278812516bf8fcdf617ca
raw/gkp-discover-01-whats-on-things-to-do.csv,discover,gkp-discover-01,1142,what event is happening today near me,what event is happening today near me,GBP,50,encoded_band,10,100,returned,0,0,High,97,,,,,,2025-08-01,2026-07-31,United Kingdom,English,Google Search,country,2026-09-08,70fbd70d057b238cee57df3db043a3eea72e89573d2278812516bf8fcdf617ca
raw/gkp-discover-01-whats-on-things-to-do.csv,discover,gkp-discover-01,1143,what event is today near me,what event is today near me,GBP,50,encoded_band,10,100,returned,0,0,High,100,,,,,,2025-08-01,2026-07-31,United Kingdom,English,Google Search,country,2026-09-08,70fbd70d057b238cee57df3db043a3eea72e89573d2278812516bf8fcdf617ca
raw/gkp-discover-01-whats-on-things-to-do.csv,discover,gkp-discover-01,1144,what events are going on around me,what events are going on around me,GBP,50,encoded_band,10,100,returned,,0,High,100,,,,,,2025-08-01,2026-07-31,United Kingdom,English,Google Search,country,2026-09-08,70fbd70d057b238cee57df3db043a3eea72e89573d2278812516bf8fcdf617ca
raw/gkp-discover-01-whats-on-things-to-do.csv,discover,gkp-discover-01,1145,what events are going on around me this weekend,what events are going on around me this weekend,GBP,50,encoded_band,10,100,returned,-1,0,Unknown,,,,,,,2025-08-01,2026-07-31,United Kingdom,English,Google Search,country,2026-09-08,70fbd70d057b238cee57df3db043a3eea72e89573d2278812516bf8fcdf617ca
raw/gkp-discover-01-whats-on-things-to-do.csv,discover,gkp-discover-01,1146,what events are going on around me today,what events are going on around me today,GBP,50,encoded_band,10,100,returned,0,0,Medium,43,,,,,,2025-08-01,2026-07-31,United Kingdom,English,Google Search,country,2026-09-08,70fbd70d057b238cee57df3db043a3eea72e89573d2278812516bf8fcdf617ca
raw/gkp-discover-01-whats-on-things-to-do.csv,discover,gkp-discover-01,1147,what events are going on in my area today,what events are going on in my area today,GBP,50,encoded_band,10,100,returned,-1,0,Unknown,,,,,,,2025-08-01,2026-07-31,United Kingdom,English,Google Search,country,2026-09-08,70fbd70d057b238cee57df3db043a3eea72e89573d2278812516bf8fcdf617ca
raw/gkp-discover-01-whats-on-things-to-do.csv,discover,gkp-discover-01,1148,what events are going on near me today,what events are going on near me today,GBP,50,encoded_band,10,100,returned,0,0,High,70,,,,,,2025-08-01,2026-07-31,United Kingdom,English,Google Search,country,2026-09-08,70fbd70d057b238cee57df3db043a3eea72e89573d2278812516bf8fcdf617ca
raw/gkp-discover-01-whats-on-things-to-do.csv,discover,gkp-discover-01,1149,what events are going on near me tonight,what events are going on near me tonight,GBP,50,encoded_band,10,100,returned,,0,Low,0,,,,,,2025-08-01,2026-07-31,United Kingdom,English,Google Search,country,2026-09-08,70fbd70d057b238cee57df3db043a3eea72e89573d2278812516bf8fcdf617ca
raw/gkp-discover-01-whats-on-things-to-do.csv,discover,gkp-discover-01,1150,what events are going on this weekend in my area,what events are going on this weekend in my area,GBP,0,encoded_band,0,0,zero,0,0,Unknown,,,,,,,2025-08-01,2026-07-31,United Kingdom,English,Google Search,country,2026-09-08,70fbd70d057b238cee57df3db043a3eea72e89573d2278812516bf8fcdf617ca
raw/gkp-discover-01-whats-on-things-to-do.csv,discover,gkp-discover-01,1151,what events are going on today around me,what events are going on today around me,GBP,50,encoded_band,10,100,returned,,,Low,0,,,,,,2025-08-01,2026-07-31,United Kingdom,English,Google Search,country,2026-09-08,70fbd70d057b238cee57df3db043a3eea72e89573d2278812516bf8fcdf617ca
raw/gkp-discover-01-whats-on-things-to-do.csv,discover,gkp-discover-01,1152,what events are going on today in my area,what events are going on today in my area,GBP,50,encoded_band,10,100,returned,0,0,Unknown,,,,,,,2025-08-01,2026-07-31,United Kingdom,English,Google Search,country,2026-09-08,70fbd70d057b238cee57df3db043a3eea72e89573d2278812516bf8fcdf617ca
raw/gkp-discover-01-whats-on-things-to-do.csv,discover,gkp-discover-01,1153,what events are going on tonight near me,what events are going on tonight near me,GBP,50,encoded_band,10,100,returned,,0,Low,0,,,,,,2025-08-01,2026-07-31,United Kingdom,English,Google Search,country,2026-09-08,70fbd70d057b238cee57df3db043a3eea72e89573d2278812516bf8fcdf617ca
raw/gkp-discover-01-whats-on-things-to-do.csv,discover,gkp-discover-01,1154,what events are happening around me today,what events are happening around me today,GBP,50,encoded_band,10,100,returned,-1,-1,Unknown,,,,,,,2025-08-01,2026-07-31,United Kingdom,English,Google Search,country,2026-09-08,70fbd70d057b238cee57df3db043a3eea72e89573d2278812516bf8fcdf617ca
raw/gkp-discover-01-whats-on-things-to-do.csv,discover,gkp-discover-01,1155,what events are happening in my area today,what events are happening in my area today,GBP,50,encoded_band,10,100,returned,0,,High,93,,,,,,2025-08-01,2026-07-31,United Kingdom,English,Google Search,country,2026-09-08,70fbd70d057b238cee57df3db043a3eea72e89573d2278812516bf8fcdf617ca
raw/gkp-discover-01-whats-on-things-to-do.csv,discover,gkp-discover-01,1156,what events are happening near me tonight,what events are happening near me tonight,GBP,50,encoded_band,10,100,returned,,0,Low,0,,,,,,2025-08-01,2026-07-31,United Kingdom,English,Google Search,country,2026-09-08,70fbd70d057b238cee57df3db043a3eea72e89573d2278812516bf8fcdf617ca
raw/gkp-discover-01-whats-on-things-to-do.csv,discover,gkp-discover-01,1157,what events are happening today in my area,what events are happening today in my area,GBP,50,encoded_band,10,100,returned,0,0,Unknown,,,,,,,2025-08-01,2026-07-31,United Kingdom,English,Google Search,country,2026-09-08,70fbd70d057b238cee57df3db043a3eea72e89573d2278812516bf8fcdf617ca
raw/gkp-discover-01-whats-on-things-to-do.csv,discover,gkp-discover-01,1158,what events are happening tonight near me,what events are happening tonight near me,GBP,50,encoded_band,10,100,returned,0,,Medium,57,,,,,,2025-08-01,2026-07-31,United Kingdom,English,Google Search,country,2026-09-08,70fbd70d057b238cee57df3db043a3eea72e89573d2278812516bf8fcdf617ca
raw/gkp-discover-01-whats-on-things-to-do.csv,discover,gkp-discover-01,1159,what events are in my area today,what events are in my area today,GBP,50,encoded_band,10,100,returned,0,,Low,19,,,,,,2025-08-01,2026-07-31,United Kingdom,English,Google Search,country,2026-09-08,70fbd70d057b238cee57df3db043a3eea72e89573d2278812516bf8fcdf617ca
raw/gkp-discover-01-whats-on-things-to-do.csv,discover,gkp-discover-01,1160,what events are near me,what events are near me,GBP,50,encoded_band,10,100,returned,0,0,High,70,0.31,1.44,,,,2025-08-01,2026-07-31,United Kingdom,English,Google Search,country,2026-09-08,70fbd70d057b238cee57df3db043a3eea72e89573d2278812516bf8fcdf617ca
raw/gkp-discover-01-whats-on-things-to-do.csv,discover,gkp-discover-01,1161,what events are near me this weekend,what events are near me this weekend,GBP,50,encoded_band,10,100,returned,0,0,Medium,52,,,,,,2025-08-01,2026-07-31,United Kingdom,English,Google Search,country,2026-09-08,70fbd70d057b238cee57df3db043a3eea72e89573d2278812516bf8fcdf617ca
raw/gkp-discover-01-whats-on-things-to-do.csv,discover,gkp-discover-01,1162,what events are near me today,what events are near me today,GBP,50,encoded_band,10,100,returned,0,0,High,100,,,,,,2025-08-01,2026-07-31,United Kingdom,English,Google Search,country,2026-09-08,70fbd70d057b238cee57df3db043a3eea72e89573d2278812516bf8fcdf617ca
raw/gkp-discover-01-whats-on-things-to-do.csv,discover,gkp-discover-01,1163,what events are near me tonight,what events are near me tonight,GBP,50,encoded_band,10,100,returned,0,0,Low,0,,,,,,2025-08-01,2026-07-31,United Kingdom,English,Google Search,country,2026-09-08,70fbd70d057b238cee57df3db043a3eea72e89573d2278812516bf8fcdf617ca
raw/gkp-discover-01-whats-on-things-to-do.csv,discover,gkp-discover-01,1164,what events are on near me this weekend,what events are on near me this weekend,GBP,50,encoded_band,10,100,returned,0,0,High,85,,,,,,2025-08-01,2026-07-31,United Kingdom,English,Google Search,country,2026-09-08,70fbd70d057b238cee57df3db043a3eea72e89573d2278812516bf8fcdf617ca
raw/gkp-discover-01-whats-on-things-to-do.csv,discover,gkp-discover-01,1165,what events are on near me today,what events are on near me today,GBP,50,encoded_band,10,100,returned,9,9,High,95,0.34,1.48,,,,2025-08-01,2026-07-31,United Kingdom,English,Google Search,country,2026-09-08,70fbd70d057b238cee57df3db043a3eea72e89573d2278812516bf8fcdf617ca
raw/gkp-discover-01-whats-on-things-to-do.csv,discover,gkp-discover-01,1166,what events are on this weekend near me,what events are on this weekend near me,GBP,50,encoded_band,10,100,returned,0,0,High,81,0.39,0.89,,,,2025-08-01,2026-07-31,United Kingdom,English,Google Search,country,2026-09-08,70fbd70d057b238cee57df3db043a3eea72e89573d2278812516bf8fcdf617ca
raw/gkp-discover-01-whats-on-things-to-do.csv,discover,gkp-discover-01,1167,what events are on tonight near me,what events are on tonight near me,GBP,50,encoded_band,10,100,returned,0,0,Medium,43,,,,,,2025-08-01,2026-07-31,United Kingdom,English,Google Search,country,2026-09-08,70fbd70d057b238cee57df3db043a3eea72e89573d2278812516bf8fcdf617ca
raw/gkp-discover-01-whats-on-things-to-do.csv,discover,gkp-discover-01,1168,what events are this weekend near me,what events are this weekend near me,GBP,50,encoded_band,10,100,returned,0,0,Low,25,,,,,,2025-08-01,2026-07-31,United Kingdom,English,Google Search,country,2026-09-08,70fbd70d057b238cee57df3db043a3eea72e89573d2278812516bf8fcdf617ca
raw/gkp-discover-01-whats-on-things-to-do.csv,discover,gkp-discover-01,1169,what events are today near me,what events are today near me,GBP,50,encoded_band,10,100,returned,-1,0,Unknown,,,,,,,2025-08-01,2026-07-31,United Kingdom,English,Google Search,country,2026-09-08,70fbd70d057b238cee57df3db043a3eea72e89573d2278812516bf8fcdf617ca
raw/gkp-discover-01-whats-on-things-to-do.csv,discover,gkp-discover-01,1170,what events going on near me today,what events going on near me today,GBP,50,encoded_band,10,100,returned,0,-1,Unknown,,,,,,,2025-08-01,2026-07-31,United Kingdom,English,Google Search,country,2026-09-08,70fbd70d057b238cee57df3db043a3eea72e89573d2278812516bf8fcdf617ca
raw/gkp-discover-01-whats-on-things-to-do.csv,discover,gkp-discover-01,1171,what events going on today near me,what events going on today near me,GBP,50,encoded_band,10,100,returned,0,0,High,70,,,,,,2025-08-01,2026-07-31,United Kingdom,English,Google Search,country,2026-09-08,70fbd70d057b238cee57df3db043a3eea72e89573d2278812516bf8fcdf617ca
raw/gkp-discover-01-whats-on-things-to-do.csv,discover,gkp-discover-01,1172,what events happening near me today,what events happening near me today,GBP,50,encoded_band,10,100,returned,0,0,Medium,52,,,,,,2025-08-01,2026-07-31,United Kingdom,English,Google Search,country,2026-09-08,70fbd70d057b238cee57df3db043a3eea72e89573d2278812516bf8fcdf617ca
raw/gkp-discover-01-whats-on-things-to-do.csv,discover,gkp-discover-01,1173,what events happening this weekend near me,what events happening this weekend near me,GBP,50,encoded_band,10,100,returned,,0,Medium,43,,,,,,2025-08-01,2026-07-31,United Kingdom,English,Google Search,country,2026-09-08,70fbd70d057b238cee57df3db043a3eea72e89573d2278812516bf8fcdf617ca
raw/gkp-discover-01-whats-on-things-to-do.csv,discover,gkp-discover-01,1174,what events happening today near me,what events happening today near me,GBP,50,encoded_band,10,100,returned,0,0,High,100,,,,,,2025-08-01,2026-07-31,United Kingdom,English,Google Search,country,2026-09-08,70fbd70d057b238cee57df3db043a3eea72e89573d2278812516bf8fcdf617ca
raw/gkp-discover-01-whats-on-things-to-do.csv,discover,gkp-discover-01,1175,what events near me this weekend,what events near me this weekend,GBP,50,encoded_band,10,100,returned,0,0,Medium,64,,,,,,2025-08-01,2026-07-31,United Kingdom,English,Google Search,country,2026-09-08,70fbd70d057b238cee57df3db043a3eea72e89573d2278812516bf8fcdf617ca
raw/gkp-discover-01-whats-on-things-to-do.csv,discover,gkp-discover-01,1176,what events near me today,what events near me today,GBP,50,encoded_band,10,100,returned,0,0,High,89,,,,,,2025-08-01,2026-07-31,United Kingdom,English,Google Search,country,2026-09-08,70fbd70d057b238cee57df3db043a3eea72e89573d2278812516bf8fcdf617ca
raw/gkp-discover-01-whats-on-things-to-do.csv,discover,gkp-discover-01,1177,what events on today near me,what events on today near me,GBP,50,encoded_band,10,100,returned,0,0,High,82,,,,,,2025-08-01,2026-07-31,United Kingdom,English,Google Search,country,2026-09-08,70fbd70d057b238cee57df3db043a3eea72e89573d2278812516bf8fcdf617ca
raw/gkp-discover-01-whats-on-things-to-do.csv,discover,gkp-discover-01,1178,what events this weekend near me,what events this weekend near me,GBP,50,encoded_band,10,100,returned,0,0,High,100,,,,,,2025-08-01,2026-07-31,United Kingdom,English,Google Search,country,2026-09-08,70fbd70d057b238cee57df3db043a3eea72e89573d2278812516bf8fcdf617ca
raw/gkp-discover-01-whats-on-things-to-do.csv,discover,gkp-discover-01,1179,what events today near me,what events today near me,GBP,50,encoded_band,10,100,returned,0,0,Medium,50,,,,,,2025-08-01,2026-07-31,United Kingdom,English,Google Search,country,2026-09-08,70fbd70d057b238cee57df3db043a3eea72e89573d2278812516bf8fcdf617ca
raw/gkp-discover-01-whats-on-things-to-do.csv,discover,gkp-discover-01,1180,what fairs are this weekend near me,what fairs are this weekend near me,GBP,50,encoded_band,10,100,returned,0,0,Unknown,,,,,,,2025-08-01,2026-07-31,United Kingdom,English,Google Search,country,2026-09-08,70fbd70d057b238cee57df3db043a3eea72e89573d2278812516bf8fcdf617ca
raw/gkp-discover-01-whats-on-things-to-do.csv,discover,gkp-discover-01,1181,what festival is this weekend near me,what festival is this weekend near me,GBP,50,encoded_band,10,100,returned,0,0,Low,0,,,,,,2025-08-01,2026-07-31,United Kingdom,English,Google Search,country,2026-09-08,70fbd70d057b238cee57df3db043a3eea72e89573d2278812516bf8fcdf617ca
raw/gkp-discover-01-whats-on-things-to-do.csv,discover,gkp-discover-01,1182,what festivals are going on near me this weekend,what festivals are going on near me this weekend,GBP,0,encoded_band,0,0,zero,0,-1,Unknown,,,,,,,2025-08-01,2026-07-31,United Kingdom,English,Google Search,country,2026-09-08,70fbd70d057b238cee57df3db043a3eea72e89573d2278812516bf8fcdf617ca
raw/gkp-discover-01-whats-on-things-to-do.csv,discover,gkp-discover-01,1183,what festivals are going on near me today,what festivals are going on near me today,GBP,50,encoded_band,10,100,returned,0,,Low,0,,,,,,2025-08-01,2026-07-31,United Kingdom,English,Google Search,country,2026-09-08,70fbd70d057b238cee57df3db043a3eea72e89573d2278812516bf8fcdf617ca
raw/gkp-discover-01-whats-on-things-to-do.csv,discover,gkp-discover-01,1184,what festivals are going on this weekend near me,what festivals are going on this weekend near me,GBP,50,encoded_band,10,100,returned,0,0,Low,0,,,,,,2025-08-01,2026-07-31,United Kingdom,English,Google Search,country,2026-09-08,70fbd70d057b238cee57df3db043a3eea72e89573d2278812516bf8fcdf617ca
raw/gkp-discover-01-whats-on-things-to-do.csv,discover,gkp-discover-01,1185,what festivals are near me this weekend,what festivals are near me this weekend,GBP,50,encoded_band,10,100,returned,0,,Low,0,,,,,,2025-08-01,2026-07-31,United Kingdom,English,Google Search,country,2026-09-08,70fbd70d057b238cee57df3db043a3eea72e89573d2278812516bf8fcdf617ca
raw/gkp-discover-01-whats-on-things-to-do.csv,discover,gkp-discover-01,1186,what festivals are this weekend near me,what festivals are this weekend near me,GBP,50,encoded_band,10,100,returned,0,0,Low,7,,,,,,2025-08-01,2026-07-31,United Kingdom,English,Google Search,country,2026-09-08,70fbd70d057b238cee57df3db043a3eea72e89573d2278812516bf8fcdf617ca
raw/gkp-discover-01-whats-on-things-to-do.csv,discover,gkp-discover-01,1187,what free events are happening today near me,what free events are happening today near me,GBP,50,encoded_band,10,100,returned,0,,Low,2,,,,,,2025-08-01,2026-07-31,United Kingdom,English,Google Search,country,2026-09-08,70fbd70d057b238cee57df3db043a3eea72e89573d2278812516bf8fcdf617ca
raw/gkp-discover-01-whats-on-things-to-do.csv,discover,gkp-discover-01,1188,what fun things to do near me this weekend,what fun things to do near me this weekend,GBP,50,encoded_band,10,100,returned,0,,High,79,,,,,,2025-08-01,2026-07-31,United Kingdom,English,Google Search,country,2026-09-08,70fbd70d057b238cee57df3db043a3eea72e89573d2278812516bf8fcdf617ca
raw/gkp-discover-01-whats-on-things-to-do.csv,discover,gkp-discover-01,1189,what fun things to do this weekend near me,what fun things to do this weekend near me,GBP,50,encoded_band,10,100,returned,-1,-1,Unknown,,,,,,,2025-08-01,2026-07-31,United Kingdom,English,Google Search,country,2026-09-08,70fbd70d057b238cee57df3db043a3eea72e89573d2278812516bf8fcdf617ca
raw/gkp-discover-01-whats-on-things-to-do.csv,discover,gkp-discover-01,1190,what going on near me today,what going on near me today,GBP,500,encoded_band,100,1000,returned,0,9,High,99,0.3,1.16,,,,2025-08-01,2026-07-31,United Kingdom,English,Google Search,country,2026-09-08,70fbd70d057b238cee57df3db043a3eea72e89573d2278812516bf8fcdf617ca
raw/gkp-discover-01-whats-on-things-to-do.csv,discover,gkp-discover-01,1191,what going on next weekend near me,what going on next weekend near me,GBP,50,encoded_band,10,100,returned,0,0,Medium,39,,,,,,2025-08-01,2026-07-31,United Kingdom,English,Google Search,country,2026-09-08,70fbd70d057b238cee57df3db043a3eea72e89573d2278812516bf8fcdf617ca
raw/gkp-discover-01-whats-on-things-to-do.csv,discover,gkp-discover-01,1192,what happening near me tonight,what happening near me tonight,GBP,50,encoded_band,10,100,returned,0,0,High,100,0.4,0.95,,,,2025-08-01,2026-07-31,United Kingdom,English,Google Search,country,2026-09-08,70fbd70d057b238cee57df3db043a3eea72e89573d2278812516bf8fcdf617ca
raw/gkp-discover-01-whats-on-things-to-do.csv,discover,gkp-discover-01,1193,what is going in this weekend near me,what is going in this weekend near me,GBP,50,encoded_band,10,100,returned,0,0,Low,0,,,,,,2025-08-01,2026-07-31,United Kingdom,English,Google Search,country,2026-09-08,70fbd70d057b238cee57df3db043a3eea72e89573d2278812516bf8fcdf617ca
raw/gkp-discover-01-whats-on-things-to-do.csv,discover,gkp-discover-01,1194,what is going on around me this weekend,what is going on around me this weekend,GBP,50,encoded_band,10,100,returned,0,,Low,14,,,,,,2025-08-01,2026-07-31,United Kingdom,English,Google Search,country,2026-09-08,70fbd70d057b238cee57df3db043a3eea72e89573d2278812516bf8fcdf617ca
raw/gkp-discover-01-whats-on-things-to-do.csv,discover,gkp-discover-01,1195,what is going on around me tonight,what is going on around me tonight,GBP,50,encoded_band,10,100,returned,0,0,Low,0,,,,,,2025-08-01,2026-07-31,United Kingdom,English,Google Search,country,2026-09-08,70fbd70d057b238cee57df3db043a3eea72e89573d2278812516bf8fcdf617ca
raw/gkp-discover-01-whats-on-things-to-do.csv,discover,gkp-discover-01,1196,what is going on in my area this weekend,what is going on in my area this weekend,GBP,50,encoded_band,10,100,returned,0,0,High,100,,,,,,2025-08-01,2026-07-31,United Kingdom,English,Google Search,country,2026-09-08,70fbd70d057b238cee57df3db043a3eea72e89573d2278812516bf8fcdf617ca
raw/gkp-discover-01-whats-on-things-to-do.csv,discover,gkp-discover-01,1197,what is going on next weekend near me,what is going on next weekend near me,GBP,50,encoded_band,10,100,returned,-1,-1,Unknown,,,,,,,2025-08-01,2026-07-31,United Kingdom,English,Google Search,country,2026-09-08,70fbd70d057b238cee57df3db043a3eea72e89573d2278812516bf8fcdf617ca
raw/gkp-discover-01-whats-on-things-to-do.csv,discover,gkp-discover-01,1198,what is going on this weekend in my area,what is going on this weekend in my area,GBP,50,encoded_band,10,100,returned,0,0,Low,0,,,,,,2025-08-01,2026-07-31,United Kingdom,English,Google Search,country,2026-09-08,70fbd70d057b238cee57df3db043a3eea72e89573d2278812516bf8fcdf617ca
raw/gkp-discover-01-whats-on-things-to-do.csv,discover,gkp-discover-01,1199,what is going on tomorrow near me,what is going on tomorrow near me,GBP,50,encoded_band,10,100,returned,0,0,High,99,,,,,,2025-08-01,2026-07-31,United Kingdom,English,Google Search,country,2026-09-08,70fbd70d057b238cee57df3db043a3eea72e89573d2278812516bf8fcdf617ca
raw/gkp-discover-01-whats-on-things-to-do.csv,discover,gkp-discover-01,1200,what is going on tonight around me,what is going on tonight around me,GBP,50,encoded_band,10,100,returned,0,0,Low,0,,,,,,2025-08-01,2026-07-31,United Kingdom,English,Google Search,country,2026-09-08,70fbd70d057b238cee57df3db043a3eea72e89573d2278812516bf8fcdf617ca
raw/gkp-discover-01-whats-on-things-to-do.csv,discover,gkp-discover-01,1201,what is happening around me this weekend,what is happening around me this weekend,GBP,50,encoded_band,10,100,returned,-1,-1,Unknown,,,,,,,2025-08-01,2026-07-31,United Kingdom,English,Google Search,country,2026-09-08,70fbd70d057b238cee57df3db043a3eea72e89573d2278812516bf8fcdf617ca
raw/gkp-discover-01-whats-on-things-to-do.csv,discover,gkp-discover-01,1202,what is happening in my area this weekend,what is happening in my area this weekend,GBP,50,encoded_band,10,100,returned,0,0,Low,7,,,,,,2025-08-01,2026-07-31,United Kingdom,English,Google Search,country,2026-09-08,70fbd70d057b238cee57df3db043a3eea72e89573d2278812516bf8fcdf617ca
raw/gkp-discover-01-whats-on-things-to-do.csv,discover,gkp-discover-01,1203,what is happening in my area today,what is happening in my area today,GBP,50,encoded_band,10,100,returned,0,0,High,86,,,,,,2025-08-01,2026-07-31,United Kingdom,English,Google Search,country,2026-09-08,70fbd70d057b238cee57df3db043a3eea72e89573d2278812516bf8fcdf617ca
raw/gkp-discover-01-whats-on-things-to-do.csv,discover,gkp-discover-01,1204,what is happening this weekend around me,what is happening this weekend around me,GBP,50,encoded_band,10,100,returned,-1,0,Unknown,,,,,,,2025-08-01,2026-07-31,United Kingdom,English,Google Search,country,2026-09-08,70fbd70d057b238cee57df3db043a3eea72e89573d2278812516bf8fcdf617ca
raw/gkp-discover-01-whats-on-things-to-do.csv,discover,gkp-discover-01,1205,what is on near me tonight,what is on near me tonight,GBP,50,encoded_band,10,100,returned,0,0,Medium,50,,,,,,2025-08-01,2026-07-31,United Kingdom,English,Google Search,country,2026-09-08,70fbd70d057b238cee57df3db043a3eea72e89573d2278812516bf8fcdf617ca
raw/gkp-discover-01-whats-on-things-to-do.csv,discover,gkp-discover-01,1206,what is on tonight near me,what is on tonight near me,GBP,50,encoded_band,10,100,returned,0,0,High,95,,,,,,2025-08-01,2026-07-31,United Kingdom,English,Google Search,country,2026-09-08,70fbd70d057b238cee57df3db043a3eea72e89573d2278812516bf8fcdf617ca
raw/gkp-discover-01-whats-on-things-to-do.csv,discover,gkp-discover-01,1207,what is there to do around here tonight,what is there to do around here tonight,GBP,50,encoded_band,10,100,returned,0,0,Unknown,,,,,,,2025-08-01,2026-07-31,United Kingdom,English,Google Search,country,2026-09-08,70fbd70d057b238cee57df3db043a3eea72e89573d2278812516bf8fcdf617ca
raw/gkp-discover-01-whats-on-things-to-do.csv,discover,gkp-discover-01,1208,what is there to do around me this weekend,what is there to do around me this weekend,GBP,50,encoded_band,10,100,returned,,,High,100,,,,,,2025-08-01,2026-07-31,United Kingdom,English,Google Search,country,2026-09-08,70fbd70d057b238cee57df3db043a3eea72e89573d2278812516bf8fcdf617ca
raw/gkp-discover-01-whats-on-things-to-do.csv,discover,gkp-discover-01,1209,what is there to do around me today,what is there to do around me today,GBP,50,encoded_band,10,100,returned,0,,High,96,,,,,,2025-08-01,2026-07-31,United Kingdom,English,Google Search,country,2026-09-08,70fbd70d057b238cee57df3db043a3eea72e89573d2278812516bf8fcdf617ca
raw/gkp-discover-01-whats-on-things-to-do.csv,discover,gkp-discover-01,1210,what is there to do in my area today,what is there to do in my area today,GBP,50,encoded_band,10,100,returned,-1,-1,Unknown,,,,,,,2025-08-01,2026-07-31,United Kingdom,English,Google Search,country,2026-09-08,70fbd70d057b238cee57df3db043a3eea72e89573d2278812516bf8fcdf617ca
raw/gkp-discover-01-whats-on-things-to-do.csv,discover,gkp-discover-01,1211,what is there to do on a sunday near me,what is there to do on a sunday near me,GBP,50,encoded_band,10,100,returned,0,0,High,100,,,,,,2025-08-01,2026-07-31,United Kingdom,English,Google Search,country,2026-09-08,70fbd70d057b238cee57df3db043a3eea72e89573d2278812516bf8fcdf617ca
raw/gkp-discover-01-whats-on-things-to-do.csv,discover,gkp-discover-01,1212,what is there to do on sunday near me,what is there to do on sunday near me,GBP,50,encoded_band,10,100,returned,0,0,High,100,,,,,,2025-08-01,2026-07-31,United Kingdom,English,Google Search,country,2026-09-08,70fbd70d057b238cee57df3db043a3eea72e89573d2278812516bf8fcdf617ca
raw/gkp-discover-01-whats-on-things-to-do.csv,discover,gkp-discover-01,1213,what is there to do tonight around me,what is there to do tonight around me,GBP,50,encoded_band,10,100,returned,0,0,Unknown,,,,,,,2025-08-01,2026-07-31,United Kingdom,English,Google Search,country,2026-09-08,70fbd70d057b238cee57df3db043a3eea72e89573d2278812516bf8fcdf617ca
raw/gkp-discover-01-whats-on-things-to-do.csv,discover,gkp-discover-01,1214,what memorial day events near me,what memorial day events near me,GBP,50,encoded_band,10,100,returned,0,0,Unknown,,,,,,,2025-08-01,2026-07-31,United Kingdom,English,Google Search,country,2026-09-08,70fbd70d057b238cee57df3db043a3eea72e89573d2278812516bf8fcdf617ca
raw/gkp-discover-01-whats-on-things-to-do.csv,discover,gkp-discover-01,1215,what on tomorrow near me,what on tomorrow near me,GBP,5000,encoded_band,1000,10000,returned,-0.9,0,High,100,0.33,1.38,,,,2025-08-01,2026-07-31,United Kingdom,English,Google Search,country,2026-09-08,70fbd70d057b238cee57df3db043a3eea72e89573d2278812516bf8fcdf617ca
raw/gkp-discover-01-whats-on-things-to-do.csv,discover,gkp-discover-01,1216,what on tonight near me,what on tonight near me,GBP,5000,encoded_band,1000,10000,returned,0,0,High,100,0.4,1.48,,,,2025-08-01,2026-07-31,United Kingdom,English,Google Search,country,2026-09-08,70fbd70d057b238cee57df3db043a3eea72e89573d2278812516bf8fcdf617ca
raw/gkp-discover-01-whats-on-things-to-do.csv,discover,gkp-discover-01,1217,what should we do tonight near me,what should we do tonight near me,GBP,50,encoded_band,10,100,returned,,,High,100,,,,,,2025-08-01,2026-07-31,United Kingdom,English,Google Search,country,2026-09-08,70fbd70d057b238cee57df3db043a3eea72e89573d2278812516bf8fcdf617ca
raw/gkp-discover-01-whats-on-things-to-do.csv,discover,gkp-discover-01,1218,what to do 4th of july weekend near me,what to do 4th of july weekend near me,GBP,,encoded_band,,,absent,,,Unknown,,,,,,,2025-08-01,2026-07-31,United Kingdom,English,Google Search,country,2026-09-08,70fbd70d057b238cee57df3db043a3eea72e89573d2278812516bf8fcdf617ca
raw/gkp-discover-01-whats-on-things-to-do.csv,discover,gkp-discover-01,1219,what to do around me now,what to do around me now,GBP,50,encoded_band,10,100,returned,0,0,High,100,0.28,1.42,,,,2025-08-01,2026-07-31,United Kingdom,English,Google Search,country,2026-09-08,70fbd70d057b238cee57df3db043a3eea72e89573d2278812516bf8fcdf617ca
raw/gkp-discover-01-whats-on-things-to-do.csv,discover,gkp-discover-01,1220,what to do around me tomorrow,what to do around me tomorrow,GBP,50,encoded_band,10,100,returned,0,0,High,80,,,,,,2025-08-01,2026-07-31,United Kingdom,English,Google Search,country,2026-09-08,70fbd70d057b238cee57df3db043a3eea72e89573d2278812516bf8fcdf617ca
raw/gkp-discover-01-whats-on-things-to-do.csv,discover,gkp-discover-01,1221,what to do at the weekend near me,what to do at the weekend near me,GBP,50,encoded_band,10,100,returned,0,0,Low,30,0.15,1.07,,,,2025-08-01,2026-07-31,United Kingdom,English,Google Search,country,2026-09-08,70fbd70d057b238cee57df3db043a3eea72e89573d2278812516bf8fcdf617ca
raw/gkp-discover-01-whats-on-things-to-do.csv,discover,gkp-discover-01,1222,what to do for july 4th near me,what to do for july 4th near me,GBP,50,encoded_band,10,100,returned,,,High,100,,,,,,2025-08-01,2026-07-31,United Kingdom,English,Google Search,country,2026-09-08,70fbd70d057b238cee57df3db043a3eea72e89573d2278812516bf8fcdf617ca
raw/gkp-discover-01-whats-on-things-to-do.csv,discover,gkp-discover-01,1223,what to do for labor day near me,what to do for labor day near me,GBP,,encoded_band,,,absent,,,Unknown,,,,,,,2025-08-01,2026-07-31,United Kingdom,English,Google Search,country,2026-09-08,70fbd70d057b238cee57df3db043a3eea72e89573d2278812516bf8fcdf617ca
raw/gkp-discover-01-whats-on-things-to-do.csv,discover,gkp-discover-01,1224,what to do for labor day weekend near me,what to do for labor day weekend near me,GBP,,encoded_band,,,absent,,,Unknown,,,,,,,2025-08-01,2026-07-31,United Kingdom,English,Google Search,country,2026-09-08,70fbd70d057b238cee57df3db043a3eea72e89573d2278812516bf8fcdf617ca
raw/gkp-discover-01-whats-on-things-to-do.csv,discover,gkp-discover-01,1225,what to do for memorial day near me,what to do for memorial day near me,GBP,,encoded_band,,,absent,,,Unknown,,,,,,,2025-08-01,2026-07-31,United Kingdom,English,Google Search,country,2026-09-08,70fbd70d057b238cee57df3db043a3eea72e89573d2278812516bf8fcdf617ca
raw/gkp-discover-01-whats-on-things-to-do.csv,discover,gkp-discover-01,1226,what to do for the weekend near me,what to do for the weekend near me,GBP,50,encoded_band,10,100,returned,,0,High,71,,,,,,2025-08-01,2026-07-31,United Kingdom,English,Google Search,country,2026-09-08,70fbd70d057b238cee57df3db043a3eea72e89573d2278812516bf8fcdf617ca
raw/gkp-discover-01-whats-on-things-to-do.csv,discover,gkp-discover-01,1227,what to do fourth of july weekend near me,what to do fourth of july weekend near me,GBP,,encoded_band,,,absent,,,Unknown,,,,,,,2025-08-01,2026-07-31,United Kingdom,English,Google Search,country,2026-09-08,70fbd70d057b238cee57df3db043a3eea72e89573d2278812516bf8fcdf617ca
raw/gkp-discover-01-whats-on-things-to-do.csv,discover,gkp-discover-01,1228,what to do in near me this weekend,what to do in near me this weekend,GBP,500,encoded_band,100,1000,returned,-0.9,0,High,100,0.32,1.06,,,,2025-08-01,2026-07-31,United Kingdom,English,Google Search,country,2026-09-08,70fbd70d057b238cee57df3db043a3eea72e89573d2278812516bf8fcdf617ca
raw/gkp-discover-01-whats-on-things-to-do.csv,discover,gkp-discover-01,1229,what to do july 4th weekend near me,what to do july 4th weekend near me,GBP,50,encoded_band,10,100,returned,0,0,Unknown,,,,,,,2025-08-01,2026-07-31,United Kingdom,English,Google Search,country,2026-09-08,70fbd70d057b238cee57df3db043a3eea72e89573d2278812516bf8fcdf617ca
raw/gkp-discover-01-whats-on-things-to-do.csv,discover,gkp-discover-01,1230,what to do labor day near me,what to do labor day near me,GBP,0,encoded_band,0,0,zero,0,0,Unknown,,,,,,,2025-08-01,2026-07-31,United Kingdom,English,Google Search,country,2026-09-08,70fbd70d057b238cee57df3db043a3eea72e89573d2278812516bf8fcdf617ca
raw/gkp-discover-01-whats-on-things-to-do.csv,discover,gkp-discover-01,1231,what to do labor day weekend 2022 near me,what to do labor day weekend 2022 near me,GBP,,encoded_band,,,absent,,,Unknown,,,,,,,2025-08-01,2026-07-31,United Kingdom,English,Google Search,country,2026-09-08,70fbd70d057b238cee57df3db043a3eea72e89573d2278812516bf8fcdf617ca
raw/gkp-discover-01-whats-on-things-to-do.csv,discover,gkp-discover-01,1232,what to do memorial day near me,what to do memorial day near me,GBP,,encoded_band,,,absent,,,Unknown,,,,,,,2025-08-01,2026-07-31,United Kingdom,English,Google Search,country,2026-09-08,70fbd70d057b238cee57df3db043a3eea72e89573d2278812516bf8fcdf617ca
raw/gkp-discover-01-whats-on-things-to-do.csv,discover,gkp-discover-01,1233,what to do memorial day weekend 2021 near me,what to do memorial day weekend 2021 near me,GBP,0,encoded_band,0,0,zero,0,0,Unknown,,,,,,,2025-08-01,2026-07-31,United Kingdom,English,Google Search,country,2026-09-08,70fbd70d057b238cee57df3db043a3eea72e89573d2278812516bf8fcdf617ca
raw/gkp-discover-01-whats-on-things-to-do.csv,discover,gkp-discover-01,1234,what to do memorial day weekend 2022 near me,what to do memorial day weekend 2022 near me,GBP,,encoded_band,,,absent,,,Unknown,,,,,,,2025-08-01,2026-07-31,United Kingdom,English,Google Search,country,2026-09-08,70fbd70d057b238cee57df3db043a3eea72e89573d2278812516bf8fcdf617ca
raw/gkp-discover-01-whats-on-things-to-do.csv,discover,gkp-discover-01,1235,what to do memorial weekend near me,what to do memorial weekend near me,GBP,,encoded_band,,,absent,,,Unknown,,,,,,,2025-08-01,2026-07-31,United Kingdom,English,Google Search,country,2026-09-08,70fbd70d057b238cee57df3db043a3eea72e89573d2278812516bf8fcdf617ca
raw/gkp-discover-01-whats-on-things-to-do.csv,discover,gkp-discover-01,1236,what to do near me friday night,what to do near me friday night,GBP,50,encoded_band,10,100,returned,0,0,Low,0,,,,,,2025-08-01,2026-07-31,United Kingdom,English,Google Search,country,2026-09-08,70fbd70d057b238cee57df3db043a3eea72e89573d2278812516bf8fcdf617ca
raw/gkp-discover-01-whats-on-things-to-do.csv,discover,gkp-discover-01,1237,what to do near me labor day weekend,what to do near me labor day weekend,GBP,0,encoded_band,0,0,zero,0,0,Unknown,,,,,,,2025-08-01,2026-07-31,United Kingdom,English,Google Search,country,2026-09-08,70fbd70d057b238cee57df3db043a3eea72e89573d2278812516bf8fcdf617ca
raw/gkp-discover-01-whats-on-things-to-do.csv,discover,gkp-discover-01,1238,what to do near me on saturday,what to do near me on saturday,GBP,500,encoded_band,100,1000,returned,0,0,High,99,0.32,1.32,,,,2025-08-01,2026-07-31,United Kingdom,English,Google Search,country,2026-09-08,70fbd70d057b238cee57df3db043a3eea72e89573d2278812516bf8fcdf617ca
raw/gkp-discover-01-whats-on-things-to-do.csv,discover,gkp-discover-01,1239,what to do on a saturday afternoon near me,what to do on a saturday afternoon near me,GBP,50,encoded_band,10,100,returned,0,0,Low,0,,,,,,2025-08-01,2026-07-31,United Kingdom,English,Google Search,country,2026-09-08,70fbd70d057b238cee57df3db043a3eea72e89573d2278812516bf8fcdf617ca
raw/gkp-discover-01-whats-on-things-to-do.csv,discover,gkp-discover-01,1240,what to do on sunday night near me,what to do on sunday night near me,GBP,50,encoded_band,10,100,returned,0,0,Medium,65,,,,,,2025-08-01,2026-07-31,United Kingdom,English,Google Search,country,2026-09-08,70fbd70d057b238cee57df3db043a3eea72e89573d2278812516bf8fcdf617ca
raw/gkp-discover-01-whats-on-things-to-do.csv,discover,gkp-discover-01,1241,what to do on thursday near me,what to do on thursday near me,GBP,50,encoded_band,10,100,returned,0,0,Medium,46,0.3,0.77,,,,2025-08-01,2026-07-31,United Kingdom,English,Google Search,country,2026-09-08,70fbd70d057b238cee57df3db043a3eea72e89573d2278812516bf8fcdf617ca
raw/gkp-discover-01-whats-on-things-to-do.csv,discover,gkp-discover-01,1242,what to do on weekend near me,what to do on weekend near me,GBP,50,encoded_band,10,100,returned,0,-1,Unknown,,,,,,,2025-08-01,2026-07-31,United Kingdom,English,Google Search,country,2026-09-08,70fbd70d057b238cee57df3db043a3eea72e89573d2278812516bf8fcdf617ca
raw/gkp-discover-01-whats-on-things-to-do.csv,discover,gkp-discover-01,1243,what to do outside near me today,what to do outside near me today,GBP,50,encoded_band,10,100,returned,0,0,Low,21,,,,,,2025-08-01,2026-07-31,United Kingdom,English,Google Search,country,2026-09-08,70fbd70d057b238cee57df3db043a3eea72e89573d2278812516bf8fcdf617ca
raw/gkp-discover-01-whats-on-things-to-do.csv,discover,gkp-discover-01,1244,what to do outside this weekend near me,what to do outside this weekend near me,GBP,50,encoded_band,10,100,returned,-1,0,Unknown,,,,,,,2025-08-01,2026-07-31,United Kingdom,English,Google Search,country,2026-09-08,70fbd70d057b238cee57df3db043a3eea72e89573d2278812516bf8fcdf617ca
raw/gkp-discover-01-whats-on-things-to-do.csv,discover,gkp-discover-01,1245,what to do thanksgiving weekend near me,what to do thanksgiving weekend near me,GBP,,encoded_band,,,absent,,,Unknown,,,,,,,2025-08-01,2026-07-31,United Kingdom,English,Google Search,country,2026-09-08,70fbd70d057b238cee57df3db043a3eea72e89573d2278812516bf8fcdf617ca
raw/gkp-discover-01-whats-on-things-to-do.csv,discover,gkp-discover-01,1246,what to do this friday night near me,what to do this friday night near me,GBP,50,encoded_band,10,100,returned,0,0,High,97,,,,,,2025-08-01,2026-07-31,United Kingdom,English,Google Search,country,2026-09-08,70fbd70d057b238cee57df3db043a3eea72e89573d2278812516bf8fcdf617ca
raw/gkp-discover-01-whats-on-things-to-do.csv,discover,gkp-discover-01,1247,what to do this memorial day weekend near me,what to do this memorial day weekend near me,GBP,0,encoded_band,0,0,zero,0,0,Unknown,,,,,,,2025-08-01,2026-07-31,United Kingdom,English,Google Search,country,2026-09-08,70fbd70d057b238cee57df3db043a3eea72e89573d2278812516bf8fcdf617ca
raw/gkp-discover-01-whats-on-things-to-do.csv,discover,gkp-discover-01,1248,what to do this saturday night near me,what to do this saturday night near me,GBP,50,encoded_band,10,100,returned,0,0,High,100,,,,,,2025-08-01,2026-07-31,United Kingdom,English,Google Search,country,2026-09-08,70fbd70d057b238cee57df3db043a3eea72e89573d2278812516bf8fcdf617ca
raw/gkp-discover-01-whats-on-things-to-do.csv,discover,gkp-discover-01,1249,what to do to tonight near me,what to do to tonight near me,GBP,50,encoded_band,10,100,returned,,,High,100,,,,,,2025-08-01,2026-07-31,United Kingdom,English,Google Search,country,2026-09-08,70fbd70d057b238cee57df3db043a3eea72e89573d2278812516bf8fcdf617ca
raw/gkp-discover-01-whats-on-things-to-do.csv,discover,gkp-discover-01,1250,what to do today near me this weekend,what to do today near me this weekend,GBP,50,encoded_band,10,100,returned,0,0,Unknown,,,,,,,2025-08-01,2026-07-31,United Kingdom,English,Google Search,country,2026-09-08,70fbd70d057b238cee57df3db043a3eea72e89573d2278812516bf8fcdf617ca
raw/gkp-discover-01-whats-on-things-to-do.csv,discover,gkp-discover-01,1251,what to do tomorrow night near me,what to do tomorrow night near me,GBP,50,encoded_band,10,100,returned,0,0,High,100,,,,,,2025-08-01,2026-07-31,United Kingdom,English,Google Search,country,2026-09-08,70fbd70d057b238cee57df3db043a3eea72e89573d2278812516bf8fcdf617ca
raw/gkp-discover-01-whats-on-things-to-do.csv,discover,gkp-discover-01,1252,what to do weekend near me,what to do weekend near me,GBP,50,encoded_band,10,100,returned,0,0,Low,24,,,,,,2025-08-01,2026-07-31,United Kingdom,English,Google Search,country,2026-09-08,70fbd70d057b238cee57df3db043a3eea72e89573d2278812516bf8fcdf617ca
raw/gkp-discover-01-whats-on-things-to-do.csv,discover,gkp-discover-01,1253,what to tonight near me,what to tonight near me,GBP,50,encoded_band,10,100,returned,,0,Low,0,,,,,,2025-08-01,2026-07-31,United Kingdom,English,Google Search,country,2026-09-08,70fbd70d057b238cee57df3db043a3eea72e89573d2278812516bf8fcdf617ca
raw/gkp-discover-01-whats-on-things-to-do.csv,discover,gkp-discover-01,1254,what's fun this weekend near me,what's fun this weekend near me,GBP,50,encoded_band,10,100,returned,0,0,Unknown,,,,,,,2025-08-01,2026-07-31,United Kingdom,English,Google Search,country,2026-09-08,70fbd70d057b238cee57df3db043a3eea72e89573d2278812516bf8fcdf617ca
raw/gkp-discover-01-whats-on-things-to-do.csv,discover,gkp-discover-01,1255,what's fun to do tonight near me,what's fun to do tonight near me,GBP,50,encoded_band,10,100,returned,0,,Low,32,,,,,,2025-08-01,2026-07-31,United Kingdom,English,Google Search,country,2026-09-08,70fbd70d057b238cee57df3db043a3eea72e89573d2278812516bf8fcdf617ca
raw/gkp-discover-01-whats-on-things-to-do.csv,discover,gkp-discover-01,1256,what's fun tonight near me,what's fun tonight near me,GBP,50,encoded_band,10,100,returned,0,0,Unknown,,,,,,,2025-08-01,2026-07-31,United Kingdom,English,Google Search,country,2026-09-08,70fbd70d057b238cee57df3db043a3eea72e89573d2278812516bf8fcdf617ca
raw/gkp-discover-01-whats-on-things-to-do.csv,discover,gkp-discover-01,1257,what's going around me today,what's going around me today,GBP,50,encoded_band,10,100,returned,,0,Low,0,,,,,,2025-08-01,2026-07-31,United Kingdom,English,Google Search,country,2026-09-08,70fbd70d057b238cee57df3db043a3eea72e89573d2278812516bf8fcdf617ca
raw/gkp-discover-01-whats-on-things-to-do.csv,discover,gkp-discover-01,1258,what's going in this weekend near me,what's going in this weekend near me,GBP,50,encoded_band,10,100,returned,0,0,Low,19,,,,,,2025-08-01,2026-07-31,United Kingdom,English,Google Search,country,2026-09-08,70fbd70d057b238cee57df3db043a3eea72e89573d2278812516bf8fcdf617ca
raw/gkp-discover-01-whats-on-things-to-do.csv,discover,gkp-discover-01,1259,what's going in today near me,what's going in today near me,GBP,50,encoded_band,10,100,returned,0,0,High,75,,,,,,2025-08-01,2026-07-31,United Kingdom,English,Google Search,country,2026-09-08,70fbd70d057b238cee57df3db043a3eea72e89573d2278812516bf8fcdf617ca
raw/gkp-discover-01-whats-on-things-to-do.csv,discover,gkp-discover-01,1260,what's going in tonight near me,what's going in tonight near me,GBP,50,encoded_band,10,100,returned,0,0,Low,0,,,,,,2025-08-01,2026-07-31,United Kingdom,English,Google Search,country,2026-09-08,70fbd70d057b238cee57df3db043a3eea72e89573d2278812516bf8fcdf617ca
raw/gkp-discover-01-whats-on-things-to-do.csv,discover,gkp-discover-01,1261,what's going on around here this weekend,what's going on around here this weekend,GBP,50,encoded_band,10,100,returned,0,0,Low,0,,,,,,2025-08-01,2026-07-31,United Kingdom,English,Google Search,country,2026-09-08,70fbd70d057b238cee57df3db043a3eea72e89573d2278812516bf8fcdf617ca
raw/gkp-discover-01-whats-on-things-to-do.csv,discover,gkp-discover-01,1262,what's going on around here today,what's going on around here today,GBP,50,encoded_band,10,100,returned,0,0,High,67,,,,,,2025-08-01,2026-07-31,United Kingdom,English,Google Search,country,2026-09-08,70fbd70d057b238cee57df3db043a3eea72e89573d2278812516bf8fcdf617ca
raw/gkp-discover-01-whats-on-things-to-do.csv,discover,gkp-discover-01,1263,what's going on around me right now,what's going on around me right now,GBP,50,encoded_band,10,100,returned,0,0,Low,0,,,,,,2025-08-01,2026-07-31,United Kingdom,English,Google Search,country,2026-09-08,70fbd70d057b238cee57df3db043a3eea72e89573d2278812516bf8fcdf617ca
raw/gkp-discover-01-whats-on-things-to-do.csv,discover,gkp-discover-01,1264,what's going on around me tonight,what's going on around me tonight,GBP,50,encoded_band,10,100,returned,0,0,High,100,,,,,,2025-08-01,2026-07-31,United Kingdom,English,Google Search,country,2026-09-08,70fbd70d057b238cee57df3db043a3eea72e89573d2278812516bf8fcdf617ca
raw/gkp-discover-01-whats-on-things-to-do.csv,discover,gkp-discover-01,1265,what's going on around my area today,what's going on around my area today,GBP,50,encoded_band,10,100,returned,-1,-1,Unknown,,,,,,,2025-08-01,2026-07-31,United Kingdom,English,Google Search,country,2026-09-08,70fbd70d057b238cee57df3db043a3eea72e89573d2278812516bf8fcdf617ca
raw/gkp-discover-01-whats-on-things-to-do.csv,discover,gkp-discover-01,1266,what's going on for memorial day near me,what's going on for memorial day near me,GBP,0,encoded_band,0,0,zero,0,0,Unknown,,,,,,,2025-08-01,2026-07-31,United Kingdom,English,Google Search,country,2026-09-08,70fbd70d057b238cee57df3db043a3eea72e89573d2278812516bf8fcdf617ca
raw/gkp-discover-01-whats-on-things-to-do.csv,discover,gkp-discover-01,1267,what's going on for the 4th of july near me,what's going on for the 4th of july near me,GBP,50,encoded_band,10,100,returned,,,Low,0,,,,,,2025-08-01,2026-07-31,United Kingdom,English,Google Search,country,2026-09-08,70fbd70d057b238cee57df3db043a3eea72e89573d2278812516bf8fcdf617ca
raw/gkp-discover-01-whats-on-things-to-do.csv,discover,gkp-discover-01,1268,what's going on for the fourth of july near me,what's going on for the fourth of july near me,GBP,,encoded_band,,,absent,,,Unknown,,,,,,,2025-08-01,2026-07-31,United Kingdom,English,Google Search,country,2026-09-08,70fbd70d057b238cee57df3db043a3eea72e89573d2278812516bf8fcdf617ca
raw/gkp-discover-01-whats-on-things-to-do.csv,discover,gkp-discover-01,1269,what's going on friday night near me,what's going on friday night near me,GBP,50,encoded_band,10,100,returned,-1,-1,Unknown,,,,,,,2025-08-01,2026-07-31,United Kingdom,English,Google Search,country,2026-09-08,70fbd70d057b238cee57df3db043a3eea72e89573d2278812516bf8fcdf617ca
raw/gkp-discover-01-whats-on-things-to-do.csv,discover,gkp-discover-01,1270,what's going on in my area right now,what's going on in my area right now,GBP,50,encoded_band,10,100,returned,-1,0,Unknown,,,,,,,2025-08-01,2026-07-31,United Kingdom,English,Google Search,country,2026-09-08,70fbd70d057b238cee57df3db043a3eea72e89573d2278812516bf8fcdf617ca
raw/gkp-discover-01-whats-on-things-to-do.csv,discover,gkp-discover-01,1271,what's going on in my area tonight,what's going on in my area tonight,GBP,50,encoded_band,10,100,returned,0,,Low,0,,,,,,2025-08-01,2026-07-31,United Kingdom,English,Google Search,country,2026-09-08,70fbd70d057b238cee57df3db043a3eea72e89573d2278812516bf8fcdf617ca
raw/gkp-discover-01-whats-on-things-to-do.csv,discover,gkp-discover-01,1272,what's going on in near me this weekend,what's going on in near me this weekend,GBP,50,encoded_band,10,100,returned,0,,High,75,,,,,,2025-08-01,2026-07-31,United Kingdom,English,Google Search,country,2026-09-08,70fbd70d057b238cee57df3db043a3eea72e89573d2278812516bf8fcdf617ca
raw/gkp-discover-01-whats-on-things-to-do.csv,discover,gkp-discover-01,1273,what's going on in the area this weekend,what's going on in the area this weekend,GBP,50,encoded_band,10,100,returned,0,,Low,14,,,,,,2025-08-01,2026-07-31,United Kingdom,English,Google Search,country,2026-09-08,70fbd70d057b238cee57df3db043a3eea72e89573d2278812516bf8fcdf617ca
raw/gkp-discover-01-whats-on-things-to-do.csv,discover,gkp-discover-01,1274,what's going on in the area tonight,what's going on in the area tonight,GBP,50,encoded_band,10,100,returned,-1,0,Unknown,,,,,,,2025-08-01,2026-07-31,United Kingdom,English,Google Search,country,2026-09-08,70fbd70d057b238cee57df3db043a3eea72e89573d2278812516bf8fcdf617ca
raw/gkp-discover-01-whats-on-things-to-do.csv,discover,gkp-discover-01,1275,what's going on labor day weekend near me,what's going on labor day weekend near me,GBP,,encoded_band,,,absent,,,Unknown,,,,,,,2025-08-01,2026-07-31,United Kingdom,English,Google Search,country,2026-09-08,70fbd70d057b238cee57df3db043a3eea72e89573d2278812516bf8fcdf617ca
raw/gkp-discover-01-whats-on-things-to-do.csv,discover,gkp-discover-01,1276,what's going on near me next weekend,what's going on near me next weekend,GBP,50,encoded_band,10,100,returned,0,0,Medium,50,,,,,,2025-08-01,2026-07-31,United Kingdom,English,Google Search,country,2026-09-08,70fbd70d057b238cee57df3db043a3eea72e89573d2278812516bf8fcdf617ca
raw/gkp-discover-01-whats-on-things-to-do.csv,discover,gkp-discover-01,1277,what's going on near me now,what's going on near me now,GBP,50,encoded_band,10,100,returned,0,0,High,100,,,,,,2025-08-01,2026-07-31,United Kingdom,English,Google Search,country,2026-09-08,70fbd70d057b238cee57df3db043a3eea72e89573d2278812516bf8fcdf617ca
raw/gkp-discover-01-whats-on-things-to-do.csv,discover,gkp-discover-01,1278,what's going on near me on sunday,what's going on near me on sunday,GBP,50,encoded_band,10,100,returned,0,0,Low,24,,,,,,2025-08-01,2026-07-31,United Kingdom,English,Google Search,country,2026-09-08,70fbd70d057b238cee57df3db043a3eea72e89573d2278812516bf8fcdf617ca
raw/gkp-discover-01-whats-on-things-to-do.csv,discover,gkp-discover-01,1279,what's going on near me right now,what's going on near me right now,GBP,50,encoded_band,10,100,returned,0,0,Medium,63,,,,,,2025-08-01,2026-07-31,United Kingdom,English,Google Search,country,2026-09-08,70fbd70d057b238cee57df3db043a3eea72e89573d2278812516bf8fcdf617ca
raw/gkp-discover-01-whats-on-things-to-do.csv,discover,gkp-discover-01,1280,what's going on next week near me,what's going on next week near me,GBP,50,encoded_band,10,100,returned,0,0,Low,0,,,,,,2025-08-01,2026-07-31,United Kingdom,English,Google Search,country,2026-09-08,70fbd70d057b238cee57df3db043a3eea72e89573d2278812516bf8fcdf617ca
raw/gkp-discover-01-whats-on-things-to-do.csv,discover,gkp-discover-01,1281,what's going on saturday near me,what's going on saturday near me,GBP,50,encoded_band,10,100,returned,0,0,Low,13,0.21,0.89,,,,2025-08-01,2026-07-31,United Kingdom,English,Google Search,country,2026-09-08,70fbd70d057b238cee57df3db043a3eea72e89573d2278812516bf8fcdf617ca
raw/gkp-discover-01-whats-on-things-to-do.csv,discover,gkp-discover-01,1282,what's going on the weekend near me,what's going on the weekend near me,GBP,50,encoded_band,10,100,returned,0,0,Medium,38,,,,,,2025-08-01,2026-07-31,United Kingdom,English,Google Search,country,2026-09-08,70fbd70d057b238cee57df3db043a3eea72e89573d2278812516bf8fcdf617ca
raw/gkp-discover-01-whats-on-things-to-do.csv,discover,gkp-discover-01,1283,what's going on this saturday near me,what's going on this saturday near me,GBP,50,encoded_band,10,100,returned,0,0,Low,13,0.21,0.89,,,,2025-08-01,2026-07-31,United Kingdom,English,Google Search,country,2026-09-08,70fbd70d057b238cee57df3db043a3eea72e89573d2278812516bf8fcdf617ca
raw/gkp-discover-01-whats-on-things-to-do.csv,discover,gkp-discover-01,1284,what's going on tonight in my area,what's going on tonight in my area,GBP,50,encoded_band,10,100,returned,0,,Low,0,,,,,,2025-08-01,2026-07-31,United Kingdom,English,Google Search,country,2026-09-08,70fbd70d057b238cee57df3db043a3eea72e89573d2278812516bf8fcdf617ca
raw/gkp-discover-01-whats-on-things-to-do.csv,discover,gkp-discover-01,1285,what's going tonight near me,what's going tonight near me,GBP,50,encoded_band,10,100,returned,-1,0,Unknown,,,,,,,2025-08-01,2026-07-31,United Kingdom,English,Google Search,country,2026-09-08,70fbd70d057b238cee57df3db043a3eea72e89573d2278812516bf8fcdf617ca
raw/gkp-discover-01-whats-on-things-to-do.csv,discover,gkp-discover-01,1286,what's happening around me tonight,what's happening around me tonight,GBP,50,encoded_band,10,100,returned,0,0,Low,0,,,,,,2025-08-01,2026-07-31,United Kingdom,English,Google Search,country,2026-09-08,70fbd70d057b238cee57df3db043a3eea72e89573d2278812516bf8fcdf617ca
raw/gkp-discover-01-whats-on-things-to-do.csv,discover,gkp-discover-01,1287,what's happening in my area this weekend,what's happening in my area this weekend,GBP,50,encoded_band,10,100,returned,0,0,High,97,,,,,,2025-08-01,2026-07-31,United Kingdom,English,Google Search,country,2026-09-08,70fbd70d057b238cee57df3db043a3eea72e89573d2278812516bf8fcdf617ca
raw/gkp-discover-01-whats-on-things-to-do.csv,discover,gkp-discover-01,1288,what's happening in my area tonight,what's happening in my area tonight,GBP,50,encoded_band,10,100,returned,0,0,Unknown,,,,,,,2025-08-01,2026-07-31,United Kingdom,English,Google Search,country,2026-09-08,70fbd70d057b238cee57df3db043a3eea72e89573d2278812516bf8fcdf617ca
raw/gkp-discover-01-whats-on-things-to-do.csv,discover,gkp-discover-01,1289,what's happening labor day weekend near me,what's happening labor day weekend near me,GBP,50,encoded_band,10,100,returned,-1,0,Unknown,,,,,,,2025-08-01,2026-07-31,United Kingdom,English,Google Search,country,2026-09-08,70fbd70d057b238cee57df3db043a3eea72e89573d2278812516bf8fcdf617ca
raw/gkp-discover-01-whats-on-things-to-do.csv,discover,gkp-discover-01,1290,what's happening memorial day weekend near me,what's happening memorial day weekend near me,GBP,0,encoded_band,0,0,zero,0,0,Unknown,,,,,,,2025-08-01,2026-07-31,United Kingdom,English,Google Search,country,2026-09-08,70fbd70d057b238cee57df3db043a3eea72e89573d2278812516bf8fcdf617ca
raw/gkp-discover-01-whats-on-things-to-do.csv,discover,gkp-discover-01,1291,what's happening near me next weekend,what's happening near me next weekend,GBP,50,encoded_band,10,100,returned,0,0,Low,10,0.15,1.17,,,,2025-08-01,2026-07-31,United Kingdom,English,Google Search,country,2026-09-08,70fbd70d057b238cee57df3db043a3eea72e89573d2278812516bf8fcdf617ca
raw/gkp-discover-01-whats-on-things-to-do.csv,discover,gkp-discover-01,1292,what's happening near me on saturday,what's happening near me on saturday,GBP,50,encoded_band,10,100,returned,0,0,Low,13,,,,,,2025-08-01,2026-07-31,United Kingdom,English,Google Search,country,2026-09-08,70fbd70d057b238cee57df3db043a3eea72e89573d2278812516bf8fcdf617ca
raw/gkp-discover-01-whats-on-things-to-do.csv,discover,gkp-discover-01,1293,what's happening nearby today,what's happening nearby today,GBP,50,encoded_band,10,100,returned,0,0,High,67,,,,,,2025-08-01,2026-07-31,United Kingdom,English,Google Search,country,2026-09-08,70fbd70d057b238cee57df3db043a3eea72e89573d2278812516bf8fcdf617ca
raw/gkp-discover-01-whats-on-things-to-do.csv,discover,gkp-discover-01,1294,what's happening on saturday near me,what's happening on saturday near me,GBP,50,encoded_band,10,100,returned,0,0,Low,4,,,,,,2025-08-01,2026-07-31,United Kingdom,English,Google Search,country,2026-09-08,70fbd70d057b238cee57df3db043a3eea72e89573d2278812516bf8fcdf617ca
raw/gkp-discover-01-whats-on-things-to-do.csv,discover,gkp-discover-01,1295,what's happening saturday near me,what's happening saturday near me,GBP,50,encoded_band,10,100,returned,0,0,Low,8,,,,,,2025-08-01,2026-07-31,United Kingdom,English,Google Search,country,2026-09-08,70fbd70d057b238cee57df3db043a3eea72e89573d2278812516bf8fcdf617ca
raw/gkp-discover-01-whats-on-things-to-do.csv,discover,gkp-discover-01,1296,what's happening this saturday near me,what's happening this saturday near me,GBP,50,encoded_band,10,100,returned,0,0,Low,14,0.76,1.48,,,,2025-08-01,2026-07-31,United Kingdom,English,Google Search,country,2026-09-08,70fbd70d057b238cee57df3db043a3eea72e89573d2278812516bf8fcdf617ca
raw/gkp-discover-01-whats-on-things-to-do.csv,discover,gkp-discover-01,1297,what's happening this week near me,what's happening this week near me,GBP,500,encoded_band,100,1000,returned,0,0,High,99,0.4,1.5,,,,2025-08-01,2026-07-31,United Kingdom,English,Google Search,country,2026-09-08,70fbd70d057b238cee57df3db043a3eea72e89573d2278812516bf8fcdf617ca
raw/gkp-discover-01-whats-on-things-to-do.csv,discover,gkp-discover-01,1298,what's happening today in my area,what's happening today in my area,GBP,50,encoded_band,10,100,returned,0,0,High,100,,,,,,2025-08-01,2026-07-31,United Kingdom,English,Google Search,country,2026-09-08,70fbd70d057b238cee57df3db043a3eea72e89573d2278812516bf8fcdf617ca
raw/gkp-discover-01-whats-on-things-to-do.csv,discover,gkp-discover-01,1299,what's happening tonight around me,what's happening tonight around me,GBP,50,encoded_band,10,100,returned,,,Low,0,,,,,,2025-08-01,2026-07-31,United Kingdom,English,Google Search,country,2026-09-08,70fbd70d057b238cee57df3db043a3eea72e89573d2278812516bf8fcdf617ca
raw/gkp-discover-01-whats-on-things-to-do.csv,discover,gkp-discover-01,1300,what's in near me this weekend,what's in near me this weekend,GBP,50,encoded_band,10,100,returned,9,9,High,100,0.26,1.58,,,,2025-08-01,2026-07-31,United Kingdom,English,Google Search,country,2026-09-08,70fbd70d057b238cee57df3db043a3eea72e89573d2278812516bf8fcdf617ca
raw/gkp-discover-01-whats-on-things-to-do.csv,discover,gkp-discover-01,1301,what's in this weekend near me,what's in this weekend near me,GBP,50,encoded_band,10,100,returned,-0.9,0,High,94,0.46,1.43,,,,2025-08-01,2026-07-31,United Kingdom,English,Google Search,country,2026-09-08,70fbd70d057b238cee57df3db043a3eea72e89573d2278812516bf8fcdf617ca
raw/gkp-discover-01-whats-on-things-to-do.csv,discover,gkp-discover-01,1302,what's near me to do today,what's near me to do today,GBP,50,encoded_band,10,100,returned,0,0,High,97,,,,,,2025-08-01,2026-07-31,United Kingdom,English,Google Search,country,2026-09-08,70fbd70d057b238cee57df3db043a3eea72e89573d2278812516bf8fcdf617ca
raw/gkp-discover-01-whats-on-things-to-do.csv,discover,gkp-discover-01,1303,what's on around me this weekend,what's on around me this weekend,GBP,500,encoded_band,100,1000,returned,0,0,High,97,0.37,3.18,,,,2025-08-01,2026-07-31,United Kingdom,English,Google Search,country,2026-09-08,70fbd70d057b238cee57df3db043a3eea72e89573d2278812516bf8fcdf617ca
raw/gkp-discover-01-whats-on-things-to-do.csv,discover,gkp-discover-01,1304,what's on around me tonight,what's on around me tonight,GBP,50,encoded_band,10,100,returned,0,0,High,92,,,,,,2025-08-01,2026-07-31,United Kingdom,English,Google Search,country,2026-09-08,70fbd70d057b238cee57df3db043a3eea72e89573d2278812516bf8fcdf617ca
raw/gkp-discover-01-whats-on-things-to-do.csv,discover,gkp-discover-01,1305,what's on at the weekend near me,what's on at the weekend near me,GBP,50,encoded_band,10,100,returned,-0.9,-0.9,High,94,0.28,0.75,,,,2025-08-01,2026-07-31,United Kingdom,English,Google Search,country,2026-09-08,70fbd70d057b238cee57df3db043a3eea72e89573d2278812516bf8fcdf617ca
raw/gkp-discover-01-whats-on-things-to-do.csv,discover,gkp-discover-01,1306,what's on august bank holiday near me,what's on august bank holiday near me,GBP,50,encoded_band,10,100,returned,0,0,Low,8,0.3,2.34,,,,2025-08-01,2026-07-31,United Kingdom,English,Google Search,country,2026-09-08,70fbd70d057b238cee57df3db043a3eea72e89573d2278812516bf8fcdf617ca
raw/gkp-discover-01-whats-on-things-to-do.csv,discover,gkp-discover-01,1307,what's on in my area this weekend,what's on in my area this weekend,GBP,50,encoded_band,10,100,returned,0,0,High,86,0.39,0.79,,,,2025-08-01,2026-07-31,United Kingdom,English,Google Search,country,2026-09-08,70fbd70d057b238cee57df3db043a3eea72e89573d2278812516bf8fcdf617ca
raw/gkp-discover-01-whats-on-things-to-do.csv,discover,gkp-discover-01,1308,what's on in near me today,what's on in near me today,GBP,50,encoded_band,10,100,returned,0,0,High,100,,,,,,2025-08-01,2026-07-31,United Kingdom,English,Google Search,country,2026-09-08,70fbd70d057b238cee57df3db043a3eea72e89573d2278812516bf8fcdf617ca
raw/gkp-discover-01-whats-on-things-to-do.csv,discover,gkp-discover-01,1309,what's on near me at the weekend,what's on near me at the weekend,GBP,50,encoded_band,10,100,returned,0,0,High,96,,,,,,2025-08-01,2026-07-31,United Kingdom,English,Google Search,country,2026-09-08,70fbd70d057b238cee57df3db043a3eea72e89573d2278812516bf8fcdf617ca
raw/gkp-discover-01-whats-on-things-to-do.csv,discover,gkp-discover-01,1310,what's on near me august bank holiday,what's on near me august bank holiday,GBP,50,encoded_band,10,100,returned,0,0,Low,3,,,,,,2025-08-01,2026-07-31,United Kingdom,English,Google Search,country,2026-09-08,70fbd70d057b238cee57df3db043a3eea72e89573d2278812516bf8fcdf617ca
raw/gkp-discover-01-whats-on-things-to-do.csv,discover,gkp-discover-01,1311,what's on near me next week,what's on near me next week,GBP,50,encoded_band,10,100,returned,0,0,Low,9,0.29,1.21,,,,2025-08-01,2026-07-31,United Kingdom,English,Google Search,country,2026-09-08,70fbd70d057b238cee57df3db043a3eea72e89573d2278812516bf8fcdf617ca
raw/gkp-discover-01-whats-on-things-to-do.csv,discover,gkp-discover-01,1312,what's on near me next weekend,what's on near me next weekend,GBP,500,encoded_band,100,1000,returned,0,0,High,89,0.32,1.27,,,,2025-08-01,2026-07-31,United Kingdom,English,Google Search,country,2026-09-08,70fbd70d057b238cee57df3db043a3eea72e89573d2278812516bf8fcdf617ca
raw/gkp-discover-01-whats-on-things-to-do.csv,discover,gkp-discover-01,1313,what's on near me this weekend 2022,what's on near me this weekend 2022,GBP,0,encoded_band,0,0,zero,0,0,Unknown,,,,,,,2025-08-01,2026-07-31,United Kingdom,English,Google Search,country,2026-09-08,70fbd70d057b238cee57df3db043a3eea72e89573d2278812516bf8fcdf617ca
raw/gkp-discover-01-whats-on-things-to-do.csv,discover,gkp-discover-01,1314,what's on next week near me,what's on next week near me,GBP,50,encoded_band,10,100,returned,0,0,Low,7,0.24,0.98,,,,2025-08-01,2026-07-31,United Kingdom,English,Google Search,country,2026-09-08,70fbd70d057b238cee57df3db043a3eea72e89573d2278812516bf8fcdf617ca
raw/gkp-discover-01-whats-on-things-to-do.csv,discover,gkp-discover-01,1315,what's on now near me,what's on now near me,GBP,50,encoded_band,10,100,returned,0,0,High,91,,,,,,2025-08-01,2026-07-31,United Kingdom,English,Google Search,country,2026-09-08,70fbd70d057b238cee57df3db043a3eea72e89573d2278812516bf8fcdf617ca
raw/gkp-discover-01-whats-on-things-to-do.csv,discover,gkp-discover-01,1316,what's on saturday night near me,what's on saturday night near me,GBP,50,encoded_band,10,100,returned,0,0,Medium,55,,,,,,2025-08-01,2026-07-31,United Kingdom,English,Google Search,country,2026-09-08,70fbd70d057b238cee57df3db043a3eea72e89573d2278812516bf8fcdf617ca
raw/gkp-discover-01-whats-on-things-to-do.csv,discover,gkp-discover-01,1317,what's on the weekend near me,what's on the weekend near me,GBP,50,encoded_band,10,100,returned,0,0,High,90,0.23,1.04,,,,2025-08-01,2026-07-31,United Kingdom,English,Google Search,country,2026-09-08,70fbd70d057b238cee57df3db043a3eea72e89573d2278812516bf8fcdf617ca
raw/gkp-discover-01-whats-on-things-to-do.csv,discover,gkp-discover-01,1318,what's on this weekend for families near me,what's on this weekend for families near me,GBP,50,encoded_band,10,100,returned,0,0,High,87,0.28,1.48,,,,2025-08-01,2026-07-31,United Kingdom,English,Google Search,country,2026-09-08,70fbd70d057b238cee57df3db043a3eea72e89573d2278812516bf8fcdf617ca
raw/gkp-discover-01-whats-on-things-to-do.csv,discover,gkp-discover-01,1319,what's on this weekend near me family,what's on this weekend near me family,GBP,50,encoded_band,10,100,returned,0,0,High,71,,,,,,2025-08-01,2026-07-31,United Kingdom,English,Google Search,country,2026-09-08,70fbd70d057b238cee57df3db043a3eea72e89573d2278812516bf8fcdf617ca
raw/gkp-discover-01-whats-on-things-to-do.csv,discover,gkp-discover-01,1320,what's on today near me today,what's on today near me today,GBP,500,encoded_band,100,1000,returned,0,9,High,78,0.23,1.47,,,,2025-08-01,2026-07-31,United Kingdom,English,Google Search,country,2026-09-08,70fbd70d057b238cee57df3db043a3eea72e89573d2278812516bf8fcdf617ca
raw/gkp-discover-01-whats-on-things-to-do.csv,discover,gkp-discover-01,1321,what's on weekend near me,what's on weekend near me,GBP,50,encoded_band,10,100,returned,0,0,High,98,0.38,14.77,,,,2025-08-01,2026-07-31,United Kingdom,English,Google Search,country,2026-09-08,70fbd70d057b238cee57df3db043a3eea72e89573d2278812516bf8fcdf617ca
raw/gkp-discover-01-whats-on-things-to-do.csv,discover,gkp-discover-01,1322,what's there to do near me this weekend,what's there to do near me this weekend,GBP,50,encoded_band,10,100,returned,-1,0,Unknown,,,,,,,2025-08-01,2026-07-31,United Kingdom,English,Google Search,country,2026-09-08,70fbd70d057b238cee57df3db043a3eea72e89573d2278812516bf8fcdf617ca
raw/gkp-discover-01-whats-on-things-to-do.csv,discover,gkp-discover-01,1323,what's there to do near me tonight,what's there to do near me tonight,GBP,50,encoded_band,10,100,returned,0,0,High,100,,,,,,2025-08-01,2026-07-31,United Kingdom,English,Google Search,country,2026-09-08,70fbd70d057b238cee57df3db043a3eea72e89573d2278812516bf8fcdf617ca
raw/gkp-discover-01-whats-on-things-to-do.csv,discover,gkp-discover-01,1324,what's there to do tomorrow near me,what's there to do tomorrow near me,GBP,50,encoded_band,10,100,returned,0,0,High,91,,,,,,2025-08-01,2026-07-31,United Kingdom,English,Google Search,country,2026-09-08,70fbd70d057b238cee57df3db043a3eea72e89573d2278812516bf8fcdf617ca
raw/gkp-discover-01-whats-on-things-to-do.csv,discover,gkp-discover-01,1325,what's there to do tonight around me,what's there to do tonight around me,GBP,50,encoded_band,10,100,returned,0,0,Unknown,,,,,,,2025-08-01,2026-07-31,United Kingdom,English,Google Search,country,2026-09-08,70fbd70d057b238cee57df3db043a3eea72e89573d2278812516bf8fcdf617ca
raw/gkp-discover-01-whats-on-things-to-do.csv,discover,gkp-discover-01,1326,what's to do tonight near me,what's to do tonight near me,GBP,500,encoded_band,100,1000,returned,0,0,High,100,0.37,1.2,,,,2025-08-01,2026-07-31,United Kingdom,English,Google Search,country,2026-09-08,70fbd70d057b238cee57df3db043a3eea72e89573d2278812516bf8fcdf617ca
raw/gkp-discover-01-whats-on-things-to-do.csv,discover,gkp-discover-01,1327,whats fun to do near me today,whats fun to do near me today,GBP,50,encoded_band,10,100,returned,0,0,Low,0,,,,,,2025-08-01,2026-07-31,United Kingdom,English,Google Search,country,2026-09-08,70fbd70d057b238cee57df3db043a3eea72e89573d2278812516bf8fcdf617ca
raw/gkp-discover-01-whats-on-things-to-do.csv,discover,gkp-discover-01,1328,whats going in near me this weekend,whats going in near me this weekend,GBP,500,encoded_band,100,1000,returned,0,0,High,85,0.33,1.32,,,,2025-08-01,2026-07-31,United Kingdom,English,Google Search,country,2026-09-08,70fbd70d057b238cee57df3db043a3eea72e89573d2278812516bf8fcdf617ca
raw/gkp-discover-01-whats-on-things-to-do.csv,discover,gkp-discover-01,1329,whats going in near me today,whats going in near me today,GBP,500,encoded_band,100,1000,returned,0,0,High,99,0.26,0.96,,,,2025-08-01,2026-07-31,United Kingdom,English,Google Search,country,2026-09-08,70fbd70d057b238cee57df3db043a3eea72e89573d2278812516bf8fcdf617ca
raw/gkp-discover-01-whats-on-things-to-do.csv,discover,gkp-discover-01,1330,whats going in today near me,whats going in today near me,GBP,500,encoded_band,100,1000,returned,0,0,High,99,0.26,0.96,,,,2025-08-01,2026-07-31,United Kingdom,English,Google Search,country,2026-09-08,70fbd70d057b238cee57df3db043a3eea72e89573d2278812516bf8fcdf617ca
raw/gkp-discover-01-whats-on-things-to-do.csv,discover,gkp-discover-01,1331,whats going near me this weekend,whats going near me this weekend,GBP,50,encoded_band,10,100,returned,-1,-1,Unknown,,,,,,,2025-08-01,2026-07-31,United Kingdom,English,Google Search,country,2026-09-08,70fbd70d057b238cee57df3db043a3eea72e89573d2278812516bf8fcdf617ca
raw/gkp-discover-01-whats-on-things-to-do.csv,discover,gkp-discover-01,1332,whats going today near me,whats going today near me,GBP,500,encoded_band,100,1000,returned,0,0,High,99,0.26,0.96,,,,2025-08-01,2026-07-31,United Kingdom,English,Google Search,country,2026-09-08,70fbd70d057b238cee57df3db043a3eea72e89573d2278812516bf8fcdf617ca
raw/gkp-discover-01-whats-on-things-to-do.csv,discover,gkp-discover-01,1333,whats happening memorial weekend near me,whats happening memorial weekend near me,GBP,,encoded_band,,,absent,,,Unknown,,,,,,,2025-08-01,2026-07-31,United Kingdom,English,Google Search,country,2026-09-08,70fbd70d057b238cee57df3db043a3eea72e89573d2278812516bf8fcdf617ca
raw/gkp-discover-01-whats-on-things-to-do.csv,discover,gkp-discover-01,1334,whats in near me today,whats in near me today,GBP,500,encoded_band,100,1000,returned,0,0,High,100,0.4,0.9,,,,2025-08-01,2026-07-31,United Kingdom,English,Google Search,country,2026-09-08,70fbd70d057b238cee57df3db043a3eea72e89573d2278812516bf8fcdf617ca
raw/gkp-discover-01-whats-on-things-to-do.csv,discover,gkp-discover-01,1335,whats near me this weekend,whats near me this weekend,GBP,50,encoded_band,10,100,returned,0,0,High,75,,,,,,2025-08-01,2026-07-31,United Kingdom,English,Google Search,country,2026-09-08,70fbd70d057b238cee57df3db043a3eea72e89573d2278812516bf8fcdf617ca
raw/gkp-discover-01-whats-on-things-to-do.csv,discover,gkp-discover-01,1336,whats on august bank holiday 2022 near me,whats on august bank holiday 2022 near me,GBP,0,encoded_band,0,0,zero,0,0,Unknown,,,,,,,2025-08-01,2026-07-31,United Kingdom,English,Google Search,country,2026-09-08,70fbd70d057b238cee57df3db043a3eea72e89573d2278812516bf8fcdf617ca
raw/gkp-discover-01-whats-on-things-to-do.csv,discover,gkp-discover-01,1337,whats on bank holiday weekend near me,whats on bank holiday weekend near me,GBP,500,encoded_band,100,1000,returned,-0.99,0,Low,4,,,,,,2025-08-01,2026-07-31,United Kingdom,English,Google Search,country,2026-09-08,70fbd70d057b238cee57df3db043a3eea72e89573d2278812516bf8fcdf617ca
raw/gkp-discover-01-whats-on-things-to-do.csv,discover,gkp-discover-01,1338,whats on easter weekend near me,whats on easter weekend near me,GBP,500,encoded_band,100,1000,returned,0,,Low,7,,,,,,2025-08-01,2026-07-31,United Kingdom,English,Google Search,country,2026-09-08,70fbd70d057b238cee57df3db043a3eea72e89573d2278812516bf8fcdf617ca
raw/gkp-discover-01-whats-on-things-to-do.csv,discover,gkp-discover-01,1339,whats on near me today for adults,whats on near me today for adults,GBP,50,encoded_band,10,100,returned,0,0,Low,3,,,,,,2025-08-01,2026-07-31,United Kingdom,English,Google Search,country,2026-09-08,70fbd70d057b238cee57df3db043a3eea72e89573d2278812516bf8fcdf617ca
raw/gkp-discover-01-whats-on-things-to-do.csv,discover,gkp-discover-01,1340,whats on near me weekend,whats on near me weekend,GBP,50,encoded_band,10,100,returned,0,0,Medium,42,,,,,,2025-08-01,2026-07-31,United Kingdom,English,Google Search,country,2026-09-08,70fbd70d057b238cee57df3db043a3eea72e89573d2278812516bf8fcdf617ca
raw/gkp-discover-01-whats-on-things-to-do.csv,discover,gkp-discover-01,1341,whats on nearby this weekend,whats on nearby this weekend,GBP,50,encoded_band,10,100,returned,0,0,Medium,54,,,,,,2025-08-01,2026-07-31,United Kingdom,English,Google Search,country,2026-09-08,70fbd70d057b238cee57df3db043a3eea72e89573d2278812516bf8fcdf617ca
raw/gkp-discover-01-whats-on-things-to-do.csv,discover,gkp-discover-01,1342,whats on this evening near me,whats on this evening near me,GBP,50,encoded_band,10,100,returned,9,9,High,99,0.24,0.96,,,,2025-08-01,2026-07-31,United Kingdom,English,Google Search,country,2026-09-08,70fbd70d057b238cee57df3db043a3eea72e89573d2278812516bf8fcdf617ca
raw/gkp-discover-01-whats-on-things-to-do.csv,discover,gkp-discover-01,1343,whats on this weekend near me for families,whats on this weekend near me for families,GBP,50,encoded_band,10,100,returned,0,0,High,100,,,,,,2025-08-01,2026-07-31,United Kingdom,English,Google Search,country,2026-09-08,70fbd70d057b238cee57df3db043a3eea72e89573d2278812516bf8fcdf617ca
raw/gkp-discover-01-whats-on-things-to-do.csv,discover,gkp-discover-01,1344,whats there to do near me today,whats there to do near me today,GBP,50,encoded_band,10,100,returned,0,0,High,100,,,,,,2025-08-01,2026-07-31,United Kingdom,English,Google Search,country,2026-09-08,70fbd70d057b238cee57df3db043a3eea72e89573d2278812516bf8fcdf617ca
raw/gkp-discover-01-whats-on-things-to-do.csv,discover,gkp-discover-01,1345,whats there to do near me tonight,whats there to do near me tonight,GBP,50,encoded_band,10,100,returned,,,High,100,,,,,,2025-08-01,2026-07-31,United Kingdom,English,Google Search,country,2026-09-08,70fbd70d057b238cee57df3db043a3eea72e89573d2278812516bf8fcdf617ca
raw/gkp-discover-01-whats-on-things-to-do.csv,discover,gkp-discover-01,1346,whats there to do this weekend near me,whats there to do this weekend near me,GBP,50,encoded_band,10,100,returned,0,-1,Unknown,,,,,,,2025-08-01,2026-07-31,United Kingdom,English,Google Search,country,2026-09-08,70fbd70d057b238cee57df3db043a3eea72e89573d2278812516bf8fcdf617ca
raw/gkp-discover-01-whats-on-things-to-do.csv,discover,gkp-discover-01,1347,whats there to do today near me,whats there to do today near me,GBP,50,encoded_band,10,100,returned,0,,High,100,,,,,,2025-08-01,2026-07-31,United Kingdom,English,Google Search,country,2026-09-08,70fbd70d057b238cee57df3db043a3eea72e89573d2278812516bf8fcdf617ca
raw/gkp-discover-01-whats-on-things-to-do.csv,discover,gkp-discover-01,1348,whats there to do tonight near me,whats there to do tonight near me,GBP,50,encoded_band,10,100,returned,0,0,High,100,,,,,,2025-08-01,2026-07-31,United Kingdom,English,Google Search,country,2026-09-08,70fbd70d057b238cee57df3db043a3eea72e89573d2278812516bf8fcdf617ca
raw/gkp-discover-01-whats-on-things-to-do.csv,discover,gkp-discover-01,1349,whats up this weekend near me,whats up this weekend near me,GBP,0,encoded_band,0,0,zero,0,-1,Unknown,,,,,,,2025-08-01,2026-07-31,United Kingdom,English,Google Search,country,2026-09-08,70fbd70d057b238cee57df3db043a3eea72e89573d2278812516bf8fcdf617ca
raw/gkp-discover-01-whats-on-things-to-do.csv,discover,gkp-discover-01,1350,xmas dinner pubs near me,xmas dinner pubs near me,GBP,500,encoded_band,100,1000,returned,0,-0.9,Low,7,,,,,,2025-08-01,2026-07-31,United Kingdom,English,Google Search,country,2026-09-08,70fbd70d057b238cee57df3db043a3eea72e89573d2278812516bf8fcdf617ca
raw/gkp-discover-01-whats-on-things-to-do.csv,discover,gkp-discover-01,1351,xmas pub lunch near me,xmas pub lunch near me,GBP,50,encoded_band,10,100,returned,,0,Low,29,,,,,,2025-08-01,2026-07-31,United Kingdom,English,Google Search,country,2026-09-08,70fbd70d057b238cee57df3db043a3eea72e89573d2278812516bf8fcdf617ca
raw/gkp-discover-01-whats-on-things-to-do.csv,discover,gkp-discover-01,1352,night out near heathrow,night out near heathrow,GBP,,encoded_band,,,absent,,,Unknown,,,,,,,2025-08-01,2026-07-31,United Kingdom,English,Google Search,country,2026-09-08,70fbd70d057b238cee57df3db043a3eea72e89573d2278812516bf8fcdf617ca
raw/gkp-volumes-01-game-nights.csv,volumes,gkp-volumes-01,3,best pub quiz near me,best pub quiz near me,GBP,50.0,encoded_band,10,100,returned,0,0,Low,5,,,,,,2025-08-01,2026-07-31,United Kingdom,English,Google Search,country,2026-08-17,0f92f7aedb205042e6bcddb3cdc5f8b0199858db84cbffdddfbd04296d261b43
raw/gkp-volumes-01-game-nights.csv,volumes,gkp-volumes-01,4,bingo ashford middlesex,bingo ashford middlesex,GBP,,encoded_band,,,absent,,,,,,,,,,2025-08-01,2026-07-31,United Kingdom,English,Google Search,country,2026-08-17,0f92f7aedb205042e6bcddb3cdc5f8b0199858db84cbffdddfbd04296d261b43
raw/gkp-volumes-01-game-nights.csv,volumes,gkp-volumes-01,5,bingo near feltham,bingo near feltham,GBP,,encoded_band,,,absent,,,,,,,,,,2025-08-01,2026-07-31,United Kingdom,English,Google Search,country,2026-08-17,0f92f7aedb205042e6bcddb3cdc5f8b0199858db84cbffdddfbd04296d261b43
raw/gkp-volumes-01-game-nights.csv,volumes,gkp-volumes-01,6,bingo night near me,bingo night near me,GBP,500.0,encoded_band,100,1000,returned,0,0,Low,7,1.09,4.81,,,,2025-08-01,2026-07-31,United Kingdom,English,Google Search,country,2026-08-17,0f92f7aedb205042e6bcddb3cdc5f8b0199858db84cbffdddfbd04296d261b43
raw/gkp-volumes-01-game-nights.csv,volumes,gkp-volumes-01,7,bingo night staines,bingo night staines,GBP,,encoded_band,,,absent,,,,,,,,,,2025-08-01,2026-07-31,United Kingdom,English,Google Search,country,2026-08-17,0f92f7aedb205042e6bcddb3cdc5f8b0199858db84cbffdddfbd04296d261b43
raw/gkp-volumes-01-game-nights.csv,volumes,gkp-volumes-01,8,bingo night surrey,bingo night surrey,GBP,,encoded_band,,,absent,,,,,,,,,,2025-08-01,2026-07-31,United Kingdom,English,Google Search,country,2026-08-17,0f92f7aedb205042e6bcddb3cdc5f8b0199858db84cbffdddfbd04296d261b43
raw/gkp-volumes-01-game-nights.csv,volumes,gkp-volumes-01,9,bingo staines,bingo staines,GBP,,encoded_band,,,absent,,,,,,,,,,2025-08-01,2026-07-31,United Kingdom,English,Google Search,country,2026-08-17,0f92f7aedb205042e6bcddb3cdc5f8b0199858db84cbffdddfbd04296d261b43
raw/gkp-volumes-01-game-nights.csv,volumes,gkp-volumes-01,10,cash bingo near me,cash bingo near me,GBP,50.0,encoded_band,10,100,returned,0,0,Low,21,3.9,9.49,,,,2025-08-01,2026-07-31,United Kingdom,English,Google Search,country,2026-08-17,0f92f7aedb205042e6bcddb3cdc5f8b0199858db84cbffdddfbd04296d261b43
raw/gkp-volumes-01-game-nights.csv,volumes,gkp-volumes-01,11,cash prize bingo,cash prize bingo,GBP,50.0,encoded_band,10,100,returned,0,0,Low,7,,,,,,2025-08-01,2026-07-31,United Kingdom,English,Google Search,country,2026-08-17,0f92f7aedb205042e6bcddb3cdc5f8b0199858db84cbffdddfbd04296d261b43
raw/gkp-volumes-01-game-nights.csv,volumes,gkp-volumes-01,12,drag bingo near me,drag bingo near me,GBP,500.0,encoded_band,100,1000,returned,0,0,Low,0,,,,,,2025-08-01,2026-07-31,United Kingdom,English,Google Search,country,2026-08-17,0f92f7aedb205042e6bcddb3cdc5f8b0199858db84cbffdddfbd04296d261b43
raw/gkp-volumes-01-game-nights.csv,volumes,gkp-volumes-01,13,family friendly pub quiz,family friendly pub quiz,GBP,50.0,encoded_band,10,100,returned,0,0,Low,3,,,,,,2025-08-01,2026-07-31,United Kingdom,English,Google Search,country,2026-08-17,0f92f7aedb205042e6bcddb3cdc5f8b0199858db84cbffdddfbd04296d261b43
raw/gkp-volumes-01-game-nights.csv,volumes,gkp-volumes-01,14,free karaoke near me,free karaoke near me,GBP,50.0,encoded_band,10,100,returned,0,0,Low,9,,,,,,2025-08-01,2026-07-31,United Kingdom,English,Google Search,country,2026-08-17,0f92f7aedb205042e6bcddb3cdc5f8b0199858db84cbffdddfbd04296d261b43
raw/gkp-volumes-01-game-nights.csv,volumes,gkp-volumes-01,15,karaoke ashford middlesex,karaoke ashford middlesex,GBP,,encoded_band,,,absent,,,,,,,,,,2025-08-01,2026-07-31,United Kingdom,English,Google Search,country,2026-08-17,0f92f7aedb205042e6bcddb3cdc5f8b0199858db84cbffdddfbd04296d261b43
raw/gkp-volumes-01-game-nights.csv,volumes,gkp-volumes-01,16,karaoke bar near me,karaoke bar near me,GBP,5000.0,encoded_band,1000,10000,returned,0,0,Low,28,0.14,0.73,,,,2025-08-01,2026-07-31,United Kingdom,English,Google Search,country,2026-08-17,0f92f7aedb205042e6bcddb3cdc5f8b0199858db84cbffdddfbd04296d261b43
raw/gkp-volumes-01-game-nights.csv,volumes,gkp-volumes-01,17,karaoke egham,karaoke egham,GBP,,encoded_band,,,absent,,,,,,,,,,2025-08-01,2026-07-31,United Kingdom,English,Google Search,country,2026-08-17,0f92f7aedb205042e6bcddb3cdc5f8b0199858db84cbffdddfbd04296d261b43
raw/gkp-volumes-01-game-nights.csv,volumes,gkp-volumes-01,18,karaoke feltham,karaoke feltham,GBP,50.0,encoded_band,10,100,returned,0,,Low,22,,,,,,2025-08-01,2026-07-31,United Kingdom,English,Google Search,country,2026-08-17,0f92f7aedb205042e6bcddb3cdc5f8b0199858db84cbffdddfbd04296d261b43
raw/gkp-volumes-01-game-nights.csv,volumes,gkp-volumes-01,19,karaoke near me,karaoke near me,GBP,50000.0,encoded_band,10000,100000,returned,0,0,Low,32,0.26,0.78,,,,2025-08-01,2026-07-31,United Kingdom,English,Google Search,country,2026-08-17,0f92f7aedb205042e6bcddb3cdc5f8b0199858db84cbffdddfbd04296d261b43
raw/gkp-volumes-01-game-nights.csv,volumes,gkp-volumes-01,20,karaoke night near me,karaoke night near me,GBP,500.0,encoded_band,100,1000,returned,0,0,Low,10,,,,,,2025-08-01,2026-07-31,United Kingdom,English,Google Search,country,2026-08-17,0f92f7aedb205042e6bcddb3cdc5f8b0199858db84cbffdddfbd04296d261b43
raw/gkp-volumes-01-game-nights.csv,volumes,gkp-volumes-01,21,karaoke pub near me,karaoke pub near me,GBP,500.0,encoded_band,100,1000,returned,0,0,Low,19,,,,,,2025-08-01,2026-07-31,United Kingdom,English,Google Search,country,2026-08-17,0f92f7aedb205042e6bcddb3cdc5f8b0199858db84cbffdddfbd04296d261b43
raw/gkp-volumes-01-game-nights.csv,volumes,gkp-volumes-01,22,karaoke staines,karaoke staines,GBP,50.0,encoded_band,10,100,returned,0,0,Low,13,,,,,,2025-08-01,2026-07-31,United Kingdom,English,Google Search,country,2026-08-17,0f92f7aedb205042e6bcddb3cdc5f8b0199858db84cbffdddfbd04296d261b43
raw/gkp-volumes-01-game-nights.csv,volumes,gkp-volumes-01,23,karaoke surrey,karaoke surrey,GBP,50.0,encoded_band,10,100,returned,0,0,Low,11,,,,,,2025-08-01,2026-07-31,United Kingdom,English,Google Search,country,2026-08-17,0f92f7aedb205042e6bcddb3cdc5f8b0199858db84cbffdddfbd04296d261b43
raw/gkp-volumes-01-game-nights.csv,volumes,gkp-volumes-01,24,live entertainment near me,live entertainment near me,GBP,500.0,encoded_band,100,1000,returned,0,0,Low,12,0.53,2.22,,,,2025-08-01,2026-07-31,United Kingdom,English,Google Search,country,2026-08-17,0f92f7aedb205042e6bcddb3cdc5f8b0199858db84cbffdddfbd04296d261b43
raw/gkp-volumes-01-game-nights.csv,volumes,gkp-volumes-01,25,local pub quiz,local pub quiz,GBP,500.0,encoded_band,100,1000,returned,0,0,Low,2,,,,,,2025-08-01,2026-07-31,United Kingdom,English,Google Search,country,2026-08-17,0f92f7aedb205042e6bcddb3cdc5f8b0199858db84cbffdddfbd04296d261b43
raw/gkp-volumes-01-game-nights.csv,volumes,gkp-volumes-01,26,midweek quiz night,midweek quiz night,GBP,,encoded_band,,,absent,,,,,,,,,,2025-08-01,2026-07-31,United Kingdom,English,Google Search,country,2026-08-17,0f92f7aedb205042e6bcddb3cdc5f8b0199858db84cbffdddfbd04296d261b43
raw/gkp-volumes-01-game-nights.csv,volumes,gkp-volumes-01,27,music bingo feltham,music bingo feltham,GBP,,encoded_band,,,absent,,,,,,,,,,2025-08-01,2026-07-31,United Kingdom,English,Google Search,country,2026-08-17,0f92f7aedb205042e6bcddb3cdc5f8b0199858db84cbffdddfbd04296d261b43
raw/gkp-volumes-01-game-nights.csv,volumes,gkp-volumes-01,28,music bingo near me,music bingo near me,GBP,500.0,encoded_band,100,1000,returned,0,0,Low,0,,,,,,2025-08-01,2026-07-31,United Kingdom,English,Google Search,country,2026-08-17,0f92f7aedb205042e6bcddb3cdc5f8b0199858db84cbffdddfbd04296d261b43
raw/gkp-volumes-01-game-nights.csv,volumes,gkp-volumes-01,29,music bingo night,music bingo night,GBP,50.0,encoded_band,10,100,returned,0,0,Low,0,,,,,,2025-08-01,2026-07-31,United Kingdom,English,Google Search,country,2026-08-17,0f92f7aedb205042e6bcddb3cdc5f8b0199858db84cbffdddfbd04296d261b43
raw/gkp-volumes-01-game-nights.csv,volumes,gkp-volumes-01,30,music bingo staines,music bingo staines,GBP,,encoded_band,,,absent,,,,,,,,,,2025-08-01,2026-07-31,United Kingdom,English,Google Search,country,2026-08-17,0f92f7aedb205042e6bcddb3cdc5f8b0199858db84cbffdddfbd04296d261b43
raw/gkp-volumes-01-game-nights.csv,volumes,gkp-volumes-01,31,music bingo surrey,music bingo surrey,GBP,50.0,encoded_band,10,100,returned,0,0,,,,,,,,2025-08-01,2026-07-31,United Kingdom,English,Google Search,country,2026-08-17,0f92f7aedb205042e6bcddb3cdc5f8b0199858db84cbffdddfbd04296d261b43
raw/gkp-volumes-01-game-nights.csv,volumes,gkp-volumes-01,32,music quiz night near me,music quiz night near me,GBP,,encoded_band,,,absent,,,,,,,,,,2025-08-01,2026-07-31,United Kingdom,English,Google Search,country,2026-08-17,0f92f7aedb205042e6bcddb3cdc5f8b0199858db84cbffdddfbd04296d261b43
raw/gkp-volumes-01-game-nights.csv,volumes,gkp-volumes-01,33,musical bingo near me,musical bingo near me,GBP,50.0,encoded_band,10,100,returned,0,0,Low,0,,,,,,2025-08-01,2026-07-31,United Kingdom,English,Google Search,country,2026-08-17,0f92f7aedb205042e6bcddb3cdc5f8b0199858db84cbffdddfbd04296d261b43
raw/gkp-volumes-01-game-nights.csv,volumes,gkp-volumes-01,34,name that tune bingo,name that tune bingo,GBP,50.0,encoded_band,10,100,returned,-1,-1,,,,,,,,2025-08-01,2026-07-31,United Kingdom,English,Google Search,country,2026-08-17,0f92f7aedb205042e6bcddb3cdc5f8b0199858db84cbffdddfbd04296d261b43
raw/gkp-volumes-01-game-nights.csv,volumes,gkp-volumes-01,35,nights out in staines,nights out in staines,GBP,50.0,encoded_band,10,100,returned,0,,Low,0,,,,,,2025-08-01,2026-07-31,United Kingdom,English,Google Search,country,2026-08-17,0f92f7aedb205042e6bcddb3cdc5f8b0199858db84cbffdddfbd04296d261b43
raw/gkp-volumes-01-game-nights.csv,volumes,gkp-volumes-01,36,pub bingo near me,pub bingo near me,GBP,500.0,encoded_band,100,1000,returned,0,-0.9,Low,0,,,,,,2025-08-01,2026-07-31,United Kingdom,English,Google Search,country,2026-08-17,0f92f7aedb205042e6bcddb3cdc5f8b0199858db84cbffdddfbd04296d261b43
raw/gkp-volumes-01-game-nights.csv,volumes,gkp-volumes-01,37,pub bingo surrey,pub bingo surrey,GBP,,encoded_band,,,absent,,,,,,,,,,2025-08-01,2026-07-31,United Kingdom,English,Google Search,country,2026-08-17,0f92f7aedb205042e6bcddb3cdc5f8b0199858db84cbffdddfbd04296d261b43
raw/gkp-volumes-01-game-nights.csv,volumes,gkp-volumes-01,38,pub events near me,pub events near me,GBP,500.0,encoded_band,100,1000,returned,0,0,Low,4,0.47,1.53,,,,2025-08-01,2026-07-31,United Kingdom,English,Google Search,country,2026-08-17,0f92f7aedb205042e6bcddb3cdc5f8b0199858db84cbffdddfbd04296d261b43
raw/gkp-volumes-01-game-nights.csv,volumes,gkp-volumes-01,39,pub games night near me,pub games night near me,GBP,,encoded_band,,,absent,,,,,,,,,,2025-08-01,2026-07-31,United Kingdom,English,Google Search,country,2026-08-17,0f92f7aedb205042e6bcddb3cdc5f8b0199858db84cbffdddfbd04296d261b43
raw/gkp-volumes-01-game-nights.csv,volumes,gkp-volumes-01,40,pub quiz ashford middlesex,pub quiz ashford middlesex,GBP,,encoded_band,,,absent,,,,,,,,,,2025-08-01,2026-07-31,United Kingdom,English,Google Search,country,2026-08-17,0f92f7aedb205042e6bcddb3cdc5f8b0199858db84cbffdddfbd04296d261b43
raw/gkp-volumes-01-game-nights.csv,volumes,gkp-volumes-01,41,pub quiz egham,pub quiz egham,GBP,,encoded_band,,,absent,,,,,,,,,,2025-08-01,2026-07-31,United Kingdom,English,Google Search,country,2026-08-17,0f92f7aedb205042e6bcddb3cdc5f8b0199858db84cbffdddfbd04296d261b43
raw/gkp-volumes-01-game-nights.csv,volumes,gkp-volumes-01,42,pub quiz feltham,pub quiz feltham,GBP,,encoded_band,,,absent,,,,,,,,,,2025-08-01,2026-07-31,United Kingdom,English,Google Search,country,2026-08-17,0f92f7aedb205042e6bcddb3cdc5f8b0199858db84cbffdddfbd04296d261b43
raw/gkp-volumes-01-game-nights.csv,volumes,gkp-volumes-01,43,pub quiz near me,pub quiz near me,GBP,5000.0,encoded_band,1000,10000,returned,0,-0.9,Low,7,0.73,2.38,,,,2025-08-01,2026-07-31,United Kingdom,English,Google Search,country,2026-08-17,0f92f7aedb205042e6bcddb3cdc5f8b0199858db84cbffdddfbd04296d261b43
raw/gkp-volumes-01-game-nights.csv,volumes,gkp-volumes-01,44,pub quiz staines,pub quiz staines,GBP,50.0,encoded_band,10,100,returned,0,0,Low,0,,,,,,2025-08-01,2026-07-31,United Kingdom,English,Google Search,country,2026-08-17,0f92f7aedb205042e6bcddb3cdc5f8b0199858db84cbffdddfbd04296d261b43
raw/gkp-volumes-01-game-nights.csv,volumes,gkp-volumes-01,45,pub quiz surrey,pub quiz surrey,GBP,50.0,encoded_band,10,100,returned,0,0,Low,0,,,,,,2025-08-01,2026-07-31,United Kingdom,English,Google Search,country,2026-08-17,0f92f7aedb205042e6bcddb3cdc5f8b0199858db84cbffdddfbd04296d261b43
raw/gkp-volumes-01-game-nights.csv,volumes,gkp-volumes-01,46,pub quiz tonight near me,pub quiz tonight near me,GBP,500.0,encoded_band,100,1000,returned,0,0,Low,4,0.69,1.49,,,,2025-08-01,2026-07-31,United Kingdom,English,Google Search,country,2026-08-17,0f92f7aedb205042e6bcddb3cdc5f8b0199858db84cbffdddfbd04296d261b43
raw/gkp-volumes-01-game-nights.csv,volumes,gkp-volumes-01,47,pub with events near me,pub with events near me,GBP,,encoded_band,,,absent,,,,,,,,,,2025-08-01,2026-07-31,United Kingdom,English,Google Search,country,2026-08-17,0f92f7aedb205042e6bcddb3cdc5f8b0199858db84cbffdddfbd04296d261b43
raw/gkp-volumes-01-game-nights.csv,volumes,gkp-volumes-01,48,quiz night near me,quiz night near me,GBP,5000.0,encoded_band,1000,10000,returned,0,0,Low,3,0.6,1.94,,,,2025-08-01,2026-07-31,United Kingdom,English,Google Search,country,2026-08-17,0f92f7aedb205042e6bcddb3cdc5f8b0199858db84cbffdddfbd04296d261b43
raw/gkp-volumes-01-game-nights.csv,volumes,gkp-volumes-01,49,quiz night near staines,quiz night near staines,GBP,,encoded_band,,,absent,,,,,,,,,,2025-08-01,2026-07-31,United Kingdom,English,Google Search,country,2026-08-17,0f92f7aedb205042e6bcddb3cdc5f8b0199858db84cbffdddfbd04296d261b43
raw/gkp-volumes-01-game-nights.csv,volumes,gkp-volumes-01,50,quiz night staines,quiz night staines,GBP,,encoded_band,,,absent,,,,,,,,,,2025-08-01,2026-07-31,United Kingdom,English,Google Search,country,2026-08-17,0f92f7aedb205042e6bcddb3cdc5f8b0199858db84cbffdddfbd04296d261b43
raw/gkp-volumes-01-game-nights.csv,volumes,gkp-volumes-01,51,quiz night stanwell moor,quiz night stanwell moor,GBP,,encoded_band,,,absent,,,,,,,,,,2025-08-01,2026-07-31,United Kingdom,English,Google Search,country,2026-08-17,0f92f7aedb205042e6bcddb3cdc5f8b0199858db84cbffdddfbd04296d261b43
raw/gkp-volumes-01-game-nights.csv,volumes,gkp-volumes-01,52,rock and roll bingo near me,rock and roll bingo near me,GBP,50.0,encoded_band,10,100,returned,0,0,Low,0,,,,,,2025-08-01,2026-07-31,United Kingdom,English,Google Search,country,2026-08-17,0f92f7aedb205042e6bcddb3cdc5f8b0199858db84cbffdddfbd04296d261b43
raw/gkp-volumes-01-game-nights.csv,volumes,gkp-volumes-01,53,snowball bingo,snowball bingo,GBP,50.0,encoded_band,10,100,returned,0,0,Low,8,,,,,,2025-08-01,2026-07-31,United Kingdom,English,Google Search,country,2026-08-17,0f92f7aedb205042e6bcddb3cdc5f8b0199858db84cbffdddfbd04296d261b43
raw/gkp-volumes-01-game-nights.csv,volumes,gkp-volumes-01,54,song bingo,song bingo,GBP,5000.0,encoded_band,1000,10000,returned,0,0,Low,2,,,,,,2025-08-01,2026-07-31,United Kingdom,English,Google Search,country,2026-08-17,0f92f7aedb205042e6bcddb3cdc5f8b0199858db84cbffdddfbd04296d261b43
raw/gkp-volumes-01-game-nights.csv,volumes,gkp-volumes-01,55,stanwell moor pub events,stanwell moor pub events,GBP,,encoded_band,,,absent,,,,,,,,,,2025-08-01,2026-07-31,United Kingdom,English,Google Search,country,2026-08-17,0f92f7aedb205042e6bcddb3cdc5f8b0199858db84cbffdddfbd04296d261b43
raw/gkp-volumes-01-game-nights.csv,volumes,gkp-volumes-01,56,themed bingo night,themed bingo night,GBP,,encoded_band,,,absent,,,,,,,,,,2025-08-01,2026-07-31,United Kingdom,English,Google Search,country,2026-08-17,0f92f7aedb205042e6bcddb3cdc5f8b0199858db84cbffdddfbd04296d261b43
raw/gkp-volumes-01-game-nights.csv,volumes,gkp-volumes-01,57,things to do in ashford middlesex,things to do in ashford middlesex,GBP,50.0,encoded_band,10,100,returned,0,0,High,100,,,,,,2025-08-01,2026-07-31,United Kingdom,English,Google Search,country,2026-08-17,0f92f7aedb205042e6bcddb3cdc5f8b0199858db84cbffdddfbd04296d261b43
raw/gkp-volumes-01-game-nights.csv,volumes,gkp-volumes-01,58,things to do in staines tonight,things to do in staines tonight,GBP,,encoded_band,,,absent,,,,,,,,,,2025-08-01,2026-07-31,United Kingdom,English,Google Search,country,2026-08-17,0f92f7aedb205042e6bcddb3cdc5f8b0199858db84cbffdddfbd04296d261b43
raw/gkp-volumes-01-game-nights.csv,volumes,gkp-volumes-01,59,traditional bingo near me,traditional bingo near me,GBP,50.0,encoded_band,10,100,returned,0,0,Low,17,,,,,,2025-08-01,2026-07-31,United Kingdom,English,Google Search,country,2026-08-17,0f92f7aedb205042e6bcddb3cdc5f8b0199858db84cbffdddfbd04296d261b43
raw/gkp-volumes-01-game-nights.csv,volumes,gkp-volumes-01,60,trivia night near me,trivia night near me,GBP,50.0,encoded_band,10,100,returned,0,0,Low,7,,,,,,2025-08-01,2026-07-31,United Kingdom,English,Google Search,country,2026-08-17,0f92f7aedb205042e6bcddb3cdc5f8b0199858db84cbffdddfbd04296d261b43
raw/gkp-volumes-01-game-nights.csv,volumes,gkp-volumes-01,61,wednesday pub quiz,wednesday pub quiz,GBP,500.0,encoded_band,100,1000,returned,0,0,Low,0,,,,,,2025-08-01,2026-07-31,United Kingdom,English,Google Search,country,2026-08-17,0f92f7aedb205042e6bcddb3cdc5f8b0199858db84cbffdddfbd04296d261b43
raw/gkp-volumes-01-game-nights.csv,volumes,gkp-volumes-01,62,whats on in staines this week,whats on in staines this week,GBP,,encoded_band,,,absent,,,,,,,,,,2025-08-01,2026-07-31,United Kingdom,English,Google Search,country,2026-08-17,0f92f7aedb205042e6bcddb3cdc5f8b0199858db84cbffdddfbd04296d261b43
