export_id,date,clicks,impressions,ctr,position,scope,level,completeness,truncated,window_start,window_end,reporting_country,search_type,filter_type,filter_value,source_file
gsc-16m-p-pg_0001,2025-05-09,0,0,,,page-group,date,complete,false,2025-05-09,2026-09-08,all,web,page,https://www.the-anchor.pub/whats-on,raw/gsc-16m-p-pg_0001/Chart.csv
gsc-16m-p-pg_0001,2025-05-10,0,0,,,page-group,date,complete,false,2025-05-09,2026-09-08,all,web,page,https://www.the-anchor.pub/whats-on,raw/gsc-16m-p-pg_0001/Chart.csv
gsc-16m-p-pg_0001,2025-05-11,0,0,,,page-group,date,complete,false,2025-05-09,2026-09-08,all,web,page,https://www.the-anchor.pub/whats-on,raw/gsc-16m-p-pg_0001/Chart.csv
gsc-16m-p-pg_0001,2025-05-12,0,0,,,page-group,date,complete,false,2025-05-09,2026-09-08,all,web,page,https://www.the-anchor.pub/whats-on,raw/gsc-16m-p-pg_0001/Chart.csv
gsc-16m-p-pg_0001,2025-05-13,0,0,,,page-group,date,complete,false,2025-05-09,2026-09-08,all,web,page,https://www.the-anchor.pub/whats-on,raw/gsc-16m-p-pg_0001/Chart.csv
gsc-16m-p-pg_0001,2025-05-14,0,0,,,page-group,date,complete,false,2025-05-09,2026-09-08,all,web,page,https://www.the-anchor.pub/whats-on,raw/gsc-16m-p-pg_0001/Chart.csv
gsc-16m-p-pg_0001,2025-05-15,0,0,,,page-group,date,complete,false,2025-05-09,2026-09-08,all,web,page,https://www.the-anchor.pub/whats-on,raw/gsc-16m-p-pg_0001/Chart.csv
gsc-16m-p-pg_0001,2025-05-16,0,0,,,page-group,date,complete,false,2025-05-09,2026-09-08,all,web,page,https://www.the-anchor.pub/whats-on,raw/gsc-16m-p-pg_0001/Chart.csv
gsc-16m-p-pg_0001,2025-05-17,0,0,,,page-group,date,complete,false,2025-05-09,2026-09-08,all,web,page,https://www.the-anchor.pub/whats-on,raw/gsc-16m-p-pg_0001/Chart.csv
gsc-16m-p-pg_0001,2025-05-18,0,0,,,page-group,date,complete,false,2025-05-09,2026-09-08,all,web,page,https://www.the-anchor.pub/whats-on,raw/gsc-16m-p-pg_0001/Chart.csv
gsc-16m-p-pg_0001,2025-05-19,0,0,,,page-group,date,complete,false,2025-05-09,2026-09-08,all,web,page,https://www.the-anchor.pub/whats-on,raw/gsc-16m-p-pg_0001/Chart.csv
gsc-16m-p-pg_0001,2025-05-20,0,0,,,page-group,date,complete,false,2025-05-09,2026-09-08,all,web,page,https://www.the-anchor.pub/whats-on,raw/gsc-16m-p-pg_0001/Chart.csv
gsc-16m-p-pg_0001,2025-05-21,0,0,,,page-group,date,complete,false,2025-05-09,2026-09-08,all,web,page,https://www.the-anchor.pub/whats-on,raw/gsc-16m-p-pg_0001/Chart.csv
gsc-16m-p-pg_0001,2025-05-22,0,0,,,page-group,date,complete,false,2025-05-09,2026-09-08,all,web,page,https://www.the-anchor.pub/whats-on,raw/gsc-16m-p-pg_0001/Chart.csv
gsc-16m-p-pg_0001,2025-05-23,0,0,,,page-group,date,complete,false,2025-05-09,2026-09-08,all,web,page,https://www.the-anchor.pub/whats-on,raw/gsc-16m-p-pg_0001/Chart.csv
gsc-16m-p-pg_0001,2025-05-24,0,0,,,page-group,date,complete,false,2025-05-09,2026-09-08,all,web,page,https://www.the-anchor.pub/whats-on,raw/gsc-16m-p-pg_0001/Chart.csv
gsc-16m-p-pg_0001,2025-05-25,0,0,,,page-group,date,complete,false,2025-05-09,2026-09-08,all,web,page,https://www.the-anchor.pub/whats-on,raw/gsc-16m-p-pg_0001/Chart.csv
gsc-16m-p-pg_0001,2025-05-26,0,0,,,page-group,date,complete,false,2025-05-09,2026-09-08,all,web,page,https://www.the-anchor.pub/whats-on,raw/gsc-16m-p-pg_0001/Chart.csv
gsc-16m-p-pg_0001,2025-05-27,0,0,,,page-group,date,complete,false,2025-05-09,2026-09-08,all,web,page,https://www.the-anchor.pub/whats-on,raw/gsc-16m-p-pg_0001/Chart.csv
gsc-16m-p-pg_0001,2025-05-28,0,0,,,page-group,date,complete,false,2025-05-09,2026-09-08,all,web,page,https://www.the-anchor.pub/whats-on,raw/gsc-16m-p-pg_0001/Chart.csv
gsc-16m-p-pg_0001,2025-05-29,0,0,,,page-group,date,complete,false,2025-05-09,2026-09-08,all,web,page,https://www.the-anchor.pub/whats-on,raw/gsc-16m-p-pg_0001/Chart.csv
gsc-16m-p-pg_0001,2025-05-30,0,0,,,page-group,date,complete,false,2025-05-09,2026-09-08,all,web,page,https://www.the-anchor.pub/whats-on,raw/gsc-16m-p-pg_0001/Chart.csv
gsc-16m-p-pg_0001,2025-05-31,0,0,,,page-group,date,complete,false,2025-05-09,2026-09-08,all,web,page,https://www.the-anchor.pub/whats-on,raw/gsc-16m-p-pg_0001/Chart.csv
gsc-16m-p-pg_0001,2025-06-01,0,0,,,page-group,date,complete,false,2025-05-09,2026-09-08,all,web,page,https://www.the-anchor.pub/whats-on,raw/gsc-16m-p-pg_0001/Chart.csv
gsc-16m-p-pg_0001,2025-06-02,0,0,,,page-group,date,complete,false,2025-05-09,2026-09-08,all,web,page,https://www.the-anchor.pub/whats-on,raw/gsc-16m-p-pg_0001/Chart.csv
gsc-16m-p-pg_0001,2025-06-03,0,0,,,page-group,date,complete,false,2025-05-09,2026-09-08,all,web,page,https://www.the-anchor.pub/whats-on,raw/gsc-16m-p-pg_0001/Chart.csv
gsc-16m-p-pg_0001,2025-06-04,0,0,,,page-group,date,complete,false,2025-05-09,2026-09-08,all,web,page,https://www.the-anchor.pub/whats-on,raw/gsc-16m-p-pg_0001/Chart.csv
gsc-16m-p-pg_0001,2025-06-05,0,0,,,page-group,date,complete,false,2025-05-09,2026-09-08,all,web,page,https://www.the-anchor.pub/whats-on,raw/gsc-16m-p-pg_0001/Chart.csv
gsc-16m-p-pg_0001,2025-06-06,0,0,,,page-group,date,complete,false,2025-05-09,2026-09-08,all,web,page,https://www.the-anchor.pub/whats-on,raw/gsc-16m-p-pg_0001/Chart.csv
gsc-16m-p-pg_0001,2025-06-07,0,0,,,page-group,date,complete,false,2025-05-09,2026-09-08,all,web,page,https://www.the-anchor.pub/whats-on,raw/gsc-16m-p-pg_0001/Chart.csv
gsc-16m-p-pg_0001,2025-06-08,0,0,,,page-group,date,complete,false,2025-05-09,2026-09-08,all,web,page,https://www.the-anchor.pub/whats-on,raw/gsc-16m-p-pg_0001/Chart.csv
gsc-16m-p-pg_0001,2025-06-09,0,0,,,page-group,date,complete,false,2025-05-09,2026-09-08,all,web,page,https://www.the-anchor.pub/whats-on,raw/gsc-16m-p-pg_0001/Chart.csv
gsc-16m-p-pg_0001,2025-06-10,0,0,,,page-group,date,complete,false,2025-05-09,2026-09-08,all,web,page,https://www.the-anchor.pub/whats-on,raw/gsc-16m-p-pg_0001/Chart.csv
gsc-16m-p-pg_0001,2025-06-11,0,0,,,page-group,date,complete,false,2025-05-09,2026-09-08,all,web,page,https://www.the-anchor.pub/whats-on,raw/gsc-16m-p-pg_0001/Chart.csv
gsc-16m-p-pg_0001,2025-06-12,0,0,,,page-group,date,complete,false,2025-05-09,2026-09-08,all,web,page,https://www.the-anchor.pub/whats-on,raw/gsc-16m-p-pg_0001/Chart.csv
gsc-16m-p-pg_0001,2025-06-13,0,0,,,page-group,date,complete,false,2025-05-09,2026-09-08,all,web,page,https://www.the-anchor.pub/whats-on,raw/gsc-16m-p-pg_0001/Chart.csv
gsc-16m-p-pg_0001,2025-06-14,0,0,,,page-group,date,complete,false,2025-05-09,2026-09-08,all,web,page,https://www.the-anchor.pub/whats-on,raw/gsc-16m-p-pg_0001/Chart.csv
gsc-16m-p-pg_0001,2025-06-15,0,0,,,page-group,date,complete,false,2025-05-09,2026-09-08,all,web,page,https://www.the-anchor.pub/whats-on,raw/gsc-16m-p-pg_0001/Chart.csv
gsc-16m-p-pg_0001,2025-06-16,0,0,,,page-group,date,complete,false,2025-05-09,2026-09-08,all,web,page,https://www.the-anchor.pub/whats-on,raw/gsc-16m-p-pg_0001/Chart.csv
gsc-16m-p-pg_0001,2025-06-17,0,0,,,page-group,date,complete,false,2025-05-09,2026-09-08,all,web,page,https://www.the-anchor.pub/whats-on,raw/gsc-16m-p-pg_0001/Chart.csv
gsc-16m-p-pg_0001,2025-06-18,0,0,,,page-group,date,complete,false,2025-05-09,2026-09-08,all,web,page,https://www.the-anchor.pub/whats-on,raw/gsc-16m-p-pg_0001/Chart.csv
gsc-16m-p-pg_0001,2025-06-19,0,0,,,page-group,date,complete,false,2025-05-09,2026-09-08,all,web,page,https://www.the-anchor.pub/whats-on,raw/gsc-16m-p-pg_0001/Chart.csv
gsc-16m-p-pg_0001,2025-06-20,0,0,,,page-group,date,complete,false,2025-05-09,2026-09-08,all,web,page,https://www.the-anchor.pub/whats-on,raw/gsc-16m-p-pg_0001/Chart.csv
gsc-16m-p-pg_0001,2025-06-21,0,0,,,page-group,date,complete,false,2025-05-09,2026-09-08,all,web,page,https://www.the-anchor.pub/whats-on,raw/gsc-16m-p-pg_0001/Chart.csv
gsc-16m-p-pg_0001,2025-06-22,0,0,,,page-group,date,complete,false,2025-05-09,2026-09-08,all,web,page,https://www.the-anchor.pub/whats-on,raw/gsc-16m-p-pg_0001/Chart.csv
gsc-16m-p-pg_0001,2025-06-23,0,0,,,page-group,date,complete,false,2025-05-09,2026-09-08,all,web,page,https://www.the-anchor.pub/whats-on,raw/gsc-16m-p-pg_0001/Chart.csv
gsc-16m-p-pg_0001,2025-06-24,0,0,,,page-group,date,complete,false,2025-05-09,2026-09-08,all,web,page,https://www.the-anchor.pub/whats-on,raw/gsc-16m-p-pg_0001/Chart.csv
gsc-16m-p-pg_0001,2025-06-25,0,0,,,page-group,date,complete,false,2025-05-09,2026-09-08,all,web,page,https://www.the-anchor.pub/whats-on,raw/gsc-16m-p-pg_0001/Chart.csv
gsc-16m-p-pg_0001,2025-06-26,0,0,,,page-group,date,complete,false,2025-05-09,2026-09-08,all,web,page,https://www.the-anchor.pub/whats-on,raw/gsc-16m-p-pg_0001/Chart.csv
gsc-16m-p-pg_0001,2025-06-27,0,0,,,page-group,date,complete,false,2025-05-09,2026-09-08,all,web,page,https://www.the-anchor.pub/whats-on,raw/gsc-16m-p-pg_0001/Chart.csv
gsc-16m-p-pg_0001,2025-06-28,0,0,,,page-group,date,complete,false,2025-05-09,2026-09-08,all,web,page,https://www.the-anchor.pub/whats-on,raw/gsc-16m-p-pg_0001/Chart.csv
gsc-16m-p-pg_0001,2025-06-29,0,0,,,page-group,date,complete,false,2025-05-09,2026-09-08,all,web,page,https://www.the-anchor.pub/whats-on,raw/gsc-16m-p-pg_0001/Chart.csv
gsc-16m-p-pg_0001,2025-06-30,0,0,,,page-group,date,complete,false,2025-05-09,2026-09-08,all,web,page,https://www.the-anchor.pub/whats-on,raw/gsc-16m-p-pg_0001/Chart.csv
gsc-16m-p-pg_0001,2025-07-01,0,0,,,page-group,date,complete,false,2025-05-09,2026-09-08,all,web,page,https://www.the-anchor.pub/whats-on,raw/gsc-16m-p-pg_0001/Chart.csv
gsc-16m-p-pg_0001,2025-07-02,0,0,,,page-group,date,complete,false,2025-05-09,2026-09-08,all,web,page,https://www.the-anchor.pub/whats-on,raw/gsc-16m-p-pg_0001/Chart.csv
gsc-16m-p-pg_0001,2025-07-03,0,0,,,page-group,date,complete,false,2025-05-09,2026-09-08,all,web,page,https://www.the-anchor.pub/whats-on,raw/gsc-16m-p-pg_0001/Chart.csv
gsc-16m-p-pg_0001,2025-07-04,0,0,,,page-group,date,complete,false,2025-05-09,2026-09-08,all,web,page,https://www.the-anchor.pub/whats-on,raw/gsc-16m-p-pg_0001/Chart.csv
gsc-16m-p-pg_0001,2025-07-05,0,0,,,page-group,date,complete,false,2025-05-09,2026-09-08,all,web,page,https://www.the-anchor.pub/whats-on,raw/gsc-16m-p-pg_0001/Chart.csv
gsc-16m-p-pg_0001,2025-07-06,0,0,,,page-group,date,complete,false,2025-05-09,2026-09-08,all,web,page,https://www.the-anchor.pub/whats-on,raw/gsc-16m-p-pg_0001/Chart.csv
gsc-16m-p-pg_0001,2025-07-07,0,0,,,page-group,date,complete,false,2025-05-09,2026-09-08,all,web,page,https://www.the-anchor.pub/whats-on,raw/gsc-16m-p-pg_0001/Chart.csv
gsc-16m-p-pg_0001,2025-07-08,0,0,,,page-group,date,complete,false,2025-05-09,2026-09-08,all,web,page,https://www.the-anchor.pub/whats-on,raw/gsc-16m-p-pg_0001/Chart.csv
gsc-16m-p-pg_0001,2025-07-09,0,0,,,page-group,date,complete,false,2025-05-09,2026-09-08,all,web,page,https://www.the-anchor.pub/whats-on,raw/gsc-16m-p-pg_0001/Chart.csv
gsc-16m-p-pg_0001,2025-07-10,0,0,,,page-group,date,complete,false,2025-05-09,2026-09-08,all,web,page,https://www.the-anchor.pub/whats-on,raw/gsc-16m-p-pg_0001/Chart.csv
gsc-16m-p-pg_0001,2025-07-11,0,0,,,page-group,date,complete,false,2025-05-09,2026-09-08,all,web,page,https://www.the-anchor.pub/whats-on,raw/gsc-16m-p-pg_0001/Chart.csv
gsc-16m-p-pg_0001,2025-07-12,0,0,,,page-group,date,complete,false,2025-05-09,2026-09-08,all,web,page,https://www.the-anchor.pub/whats-on,raw/gsc-16m-p-pg_0001/Chart.csv
gsc-16m-p-pg_0001,2025-07-13,0,0,,,page-group,date,complete,false,2025-05-09,2026-09-08,all,web,page,https://www.the-anchor.pub/whats-on,raw/gsc-16m-p-pg_0001/Chart.csv
gsc-16m-p-pg_0001,2025-07-14,0,0,,,page-group,date,complete,false,2025-05-09,2026-09-08,all,web,page,https://www.the-anchor.pub/whats-on,raw/gsc-16m-p-pg_0001/Chart.csv
gsc-16m-p-pg_0001,2025-07-15,0,0,,,page-group,date,complete,false,2025-05-09,2026-09-08,all,web,page,https://www.the-anchor.pub/whats-on,raw/gsc-16m-p-pg_0001/Chart.csv
gsc-16m-p-pg_0001,2025-07-16,0,0,,,page-group,date,complete,false,2025-05-09,2026-09-08,all,web,page,https://www.the-anchor.pub/whats-on,raw/gsc-16m-p-pg_0001/Chart.csv
gsc-16m-p-pg_0001,2025-07-17,0,1,0,4,page-group,date,complete,false,2025-05-09,2026-09-08,all,web,page,https://www.the-anchor.pub/whats-on,raw/gsc-16m-p-pg_0001/Chart.csv
gsc-16m-p-pg_0001,2025-07-18,0,1,0,87,page-group,date,complete,false,2025-05-09,2026-09-08,all,web,page,https://www.the-anchor.pub/whats-on,raw/gsc-16m-p-pg_0001/Chart.csv
gsc-16m-p-pg_0001,2025-07-19,0,4,0,4.2,page-group,date,complete,false,2025-05-09,2026-09-08,all,web,page,https://www.the-anchor.pub/whats-on,raw/gsc-16m-p-pg_0001/Chart.csv
gsc-16m-p-pg_0001,2025-07-20,0,3,0,8,page-group,date,complete,false,2025-05-09,2026-09-08,all,web,page,https://www.the-anchor.pub/whats-on,raw/gsc-16m-p-pg_0001/Chart.csv
gsc-16m-p-pg_0001,2025-07-21,0,3,0,4,page-group,date,complete,false,2025-05-09,2026-09-08,all,web,page,https://www.the-anchor.pub/whats-on,raw/gsc-16m-p-pg_0001/Chart.csv
gsc-16m-p-pg_0001,2025-07-22,1,4,0.25,4.8,page-group,date,complete,false,2025-05-09,2026-09-08,all,web,page,https://www.the-anchor.pub/whats-on,raw/gsc-16m-p-pg_0001/Chart.csv
gsc-16m-p-pg_0001,2025-07-23,0,13,0,20.6,page-group,date,complete,false,2025-05-09,2026-09-08,all,web,page,https://www.the-anchor.pub/whats-on,raw/gsc-16m-p-pg_0001/Chart.csv
gsc-16m-p-pg_0001,2025-07-24,0,2,0,84,page-group,date,complete,false,2025-05-09,2026-09-08,all,web,page,https://www.the-anchor.pub/whats-on,raw/gsc-16m-p-pg_0001/Chart.csv
gsc-16m-p-pg_0001,2025-07-25,0,2,0,8.5,page-group,date,complete,false,2025-05-09,2026-09-08,all,web,page,https://www.the-anchor.pub/whats-on,raw/gsc-16m-p-pg_0001/Chart.csv
gsc-16m-p-pg_0001,2025-07-26,0,13,0,18.5,page-group,date,complete,false,2025-05-09,2026-09-08,all,web,page,https://www.the-anchor.pub/whats-on,raw/gsc-16m-p-pg_0001/Chart.csv
gsc-16m-p-pg_0001,2025-07-27,1,44,0.0227,8.9,page-group,date,complete,false,2025-05-09,2026-09-08,all,web,page,https://www.the-anchor.pub/whats-on,raw/gsc-16m-p-pg_0001/Chart.csv
gsc-16m-p-pg_0001,2025-07-28,0,61,0,7.5,page-group,date,complete,false,2025-05-09,2026-09-08,all,web,page,https://www.the-anchor.pub/whats-on,raw/gsc-16m-p-pg_0001/Chart.csv
gsc-16m-p-pg_0001,2025-07-29,0,56,0,13.3,page-group,date,complete,false,2025-05-09,2026-09-08,all,web,page,https://www.the-anchor.pub/whats-on,raw/gsc-16m-p-pg_0001/Chart.csv
gsc-16m-p-pg_0001,2025-07-30,0,58,0,8.1,page-group,date,complete,false,2025-05-09,2026-09-08,all,web,page,https://www.the-anchor.pub/whats-on,raw/gsc-16m-p-pg_0001/Chart.csv
gsc-16m-p-pg_0001,2025-07-31,0,59,0,8.5,page-group,date,complete,false,2025-05-09,2026-09-08,all,web,page,https://www.the-anchor.pub/whats-on,raw/gsc-16m-p-pg_0001/Chart.csv
gsc-16m-p-pg_0001,2025-08-01,0,71,0,9.4,page-group,date,complete,false,2025-05-09,2026-09-08,all,web,page,https://www.the-anchor.pub/whats-on,raw/gsc-16m-p-pg_0001/Chart.csv
gsc-16m-p-pg_0001,2025-08-02,0,100,0,8.1,page-group,date,complete,false,2025-05-09,2026-09-08,all,web,page,https://www.the-anchor.pub/whats-on,raw/gsc-16m-p-pg_0001/Chart.csv
gsc-16m-p-pg_0001,2025-08-03,1,67,0.0149,9.3,page-group,date,complete,false,2025-05-09,2026-09-08,all,web,page,https://www.the-anchor.pub/whats-on,raw/gsc-16m-p-pg_0001/Chart.csv
gsc-16m-p-pg_0001,2025-08-04,1,48,0.0208,7.4,page-group,date,complete,false,2025-05-09,2026-09-08,all,web,page,https://www.the-anchor.pub/whats-on,raw/gsc-16m-p-pg_0001/Chart.csv
gsc-16m-p-pg_0001,2025-08-05,0,60,0,8.8,page-group,date,complete,false,2025-05-09,2026-09-08,all,web,page,https://www.the-anchor.pub/whats-on,raw/gsc-16m-p-pg_0001/Chart.csv
gsc-16m-p-pg_0001,2025-08-06,0,42,0,8.6,page-group,date,complete,false,2025-05-09,2026-09-08,all,web,page,https://www.the-anchor.pub/whats-on,raw/gsc-16m-p-pg_0001/Chart.csv
gsc-16m-p-pg_0001,2025-08-07,0,50,0,9.4,page-group,date,complete,false,2025-05-09,2026-09-08,all,web,page,https://www.the-anchor.pub/whats-on,raw/gsc-16m-p-pg_0001/Chart.csv
gsc-16m-p-pg_0001,2025-08-08,0,81,0,8.7,page-group,date,complete,false,2025-05-09,2026-09-08,all,web,page,https://www.the-anchor.pub/whats-on,raw/gsc-16m-p-pg_0001/Chart.csv
gsc-16m-p-pg_0001,2025-08-09,0,56,0,8.4,page-group,date,complete,false,2025-05-09,2026-09-08,all,web,page,https://www.the-anchor.pub/whats-on,raw/gsc-16m-p-pg_0001/Chart.csv
gsc-16m-p-pg_0001,2025-08-10,0,71,0,7.9,page-group,date,complete,false,2025-05-09,2026-09-08,all,web,page,https://www.the-anchor.pub/whats-on,raw/gsc-16m-p-pg_0001/Chart.csv
gsc-16m-p-pg_0001,2025-08-11,0,58,0,10.5,page-group,date,complete,false,2025-05-09,2026-09-08,all,web,page,https://www.the-anchor.pub/whats-on,raw/gsc-16m-p-pg_0001/Chart.csv
gsc-16m-p-pg_0001,2025-08-12,1,66,0.0152,5.8,page-group,date,complete,false,2025-05-09,2026-09-08,all,web,page,https://www.the-anchor.pub/whats-on,raw/gsc-16m-p-pg_0001/Chart.csv
gsc-16m-p-pg_0001,2025-08-13,0,55,0,7.5,page-group,date,complete,false,2025-05-09,2026-09-08,all,web,page,https://www.the-anchor.pub/whats-on,raw/gsc-16m-p-pg_0001/Chart.csv
gsc-16m-p-pg_0001,2025-08-14,0,52,0,7.9,page-group,date,complete,false,2025-05-09,2026-09-08,all,web,page,https://www.the-anchor.pub/whats-on,raw/gsc-16m-p-pg_0001/Chart.csv
gsc-16m-p-pg_0001,2025-08-15,0,61,0,7.5,page-group,date,complete,false,2025-05-09,2026-09-08,all,web,page,https://www.the-anchor.pub/whats-on,raw/gsc-16m-p-pg_0001/Chart.csv
gsc-16m-p-pg_0001,2025-08-16,0,48,0,6.2,page-group,date,complete,false,2025-05-09,2026-09-08,all,web,page,https://www.the-anchor.pub/whats-on,raw/gsc-16m-p-pg_0001/Chart.csv
gsc-16m-p-pg_0001,2025-08-17,0,60,0,8.5,page-group,date,complete,false,2025-05-09,2026-09-08,all,web,page,https://www.the-anchor.pub/whats-on,raw/gsc-16m-p-pg_0001/Chart.csv
gsc-16m-p-pg_0001,2025-08-18,0,37,0,7.6,page-group,date,complete,false,2025-05-09,2026-09-08,all,web,page,https://www.the-anchor.pub/whats-on,raw/gsc-16m-p-pg_0001/Chart.csv
gsc-16m-p-pg_0001,2025-08-19,0,59,0,9.1,page-group,date,complete,false,2025-05-09,2026-09-08,all,web,page,https://www.the-anchor.pub/whats-on,raw/gsc-16m-p-pg_0001/Chart.csv
gsc-16m-p-pg_0001,2025-08-20,0,43,0,6.9,page-group,date,complete,false,2025-05-09,2026-09-08,all,web,page,https://www.the-anchor.pub/whats-on,raw/gsc-16m-p-pg_0001/Chart.csv
gsc-16m-p-pg_0001,2025-08-21,0,49,0,8.6,page-group,date,complete,false,2025-05-09,2026-09-08,all,web,page,https://www.the-anchor.pub/whats-on,raw/gsc-16m-p-pg_0001/Chart.csv
gsc-16m-p-pg_0001,2025-08-22,0,54,0,7,page-group,date,complete,false,2025-05-09,2026-09-08,all,web,page,https://www.the-anchor.pub/whats-on,raw/gsc-16m-p-pg_0001/Chart.csv
gsc-16m-p-pg_0001,2025-08-23,0,72,0,9.8,page-group,date,complete,false,2025-05-09,2026-09-08,all,web,page,https://www.the-anchor.pub/whats-on,raw/gsc-16m-p-pg_0001/Chart.csv
gsc-16m-p-pg_0001,2025-08-24,0,74,0,7.6,page-group,date,complete,false,2025-05-09,2026-09-08,all,web,page,https://www.the-anchor.pub/whats-on,raw/gsc-16m-p-pg_0001/Chart.csv
gsc-16m-p-pg_0001,2025-08-25,0,74,0,9.9,page-group,date,complete,false,2025-05-09,2026-09-08,all,web,page,https://www.the-anchor.pub/whats-on,raw/gsc-16m-p-pg_0001/Chart.csv
gsc-16m-p-pg_0001,2025-08-26,0,37,0,5.8,page-group,date,complete,false,2025-05-09,2026-09-08,all,web,page,https://www.the-anchor.pub/whats-on,raw/gsc-16m-p-pg_0001/Chart.csv
gsc-16m-p-pg_0001,2025-08-27,0,51,0,11.6,page-group,date,complete,false,2025-05-09,2026-09-08,all,web,page,https://www.the-anchor.pub/whats-on,raw/gsc-16m-p-pg_0001/Chart.csv
gsc-16m-p-pg_0001,2025-08-28,1,57,0.0175,9,page-group,date,complete,false,2025-05-09,2026-09-08,all,web,page,https://www.the-anchor.pub/whats-on,raw/gsc-16m-p-pg_0001/Chart.csv
gsc-16m-p-pg_0001,2025-08-29,0,55,0,10.6,page-group,date,complete,false,2025-05-09,2026-09-08,all,web,page,https://www.the-anchor.pub/whats-on,raw/gsc-16m-p-pg_0001/Chart.csv
gsc-16m-p-pg_0001,2025-08-30,0,43,0,9,page-group,date,complete,false,2025-05-09,2026-09-08,all,web,page,https://www.the-anchor.pub/whats-on,raw/gsc-16m-p-pg_0001/Chart.csv
gsc-16m-p-pg_0001,2025-08-31,0,73,0,9.8,page-group,date,complete,false,2025-05-09,2026-09-08,all,web,page,https://www.the-anchor.pub/whats-on,raw/gsc-16m-p-pg_0001/Chart.csv
gsc-16m-p-pg_0001,2025-09-01,0,50,0,9.5,page-group,date,complete,false,2025-05-09,2026-09-08,all,web,page,https://www.the-anchor.pub/whats-on,raw/gsc-16m-p-pg_0001/Chart.csv
gsc-16m-p-pg_0001,2025-09-02,1,42,0.0238,7.9,page-group,date,complete,false,2025-05-09,2026-09-08,all,web,page,https://www.the-anchor.pub/whats-on,raw/gsc-16m-p-pg_0001/Chart.csv
gsc-16m-p-pg_0001,2025-09-03,0,41,0,6.9,page-group,date,complete,false,2025-05-09,2026-09-08,all,web,page,https://www.the-anchor.pub/whats-on,raw/gsc-16m-p-pg_0001/Chart.csv
gsc-16m-p-pg_0001,2025-09-04,0,50,0,9.4,page-group,date,complete,false,2025-05-09,2026-09-08,all,web,page,https://www.the-anchor.pub/whats-on,raw/gsc-16m-p-pg_0001/Chart.csv
gsc-16m-p-pg_0001,2025-09-05,0,61,0,9.8,page-group,date,complete,false,2025-05-09,2026-09-08,all,web,page,https://www.the-anchor.pub/whats-on,raw/gsc-16m-p-pg_0001/Chart.csv
gsc-16m-p-pg_0001,2025-09-06,0,114,0,5.8,page-group,date,complete,false,2025-05-09,2026-09-08,all,web,page,https://www.the-anchor.pub/whats-on,raw/gsc-16m-p-pg_0001/Chart.csv
gsc-16m-p-pg_0001,2025-09-07,0,46,0,7.3,page-group,date,complete,false,2025-05-09,2026-09-08,all,web,page,https://www.the-anchor.pub/whats-on,raw/gsc-16m-p-pg_0001/Chart.csv
gsc-16m-p-pg_0001,2025-09-08,0,28,0,9.4,page-group,date,complete,false,2025-05-09,2026-09-08,all,web,page,https://www.the-anchor.pub/whats-on,raw/gsc-16m-p-pg_0001/Chart.csv
gsc-16m-p-pg_0001,2025-09-09,2,48,0.0417,9.6,page-group,date,complete,false,2025-05-09,2026-09-08,all,web,page,https://www.the-anchor.pub/whats-on,raw/gsc-16m-p-pg_0001/Chart.csv
gsc-16m-p-pg_0001,2025-09-10,0,37,0,13.2,page-group,date,complete,false,2025-05-09,2026-09-08,all,web,page,https://www.the-anchor.pub/whats-on,raw/gsc-16m-p-pg_0001/Chart.csv
gsc-16m-p-pg_0001,2025-09-11,0,40,0,5.7,page-group,date,complete,false,2025-05-09,2026-09-08,all,web,page,https://www.the-anchor.pub/whats-on,raw/gsc-16m-p-pg_0001/Chart.csv
gsc-16m-p-pg_0001,2025-09-12,0,48,0,7.2,page-group,date,complete,false,2025-05-09,2026-09-08,all,web,page,https://www.the-anchor.pub/whats-on,raw/gsc-16m-p-pg_0001/Chart.csv
gsc-16m-p-pg_0001,2025-09-13,0,46,0,6.1,page-group,date,complete,false,2025-05-09,2026-09-08,all,web,page,https://www.the-anchor.pub/whats-on,raw/gsc-16m-p-pg_0001/Chart.csv
gsc-16m-p-pg_0001,2025-09-14,0,43,0,5.9,page-group,date,complete,false,2025-05-09,2026-09-08,all,web,page,https://www.the-anchor.pub/whats-on,raw/gsc-16m-p-pg_0001/Chart.csv
gsc-16m-p-pg_0001,2025-09-15,0,47,0,5.6,page-group,date,complete,false,2025-05-09,2026-09-08,all,web,page,https://www.the-anchor.pub/whats-on,raw/gsc-16m-p-pg_0001/Chart.csv
gsc-16m-p-pg_0001,2025-09-16,0,33,0,8,page-group,date,complete,false,2025-05-09,2026-09-08,all,web,page,https://www.the-anchor.pub/whats-on,raw/gsc-16m-p-pg_0001/Chart.csv
gsc-16m-p-pg_0001,2025-09-17,0,35,0,6.3,page-group,date,complete,false,2025-05-09,2026-09-08,all,web,page,https://www.the-anchor.pub/whats-on,raw/gsc-16m-p-pg_0001/Chart.csv
gsc-16m-p-pg_0001,2025-09-18,0,32,0,6.7,page-group,date,complete,false,2025-05-09,2026-09-08,all,web,page,https://www.the-anchor.pub/whats-on,raw/gsc-16m-p-pg_0001/Chart.csv
gsc-16m-p-pg_0001,2025-09-19,1,38,0.0263,7.6,page-group,date,complete,false,2025-05-09,2026-09-08,all,web,page,https://www.the-anchor.pub/whats-on,raw/gsc-16m-p-pg_0001/Chart.csv
gsc-16m-p-pg_0001,2025-09-20,0,36,0,8.2,page-group,date,complete,false,2025-05-09,2026-09-08,all,web,page,https://www.the-anchor.pub/whats-on,raw/gsc-16m-p-pg_0001/Chart.csv
gsc-16m-p-pg_0001,2025-09-21,0,62,0,6.5,page-group,date,complete,false,2025-05-09,2026-09-08,all,web,page,https://www.the-anchor.pub/whats-on,raw/gsc-16m-p-pg_0001/Chart.csv
gsc-16m-p-pg_0001,2025-09-22,0,53,0,7.6,page-group,date,complete,false,2025-05-09,2026-09-08,all,web,page,https://www.the-anchor.pub/whats-on,raw/gsc-16m-p-pg_0001/Chart.csv
gsc-16m-p-pg_0001,2025-09-23,0,49,0,6,page-group,date,complete,false,2025-05-09,2026-09-08,all,web,page,https://www.the-anchor.pub/whats-on,raw/gsc-16m-p-pg_0001/Chart.csv
gsc-16m-p-pg_0001,2025-09-24,0,43,0,6.2,page-group,date,complete,false,2025-05-09,2026-09-08,all,web,page,https://www.the-anchor.pub/whats-on,raw/gsc-16m-p-pg_0001/Chart.csv
gsc-16m-p-pg_0001,2025-09-25,1,45,0.0222,7.8,page-group,date,complete,false,2025-05-09,2026-09-08,all,web,page,https://www.the-anchor.pub/whats-on,raw/gsc-16m-p-pg_0001/Chart.csv
gsc-16m-p-pg_0001,2025-09-26,0,33,0,5.8,page-group,date,complete,false,2025-05-09,2026-09-08,all,web,page,https://www.the-anchor.pub/whats-on,raw/gsc-16m-p-pg_0001/Chart.csv
gsc-16m-p-pg_0001,2025-09-27,0,34,0,6.4,page-group,date,complete,false,2025-05-09,2026-09-08,all,web,page,https://www.the-anchor.pub/whats-on,raw/gsc-16m-p-pg_0001/Chart.csv
gsc-16m-p-pg_0001,2025-09-28,0,33,0,6,page-group,date,complete,false,2025-05-09,2026-09-08,all,web,page,https://www.the-anchor.pub/whats-on,raw/gsc-16m-p-pg_0001/Chart.csv
gsc-16m-p-pg_0001,2025-09-29,0,28,0,8.5,page-group,date,complete,false,2025-05-09,2026-09-08,all,web,page,https://www.the-anchor.pub/whats-on,raw/gsc-16m-p-pg_0001/Chart.csv
gsc-16m-p-pg_0001,2025-09-30,1,35,0.0286,8.2,page-group,date,complete,false,2025-05-09,2026-09-08,all,web,page,https://www.the-anchor.pub/whats-on,raw/gsc-16m-p-pg_0001/Chart.csv
gsc-16m-p-pg_0001,2025-10-01,0,33,0,7.3,page-group,date,complete,false,2025-05-09,2026-09-08,all,web,page,https://www.the-anchor.pub/whats-on,raw/gsc-16m-p-pg_0001/Chart.csv
gsc-16m-p-pg_0001,2025-10-02,0,46,0,5.6,page-group,date,complete,false,2025-05-09,2026-09-08,all,web,page,https://www.the-anchor.pub/whats-on,raw/gsc-16m-p-pg_0001/Chart.csv
gsc-16m-p-pg_0001,2025-10-03,1,43,0.0233,8.3,page-group,date,complete,false,2025-05-09,2026-09-08,all,web,page,https://www.the-anchor.pub/whats-on,raw/gsc-16m-p-pg_0001/Chart.csv
gsc-16m-p-pg_0001,2025-10-04,0,51,0,8.5,page-group,date,complete,false,2025-05-09,2026-09-08,all,web,page,https://www.the-anchor.pub/whats-on,raw/gsc-16m-p-pg_0001/Chart.csv
gsc-16m-p-pg_0001,2025-10-05,0,45,0,7.1,page-group,date,complete,false,2025-05-09,2026-09-08,all,web,page,https://www.the-anchor.pub/whats-on,raw/gsc-16m-p-pg_0001/Chart.csv
gsc-16m-p-pg_0001,2025-10-06,0,43,0,8,page-group,date,complete,false,2025-05-09,2026-09-08,all,web,page,https://www.the-anchor.pub/whats-on,raw/gsc-16m-p-pg_0001/Chart.csv
gsc-16m-p-pg_0001,2025-10-07,0,36,0,9.3,page-group,date,complete,false,2025-05-09,2026-09-08,all,web,page,https://www.the-anchor.pub/whats-on,raw/gsc-16m-p-pg_0001/Chart.csv
gsc-16m-p-pg_0001,2025-10-08,0,35,0,6.7,page-group,date,complete,false,2025-05-09,2026-09-08,all,web,page,https://www.the-anchor.pub/whats-on,raw/gsc-16m-p-pg_0001/Chart.csv
gsc-16m-p-pg_0001,2025-10-09,1,35,0.0286,7,page-group,date,complete,false,2025-05-09,2026-09-08,all,web,page,https://www.the-anchor.pub/whats-on,raw/gsc-16m-p-pg_0001/Chart.csv
gsc-16m-p-pg_0001,2025-10-10,1,46,0.0217,7,page-group,date,complete,false,2025-05-09,2026-09-08,all,web,page,https://www.the-anchor.pub/whats-on,raw/gsc-16m-p-pg_0001/Chart.csv
gsc-16m-p-pg_0001,2025-10-11,0,50,0,8.4,page-group,date,complete,false,2025-05-09,2026-09-08,all,web,page,https://www.the-anchor.pub/whats-on,raw/gsc-16m-p-pg_0001/Chart.csv
gsc-16m-p-pg_0001,2025-10-12,0,48,0,7.6,page-group,date,complete,false,2025-05-09,2026-09-08,all,web,page,https://www.the-anchor.pub/whats-on,raw/gsc-16m-p-pg_0001/Chart.csv
gsc-16m-p-pg_0001,2025-10-13,1,41,0.0244,6.6,page-group,date,complete,false,2025-05-09,2026-09-08,all,web,page,https://www.the-anchor.pub/whats-on,raw/gsc-16m-p-pg_0001/Chart.csv
gsc-16m-p-pg_0001,2025-10-14,0,50,0,7.5,page-group,date,complete,false,2025-05-09,2026-09-08,all,web,page,https://www.the-anchor.pub/whats-on,raw/gsc-16m-p-pg_0001/Chart.csv
gsc-16m-p-pg_0001,2025-10-15,0,37,0,9.3,page-group,date,complete,false,2025-05-09,2026-09-08,all,web,page,https://www.the-anchor.pub/whats-on,raw/gsc-16m-p-pg_0001/Chart.csv
gsc-16m-p-pg_0001,2025-10-16,0,42,0,6.7,page-group,date,complete,false,2025-05-09,2026-09-08,all,web,page,https://www.the-anchor.pub/whats-on,raw/gsc-16m-p-pg_0001/Chart.csv
gsc-16m-p-pg_0001,2025-10-17,0,30,0,7.1,page-group,date,complete,false,2025-05-09,2026-09-08,all,web,page,https://www.the-anchor.pub/whats-on,raw/gsc-16m-p-pg_0001/Chart.csv
gsc-16m-p-pg_0001,2025-10-18,0,36,0,8.8,page-group,date,complete,false,2025-05-09,2026-09-08,all,web,page,https://www.the-anchor.pub/whats-on,raw/gsc-16m-p-pg_0001/Chart.csv
gsc-16m-p-pg_0001,2025-10-19,1,36,0.0278,8.5,page-group,date,complete,false,2025-05-09,2026-09-08,all,web,page,https://www.the-anchor.pub/whats-on,raw/gsc-16m-p-pg_0001/Chart.csv
gsc-16m-p-pg_0001,2025-10-20,0,43,0,7.8,page-group,date,complete,false,2025-05-09,2026-09-08,all,web,page,https://www.the-anchor.pub/whats-on,raw/gsc-16m-p-pg_0001/Chart.csv
gsc-16m-p-pg_0001,2025-10-21,1,49,0.0204,7.3,page-group,date,complete,false,2025-05-09,2026-09-08,all,web,page,https://www.the-anchor.pub/whats-on,raw/gsc-16m-p-pg_0001/Chart.csv
gsc-16m-p-pg_0001,2025-10-22,1,40,0.025,8,page-group,date,complete,false,2025-05-09,2026-09-08,all,web,page,https://www.the-anchor.pub/whats-on,raw/gsc-16m-p-pg_0001/Chart.csv
gsc-16m-p-pg_0001,2025-10-23,0,50,0,5.8,page-group,date,complete,false,2025-05-09,2026-09-08,all,web,page,https://www.the-anchor.pub/whats-on,raw/gsc-16m-p-pg_0001/Chart.csv
gsc-16m-p-pg_0001,2025-10-24,0,58,0,8.2,page-group,date,complete,false,2025-05-09,2026-09-08,all,web,page,https://www.the-anchor.pub/whats-on,raw/gsc-16m-p-pg_0001/Chart.csv
gsc-16m-p-pg_0001,2025-10-25,0,48,0,7.8,page-group,date,complete,false,2025-05-09,2026-09-08,all,web,page,https://www.the-anchor.pub/whats-on,raw/gsc-16m-p-pg_0001/Chart.csv
gsc-16m-p-pg_0001,2025-10-26,0,70,0,7.2,page-group,date,complete,false,2025-05-09,2026-09-08,all,web,page,https://www.the-anchor.pub/whats-on,raw/gsc-16m-p-pg_0001/Chart.csv
gsc-16m-p-pg_0001,2025-10-27,0,44,0,6.6,page-group,date,complete,false,2025-05-09,2026-09-08,all,web,page,https://www.the-anchor.pub/whats-on,raw/gsc-16m-p-pg_0001/Chart.csv
gsc-16m-p-pg_0001,2025-10-28,0,47,0,8.9,page-group,date,complete,false,2025-05-09,2026-09-08,all,web,page,https://www.the-anchor.pub/whats-on,raw/gsc-16m-p-pg_0001/Chart.csv
gsc-16m-p-pg_0001,2025-10-29,1,53,0.0189,7.8,page-group,date,complete,false,2025-05-09,2026-09-08,all,web,page,https://www.the-anchor.pub/whats-on,raw/gsc-16m-p-pg_0001/Chart.csv
gsc-16m-p-pg_0001,2025-10-30,0,58,0,8.3,page-group,date,complete,false,2025-05-09,2026-09-08,all,web,page,https://www.the-anchor.pub/whats-on,raw/gsc-16m-p-pg_0001/Chart.csv
gsc-16m-p-pg_0001,2025-10-31,0,67,0,6.9,page-group,date,complete,false,2025-05-09,2026-09-08,all,web,page,https://www.the-anchor.pub/whats-on,raw/gsc-16m-p-pg_0001/Chart.csv
gsc-16m-p-pg_0001,2025-11-01,0,81,0,6.7,page-group,date,complete,false,2025-05-09,2026-09-08,all,web,page,https://www.the-anchor.pub/whats-on,raw/gsc-16m-p-pg_0001/Chart.csv
gsc-16m-p-pg_0001,2025-11-02,0,66,0,5.6,page-group,date,complete,false,2025-05-09,2026-09-08,all,web,page,https://www.the-anchor.pub/whats-on,raw/gsc-16m-p-pg_0001/Chart.csv
gsc-16m-p-pg_0001,2025-11-03,1,51,0.0196,6.7,page-group,date,complete,false,2025-05-09,2026-09-08,all,web,page,https://www.the-anchor.pub/whats-on,raw/gsc-16m-p-pg_0001/Chart.csv
gsc-16m-p-pg_0001,2025-11-04,0,33,0,7.3,page-group,date,complete,false,2025-05-09,2026-09-08,all,web,page,https://www.the-anchor.pub/whats-on,raw/gsc-16m-p-pg_0001/Chart.csv
gsc-16m-p-pg_0001,2025-11-05,1,69,0.0145,6.3,page-group,date,complete,false,2025-05-09,2026-09-08,all,web,page,https://www.the-anchor.pub/whats-on,raw/gsc-16m-p-pg_0001/Chart.csv
gsc-16m-p-pg_0001,2025-11-06,0,38,0,4.9,page-group,date,complete,false,2025-05-09,2026-09-08,all,web,page,https://www.the-anchor.pub/whats-on,raw/gsc-16m-p-pg_0001/Chart.csv
gsc-16m-p-pg_0001,2025-11-07,0,51,0,5.8,page-group,date,complete,false,2025-05-09,2026-09-08,all,web,page,https://www.the-anchor.pub/whats-on,raw/gsc-16m-p-pg_0001/Chart.csv
gsc-16m-p-pg_0001,2025-11-08,0,80,0,6.4,page-group,date,complete,false,2025-05-09,2026-09-08,all,web,page,https://www.the-anchor.pub/whats-on,raw/gsc-16m-p-pg_0001/Chart.csv
gsc-16m-p-pg_0001,2025-11-09,1,69,0.0145,7.4,page-group,date,complete,false,2025-05-09,2026-09-08,all,web,page,https://www.the-anchor.pub/whats-on,raw/gsc-16m-p-pg_0001/Chart.csv
gsc-16m-p-pg_0001,2025-11-10,0,36,0,7.9,page-group,date,complete,false,2025-05-09,2026-09-08,all,web,page,https://www.the-anchor.pub/whats-on,raw/gsc-16m-p-pg_0001/Chart.csv
gsc-16m-p-pg_0001,2025-11-11,0,44,0,10,page-group,date,complete,false,2025-05-09,2026-09-08,all,web,page,https://www.the-anchor.pub/whats-on,raw/gsc-16m-p-pg_0001/Chart.csv
gsc-16m-p-pg_0001,2025-11-12,0,38,0,9.9,page-group,date,complete,false,2025-05-09,2026-09-08,all,web,page,https://www.the-anchor.pub/whats-on,raw/gsc-16m-p-pg_0001/Chart.csv
gsc-16m-p-pg_0001,2025-11-13,0,63,0,6.4,page-group,date,complete,false,2025-05-09,2026-09-08,all,web,page,https://www.the-anchor.pub/whats-on,raw/gsc-16m-p-pg_0001/Chart.csv
gsc-16m-p-pg_0001,2025-11-14,1,41,0.0244,8.3,page-group,date,complete,false,2025-05-09,2026-09-08,all,web,page,https://www.the-anchor.pub/whats-on,raw/gsc-16m-p-pg_0001/Chart.csv
gsc-16m-p-pg_0001,2025-11-15,0,51,0,7.3,page-group,date,complete,false,2025-05-09,2026-09-08,all,web,page,https://www.the-anchor.pub/whats-on,raw/gsc-16m-p-pg_0001/Chart.csv
gsc-16m-p-pg_0001,2025-11-16,0,32,0,9,page-group,date,complete,false,2025-05-09,2026-09-08,all,web,page,https://www.the-anchor.pub/whats-on,raw/gsc-16m-p-pg_0001/Chart.csv
gsc-16m-p-pg_0001,2025-11-17,0,33,0,7.5,page-group,date,complete,false,2025-05-09,2026-09-08,all,web,page,https://www.the-anchor.pub/whats-on,raw/gsc-16m-p-pg_0001/Chart.csv
gsc-16m-p-pg_0001,2025-11-18,0,26,0,14.3,page-group,date,complete,false,2025-05-09,2026-09-08,all,web,page,https://www.the-anchor.pub/whats-on,raw/gsc-16m-p-pg_0001/Chart.csv
gsc-16m-p-pg_0001,2025-11-19,1,37,0.027,8.4,page-group,date,complete,false,2025-05-09,2026-09-08,all,web,page,https://www.the-anchor.pub/whats-on,raw/gsc-16m-p-pg_0001/Chart.csv
gsc-16m-p-pg_0001,2025-11-20,0,42,0,8.2,page-group,date,complete,false,2025-05-09,2026-09-08,all,web,page,https://www.the-anchor.pub/whats-on,raw/gsc-16m-p-pg_0001/Chart.csv
gsc-16m-p-pg_0001,2025-11-21,0,47,0,8.6,page-group,date,complete,false,2025-05-09,2026-09-08,all,web,page,https://www.the-anchor.pub/whats-on,raw/gsc-16m-p-pg_0001/Chart.csv
gsc-16m-p-pg_0001,2025-11-22,0,49,0,7.6,page-group,date,complete,false,2025-05-09,2026-09-08,all,web,page,https://www.the-anchor.pub/whats-on,raw/gsc-16m-p-pg_0001/Chart.csv
gsc-16m-p-pg_0001,2025-11-23,0,36,0,7.8,page-group,date,complete,false,2025-05-09,2026-09-08,all,web,page,https://www.the-anchor.pub/whats-on,raw/gsc-16m-p-pg_0001/Chart.csv
gsc-16m-p-pg_0001,2025-11-24,0,48,0,7.3,page-group,date,complete,false,2025-05-09,2026-09-08,all,web,page,https://www.the-anchor.pub/whats-on,raw/gsc-16m-p-pg_0001/Chart.csv
gsc-16m-p-pg_0001,2025-11-25,0,46,0,10.6,page-group,date,complete,false,2025-05-09,2026-09-08,all,web,page,https://www.the-anchor.pub/whats-on,raw/gsc-16m-p-pg_0001/Chart.csv
gsc-16m-p-pg_0001,2025-11-26,0,38,0,6.8,page-group,date,complete,false,2025-05-09,2026-09-08,all,web,page,https://www.the-anchor.pub/whats-on,raw/gsc-16m-p-pg_0001/Chart.csv
gsc-16m-p-pg_0001,2025-11-27,0,23,0,5,page-group,date,complete,false,2025-05-09,2026-09-08,all,web,page,https://www.the-anchor.pub/whats-on,raw/gsc-16m-p-pg_0001/Chart.csv
gsc-16m-p-pg_0001,2025-11-28,0,41,0,7.7,page-group,date,complete,false,2025-05-09,2026-09-08,all,web,page,https://www.the-anchor.pub/whats-on,raw/gsc-16m-p-pg_0001/Chart.csv
gsc-16m-p-pg_0001,2025-11-29,0,35,0,7.5,page-group,date,complete,false,2025-05-09,2026-09-08,all,web,page,https://www.the-anchor.pub/whats-on,raw/gsc-16m-p-pg_0001/Chart.csv
gsc-16m-p-pg_0001,2025-11-30,1,41,0.0244,5.8,page-group,date,complete,false,2025-05-09,2026-09-08,all,web,page,https://www.the-anchor.pub/whats-on,raw/gsc-16m-p-pg_0001/Chart.csv
gsc-16m-p-pg_0001,2025-12-01,0,31,0,9.9,page-group,date,complete,false,2025-05-09,2026-09-08,all,web,page,https://www.the-anchor.pub/whats-on,raw/gsc-16m-p-pg_0001/Chart.csv
gsc-16m-p-pg_0001,2025-12-02,0,37,0,8.1,page-group,date,complete,false,2025-05-09,2026-09-08,all,web,page,https://www.the-anchor.pub/whats-on,raw/gsc-16m-p-pg_0001/Chart.csv
gsc-16m-p-pg_0001,2025-12-03,0,38,0,7.1,page-group,date,complete,false,2025-05-09,2026-09-08,all,web,page,https://www.the-anchor.pub/whats-on,raw/gsc-16m-p-pg_0001/Chart.csv
gsc-16m-p-pg_0001,2025-12-04,0,45,0,5.2,page-group,date,complete,false,2025-05-09,2026-09-08,all,web,page,https://www.the-anchor.pub/whats-on,raw/gsc-16m-p-pg_0001/Chart.csv
gsc-16m-p-pg_0001,2025-12-05,0,34,0,9.4,page-group,date,complete,false,2025-05-09,2026-09-08,all,web,page,https://www.the-anchor.pub/whats-on,raw/gsc-16m-p-pg_0001/Chart.csv
gsc-16m-p-pg_0001,2025-12-06,0,51,0,6.2,page-group,date,complete,false,2025-05-09,2026-09-08,all,web,page,https://www.the-anchor.pub/whats-on,raw/gsc-16m-p-pg_0001/Chart.csv
gsc-16m-p-pg_0001,2025-12-07,0,50,0,6.6,page-group,date,complete,false,2025-05-09,2026-09-08,all,web,page,https://www.the-anchor.pub/whats-on,raw/gsc-16m-p-pg_0001/Chart.csv
gsc-16m-p-pg_0001,2025-12-08,0,45,0,9.7,page-group,date,complete,false,2025-05-09,2026-09-08,all,web,page,https://www.the-anchor.pub/whats-on,raw/gsc-16m-p-pg_0001/Chart.csv
gsc-16m-p-pg_0001,2025-12-09,0,62,0,8.5,page-group,date,complete,false,2025-05-09,2026-09-08,all,web,page,https://www.the-anchor.pub/whats-on,raw/gsc-16m-p-pg_0001/Chart.csv
gsc-16m-p-pg_0001,2025-12-10,0,37,0,9,page-group,date,complete,false,2025-05-09,2026-09-08,all,web,page,https://www.the-anchor.pub/whats-on,raw/gsc-16m-p-pg_0001/Chart.csv
gsc-16m-p-pg_0001,2025-12-11,1,54,0.0185,7.7,page-group,date,complete,false,2025-05-09,2026-09-08,all,web,page,https://www.the-anchor.pub/whats-on,raw/gsc-16m-p-pg_0001/Chart.csv
gsc-16m-p-pg_0001,2025-12-12,0,58,0,6.9,page-group,date,complete,false,2025-05-09,2026-09-08,all,web,page,https://www.the-anchor.pub/whats-on,raw/gsc-16m-p-pg_0001/Chart.csv
gsc-16m-p-pg_0001,2025-12-13,0,51,0,8.1,page-group,date,complete,false,2025-05-09,2026-09-08,all,web,page,https://www.the-anchor.pub/whats-on,raw/gsc-16m-p-pg_0001/Chart.csv
gsc-16m-p-pg_0001,2025-12-14,0,56,0,7.7,page-group,date,complete,false,2025-05-09,2026-09-08,all,web,page,https://www.the-anchor.pub/whats-on,raw/gsc-16m-p-pg_0001/Chart.csv
gsc-16m-p-pg_0001,2025-12-15,0,51,0,9.1,page-group,date,complete,false,2025-05-09,2026-09-08,all,web,page,https://www.the-anchor.pub/whats-on,raw/gsc-16m-p-pg_0001/Chart.csv
gsc-16m-p-pg_0001,2025-12-16,0,45,0,9.5,page-group,date,complete,false,2025-05-09,2026-09-08,all,web,page,https://www.the-anchor.pub/whats-on,raw/gsc-16m-p-pg_0001/Chart.csv
gsc-16m-p-pg_0001,2025-12-17,0,40,0,9.4,page-group,date,complete,false,2025-05-09,2026-09-08,all,web,page,https://www.the-anchor.pub/whats-on,raw/gsc-16m-p-pg_0001/Chart.csv
gsc-16m-p-pg_0001,2025-12-18,0,50,0,6.7,page-group,date,complete,false,2025-05-09,2026-09-08,all,web,page,https://www.the-anchor.pub/whats-on,raw/gsc-16m-p-pg_0001/Chart.csv
gsc-16m-p-pg_0001,2025-12-19,1,67,0.0149,5.7,page-group,date,complete,false,2025-05-09,2026-09-08,all,web,page,https://www.the-anchor.pub/whats-on,raw/gsc-16m-p-pg_0001/Chart.csv
gsc-16m-p-pg_0001,2025-12-20,0,71,0,6.8,page-group,date,complete,false,2025-05-09,2026-09-08,all,web,page,https://www.the-anchor.pub/whats-on,raw/gsc-16m-p-pg_0001/Chart.csv
gsc-16m-p-pg_0001,2025-12-21,0,55,0,9.2,page-group,date,complete,false,2025-05-09,2026-09-08,all,web,page,https://www.the-anchor.pub/whats-on,raw/gsc-16m-p-pg_0001/Chart.csv
gsc-16m-p-pg_0001,2025-12-22,1,53,0.0189,9.2,page-group,date,complete,false,2025-05-09,2026-09-08,all,web,page,https://www.the-anchor.pub/whats-on,raw/gsc-16m-p-pg_0001/Chart.csv
gsc-16m-p-pg_0001,2025-12-23,0,42,0,8.6,page-group,date,complete,false,2025-05-09,2026-09-08,all,web,page,https://www.the-anchor.pub/whats-on,raw/gsc-16m-p-pg_0001/Chart.csv
gsc-16m-p-pg_0001,2025-12-24,0,38,0,14.4,page-group,date,complete,false,2025-05-09,2026-09-08,all,web,page,https://www.the-anchor.pub/whats-on,raw/gsc-16m-p-pg_0001/Chart.csv
gsc-16m-p-pg_0001,2025-12-25,0,36,0,9,page-group,date,complete,false,2025-05-09,2026-09-08,all,web,page,https://www.the-anchor.pub/whats-on,raw/gsc-16m-p-pg_0001/Chart.csv
gsc-16m-p-pg_0001,2025-12-26,0,48,0,7.7,page-group,date,complete,false,2025-05-09,2026-09-08,all,web,page,https://www.the-anchor.pub/whats-on,raw/gsc-16m-p-pg_0001/Chart.csv
gsc-16m-p-pg_0001,2025-12-27,0,229,0,5.3,page-group,date,complete,false,2025-05-09,2026-09-08,all,web,page,https://www.the-anchor.pub/whats-on,raw/gsc-16m-p-pg_0001/Chart.csv
gsc-16m-p-pg_0001,2025-12-28,1,56,0.0179,7.3,page-group,date,complete,false,2025-05-09,2026-09-08,all,web,page,https://www.the-anchor.pub/whats-on,raw/gsc-16m-p-pg_0001/Chart.csv
gsc-16m-p-pg_0001,2025-12-29,2,51,0.0392,7.9,page-group,date,complete,false,2025-05-09,2026-09-08,all,web,page,https://www.the-anchor.pub/whats-on,raw/gsc-16m-p-pg_0001/Chart.csv
gsc-16m-p-pg_0001,2025-12-30,0,83,0,7.4,page-group,date,complete,false,2025-05-09,2026-09-08,all,web,page,https://www.the-anchor.pub/whats-on,raw/gsc-16m-p-pg_0001/Chart.csv
gsc-16m-p-pg_0001,2025-12-31,0,81,0,6.6,page-group,date,complete,false,2025-05-09,2026-09-08,all,web,page,https://www.the-anchor.pub/whats-on,raw/gsc-16m-p-pg_0001/Chart.csv
gsc-16m-p-pg_0001,2026-01-01,0,57,0,6.4,page-group,date,complete,false,2025-05-09,2026-09-08,all,web,page,https://www.the-anchor.pub/whats-on,raw/gsc-16m-p-pg_0001/Chart.csv
gsc-16m-p-pg_0001,2026-01-02,0,51,0,7.3,page-group,date,complete,false,2025-05-09,2026-09-08,all,web,page,https://www.the-anchor.pub/whats-on,raw/gsc-16m-p-pg_0001/Chart.csv
gsc-16m-p-pg_0001,2026-01-03,0,44,0,7,page-group,date,complete,false,2025-05-09,2026-09-08,all,web,page,https://www.the-anchor.pub/whats-on,raw/gsc-16m-p-pg_0001/Chart.csv
gsc-16m-p-pg_0001,2026-01-04,0,71,0,6,page-group,date,complete,false,2025-05-09,2026-09-08,all,web,page,https://www.the-anchor.pub/whats-on,raw/gsc-16m-p-pg_0001/Chart.csv
gsc-16m-p-pg_0001,2026-01-05,1,8,0.125,8.1,page-group,date,complete,false,2025-05-09,2026-09-08,all,web,page,https://www.the-anchor.pub/whats-on,raw/gsc-16m-p-pg_0001/Chart.csv
gsc-16m-p-pg_0001,2026-01-06,0,28,0,6.4,page-group,date,complete,false,2025-05-09,2026-09-08,all,web,page,https://www.the-anchor.pub/whats-on,raw/gsc-16m-p-pg_0001/Chart.csv
gsc-16m-p-pg_0001,2026-01-07,0,23,0,9.5,page-group,date,complete,false,2025-05-09,2026-09-08,all,web,page,https://www.the-anchor.pub/whats-on,raw/gsc-16m-p-pg_0001/Chart.csv
gsc-16m-p-pg_0001,2026-01-08,0,12,0,5.6,page-group,date,complete,false,2025-05-09,2026-09-08,all,web,page,https://www.the-anchor.pub/whats-on,raw/gsc-16m-p-pg_0001/Chart.csv
gsc-16m-p-pg_0001,2026-01-09,0,22,0,9,page-group,date,complete,false,2025-05-09,2026-09-08,all,web,page,https://www.the-anchor.pub/whats-on,raw/gsc-16m-p-pg_0001/Chart.csv
gsc-16m-p-pg_0001,2026-01-10,0,26,0,6.3,page-group,date,complete,false,2025-05-09,2026-09-08,all,web,page,https://www.the-anchor.pub/whats-on,raw/gsc-16m-p-pg_0001/Chart.csv
gsc-16m-p-pg_0001,2026-01-11,0,16,0,8.8,page-group,date,complete,false,2025-05-09,2026-09-08,all,web,page,https://www.the-anchor.pub/whats-on,raw/gsc-16m-p-pg_0001/Chart.csv
gsc-16m-p-pg_0001,2026-01-12,1,25,0.04,5.4,page-group,date,complete,false,2025-05-09,2026-09-08,all,web,page,https://www.the-anchor.pub/whats-on,raw/gsc-16m-p-pg_0001/Chart.csv
gsc-16m-p-pg_0001,2026-01-13,0,14,0,6.6,page-group,date,complete,false,2025-05-09,2026-09-08,all,web,page,https://www.the-anchor.pub/whats-on,raw/gsc-16m-p-pg_0001/Chart.csv
gsc-16m-p-pg_0001,2026-01-14,0,21,0,4.8,page-group,date,complete,false,2025-05-09,2026-09-08,all,web,page,https://www.the-anchor.pub/whats-on,raw/gsc-16m-p-pg_0001/Chart.csv
gsc-16m-p-pg_0001,2026-01-15,1,10,0.1,4.2,page-group,date,complete,false,2025-05-09,2026-09-08,all,web,page,https://www.the-anchor.pub/whats-on,raw/gsc-16m-p-pg_0001/Chart.csv
gsc-16m-p-pg_0001,2026-01-16,1,32,0.0312,4.9,page-group,date,complete,false,2025-05-09,2026-09-08,all,web,page,https://www.the-anchor.pub/whats-on,raw/gsc-16m-p-pg_0001/Chart.csv
gsc-16m-p-pg_0001,2026-01-17,0,20,0,5,page-group,date,complete,false,2025-05-09,2026-09-08,all,web,page,https://www.the-anchor.pub/whats-on,raw/gsc-16m-p-pg_0001/Chart.csv
gsc-16m-p-pg_0001,2026-01-18,0,16,0,7.2,page-group,date,complete,false,2025-05-09,2026-09-08,all,web,page,https://www.the-anchor.pub/whats-on,raw/gsc-16m-p-pg_0001/Chart.csv
gsc-16m-p-pg_0001,2026-01-19,0,16,0,9.9,page-group,date,complete,false,2025-05-09,2026-09-08,all,web,page,https://www.the-anchor.pub/whats-on,raw/gsc-16m-p-pg_0001/Chart.csv
gsc-16m-p-pg_0001,2026-01-20,0,24,0,5.5,page-group,date,complete,false,2025-05-09,2026-09-08,all,web,page,https://www.the-anchor.pub/whats-on,raw/gsc-16m-p-pg_0001/Chart.csv
gsc-16m-p-pg_0001,2026-01-21,0,23,0,7.2,page-group,date,complete,false,2025-05-09,2026-09-08,all,web,page,https://www.the-anchor.pub/whats-on,raw/gsc-16m-p-pg_0001/Chart.csv
gsc-16m-p-pg_0001,2026-01-22,0,20,0,9.4,page-group,date,complete,false,2025-05-09,2026-09-08,all,web,page,https://www.the-anchor.pub/whats-on,raw/gsc-16m-p-pg_0001/Chart.csv
gsc-16m-p-pg_0001,2026-01-23,0,14,0,10.4,page-group,date,complete,false,2025-05-09,2026-09-08,all,web,page,https://www.the-anchor.pub/whats-on,raw/gsc-16m-p-pg_0001/Chart.csv
gsc-16m-p-pg_0001,2026-01-24,0,14,0,13.9,page-group,date,complete,false,2025-05-09,2026-09-08,all,web,page,https://www.the-anchor.pub/whats-on,raw/gsc-16m-p-pg_0001/Chart.csv
gsc-16m-p-pg_0001,2026-01-25,1,25,0.04,8.8,page-group,date,complete,false,2025-05-09,2026-09-08,all,web,page,https://www.the-anchor.pub/whats-on,raw/gsc-16m-p-pg_0001/Chart.csv
gsc-16m-p-pg_0001,2026-01-26,0,16,0,19.4,page-group,date,complete,false,2025-05-09,2026-09-08,all,web,page,https://www.the-anchor.pub/whats-on,raw/gsc-16m-p-pg_0001/Chart.csv
gsc-16m-p-pg_0001,2026-01-27,0,47,0,16.5,page-group,date,complete,false,2025-05-09,2026-09-08,all,web,page,https://www.the-anchor.pub/whats-on,raw/gsc-16m-p-pg_0001/Chart.csv
gsc-16m-p-pg_0001,2026-01-28,0,21,0,8,page-group,date,complete,false,2025-05-09,2026-09-08,all,web,page,https://www.the-anchor.pub/whats-on,raw/gsc-16m-p-pg_0001/Chart.csv
gsc-16m-p-pg_0001,2026-01-29,0,22,0,4.7,page-group,date,complete,false,2025-05-09,2026-09-08,all,web,page,https://www.the-anchor.pub/whats-on,raw/gsc-16m-p-pg_0001/Chart.csv
gsc-16m-p-pg_0001,2026-01-30,0,29,0,6.3,page-group,date,complete,false,2025-05-09,2026-09-08,all,web,page,https://www.the-anchor.pub/whats-on,raw/gsc-16m-p-pg_0001/Chart.csv
gsc-16m-p-pg_0001,2026-01-31,0,24,0,11,page-group,date,complete,false,2025-05-09,2026-09-08,all,web,page,https://www.the-anchor.pub/whats-on,raw/gsc-16m-p-pg_0001/Chart.csv
gsc-16m-p-pg_0001,2026-02-01,0,19,0,6.6,page-group,date,complete,false,2025-05-09,2026-09-08,all,web,page,https://www.the-anchor.pub/whats-on,raw/gsc-16m-p-pg_0001/Chart.csv
gsc-16m-p-pg_0001,2026-02-02,0,37,0,6.5,page-group,date,complete,false,2025-05-09,2026-09-08,all,web,page,https://www.the-anchor.pub/whats-on,raw/gsc-16m-p-pg_0001/Chart.csv
gsc-16m-p-pg_0001,2026-02-03,0,25,0,8.6,page-group,date,complete,false,2025-05-09,2026-09-08,all,web,page,https://www.the-anchor.pub/whats-on,raw/gsc-16m-p-pg_0001/Chart.csv
gsc-16m-p-pg_0001,2026-02-04,1,31,0.0323,7.3,page-group,date,complete,false,2025-05-09,2026-09-08,all,web,page,https://www.the-anchor.pub/whats-on,raw/gsc-16m-p-pg_0001/Chart.csv
gsc-16m-p-pg_0001,2026-02-05,0,43,0,8.3,page-group,date,complete,false,2025-05-09,2026-09-08,all,web,page,https://www.the-anchor.pub/whats-on,raw/gsc-16m-p-pg_0001/Chart.csv
gsc-16m-p-pg_0001,2026-02-06,0,18,0,6.1,page-group,date,complete,false,2025-05-09,2026-09-08,all,web,page,https://www.the-anchor.pub/whats-on,raw/gsc-16m-p-pg_0001/Chart.csv
gsc-16m-p-pg_0001,2026-02-07,0,25,0,12.3,page-group,date,complete,false,2025-05-09,2026-09-08,all,web,page,https://www.the-anchor.pub/whats-on,raw/gsc-16m-p-pg_0001/Chart.csv
gsc-16m-p-pg_0001,2026-02-08,0,45,0,7,page-group,date,complete,false,2025-05-09,2026-09-08,all,web,page,https://www.the-anchor.pub/whats-on,raw/gsc-16m-p-pg_0001/Chart.csv
gsc-16m-p-pg_0001,2026-02-09,0,28,0,5.9,page-group,date,complete,false,2025-05-09,2026-09-08,all,web,page,https://www.the-anchor.pub/whats-on,raw/gsc-16m-p-pg_0001/Chart.csv
gsc-16m-p-pg_0001,2026-02-10,1,26,0.0385,9.3,page-group,date,complete,false,2025-05-09,2026-09-08,all,web,page,https://www.the-anchor.pub/whats-on,raw/gsc-16m-p-pg_0001/Chart.csv
gsc-16m-p-pg_0001,2026-02-11,4,36,0.1111,8.6,page-group,date,complete,false,2025-05-09,2026-09-08,all,web,page,https://www.the-anchor.pub/whats-on,raw/gsc-16m-p-pg_0001/Chart.csv
gsc-16m-p-pg_0001,2026-02-12,0,28,0,8.3,page-group,date,complete,false,2025-05-09,2026-09-08,all,web,page,https://www.the-anchor.pub/whats-on,raw/gsc-16m-p-pg_0001/Chart.csv
gsc-16m-p-pg_0001,2026-02-13,0,20,0,10.3,page-group,date,complete,false,2025-05-09,2026-09-08,all,web,page,https://www.the-anchor.pub/whats-on,raw/gsc-16m-p-pg_0001/Chart.csv
gsc-16m-p-pg_0001,2026-02-14,0,31,0,7,page-group,date,complete,false,2025-05-09,2026-09-08,all,web,page,https://www.the-anchor.pub/whats-on,raw/gsc-16m-p-pg_0001/Chart.csv
gsc-16m-p-pg_0001,2026-02-15,0,25,0,8.8,page-group,date,complete,false,2025-05-09,2026-09-08,all,web,page,https://www.the-anchor.pub/whats-on,raw/gsc-16m-p-pg_0001/Chart.csv
gsc-16m-p-pg_0001,2026-02-16,0,36,0,10.4,page-group,date,complete,false,2025-05-09,2026-09-08,all,web,page,https://www.the-anchor.pub/whats-on,raw/gsc-16m-p-pg_0001/Chart.csv
gsc-16m-p-pg_0001,2026-02-17,0,19,0,11.1,page-group,date,complete,false,2025-05-09,2026-09-08,all,web,page,https://www.the-anchor.pub/whats-on,raw/gsc-16m-p-pg_0001/Chart.csv
gsc-16m-p-pg_0001,2026-02-18,0,5,0,20,page-group,date,complete,false,2025-05-09,2026-09-08,all,web,page,https://www.the-anchor.pub/whats-on,raw/gsc-16m-p-pg_0001/Chart.csv
gsc-16m-p-pg_0001,2026-02-19,0,6,0,13,page-group,date,complete,false,2025-05-09,2026-09-08,all,web,page,https://www.the-anchor.pub/whats-on,raw/gsc-16m-p-pg_0001/Chart.csv
gsc-16m-p-pg_0001,2026-02-20,1,25,0.04,10.2,page-group,date,complete,false,2025-05-09,2026-09-08,all,web,page,https://www.the-anchor.pub/whats-on,raw/gsc-16m-p-pg_0001/Chart.csv
gsc-16m-p-pg_0001,2026-02-21,0,16,0,6.5,page-group,date,complete,false,2025-05-09,2026-09-08,all,web,page,https://www.the-anchor.pub/whats-on,raw/gsc-16m-p-pg_0001/Chart.csv
gsc-16m-p-pg_0001,2026-02-22,1,14,0.0714,4.8,page-group,date,complete,false,2025-05-09,2026-09-08,all,web,page,https://www.the-anchor.pub/whats-on,raw/gsc-16m-p-pg_0001/Chart.csv
gsc-16m-p-pg_0001,2026-02-23,0,17,0,8.1,page-group,date,complete,false,2025-05-09,2026-09-08,all,web,page,https://www.the-anchor.pub/whats-on,raw/gsc-16m-p-pg_0001/Chart.csv
gsc-16m-p-pg_0001,2026-02-24,0,14,0,10.3,page-group,date,complete,false,2025-05-09,2026-09-08,all,web,page,https://www.the-anchor.pub/whats-on,raw/gsc-16m-p-pg_0001/Chart.csv
gsc-16m-p-pg_0001,2026-02-25,0,19,0,8.6,page-group,date,complete,false,2025-05-09,2026-09-08,all,web,page,https://www.the-anchor.pub/whats-on,raw/gsc-16m-p-pg_0001/Chart.csv
gsc-16m-p-pg_0001,2026-02-26,1,16,0.0625,12.5,page-group,date,complete,false,2025-05-09,2026-09-08,all,web,page,https://www.the-anchor.pub/whats-on,raw/gsc-16m-p-pg_0001/Chart.csv
gsc-16m-p-pg_0001,2026-02-27,0,23,0,12.4,page-group,date,complete,false,2025-05-09,2026-09-08,all,web,page,https://www.the-anchor.pub/whats-on,raw/gsc-16m-p-pg_0001/Chart.csv
gsc-16m-p-pg_0001,2026-02-28,0,21,0,7.9,page-group,date,complete,false,2025-05-09,2026-09-08,all,web,page,https://www.the-anchor.pub/whats-on,raw/gsc-16m-p-pg_0001/Chart.csv
gsc-16m-p-pg_0001,2026-03-01,0,17,0,5.4,page-group,date,complete,false,2025-05-09,2026-09-08,all,web,page,https://www.the-anchor.pub/whats-on,raw/gsc-16m-p-pg_0001/Chart.csv
gsc-16m-p-pg_0001,2026-03-02,0,13,0,9.9,page-group,date,complete,false,2025-05-09,2026-09-08,all,web,page,https://www.the-anchor.pub/whats-on,raw/gsc-16m-p-pg_0001/Chart.csv
gsc-16m-p-pg_0001,2026-03-03,1,12,0.0833,5.2,page-group,date,complete,false,2025-05-09,2026-09-08,all,web,page,https://www.the-anchor.pub/whats-on,raw/gsc-16m-p-pg_0001/Chart.csv
gsc-16m-p-pg_0001,2026-03-04,0,22,0,6.3,page-group,date,complete,false,2025-05-09,2026-09-08,all,web,page,https://www.the-anchor.pub/whats-on,raw/gsc-16m-p-pg_0001/Chart.csv
gsc-16m-p-pg_0001,2026-03-05,0,18,0,8.4,page-group,date,complete,false,2025-05-09,2026-09-08,all,web,page,https://www.the-anchor.pub/whats-on,raw/gsc-16m-p-pg_0001/Chart.csv
gsc-16m-p-pg_0001,2026-03-06,0,25,0,10.2,page-group,date,complete,false,2025-05-09,2026-09-08,all,web,page,https://www.the-anchor.pub/whats-on,raw/gsc-16m-p-pg_0001/Chart.csv
gsc-16m-p-pg_0001,2026-03-07,0,9,0,15.2,page-group,date,complete,false,2025-05-09,2026-09-08,all,web,page,https://www.the-anchor.pub/whats-on,raw/gsc-16m-p-pg_0001/Chart.csv
gsc-16m-p-pg_0001,2026-03-08,0,17,0,4.3,page-group,date,complete,false,2025-05-09,2026-09-08,all,web,page,https://www.the-anchor.pub/whats-on,raw/gsc-16m-p-pg_0001/Chart.csv
gsc-16m-p-pg_0001,2026-03-09,0,18,0,8.9,page-group,date,complete,false,2025-05-09,2026-09-08,all,web,page,https://www.the-anchor.pub/whats-on,raw/gsc-16m-p-pg_0001/Chart.csv
gsc-16m-p-pg_0001,2026-03-10,0,14,0,7.5,page-group,date,complete,false,2025-05-09,2026-09-08,all,web,page,https://www.the-anchor.pub/whats-on,raw/gsc-16m-p-pg_0001/Chart.csv
gsc-16m-p-pg_0001,2026-03-11,0,18,0,4.3,page-group,date,complete,false,2025-05-09,2026-09-08,all,web,page,https://www.the-anchor.pub/whats-on,raw/gsc-16m-p-pg_0001/Chart.csv
gsc-16m-p-pg_0001,2026-03-12,0,6,0,7.5,page-group,date,complete,false,2025-05-09,2026-09-08,all,web,page,https://www.the-anchor.pub/whats-on,raw/gsc-16m-p-pg_0001/Chart.csv
gsc-16m-p-pg_0001,2026-03-13,0,9,0,10.4,page-group,date,complete,false,2025-05-09,2026-09-08,all,web,page,https://www.the-anchor.pub/whats-on,raw/gsc-16m-p-pg_0001/Chart.csv
gsc-16m-p-pg_0001,2026-03-14,0,15,0,3.1,page-group,date,complete,false,2025-05-09,2026-09-08,all,web,page,https://www.the-anchor.pub/whats-on,raw/gsc-16m-p-pg_0001/Chart.csv
gsc-16m-p-pg_0001,2026-03-15,1,30,0.0333,3.7,page-group,date,complete,false,2025-05-09,2026-09-08,all,web,page,https://www.the-anchor.pub/whats-on,raw/gsc-16m-p-pg_0001/Chart.csv
gsc-16m-p-pg_0001,2026-03-16,1,18,0.0556,13.1,page-group,date,complete,false,2025-05-09,2026-09-08,all,web,page,https://www.the-anchor.pub/whats-on,raw/gsc-16m-p-pg_0001/Chart.csv
gsc-16m-p-pg_0001,2026-03-17,1,20,0.05,8.2,page-group,date,complete,false,2025-05-09,2026-09-08,all,web,page,https://www.the-anchor.pub/whats-on,raw/gsc-16m-p-pg_0001/Chart.csv
gsc-16m-p-pg_0001,2026-03-18,0,27,0,6,page-group,date,complete,false,2025-05-09,2026-09-08,all,web,page,https://www.the-anchor.pub/whats-on,raw/gsc-16m-p-pg_0001/Chart.csv
gsc-16m-p-pg_0001,2026-03-19,0,24,0,6.9,page-group,date,complete,false,2025-05-09,2026-09-08,all,web,page,https://www.the-anchor.pub/whats-on,raw/gsc-16m-p-pg_0001/Chart.csv
gsc-16m-p-pg_0001,2026-03-20,1,39,0.0256,4.3,page-group,date,complete,false,2025-05-09,2026-09-08,all,web,page,https://www.the-anchor.pub/whats-on,raw/gsc-16m-p-pg_0001/Chart.csv
gsc-16m-p-pg_0001,2026-03-21,2,40,0.05,6,page-group,date,complete,false,2025-05-09,2026-09-08,all,web,page,https://www.the-anchor.pub/whats-on,raw/gsc-16m-p-pg_0001/Chart.csv
gsc-16m-p-pg_0001,2026-03-22,0,32,0,4.6,page-group,date,complete,false,2025-05-09,2026-09-08,all,web,page,https://www.the-anchor.pub/whats-on,raw/gsc-16m-p-pg_0001/Chart.csv
gsc-16m-p-pg_0001,2026-03-23,0,29,0,3,page-group,date,complete,false,2025-05-09,2026-09-08,all,web,page,https://www.the-anchor.pub/whats-on,raw/gsc-16m-p-pg_0001/Chart.csv
gsc-16m-p-pg_0001,2026-03-24,1,151,0.0066,2.2,page-group,date,complete,false,2025-05-09,2026-09-08,all,web,page,https://www.the-anchor.pub/whats-on,raw/gsc-16m-p-pg_0001/Chart.csv
gsc-16m-p-pg_0001,2026-03-25,0,46,0,3.8,page-group,date,complete,false,2025-05-09,2026-09-08,all,web,page,https://www.the-anchor.pub/whats-on,raw/gsc-16m-p-pg_0001/Chart.csv
gsc-16m-p-pg_0001,2026-03-26,0,27,0,4.6,page-group,date,complete,false,2025-05-09,2026-09-08,all,web,page,https://www.the-anchor.pub/whats-on,raw/gsc-16m-p-pg_0001/Chart.csv
gsc-16m-p-pg_0001,2026-03-27,0,17,0,2.9,page-group,date,complete,false,2025-05-09,2026-09-08,all,web,page,https://www.the-anchor.pub/whats-on,raw/gsc-16m-p-pg_0001/Chart.csv
gsc-16m-p-pg_0001,2026-03-28,1,34,0.0294,3,page-group,date,complete,false,2025-05-09,2026-09-08,all,web,page,https://www.the-anchor.pub/whats-on,raw/gsc-16m-p-pg_0001/Chart.csv
gsc-16m-p-pg_0001,2026-03-29,0,31,0,2.7,page-group,date,complete,false,2025-05-09,2026-09-08,all,web,page,https://www.the-anchor.pub/whats-on,raw/gsc-16m-p-pg_0001/Chart.csv
gsc-16m-p-pg_0001,2026-03-30,0,21,0,6,page-group,date,complete,false,2025-05-09,2026-09-08,all,web,page,https://www.the-anchor.pub/whats-on,raw/gsc-16m-p-pg_0001/Chart.csv
gsc-16m-p-pg_0001,2026-03-31,0,23,0,4.3,page-group,date,complete,false,2025-05-09,2026-09-08,all,web,page,https://www.the-anchor.pub/whats-on,raw/gsc-16m-p-pg_0001/Chart.csv
gsc-16m-p-pg_0001,2026-04-01,0,36,0,5.9,page-group,date,complete,false,2025-05-09,2026-09-08,all,web,page,https://www.the-anchor.pub/whats-on,raw/gsc-16m-p-pg_0001/Chart.csv
gsc-16m-p-pg_0001,2026-04-02,0,26,0,3.4,page-group,date,complete,false,2025-05-09,2026-09-08,all,web,page,https://www.the-anchor.pub/whats-on,raw/gsc-16m-p-pg_0001/Chart.csv
gsc-16m-p-pg_0001,2026-04-03,1,19,0.0526,5.7,page-group,date,complete,false,2025-05-09,2026-09-08,all,web,page,https://www.the-anchor.pub/whats-on,raw/gsc-16m-p-pg_0001/Chart.csv
gsc-16m-p-pg_0001,2026-04-04,1,31,0.0323,3.3,page-group,date,complete,false,2025-05-09,2026-09-08,all,web,page,https://www.the-anchor.pub/whats-on,raw/gsc-16m-p-pg_0001/Chart.csv
gsc-16m-p-pg_0001,2026-04-05,0,20,0,7.1,page-group,date,complete,false,2025-05-09,2026-09-08,all,web,page,https://www.the-anchor.pub/whats-on,raw/gsc-16m-p-pg_0001/Chart.csv
gsc-16m-p-pg_0001,2026-04-06,0,27,0,5,page-group,date,complete,false,2025-05-09,2026-09-08,all,web,page,https://www.the-anchor.pub/whats-on,raw/gsc-16m-p-pg_0001/Chart.csv
gsc-16m-p-pg_0001,2026-04-07,0,18,0,9.2,page-group,date,complete,false,2025-05-09,2026-09-08,all,web,page,https://www.the-anchor.pub/whats-on,raw/gsc-16m-p-pg_0001/Chart.csv
gsc-16m-p-pg_0001,2026-04-08,0,19,0,6.5,page-group,date,complete,false,2025-05-09,2026-09-08,all,web,page,https://www.the-anchor.pub/whats-on,raw/gsc-16m-p-pg_0001/Chart.csv
gsc-16m-p-pg_0001,2026-04-09,0,20,0,8.2,page-group,date,complete,false,2025-05-09,2026-09-08,all,web,page,https://www.the-anchor.pub/whats-on,raw/gsc-16m-p-pg_0001/Chart.csv
gsc-16m-p-pg_0001,2026-04-10,1,19,0.0526,1.8,page-group,date,complete,false,2025-05-09,2026-09-08,all,web,page,https://www.the-anchor.pub/whats-on,raw/gsc-16m-p-pg_0001/Chart.csv
gsc-16m-p-pg_0001,2026-04-11,0,25,0,5.4,page-group,date,complete,false,2025-05-09,2026-09-08,all,web,page,https://www.the-anchor.pub/whats-on,raw/gsc-16m-p-pg_0001/Chart.csv
gsc-16m-p-pg_0001,2026-04-12,0,15,0,1.9,page-group,date,complete,false,2025-05-09,2026-09-08,all,web,page,https://www.the-anchor.pub/whats-on,raw/gsc-16m-p-pg_0001/Chart.csv
gsc-16m-p-pg_0001,2026-04-13,0,30,0,15,page-group,date,complete,false,2025-05-09,2026-09-08,all,web,page,https://www.the-anchor.pub/whats-on,raw/gsc-16m-p-pg_0001/Chart.csv
gsc-16m-p-pg_0001,2026-04-14,0,24,0,5.2,page-group,date,complete,false,2025-05-09,2026-09-08,all,web,page,https://www.the-anchor.pub/whats-on,raw/gsc-16m-p-pg_0001/Chart.csv
gsc-16m-p-pg_0001,2026-04-15,0,16,0,3.8,page-group,date,complete,false,2025-05-09,2026-09-08,all,web,page,https://www.the-anchor.pub/whats-on,raw/gsc-16m-p-pg_0001/Chart.csv
gsc-16m-p-pg_0001,2026-04-16,1,15,0.0667,4.5,page-group,date,complete,false,2025-05-09,2026-09-08,all,web,page,https://www.the-anchor.pub/whats-on,raw/gsc-16m-p-pg_0001/Chart.csv
gsc-16m-p-pg_0001,2026-04-17,0,28,0,5,page-group,date,complete,false,2025-05-09,2026-09-08,all,web,page,https://www.the-anchor.pub/whats-on,raw/gsc-16m-p-pg_0001/Chart.csv
gsc-16m-p-pg_0001,2026-04-18,0,28,0,2.7,page-group,date,complete,false,2025-05-09,2026-09-08,all,web,page,https://www.the-anchor.pub/whats-on,raw/gsc-16m-p-pg_0001/Chart.csv
gsc-16m-p-pg_0001,2026-04-19,0,36,0,2.4,page-group,date,complete,false,2025-05-09,2026-09-08,all,web,page,https://www.the-anchor.pub/whats-on,raw/gsc-16m-p-pg_0001/Chart.csv
gsc-16m-p-pg_0001,2026-04-20,0,17,0,10.8,page-group,date,complete,false,2025-05-09,2026-09-08,all,web,page,https://www.the-anchor.pub/whats-on,raw/gsc-16m-p-pg_0001/Chart.csv
gsc-16m-p-pg_0001,2026-04-21,0,31,0,4.9,page-group,date,complete,false,2025-05-09,2026-09-08,all,web,page,https://www.the-anchor.pub/whats-on,raw/gsc-16m-p-pg_0001/Chart.csv
gsc-16m-p-pg_0001,2026-04-22,0,23,0,3.5,page-group,date,complete,false,2025-05-09,2026-09-08,all,web,page,https://www.the-anchor.pub/whats-on,raw/gsc-16m-p-pg_0001/Chart.csv
gsc-16m-p-pg_0001,2026-04-23,0,23,0,3,page-group,date,complete,false,2025-05-09,2026-09-08,all,web,page,https://www.the-anchor.pub/whats-on,raw/gsc-16m-p-pg_0001/Chart.csv
gsc-16m-p-pg_0001,2026-04-24,0,24,0,3,page-group,date,complete,false,2025-05-09,2026-09-08,all,web,page,https://www.the-anchor.pub/whats-on,raw/gsc-16m-p-pg_0001/Chart.csv
gsc-16m-p-pg_0001,2026-04-25,2,46,0.0435,3.5,page-group,date,complete,false,2025-05-09,2026-09-08,all,web,page,https://www.the-anchor.pub/whats-on,raw/gsc-16m-p-pg_0001/Chart.csv
gsc-16m-p-pg_0001,2026-04-26,1,25,0.04,6.2,page-group,date,complete,false,2025-05-09,2026-09-08,all,web,page,https://www.the-anchor.pub/whats-on,raw/gsc-16m-p-pg_0001/Chart.csv
gsc-16m-p-pg_0001,2026-04-27,0,19,0,2.5,page-group,date,complete,false,2025-05-09,2026-09-08,all,web,page,https://www.the-anchor.pub/whats-on,raw/gsc-16m-p-pg_0001/Chart.csv
gsc-16m-p-pg_0001,2026-04-28,0,25,0,3.3,page-group,date,complete,false,2025-05-09,2026-09-08,all,web,page,https://www.the-anchor.pub/whats-on,raw/gsc-16m-p-pg_0001/Chart.csv
gsc-16m-p-pg_0001,2026-04-29,0,32,0,2.5,page-group,date,complete,false,2025-05-09,2026-09-08,all,web,page,https://www.the-anchor.pub/whats-on,raw/gsc-16m-p-pg_0001/Chart.csv
gsc-16m-p-pg_0001,2026-04-30,0,24,0,2.9,page-group,date,complete,false,2025-05-09,2026-09-08,all,web,page,https://www.the-anchor.pub/whats-on,raw/gsc-16m-p-pg_0001/Chart.csv
gsc-16m-p-pg_0001,2026-05-01,0,18,0,2.9,page-group,date,complete,false,2025-05-09,2026-09-08,all,web,page,https://www.the-anchor.pub/whats-on,raw/gsc-16m-p-pg_0001/Chart.csv
gsc-16m-p-pg_0001,2026-05-02,0,14,0,3.3,page-group,date,complete,false,2025-05-09,2026-09-08,all,web,page,https://www.the-anchor.pub/whats-on,raw/gsc-16m-p-pg_0001/Chart.csv
gsc-16m-p-pg_0001,2026-05-03,0,30,0,3.1,page-group,date,complete,false,2025-05-09,2026-09-08,all,web,page,https://www.the-anchor.pub/whats-on,raw/gsc-16m-p-pg_0001/Chart.csv
gsc-16m-p-pg_0001,2026-05-04,0,36,0,5.9,page-group,date,complete,false,2025-05-09,2026-09-08,all,web,page,https://www.the-anchor.pub/whats-on,raw/gsc-16m-p-pg_0001/Chart.csv
gsc-16m-p-pg_0001,2026-05-05,0,19,0,1.9,page-group,date,complete,false,2025-05-09,2026-09-08,all,web,page,https://www.the-anchor.pub/whats-on,raw/gsc-16m-p-pg_0001/Chart.csv
gsc-16m-p-pg_0001,2026-05-06,1,29,0.0345,2.8,page-group,date,complete,false,2025-05-09,2026-09-08,all,web,page,https://www.the-anchor.pub/whats-on,raw/gsc-16m-p-pg_0001/Chart.csv
gsc-16m-p-pg_0001,2026-05-07,1,19,0.0526,3.3,page-group,date,complete,false,2025-05-09,2026-09-08,all,web,page,https://www.the-anchor.pub/whats-on,raw/gsc-16m-p-pg_0001/Chart.csv
gsc-16m-p-pg_0001,2026-05-08,0,38,0,2.8,page-group,date,complete,false,2025-05-09,2026-09-08,all,web,page,https://www.the-anchor.pub/whats-on,raw/gsc-16m-p-pg_0001/Chart.csv
gsc-16m-p-pg_0001,2026-05-09,0,31,0,3.9,page-group,date,complete,false,2025-05-09,2026-09-08,all,web,page,https://www.the-anchor.pub/whats-on,raw/gsc-16m-p-pg_0001/Chart.csv
gsc-16m-p-pg_0001,2026-05-10,1,23,0.0435,5.6,page-group,date,complete,false,2025-05-09,2026-09-08,all,web,page,https://www.the-anchor.pub/whats-on,raw/gsc-16m-p-pg_0001/Chart.csv
gsc-16m-p-pg_0001,2026-05-11,0,25,0,5.4,page-group,date,complete,false,2025-05-09,2026-09-08,all,web,page,https://www.the-anchor.pub/whats-on,raw/gsc-16m-p-pg_0001/Chart.csv
gsc-16m-p-pg_0001,2026-05-12,0,26,0,7.7,page-group,date,complete,false,2025-05-09,2026-09-08,all,web,page,https://www.the-anchor.pub/whats-on,raw/gsc-16m-p-pg_0001/Chart.csv
gsc-16m-p-pg_0001,2026-05-13,0,22,0,2.5,page-group,date,complete,false,2025-05-09,2026-09-08,all,web,page,https://www.the-anchor.pub/whats-on,raw/gsc-16m-p-pg_0001/Chart.csv
gsc-16m-p-pg_0001,2026-05-14,0,32,0,3.1,page-group,date,complete,false,2025-05-09,2026-09-08,all,web,page,https://www.the-anchor.pub/whats-on,raw/gsc-16m-p-pg_0001/Chart.csv
gsc-16m-p-pg_0001,2026-05-15,0,33,0,7.6,page-group,date,complete,false,2025-05-09,2026-09-08,all,web,page,https://www.the-anchor.pub/whats-on,raw/gsc-16m-p-pg_0001/Chart.csv
gsc-16m-p-pg_0001,2026-05-16,0,20,0,4.5,page-group,date,complete,false,2025-05-09,2026-09-08,all,web,page,https://www.the-anchor.pub/whats-on,raw/gsc-16m-p-pg_0001/Chart.csv
gsc-16m-p-pg_0001,2026-05-17,0,24,0,3.2,page-group,date,complete,false,2025-05-09,2026-09-08,all,web,page,https://www.the-anchor.pub/whats-on,raw/gsc-16m-p-pg_0001/Chart.csv
gsc-16m-p-pg_0001,2026-05-18,0,35,0,4.3,page-group,date,complete,false,2025-05-09,2026-09-08,all,web,page,https://www.the-anchor.pub/whats-on,raw/gsc-16m-p-pg_0001/Chart.csv
gsc-16m-p-pg_0001,2026-05-19,0,29,0,2.5,page-group,date,complete,false,2025-05-09,2026-09-08,all,web,page,https://www.the-anchor.pub/whats-on,raw/gsc-16m-p-pg_0001/Chart.csv
gsc-16m-p-pg_0001,2026-05-20,1,31,0.0323,5.8,page-group,date,complete,false,2025-05-09,2026-09-08,all,web,page,https://www.the-anchor.pub/whats-on,raw/gsc-16m-p-pg_0001/Chart.csv
gsc-16m-p-pg_0001,2026-05-21,0,29,0,7.9,page-group,date,complete,false,2025-05-09,2026-09-08,all,web,page,https://www.the-anchor.pub/whats-on,raw/gsc-16m-p-pg_0001/Chart.csv
gsc-16m-p-pg_0001,2026-05-22,0,32,0,3.4,page-group,date,complete,false,2025-05-09,2026-09-08,all,web,page,https://www.the-anchor.pub/whats-on,raw/gsc-16m-p-pg_0001/Chart.csv
gsc-16m-p-pg_0001,2026-05-23,0,42,0,3.8,page-group,date,complete,false,2025-05-09,2026-09-08,all,web,page,https://www.the-anchor.pub/whats-on,raw/gsc-16m-p-pg_0001/Chart.csv
gsc-16m-p-pg_0001,2026-05-24,0,35,0,2.9,page-group,date,complete,false,2025-05-09,2026-09-08,all,web,page,https://www.the-anchor.pub/whats-on,raw/gsc-16m-p-pg_0001/Chart.csv
gsc-16m-p-pg_0001,2026-05-25,0,36,0,3.4,page-group,date,complete,false,2025-05-09,2026-09-08,all,web,page,https://www.the-anchor.pub/whats-on,raw/gsc-16m-p-pg_0001/Chart.csv
gsc-16m-p-pg_0001,2026-05-26,0,35,0,2.3,page-group,date,complete,false,2025-05-09,2026-09-08,all,web,page,https://www.the-anchor.pub/whats-on,raw/gsc-16m-p-pg_0001/Chart.csv
gsc-16m-p-pg_0001,2026-05-27,0,28,0,2.5,page-group,date,complete,false,2025-05-09,2026-09-08,all,web,page,https://www.the-anchor.pub/whats-on,raw/gsc-16m-p-pg_0001/Chart.csv
gsc-16m-p-pg_0001,2026-05-28,0,34,0,3.6,page-group,date,complete,false,2025-05-09,2026-09-08,all,web,page,https://www.the-anchor.pub/whats-on,raw/gsc-16m-p-pg_0001/Chart.csv
gsc-16m-p-pg_0001,2026-05-29,0,18,0,5.9,page-group,date,complete,false,2025-05-09,2026-09-08,all,web,page,https://www.the-anchor.pub/whats-on,raw/gsc-16m-p-pg_0001/Chart.csv
gsc-16m-p-pg_0001,2026-05-30,0,54,0,2.4,page-group,date,complete,false,2025-05-09,2026-09-08,all,web,page,https://www.the-anchor.pub/whats-on,raw/gsc-16m-p-pg_0001/Chart.csv
gsc-16m-p-pg_0001,2026-05-31,0,47,0,5,page-group,date,complete,false,2025-05-09,2026-09-08,all,web,page,https://www.the-anchor.pub/whats-on,raw/gsc-16m-p-pg_0001/Chart.csv
gsc-16m-p-pg_0001,2026-06-01,0,19,0,2.9,page-group,date,complete,false,2025-05-09,2026-09-08,all,web,page,https://www.the-anchor.pub/whats-on,raw/gsc-16m-p-pg_0001/Chart.csv
gsc-16m-p-pg_0001,2026-06-02,0,26,0,2.5,page-group,date,complete,false,2025-05-09,2026-09-08,all,web,page,https://www.the-anchor.pub/whats-on,raw/gsc-16m-p-pg_0001/Chart.csv
gsc-16m-p-pg_0001,2026-06-03,0,18,0,2.7,page-group,date,complete,false,2025-05-09,2026-09-08,all,web,page,https://www.the-anchor.pub/whats-on,raw/gsc-16m-p-pg_0001/Chart.csv
gsc-16m-p-pg_0001,2026-06-04,1,21,0.0476,14.2,page-group,date,complete,false,2025-05-09,2026-09-08,all,web,page,https://www.the-anchor.pub/whats-on,raw/gsc-16m-p-pg_0001/Chart.csv
gsc-16m-p-pg_0001,2026-06-05,0,33,0,8.5,page-group,date,complete,false,2025-05-09,2026-09-08,all,web,page,https://www.the-anchor.pub/whats-on,raw/gsc-16m-p-pg_0001/Chart.csv
gsc-16m-p-pg_0001,2026-06-06,1,37,0.027,3.9,page-group,date,complete,false,2025-05-09,2026-09-08,all,web,page,https://www.the-anchor.pub/whats-on,raw/gsc-16m-p-pg_0001/Chart.csv
gsc-16m-p-pg_0001,2026-06-07,1,34,0.0294,3.4,page-group,date,complete,false,2025-05-09,2026-09-08,all,web,page,https://www.the-anchor.pub/whats-on,raw/gsc-16m-p-pg_0001/Chart.csv
gsc-16m-p-pg_0001,2026-06-08,1,29,0.0345,6.7,page-group,date,complete,false,2025-05-09,2026-09-08,all,web,page,https://www.the-anchor.pub/whats-on,raw/gsc-16m-p-pg_0001/Chart.csv
gsc-16m-p-pg_0001,2026-06-09,0,22,0,2.1,page-group,date,complete,false,2025-05-09,2026-09-08,all,web,page,https://www.the-anchor.pub/whats-on,raw/gsc-16m-p-pg_0001/Chart.csv
gsc-16m-p-pg_0001,2026-06-10,1,27,0.037,2.6,page-group,date,complete,false,2025-05-09,2026-09-08,all,web,page,https://www.the-anchor.pub/whats-on,raw/gsc-16m-p-pg_0001/Chart.csv
gsc-16m-p-pg_0001,2026-06-11,0,28,0,3.5,page-group,date,complete,false,2025-05-09,2026-09-08,all,web,page,https://www.the-anchor.pub/whats-on,raw/gsc-16m-p-pg_0001/Chart.csv
gsc-16m-p-pg_0001,2026-06-12,1,44,0.0227,2.8,page-group,date,complete,false,2025-05-09,2026-09-08,all,web,page,https://www.the-anchor.pub/whats-on,raw/gsc-16m-p-pg_0001/Chart.csv
gsc-16m-p-pg_0001,2026-06-13,1,40,0.025,3.1,page-group,date,complete,false,2025-05-09,2026-09-08,all,web,page,https://www.the-anchor.pub/whats-on,raw/gsc-16m-p-pg_0001/Chart.csv
gsc-16m-p-pg_0001,2026-06-14,0,32,0,4.5,page-group,date,complete,false,2025-05-09,2026-09-08,all,web,page,https://www.the-anchor.pub/whats-on,raw/gsc-16m-p-pg_0001/Chart.csv
gsc-16m-p-pg_0001,2026-06-15,0,23,0,3.1,page-group,date,complete,false,2025-05-09,2026-09-08,all,web,page,https://www.the-anchor.pub/whats-on,raw/gsc-16m-p-pg_0001/Chart.csv
gsc-16m-p-pg_0001,2026-06-16,0,42,0,2.3,page-group,date,complete,false,2025-05-09,2026-09-08,all,web,page,https://www.the-anchor.pub/whats-on,raw/gsc-16m-p-pg_0001/Chart.csv
gsc-16m-p-pg_0001,2026-06-17,0,25,0,4.3,page-group,date,complete,false,2025-05-09,2026-09-08,all,web,page,https://www.the-anchor.pub/whats-on,raw/gsc-16m-p-pg_0001/Chart.csv
gsc-16m-p-pg_0001,2026-06-18,0,20,0,5.1,page-group,date,complete,false,2025-05-09,2026-09-08,all,web,page,https://www.the-anchor.pub/whats-on,raw/gsc-16m-p-pg_0001/Chart.csv
gsc-16m-p-pg_0001,2026-06-19,0,45,0,9.6,page-group,date,complete,false,2025-05-09,2026-09-08,all,web,page,https://www.the-anchor.pub/whats-on,raw/gsc-16m-p-pg_0001/Chart.csv
gsc-16m-p-pg_0001,2026-06-20,0,46,0,4.3,page-group,date,complete,false,2025-05-09,2026-09-08,all,web,page,https://www.the-anchor.pub/whats-on,raw/gsc-16m-p-pg_0001/Chart.csv
gsc-16m-p-pg_0001,2026-06-21,0,51,0,4.1,page-group,date,complete,false,2025-05-09,2026-09-08,all,web,page,https://www.the-anchor.pub/whats-on,raw/gsc-16m-p-pg_0001/Chart.csv
gsc-16m-p-pg_0001,2026-06-22,0,32,0,7.4,page-group,date,complete,false,2025-05-09,2026-09-08,all,web,page,https://www.the-anchor.pub/whats-on,raw/gsc-16m-p-pg_0001/Chart.csv
gsc-16m-p-pg_0001,2026-06-23,0,27,0,5.4,page-group,date,complete,false,2025-05-09,2026-09-08,all,web,page,https://www.the-anchor.pub/whats-on,raw/gsc-16m-p-pg_0001/Chart.csv
gsc-16m-p-pg_0001,2026-06-24,0,27,0,4.1,page-group,date,complete,false,2025-05-09,2026-09-08,all,web,page,https://www.the-anchor.pub/whats-on,raw/gsc-16m-p-pg_0001/Chart.csv
gsc-16m-p-pg_0001,2026-06-25,0,24,0,9.9,page-group,date,complete,false,2025-05-09,2026-09-08,all,web,page,https://www.the-anchor.pub/whats-on,raw/gsc-16m-p-pg_0001/Chart.csv
gsc-16m-p-pg_0001,2026-06-26,0,31,0,3.7,page-group,date,complete,false,2025-05-09,2026-09-08,all,web,page,https://www.the-anchor.pub/whats-on,raw/gsc-16m-p-pg_0001/Chart.csv
gsc-16m-p-pg_0001,2026-06-27,0,19,0,4.6,page-group,date,complete,false,2025-05-09,2026-09-08,all,web,page,https://www.the-anchor.pub/whats-on,raw/gsc-16m-p-pg_0001/Chart.csv
gsc-16m-p-pg_0001,2026-06-28,0,42,0,3.5,page-group,date,complete,false,2025-05-09,2026-09-08,all,web,page,https://www.the-anchor.pub/whats-on,raw/gsc-16m-p-pg_0001/Chart.csv
gsc-16m-p-pg_0001,2026-06-29,0,29,0,3.7,page-group,date,complete,false,2025-05-09,2026-09-08,all,web,page,https://www.the-anchor.pub/whats-on,raw/gsc-16m-p-pg_0001/Chart.csv
gsc-16m-p-pg_0001,2026-06-30,0,18,0,2.4,page-group,date,complete,false,2025-05-09,2026-09-08,all,web,page,https://www.the-anchor.pub/whats-on,raw/gsc-16m-p-pg_0001/Chart.csv
gsc-16m-p-pg_0001,2026-07-01,0,53,0,3.6,page-group,date,complete,false,2025-05-09,2026-09-08,all,web,page,https://www.the-anchor.pub/whats-on,raw/gsc-16m-p-pg_0001/Chart.csv
gsc-16m-p-pg_0001,2026-07-02,0,31,0,7.4,page-group,date,complete,false,2025-05-09,2026-09-08,all,web,page,https://www.the-anchor.pub/whats-on,raw/gsc-16m-p-pg_0001/Chart.csv
gsc-16m-p-pg_0001,2026-07-03,0,32,0,2.2,page-group,date,complete,false,2025-05-09,2026-09-08,all,web,page,https://www.the-anchor.pub/whats-on,raw/gsc-16m-p-pg_0001/Chart.csv
gsc-16m-p-pg_0001,2026-07-04,0,38,0,2.1,page-group,date,complete,false,2025-05-09,2026-09-08,all,web,page,https://www.the-anchor.pub/whats-on,raw/gsc-16m-p-pg_0001/Chart.csv
gsc-16m-p-pg_0001,2026-07-05,0,35,0,5.9,page-group,date,complete,false,2025-05-09,2026-09-08,all,web,page,https://www.the-anchor.pub/whats-on,raw/gsc-16m-p-pg_0001/Chart.csv
gsc-16m-p-pg_0001,2026-07-06,0,35,0,6.5,page-group,date,complete,false,2025-05-09,2026-09-08,all,web,page,https://www.the-anchor.pub/whats-on,raw/gsc-16m-p-pg_0001/Chart.csv
gsc-16m-p-pg_0001,2026-07-07,1,39,0.0256,2.1,page-group,date,complete,false,2025-05-09,2026-09-08,all,web,page,https://www.the-anchor.pub/whats-on,raw/gsc-16m-p-pg_0001/Chart.csv
gsc-16m-p-pg_0001,2026-07-08,0,43,0,2.2,page-group,date,complete,false,2025-05-09,2026-09-08,all,web,page,https://www.the-anchor.pub/whats-on,raw/gsc-16m-p-pg_0001/Chart.csv
gsc-16m-p-pg_0001,2026-07-09,0,33,0,13.6,page-group,date,complete,false,2025-05-09,2026-09-08,all,web,page,https://www.the-anchor.pub/whats-on,raw/gsc-16m-p-pg_0001/Chart.csv
gsc-16m-p-pg_0001,2026-07-10,1,36,0.0278,9.2,page-group,date,complete,false,2025-05-09,2026-09-08,all,web,page,https://www.the-anchor.pub/whats-on,raw/gsc-16m-p-pg_0001/Chart.csv
gsc-16m-p-pg_0001,2026-07-11,1,46,0.0217,2,page-group,date,complete,false,2025-05-09,2026-09-08,all,web,page,https://www.the-anchor.pub/whats-on,raw/gsc-16m-p-pg_0001/Chart.csv
gsc-16m-p-pg_0001,2026-07-12,0,42,0,7,page-group,date,complete,false,2025-05-09,2026-09-08,all,web,page,https://www.the-anchor.pub/whats-on,raw/gsc-16m-p-pg_0001/Chart.csv
gsc-16m-p-pg_0001,2026-07-13,0,25,0,2,page-group,date,complete,false,2025-05-09,2026-09-08,all,web,page,https://www.the-anchor.pub/whats-on,raw/gsc-16m-p-pg_0001/Chart.csv
gsc-16m-p-pg_0001,2026-07-14,1,23,0.0435,3.7,page-group,date,complete,false,2025-05-09,2026-09-08,all,web,page,https://www.the-anchor.pub/whats-on,raw/gsc-16m-p-pg_0001/Chart.csv
gsc-16m-p-pg_0001,2026-07-15,0,46,0,3.8,page-group,date,complete,false,2025-05-09,2026-09-08,all,web,page,https://www.the-anchor.pub/whats-on,raw/gsc-16m-p-pg_0001/Chart.csv
gsc-16m-p-pg_0001,2026-07-16,1,43,0.0233,7,page-group,date,complete,false,2025-05-09,2026-09-08,all,web,page,https://www.the-anchor.pub/whats-on,raw/gsc-16m-p-pg_0001/Chart.csv
gsc-16m-p-pg_0001,2026-07-17,1,38,0.0263,6.4,page-group,date,complete,false,2025-05-09,2026-09-08,all,web,page,https://www.the-anchor.pub/whats-on,raw/gsc-16m-p-pg_0001/Chart.csv
gsc-16m-p-pg_0001,2026-07-18,0,50,0,2.1,page-group,date,complete,false,2025-05-09,2026-09-08,all,web,page,https://www.the-anchor.pub/whats-on,raw/gsc-16m-p-pg_0001/Chart.csv
gsc-16m-p-pg_0001,2026-07-19,0,28,0,2.3,page-group,date,complete,false,2025-05-09,2026-09-08,all,web,page,https://www.the-anchor.pub/whats-on,raw/gsc-16m-p-pg_0001/Chart.csv
gsc-16m-p-pg_0001,2026-07-20,0,48,0,2.9,page-group,date,complete,false,2025-05-09,2026-09-08,all,web,page,https://www.the-anchor.pub/whats-on,raw/gsc-16m-p-pg_0001/Chart.csv
gsc-16m-p-pg_0001,2026-07-21,1,32,0.0312,3.9,page-group,date,complete,false,2025-05-09,2026-09-08,all,web,page,https://www.the-anchor.pub/whats-on,raw/gsc-16m-p-pg_0001/Chart.csv
gsc-16m-p-pg_0001,2026-07-22,0,42,0,9.4,page-group,date,complete,false,2025-05-09,2026-09-08,all,web,page,https://www.the-anchor.pub/whats-on,raw/gsc-16m-p-pg_0001/Chart.csv
gsc-16m-p-pg_0001,2026-07-23,1,34,0.0294,5.3,page-group,date,complete,false,2025-05-09,2026-09-08,all,web,page,https://www.the-anchor.pub/whats-on,raw/gsc-16m-p-pg_0001/Chart.csv
gsc-16m-p-pg_0001,2026-07-24,0,45,0,5,page-group,date,complete,false,2025-05-09,2026-09-08,all,web,page,https://www.the-anchor.pub/whats-on,raw/gsc-16m-p-pg_0001/Chart.csv
gsc-16m-p-pg_0001,2026-07-25,0,65,0,3.5,page-group,date,complete,false,2025-05-09,2026-09-08,all,web,page,https://www.the-anchor.pub/whats-on,raw/gsc-16m-p-pg_0001/Chart.csv
gsc-16m-p-pg_0001,2026-07-26,0,42,0,3.3,page-group,date,complete,false,2025-05-09,2026-09-08,all,web,page,https://www.the-anchor.pub/whats-on,raw/gsc-16m-p-pg_0001/Chart.csv
gsc-16m-p-pg_0001,2026-07-27,0,36,0,3.9,page-group,date,complete,false,2025-05-09,2026-09-08,all,web,page,https://www.the-anchor.pub/whats-on,raw/gsc-16m-p-pg_0001/Chart.csv
gsc-16m-p-pg_0001,2026-07-28,0,29,0,2.3,page-group,date,complete,false,2025-05-09,2026-09-08,all,web,page,https://www.the-anchor.pub/whats-on,raw/gsc-16m-p-pg_0001/Chart.csv
gsc-16m-p-pg_0001,2026-07-29,1,41,0.0244,2.9,page-group,date,complete,false,2025-05-09,2026-09-08,all,web,page,https://www.the-anchor.pub/whats-on,raw/gsc-16m-p-pg_0001/Chart.csv
gsc-16m-p-pg_0001,2026-07-30,0,34,0,6.3,page-group,date,complete,false,2025-05-09,2026-09-08,all,web,page,https://www.the-anchor.pub/whats-on,raw/gsc-16m-p-pg_0001/Chart.csv
gsc-16m-p-pg_0001,2026-07-31,0,31,0,7.3,page-group,date,complete,false,2025-05-09,2026-09-08,all,web,page,https://www.the-anchor.pub/whats-on,raw/gsc-16m-p-pg_0001/Chart.csv
gsc-16m-p-pg_0001,2026-08-01,0,34,0,1.8,page-group,date,complete,false,2025-05-09,2026-09-08,all,web,page,https://www.the-anchor.pub/whats-on,raw/gsc-16m-p-pg_0001/Chart.csv
gsc-16m-p-pg_0001,2026-08-02,0,61,0,4.1,page-group,date,complete,false,2025-05-09,2026-09-08,all,web,page,https://www.the-anchor.pub/whats-on,raw/gsc-16m-p-pg_0001/Chart.csv
gsc-16m-p-pg_0001,2026-08-03,0,56,0,4.4,page-group,date,complete,false,2025-05-09,2026-09-08,all,web,page,https://www.the-anchor.pub/whats-on,raw/gsc-16m-p-pg_0001/Chart.csv
gsc-16m-p-pg_0001,2026-08-04,1,41,0.0244,4,page-group,date,complete,false,2025-05-09,2026-09-08,all,web,page,https://www.the-anchor.pub/whats-on,raw/gsc-16m-p-pg_0001/Chart.csv
gsc-16m-p-pg_0001,2026-08-05,3,41,0.0732,5.2,page-group,date,complete,false,2025-05-09,2026-09-08,all,web,page,https://www.the-anchor.pub/whats-on,raw/gsc-16m-p-pg_0001/Chart.csv
gsc-16m-p-pg_0001,2026-08-06,0,28,0,10.5,page-group,date,complete,false,2025-05-09,2026-09-08,all,web,page,https://www.the-anchor.pub/whats-on,raw/gsc-16m-p-pg_0001/Chart.csv
gsc-16m-p-pg_0001,2026-08-07,0,37,0,2.9,page-group,date,complete,false,2025-05-09,2026-09-08,all,web,page,https://www.the-anchor.pub/whats-on,raw/gsc-16m-p-pg_0001/Chart.csv
gsc-16m-p-pg_0001,2026-08-08,0,55,0,5.5,page-group,date,complete,false,2025-05-09,2026-09-08,all,web,page,https://www.the-anchor.pub/whats-on,raw/gsc-16m-p-pg_0001/Chart.csv
gsc-16m-p-pg_0001,2026-08-09,0,50,0,2.3,page-group,date,complete,false,2025-05-09,2026-09-08,all,web,page,https://www.the-anchor.pub/whats-on,raw/gsc-16m-p-pg_0001/Chart.csv
gsc-16m-p-pg_0001,2026-08-10,0,21,0,2.3,page-group,date,complete,false,2025-05-09,2026-09-08,all,web,page,https://www.the-anchor.pub/whats-on,raw/gsc-16m-p-pg_0001/Chart.csv
gsc-16m-p-pg_0001,2026-08-11,0,29,0,3.3,page-group,date,complete,false,2025-05-09,2026-09-08,all,web,page,https://www.the-anchor.pub/whats-on,raw/gsc-16m-p-pg_0001/Chart.csv
gsc-16m-p-pg_0001,2026-08-12,0,22,0,3.5,page-group,date,complete,false,2025-05-09,2026-09-08,all,web,page,https://www.the-anchor.pub/whats-on,raw/gsc-16m-p-pg_0001/Chart.csv
gsc-16m-p-pg_0001,2026-08-13,0,32,0,7.8,page-group,date,complete,false,2025-05-09,2026-09-08,all,web,page,https://www.the-anchor.pub/whats-on,raw/gsc-16m-p-pg_0001/Chart.csv
gsc-16m-p-pg_0001,2026-08-14,0,27,0,17.2,page-group,date,complete,false,2025-05-09,2026-09-08,all,web,page,https://www.the-anchor.pub/whats-on,raw/gsc-16m-p-pg_0001/Chart.csv
gsc-16m-p-pg_0001,2026-08-15,0,24,0,2.4,page-group,date,complete,false,2025-05-09,2026-09-08,all,web,page,https://www.the-anchor.pub/whats-on,raw/gsc-16m-p-pg_0001/Chart.csv
gsc-16m-p-pg_0001,2026-08-16,1,39,0.0256,4.8,page-group,date,complete,false,2025-05-09,2026-09-08,all,web,page,https://www.the-anchor.pub/whats-on,raw/gsc-16m-p-pg_0001/Chart.csv
gsc-16m-p-pg_0001,2026-08-17,0,18,0,5,page-group,date,complete,false,2025-05-09,2026-09-08,all,web,page,https://www.the-anchor.pub/whats-on,raw/gsc-16m-p-pg_0001/Chart.csv
gsc-16m-p-pg_0001,2026-08-18,0,39,0,4.4,page-group,date,complete,false,2025-05-09,2026-09-08,all,web,page,https://www.the-anchor.pub/whats-on,raw/gsc-16m-p-pg_0001/Chart.csv
gsc-16m-p-pg_0001,2026-08-19,0,21,0,2.7,page-group,date,complete,false,2025-05-09,2026-09-08,all,web,page,https://www.the-anchor.pub/whats-on,raw/gsc-16m-p-pg_0001/Chart.csv
gsc-16m-p-pg_0001,2026-08-20,0,29,0,4.6,page-group,date,complete,false,2025-05-09,2026-09-08,all,web,page,https://www.the-anchor.pub/whats-on,raw/gsc-16m-p-pg_0001/Chart.csv
gsc-16m-p-pg_0001,2026-08-21,1,51,0.0196,6.8,page-group,date,complete,false,2025-05-09,2026-09-08,all,web,page,https://www.the-anchor.pub/whats-on,raw/gsc-16m-p-pg_0001/Chart.csv
gsc-16m-p-pg_0001,2026-08-22,1,35,0.0286,2.7,page-group,date,complete,false,2025-05-09,2026-09-08,all,web,page,https://www.the-anchor.pub/whats-on,raw/gsc-16m-p-pg_0001/Chart.csv
gsc-16m-p-pg_0001,2026-08-23,1,27,0.037,10.9,page-group,date,complete,false,2025-05-09,2026-09-08,all,web,page,https://www.the-anchor.pub/whats-on,raw/gsc-16m-p-pg_0001/Chart.csv
gsc-16m-p-pg_0001,2026-08-24,0,29,0,2.3,page-group,date,complete,false,2025-05-09,2026-09-08,all,web,page,https://www.the-anchor.pub/whats-on,raw/gsc-16m-p-pg_0001/Chart.csv
gsc-16m-p-pg_0001,2026-08-25,0,34,0,5.2,page-group,date,complete,false,2025-05-09,2026-09-08,all,web,page,https://www.the-anchor.pub/whats-on,raw/gsc-16m-p-pg_0001/Chart.csv
gsc-16m-p-pg_0001,2026-08-26,0,30,0,10.7,page-group,date,complete,false,2025-05-09,2026-09-08,all,web,page,https://www.the-anchor.pub/whats-on,raw/gsc-16m-p-pg_0001/Chart.csv
gsc-16m-p-pg_0001,2026-08-27,0,18,0,7.8,page-group,date,complete,false,2025-05-09,2026-09-08,all,web,page,https://www.the-anchor.pub/whats-on,raw/gsc-16m-p-pg_0001/Chart.csv
gsc-16m-p-pg_0001,2026-08-28,0,21,0,19.4,page-group,date,complete,false,2025-05-09,2026-09-08,all,web,page,https://www.the-anchor.pub/whats-on,raw/gsc-16m-p-pg_0001/Chart.csv
gsc-16m-p-pg_0001,2026-08-29,0,18,0,11.4,page-group,date,complete,false,2025-05-09,2026-09-08,all,web,page,https://www.the-anchor.pub/whats-on,raw/gsc-16m-p-pg_0001/Chart.csv
gsc-16m-p-pg_0001,2026-08-30,0,33,0,4.3,page-group,date,complete,false,2025-05-09,2026-09-08,all,web,page,https://www.the-anchor.pub/whats-on,raw/gsc-16m-p-pg_0001/Chart.csv
gsc-16m-p-pg_0001,2026-08-31,0,26,0,6.2,page-group,date,complete,false,2025-05-09,2026-09-08,all,web,page,https://www.the-anchor.pub/whats-on,raw/gsc-16m-p-pg_0001/Chart.csv
gsc-16m-p-pg_0001,2026-09-01,0,15,0,7.7,page-group,date,complete,false,2025-05-09,2026-09-08,all,web,page,https://www.the-anchor.pub/whats-on,raw/gsc-16m-p-pg_0001/Chart.csv
gsc-16m-p-pg_0001,2026-09-02,0,17,0,1.7,page-group,date,complete,false,2025-05-09,2026-09-08,all,web,page,https://www.the-anchor.pub/whats-on,raw/gsc-16m-p-pg_0001/Chart.csv
gsc-16m-p-pg_0001,2026-09-03,0,23,0,8,page-group,date,complete,false,2025-05-09,2026-09-08,all,web,page,https://www.the-anchor.pub/whats-on,raw/gsc-16m-p-pg_0001/Chart.csv
gsc-16m-p-pg_0001,2026-09-04,1,24,0.0417,3,page-group,date,complete,false,2025-05-09,2026-09-08,all,web,page,https://www.the-anchor.pub/whats-on,raw/gsc-16m-p-pg_0001/Chart.csv
gsc-16m-p-pg_0001,2026-09-05,0,32,0,6.7,page-group,date,complete,false,2025-05-09,2026-09-08,all,web,page,https://www.the-anchor.pub/whats-on,raw/gsc-16m-p-pg_0001/Chart.csv
gsc-16m-p-pg_0001,2026-09-06,0,40,0,2.1,page-group,date,complete,false,2025-05-09,2026-09-08,all,web,page,https://www.the-anchor.pub/whats-on,raw/gsc-16m-p-pg_0001/Chart.csv
gsc-16m-p-pg_0001,2026-09-07,0,23,0,4,page-group,date,complete,false,2025-05-09,2026-09-08,all,web,page,https://www.the-anchor.pub/whats-on,raw/gsc-16m-p-pg_0001/Chart.csv
gsc-16m-p-pg_0001,2026-09-08,0,19,0,2.4,page-group,date,complete,false,2025-05-09,2026-09-08,all,web,page,https://www.the-anchor.pub/whats-on,raw/gsc-16m-p-pg_0001/Chart.csv
gsc-16m-p-pg_0002,2025-05-09,0,0,,,page-group,date,complete,false,2025-05-09,2026-09-08,all,web,page,https://www.the-anchor.pub/quiz-night,raw/gsc-16m-p-pg_0002/Chart.csv
gsc-16m-p-pg_0002,2025-05-10,0,0,,,page-group,date,complete,false,2025-05-09,2026-09-08,all,web,page,https://www.the-anchor.pub/quiz-night,raw/gsc-16m-p-pg_0002/Chart.csv
gsc-16m-p-pg_0002,2025-05-11,0,0,,,page-group,date,complete,false,2025-05-09,2026-09-08,all,web,page,https://www.the-anchor.pub/quiz-night,raw/gsc-16m-p-pg_0002/Chart.csv
gsc-16m-p-pg_0002,2025-05-12,0,0,,,page-group,date,complete,false,2025-05-09,2026-09-08,all,web,page,https://www.the-anchor.pub/quiz-night,raw/gsc-16m-p-pg_0002/Chart.csv
gsc-16m-p-pg_0002,2025-05-13,0,0,,,page-group,date,complete,false,2025-05-09,2026-09-08,all,web,page,https://www.the-anchor.pub/quiz-night,raw/gsc-16m-p-pg_0002/Chart.csv
gsc-16m-p-pg_0002,2025-05-14,0,0,,,page-group,date,complete,false,2025-05-09,2026-09-08,all,web,page,https://www.the-anchor.pub/quiz-night,raw/gsc-16m-p-pg_0002/Chart.csv
gsc-16m-p-pg_0002,2025-05-15,0,0,,,page-group,date,complete,false,2025-05-09,2026-09-08,all,web,page,https://www.the-anchor.pub/quiz-night,raw/gsc-16m-p-pg_0002/Chart.csv
gsc-16m-p-pg_0002,2025-05-16,0,0,,,page-group,date,complete,false,2025-05-09,2026-09-08,all,web,page,https://www.the-anchor.pub/quiz-night,raw/gsc-16m-p-pg_0002/Chart.csv
gsc-16m-p-pg_0002,2025-05-17,0,0,,,page-group,date,complete,false,2025-05-09,2026-09-08,all,web,page,https://www.the-anchor.pub/quiz-night,raw/gsc-16m-p-pg_0002/Chart.csv
gsc-16m-p-pg_0002,2025-05-18,0,0,,,page-group,date,complete,false,2025-05-09,2026-09-08,all,web,page,https://www.the-anchor.pub/quiz-night,raw/gsc-16m-p-pg_0002/Chart.csv
gsc-16m-p-pg_0002,2025-05-19,0,0,,,page-group,date,complete,false,2025-05-09,2026-09-08,all,web,page,https://www.the-anchor.pub/quiz-night,raw/gsc-16m-p-pg_0002/Chart.csv
gsc-16m-p-pg_0002,2025-05-20,0,0,,,page-group,date,complete,false,2025-05-09,2026-09-08,all,web,page,https://www.the-anchor.pub/quiz-night,raw/gsc-16m-p-pg_0002/Chart.csv
gsc-16m-p-pg_0002,2025-05-21,0,0,,,page-group,date,complete,false,2025-05-09,2026-09-08,all,web,page,https://www.the-anchor.pub/quiz-night,raw/gsc-16m-p-pg_0002/Chart.csv
gsc-16m-p-pg_0002,2025-05-22,0,0,,,page-group,date,complete,false,2025-05-09,2026-09-08,all,web,page,https://www.the-anchor.pub/quiz-night,raw/gsc-16m-p-pg_0002/Chart.csv
gsc-16m-p-pg_0002,2025-05-23,0,0,,,page-group,date,complete,false,2025-05-09,2026-09-08,all,web,page,https://www.the-anchor.pub/quiz-night,raw/gsc-16m-p-pg_0002/Chart.csv
gsc-16m-p-pg_0002,2025-05-24,0,0,,,page-group,date,complete,false,2025-05-09,2026-09-08,all,web,page,https://www.the-anchor.pub/quiz-night,raw/gsc-16m-p-pg_0002/Chart.csv
gsc-16m-p-pg_0002,2025-05-25,0,0,,,page-group,date,complete,false,2025-05-09,2026-09-08,all,web,page,https://www.the-anchor.pub/quiz-night,raw/gsc-16m-p-pg_0002/Chart.csv
gsc-16m-p-pg_0002,2025-05-26,0,0,,,page-group,date,complete,false,2025-05-09,2026-09-08,all,web,page,https://www.the-anchor.pub/quiz-night,raw/gsc-16m-p-pg_0002/Chart.csv
gsc-16m-p-pg_0002,2025-05-27,0,0,,,page-group,date,complete,false,2025-05-09,2026-09-08,all,web,page,https://www.the-anchor.pub/quiz-night,raw/gsc-16m-p-pg_0002/Chart.csv
gsc-16m-p-pg_0002,2025-05-28,0,0,,,page-group,date,complete,false,2025-05-09,2026-09-08,all,web,page,https://www.the-anchor.pub/quiz-night,raw/gsc-16m-p-pg_0002/Chart.csv
gsc-16m-p-pg_0002,2025-05-29,0,0,,,page-group,date,complete,false,2025-05-09,2026-09-08,all,web,page,https://www.the-anchor.pub/quiz-night,raw/gsc-16m-p-pg_0002/Chart.csv
gsc-16m-p-pg_0002,2025-05-30,0,0,,,page-group,date,complete,false,2025-05-09,2026-09-08,all,web,page,https://www.the-anchor.pub/quiz-night,raw/gsc-16m-p-pg_0002/Chart.csv
gsc-16m-p-pg_0002,2025-05-31,0,0,,,page-group,date,complete,false,2025-05-09,2026-09-08,all,web,page,https://www.the-anchor.pub/quiz-night,raw/gsc-16m-p-pg_0002/Chart.csv
gsc-16m-p-pg_0002,2025-06-01,0,0,,,page-group,date,complete,false,2025-05-09,2026-09-08,all,web,page,https://www.the-anchor.pub/quiz-night,raw/gsc-16m-p-pg_0002/Chart.csv
gsc-16m-p-pg_0002,2025-06-02,0,0,,,page-group,date,complete,false,2025-05-09,2026-09-08,all,web,page,https://www.the-anchor.pub/quiz-night,raw/gsc-16m-p-pg_0002/Chart.csv
gsc-16m-p-pg_0002,2025-06-03,0,0,,,page-group,date,complete,false,2025-05-09,2026-09-08,all,web,page,https://www.the-anchor.pub/quiz-night,raw/gsc-16m-p-pg_0002/Chart.csv
gsc-16m-p-pg_0002,2025-06-04,0,0,,,page-group,date,complete,false,2025-05-09,2026-09-08,all,web,page,https://www.the-anchor.pub/quiz-night,raw/gsc-16m-p-pg_0002/Chart.csv
gsc-16m-p-pg_0002,2025-06-05,0,0,,,page-group,date,complete,false,2025-05-09,2026-09-08,all,web,page,https://www.the-anchor.pub/quiz-night,raw/gsc-16m-p-pg_0002/Chart.csv
gsc-16m-p-pg_0002,2025-06-06,0,0,,,page-group,date,complete,false,2025-05-09,2026-09-08,all,web,page,https://www.the-anchor.pub/quiz-night,raw/gsc-16m-p-pg_0002/Chart.csv
gsc-16m-p-pg_0002,2025-06-07,0,0,,,page-group,date,complete,false,2025-05-09,2026-09-08,all,web,page,https://www.the-anchor.pub/quiz-night,raw/gsc-16m-p-pg_0002/Chart.csv
gsc-16m-p-pg_0002,2025-06-08,0,0,,,page-group,date,complete,false,2025-05-09,2026-09-08,all,web,page,https://www.the-anchor.pub/quiz-night,raw/gsc-16m-p-pg_0002/Chart.csv
gsc-16m-p-pg_0002,2025-06-09,0,0,,,page-group,date,complete,false,2025-05-09,2026-09-08,all,web,page,https://www.the-anchor.pub/quiz-night,raw/gsc-16m-p-pg_0002/Chart.csv
gsc-16m-p-pg_0002,2025-06-10,0,0,,,page-group,date,complete,false,2025-05-09,2026-09-08,all,web,page,https://www.the-anchor.pub/quiz-night,raw/gsc-16m-p-pg_0002/Chart.csv
gsc-16m-p-pg_0002,2025-06-11,0,0,,,page-group,date,complete,false,2025-05-09,2026-09-08,all,web,page,https://www.the-anchor.pub/quiz-night,raw/gsc-16m-p-pg_0002/Chart.csv
gsc-16m-p-pg_0002,2025-06-12,0,0,,,page-group,date,complete,false,2025-05-09,2026-09-08,all,web,page,https://www.the-anchor.pub/quiz-night,raw/gsc-16m-p-pg_0002/Chart.csv
gsc-16m-p-pg_0002,2025-06-13,0,0,,,page-group,date,complete,false,2025-05-09,2026-09-08,all,web,page,https://www.the-anchor.pub/quiz-night,raw/gsc-16m-p-pg_0002/Chart.csv
gsc-16m-p-pg_0002,2025-06-14,0,0,,,page-group,date,complete,false,2025-05-09,2026-09-08,all,web,page,https://www.the-anchor.pub/quiz-night,raw/gsc-16m-p-pg_0002/Chart.csv
gsc-16m-p-pg_0002,2025-06-15,0,0,,,page-group,date,complete,false,2025-05-09,2026-09-08,all,web,page,https://www.the-anchor.pub/quiz-night,raw/gsc-16m-p-pg_0002/Chart.csv
gsc-16m-p-pg_0002,2025-06-16,0,0,,,page-group,date,complete,false,2025-05-09,2026-09-08,all,web,page,https://www.the-anchor.pub/quiz-night,raw/gsc-16m-p-pg_0002/Chart.csv
gsc-16m-p-pg_0002,2025-06-17,0,0,,,page-group,date,complete,false,2025-05-09,2026-09-08,all,web,page,https://www.the-anchor.pub/quiz-night,raw/gsc-16m-p-pg_0002/Chart.csv
gsc-16m-p-pg_0002,2025-06-18,0,0,,,page-group,date,complete,false,2025-05-09,2026-09-08,all,web,page,https://www.the-anchor.pub/quiz-night,raw/gsc-16m-p-pg_0002/Chart.csv
gsc-16m-p-pg_0002,2025-06-19,0,0,,,page-group,date,complete,false,2025-05-09,2026-09-08,all,web,page,https://www.the-anchor.pub/quiz-night,raw/gsc-16m-p-pg_0002/Chart.csv
gsc-16m-p-pg_0002,2025-06-20,0,0,,,page-group,date,complete,false,2025-05-09,2026-09-08,all,web,page,https://www.the-anchor.pub/quiz-night,raw/gsc-16m-p-pg_0002/Chart.csv
gsc-16m-p-pg_0002,2025-06-21,0,0,,,page-group,date,complete,false,2025-05-09,2026-09-08,all,web,page,https://www.the-anchor.pub/quiz-night,raw/gsc-16m-p-pg_0002/Chart.csv
gsc-16m-p-pg_0002,2025-06-22,0,0,,,page-group,date,complete,false,2025-05-09,2026-09-08,all,web,page,https://www.the-anchor.pub/quiz-night,raw/gsc-16m-p-pg_0002/Chart.csv
gsc-16m-p-pg_0002,2025-06-23,0,0,,,page-group,date,complete,false,2025-05-09,2026-09-08,all,web,page,https://www.the-anchor.pub/quiz-night,raw/gsc-16m-p-pg_0002/Chart.csv
gsc-16m-p-pg_0002,2025-06-24,0,0,,,page-group,date,complete,false,2025-05-09,2026-09-08,all,web,page,https://www.the-anchor.pub/quiz-night,raw/gsc-16m-p-pg_0002/Chart.csv
gsc-16m-p-pg_0002,2025-06-25,0,0,,,page-group,date,complete,false,2025-05-09,2026-09-08,all,web,page,https://www.the-anchor.pub/quiz-night,raw/gsc-16m-p-pg_0002/Chart.csv
gsc-16m-p-pg_0002,2025-06-26,0,0,,,page-group,date,complete,false,2025-05-09,2026-09-08,all,web,page,https://www.the-anchor.pub/quiz-night,raw/gsc-16m-p-pg_0002/Chart.csv
gsc-16m-p-pg_0002,2025-06-27,0,0,,,page-group,date,complete,false,2025-05-09,2026-09-08,all,web,page,https://www.the-anchor.pub/quiz-night,raw/gsc-16m-p-pg_0002/Chart.csv
gsc-16m-p-pg_0002,2025-06-28,0,0,,,page-group,date,complete,false,2025-05-09,2026-09-08,all,web,page,https://www.the-anchor.pub/quiz-night,raw/gsc-16m-p-pg_0002/Chart.csv
gsc-16m-p-pg_0002,2025-06-29,0,0,,,page-group,date,complete,false,2025-05-09,2026-09-08,all,web,page,https://www.the-anchor.pub/quiz-night,raw/gsc-16m-p-pg_0002/Chart.csv
gsc-16m-p-pg_0002,2025-06-30,0,0,,,page-group,date,complete,false,2025-05-09,2026-09-08,all,web,page,https://www.the-anchor.pub/quiz-night,raw/gsc-16m-p-pg_0002/Chart.csv
gsc-16m-p-pg_0002,2025-07-01,0,0,,,page-group,date,complete,false,2025-05-09,2026-09-08,all,web,page,https://www.the-anchor.pub/quiz-night,raw/gsc-16m-p-pg_0002/Chart.csv
gsc-16m-p-pg_0002,2025-07-02,0,0,,,page-group,date,complete,false,2025-05-09,2026-09-08,all,web,page,https://www.the-anchor.pub/quiz-night,raw/gsc-16m-p-pg_0002/Chart.csv
gsc-16m-p-pg_0002,2025-07-03,0,0,,,page-group,date,complete,false,2025-05-09,2026-09-08,all,web,page,https://www.the-anchor.pub/quiz-night,raw/gsc-16m-p-pg_0002/Chart.csv
gsc-16m-p-pg_0002,2025-07-04,0,0,,,page-group,date,complete,false,2025-05-09,2026-09-08,all,web,page,https://www.the-anchor.pub/quiz-night,raw/gsc-16m-p-pg_0002/Chart.csv
gsc-16m-p-pg_0002,2025-07-05,0,0,,,page-group,date,complete,false,2025-05-09,2026-09-08,all,web,page,https://www.the-anchor.pub/quiz-night,raw/gsc-16m-p-pg_0002/Chart.csv
gsc-16m-p-pg_0002,2025-07-06,0,0,,,page-group,date,complete,false,2025-05-09,2026-09-08,all,web,page,https://www.the-anchor.pub/quiz-night,raw/gsc-16m-p-pg_0002/Chart.csv
gsc-16m-p-pg_0002,2025-07-07,0,0,,,page-group,date,complete,false,2025-05-09,2026-09-08,all,web,page,https://www.the-anchor.pub/quiz-night,raw/gsc-16m-p-pg_0002/Chart.csv
gsc-16m-p-pg_0002,2025-07-08,0,0,,,page-group,date,complete,false,2025-05-09,2026-09-08,all,web,page,https://www.the-anchor.pub/quiz-night,raw/gsc-16m-p-pg_0002/Chart.csv
gsc-16m-p-pg_0002,2025-07-09,0,0,,,page-group,date,complete,false,2025-05-09,2026-09-08,all,web,page,https://www.the-anchor.pub/quiz-night,raw/gsc-16m-p-pg_0002/Chart.csv
gsc-16m-p-pg_0002,2025-07-10,0,0,,,page-group,date,complete,false,2025-05-09,2026-09-08,all,web,page,https://www.the-anchor.pub/quiz-night,raw/gsc-16m-p-pg_0002/Chart.csv
gsc-16m-p-pg_0002,2025-07-11,0,0,,,page-group,date,complete,false,2025-05-09,2026-09-08,all,web,page,https://www.the-anchor.pub/quiz-night,raw/gsc-16m-p-pg_0002/Chart.csv
gsc-16m-p-pg_0002,2025-07-12,0,0,,,page-group,date,complete,false,2025-05-09,2026-09-08,all,web,page,https://www.the-anchor.pub/quiz-night,raw/gsc-16m-p-pg_0002/Chart.csv
gsc-16m-p-pg_0002,2025-07-13,0,0,,,page-group,date,complete,false,2025-05-09,2026-09-08,all,web,page,https://www.the-anchor.pub/quiz-night,raw/gsc-16m-p-pg_0002/Chart.csv
gsc-16m-p-pg_0002,2025-07-14,0,0,,,page-group,date,complete,false,2025-05-09,2026-09-08,all,web,page,https://www.the-anchor.pub/quiz-night,raw/gsc-16m-p-pg_0002/Chart.csv
gsc-16m-p-pg_0002,2025-07-15,0,0,,,page-group,date,complete,false,2025-05-09,2026-09-08,all,web,page,https://www.the-anchor.pub/quiz-night,raw/gsc-16m-p-pg_0002/Chart.csv
gsc-16m-p-pg_0002,2025-07-16,0,0,,,page-group,date,complete,false,2025-05-09,2026-09-08,all,web,page,https://www.the-anchor.pub/quiz-night,raw/gsc-16m-p-pg_0002/Chart.csv
gsc-16m-p-pg_0002,2025-07-17,0,0,,,page-group,date,complete,false,2025-05-09,2026-09-08,all,web,page,https://www.the-anchor.pub/quiz-night,raw/gsc-16m-p-pg_0002/Chart.csv
gsc-16m-p-pg_0002,2025-07-18,0,0,,,page-group,date,complete,false,2025-05-09,2026-09-08,all,web,page,https://www.the-anchor.pub/quiz-night,raw/gsc-16m-p-pg_0002/Chart.csv
gsc-16m-p-pg_0002,2025-07-19,0,0,,,page-group,date,complete,false,2025-05-09,2026-09-08,all,web,page,https://www.the-anchor.pub/quiz-night,raw/gsc-16m-p-pg_0002/Chart.csv
gsc-16m-p-pg_0002,2025-07-20,0,0,,,page-group,date,complete,false,2025-05-09,2026-09-08,all,web,page,https://www.the-anchor.pub/quiz-night,raw/gsc-16m-p-pg_0002/Chart.csv
gsc-16m-p-pg_0002,2025-07-21,0,0,,,page-group,date,complete,false,2025-05-09,2026-09-08,all,web,page,https://www.the-anchor.pub/quiz-night,raw/gsc-16m-p-pg_0002/Chart.csv
gsc-16m-p-pg_0002,2025-07-22,0,0,,,page-group,date,complete,false,2025-05-09,2026-09-08,all,web,page,https://www.the-anchor.pub/quiz-night,raw/gsc-16m-p-pg_0002/Chart.csv
gsc-16m-p-pg_0002,2025-07-23,0,0,,,page-group,date,complete,false,2025-05-09,2026-09-08,all,web,page,https://www.the-anchor.pub/quiz-night,raw/gsc-16m-p-pg_0002/Chart.csv
gsc-16m-p-pg_0002,2025-07-24,0,0,,,page-group,date,complete,false,2025-05-09,2026-09-08,all,web,page,https://www.the-anchor.pub/quiz-night,raw/gsc-16m-p-pg_0002/Chart.csv
gsc-16m-p-pg_0002,2025-07-25,0,0,,,page-group,date,complete,false,2025-05-09,2026-09-08,all,web,page,https://www.the-anchor.pub/quiz-night,raw/gsc-16m-p-pg_0002/Chart.csv
gsc-16m-p-pg_0002,2025-07-26,0,0,,,page-group,date,complete,false,2025-05-09,2026-09-08,all,web,page,https://www.the-anchor.pub/quiz-night,raw/gsc-16m-p-pg_0002/Chart.csv
gsc-16m-p-pg_0002,2025-07-27,0,0,,,page-group,date,complete,false,2025-05-09,2026-09-08,all,web,page,https://www.the-anchor.pub/quiz-night,raw/gsc-16m-p-pg_0002/Chart.csv
gsc-16m-p-pg_0002,2025-07-28,0,0,,,page-group,date,complete,false,2025-05-09,2026-09-08,all,web,page,https://www.the-anchor.pub/quiz-night,raw/gsc-16m-p-pg_0002/Chart.csv
gsc-16m-p-pg_0002,2025-07-29,0,0,,,page-group,date,complete,false,2025-05-09,2026-09-08,all,web,page,https://www.the-anchor.pub/quiz-night,raw/gsc-16m-p-pg_0002/Chart.csv
gsc-16m-p-pg_0002,2025-07-30,0,0,,,page-group,date,complete,false,2025-05-09,2026-09-08,all,web,page,https://www.the-anchor.pub/quiz-night,raw/gsc-16m-p-pg_0002/Chart.csv
gsc-16m-p-pg_0002,2025-07-31,0,0,,,page-group,date,complete,false,2025-05-09,2026-09-08,all,web,page,https://www.the-anchor.pub/quiz-night,raw/gsc-16m-p-pg_0002/Chart.csv
gsc-16m-p-pg_0002,2025-08-01,0,0,,,page-group,date,complete,false,2025-05-09,2026-09-08,all,web,page,https://www.the-anchor.pub/quiz-night,raw/gsc-16m-p-pg_0002/Chart.csv
gsc-16m-p-pg_0002,2025-08-02,0,0,,,page-group,date,complete,false,2025-05-09,2026-09-08,all,web,page,https://www.the-anchor.pub/quiz-night,raw/gsc-16m-p-pg_0002/Chart.csv
gsc-16m-p-pg_0002,2025-08-03,0,0,,,page-group,date,complete,false,2025-05-09,2026-09-08,all,web,page,https://www.the-anchor.pub/quiz-night,raw/gsc-16m-p-pg_0002/Chart.csv
gsc-16m-p-pg_0002,2025-08-04,0,0,,,page-group,date,complete,false,2025-05-09,2026-09-08,all,web,page,https://www.the-anchor.pub/quiz-night,raw/gsc-16m-p-pg_0002/Chart.csv
gsc-16m-p-pg_0002,2025-08-05,0,0,,,page-group,date,complete,false,2025-05-09,2026-09-08,all,web,page,https://www.the-anchor.pub/quiz-night,raw/gsc-16m-p-pg_0002/Chart.csv
gsc-16m-p-pg_0002,2025-08-06,0,0,,,page-group,date,complete,false,2025-05-09,2026-09-08,all,web,page,https://www.the-anchor.pub/quiz-night,raw/gsc-16m-p-pg_0002/Chart.csv
gsc-16m-p-pg_0002,2025-08-07,0,0,,,page-group,date,complete,false,2025-05-09,2026-09-08,all,web,page,https://www.the-anchor.pub/quiz-night,raw/gsc-16m-p-pg_0002/Chart.csv
gsc-16m-p-pg_0002,2025-08-08,0,0,,,page-group,date,complete,false,2025-05-09,2026-09-08,all,web,page,https://www.the-anchor.pub/quiz-night,raw/gsc-16m-p-pg_0002/Chart.csv
gsc-16m-p-pg_0002,2025-08-09,0,0,,,page-group,date,complete,false,2025-05-09,2026-09-08,all,web,page,https://www.the-anchor.pub/quiz-night,raw/gsc-16m-p-pg_0002/Chart.csv
gsc-16m-p-pg_0002,2025-08-10,0,0,,,page-group,date,complete,false,2025-05-09,2026-09-08,all,web,page,https://www.the-anchor.pub/quiz-night,raw/gsc-16m-p-pg_0002/Chart.csv
gsc-16m-p-pg_0002,2025-08-11,0,0,,,page-group,date,complete,false,2025-05-09,2026-09-08,all,web,page,https://www.the-anchor.pub/quiz-night,raw/gsc-16m-p-pg_0002/Chart.csv
gsc-16m-p-pg_0002,2025-08-12,0,0,,,page-group,date,complete,false,2025-05-09,2026-09-08,all,web,page,https://www.the-anchor.pub/quiz-night,raw/gsc-16m-p-pg_0002/Chart.csv
gsc-16m-p-pg_0002,2025-08-13,0,0,,,page-group,date,complete,false,2025-05-09,2026-09-08,all,web,page,https://www.the-anchor.pub/quiz-night,raw/gsc-16m-p-pg_0002/Chart.csv
gsc-16m-p-pg_0002,2025-08-14,0,0,,,page-group,date,complete,false,2025-05-09,2026-09-08,all,web,page,https://www.the-anchor.pub/quiz-night,raw/gsc-16m-p-pg_0002/Chart.csv
gsc-16m-p-pg_0002,2025-08-15,0,0,,,page-group,date,complete,false,2025-05-09,2026-09-08,all,web,page,https://www.the-anchor.pub/quiz-night,raw/gsc-16m-p-pg_0002/Chart.csv
gsc-16m-p-pg_0002,2025-08-16,0,0,,,page-group,date,complete,false,2025-05-09,2026-09-08,all,web,page,https://www.the-anchor.pub/quiz-night,raw/gsc-16m-p-pg_0002/Chart.csv
gsc-16m-p-pg_0002,2025-08-17,0,0,,,page-group,date,complete,false,2025-05-09,2026-09-08,all,web,page,https://www.the-anchor.pub/quiz-night,raw/gsc-16m-p-pg_0002/Chart.csv
gsc-16m-p-pg_0002,2025-08-18,0,0,,,page-group,date,complete,false,2025-05-09,2026-09-08,all,web,page,https://www.the-anchor.pub/quiz-night,raw/gsc-16m-p-pg_0002/Chart.csv
gsc-16m-p-pg_0002,2025-08-19,0,0,,,page-group,date,complete,false,2025-05-09,2026-09-08,all,web,page,https://www.the-anchor.pub/quiz-night,raw/gsc-16m-p-pg_0002/Chart.csv
gsc-16m-p-pg_0002,2025-08-20,0,0,,,page-group,date,complete,false,2025-05-09,2026-09-08,all,web,page,https://www.the-anchor.pub/quiz-night,raw/gsc-16m-p-pg_0002/Chart.csv
gsc-16m-p-pg_0002,2025-08-21,0,0,,,page-group,date,complete,false,2025-05-09,2026-09-08,all,web,page,https://www.the-anchor.pub/quiz-night,raw/gsc-16m-p-pg_0002/Chart.csv
gsc-16m-p-pg_0002,2025-08-22,0,0,,,page-group,date,complete,false,2025-05-09,2026-09-08,all,web,page,https://www.the-anchor.pub/quiz-night,raw/gsc-16m-p-pg_0002/Chart.csv
gsc-16m-p-pg_0002,2025-08-23,0,0,,,page-group,date,complete,false,2025-05-09,2026-09-08,all,web,page,https://www.the-anchor.pub/quiz-night,raw/gsc-16m-p-pg_0002/Chart.csv
gsc-16m-p-pg_0002,2025-08-24,0,0,,,page-group,date,complete,false,2025-05-09,2026-09-08,all,web,page,https://www.the-anchor.pub/quiz-night,raw/gsc-16m-p-pg_0002/Chart.csv
gsc-16m-p-pg_0002,2025-08-25,0,0,,,page-group,date,complete,false,2025-05-09,2026-09-08,all,web,page,https://www.the-anchor.pub/quiz-night,raw/gsc-16m-p-pg_0002/Chart.csv
gsc-16m-p-pg_0002,2025-08-26,0,0,,,page-group,date,complete,false,2025-05-09,2026-09-08,all,web,page,https://www.the-anchor.pub/quiz-night,raw/gsc-16m-p-pg_0002/Chart.csv
gsc-16m-p-pg_0002,2025-08-27,0,0,,,page-group,date,complete,false,2025-05-09,2026-09-08,all,web,page,https://www.the-anchor.pub/quiz-night,raw/gsc-16m-p-pg_0002/Chart.csv
gsc-16m-p-pg_0002,2025-08-28,0,0,,,page-group,date,complete,false,2025-05-09,2026-09-08,all,web,page,https://www.the-anchor.pub/quiz-night,raw/gsc-16m-p-pg_0002/Chart.csv
gsc-16m-p-pg_0002,2025-08-29,0,0,,,page-group,date,complete,false,2025-05-09,2026-09-08,all,web,page,https://www.the-anchor.pub/quiz-night,raw/gsc-16m-p-pg_0002/Chart.csv
gsc-16m-p-pg_0002,2025-08-30,0,0,,,page-group,date,complete,false,2025-05-09,2026-09-08,all,web,page,https://www.the-anchor.pub/quiz-night,raw/gsc-16m-p-pg_0002/Chart.csv
gsc-16m-p-pg_0002,2025-08-31,0,0,,,page-group,date,complete,false,2025-05-09,2026-09-08,all,web,page,https://www.the-anchor.pub/quiz-night,raw/gsc-16m-p-pg_0002/Chart.csv
gsc-16m-p-pg_0002,2025-09-01,0,0,,,page-group,date,complete,false,2025-05-09,2026-09-08,all,web,page,https://www.the-anchor.pub/quiz-night,raw/gsc-16m-p-pg_0002/Chart.csv
gsc-16m-p-pg_0002,2025-09-02,0,0,,,page-group,date,complete,false,2025-05-09,2026-09-08,all,web,page,https://www.the-anchor.pub/quiz-night,raw/gsc-16m-p-pg_0002/Chart.csv
gsc-16m-p-pg_0002,2025-09-03,0,0,,,page-group,date,complete,false,2025-05-09,2026-09-08,all,web,page,https://www.the-anchor.pub/quiz-night,raw/gsc-16m-p-pg_0002/Chart.csv
gsc-16m-p-pg_0002,2025-09-04,0,0,,,page-group,date,complete,false,2025-05-09,2026-09-08,all,web,page,https://www.the-anchor.pub/quiz-night,raw/gsc-16m-p-pg_0002/Chart.csv
gsc-16m-p-pg_0002,2025-09-05,0,0,,,page-group,date,complete,false,2025-05-09,2026-09-08,all,web,page,https://www.the-anchor.pub/quiz-night,raw/gsc-16m-p-pg_0002/Chart.csv
gsc-16m-p-pg_0002,2025-09-06,0,0,,,page-group,date,complete,false,2025-05-09,2026-09-08,all,web,page,https://www.the-anchor.pub/quiz-night,raw/gsc-16m-p-pg_0002/Chart.csv
gsc-16m-p-pg_0002,2025-09-07,0,0,,,page-group,date,complete,false,2025-05-09,2026-09-08,all,web,page,https://www.the-anchor.pub/quiz-night,raw/gsc-16m-p-pg_0002/Chart.csv
gsc-16m-p-pg_0002,2025-09-08,0,0,,,page-group,date,complete,false,2025-05-09,2026-09-08,all,web,page,https://www.the-anchor.pub/quiz-night,raw/gsc-16m-p-pg_0002/Chart.csv
gsc-16m-p-pg_0002,2025-09-09,0,0,,,page-group,date,complete,false,2025-05-09,2026-09-08,all,web,page,https://www.the-anchor.pub/quiz-night,raw/gsc-16m-p-pg_0002/Chart.csv
gsc-16m-p-pg_0002,2025-09-10,0,0,,,page-group,date,complete,false,2025-05-09,2026-09-08,all,web,page,https://www.the-anchor.pub/quiz-night,raw/gsc-16m-p-pg_0002/Chart.csv
gsc-16m-p-pg_0002,2025-09-11,0,0,,,page-group,date,complete,false,2025-05-09,2026-09-08,all,web,page,https://www.the-anchor.pub/quiz-night,raw/gsc-16m-p-pg_0002/Chart.csv
gsc-16m-p-pg_0002,2025-09-12,0,0,,,page-group,date,complete,false,2025-05-09,2026-09-08,all,web,page,https://www.the-anchor.pub/quiz-night,raw/gsc-16m-p-pg_0002/Chart.csv
gsc-16m-p-pg_0002,2025-09-13,0,0,,,page-group,date,complete,false,2025-05-09,2026-09-08,all,web,page,https://www.the-anchor.pub/quiz-night,raw/gsc-16m-p-pg_0002/Chart.csv
gsc-16m-p-pg_0002,2025-09-14,0,0,,,page-group,date,complete,false,2025-05-09,2026-09-08,all,web,page,https://www.the-anchor.pub/quiz-night,raw/gsc-16m-p-pg_0002/Chart.csv
gsc-16m-p-pg_0002,2025-09-15,0,0,,,page-group,date,complete,false,2025-05-09,2026-09-08,all,web,page,https://www.the-anchor.pub/quiz-night,raw/gsc-16m-p-pg_0002/Chart.csv
gsc-16m-p-pg_0002,2025-09-16,0,0,,,page-group,date,complete,false,2025-05-09,2026-09-08,all,web,page,https://www.the-anchor.pub/quiz-night,raw/gsc-16m-p-pg_0002/Chart.csv
gsc-16m-p-pg_0002,2025-09-17,0,0,,,page-group,date,complete,false,2025-05-09,2026-09-08,all,web,page,https://www.the-anchor.pub/quiz-night,raw/gsc-16m-p-pg_0002/Chart.csv
gsc-16m-p-pg_0002,2025-09-18,0,0,,,page-group,date,complete,false,2025-05-09,2026-09-08,all,web,page,https://www.the-anchor.pub/quiz-night,raw/gsc-16m-p-pg_0002/Chart.csv
gsc-16m-p-pg_0002,2025-09-19,0,0,,,page-group,date,complete,false,2025-05-09,2026-09-08,all,web,page,https://www.the-anchor.pub/quiz-night,raw/gsc-16m-p-pg_0002/Chart.csv
gsc-16m-p-pg_0002,2025-09-20,0,0,,,page-group,date,complete,false,2025-05-09,2026-09-08,all,web,page,https://www.the-anchor.pub/quiz-night,raw/gsc-16m-p-pg_0002/Chart.csv
gsc-16m-p-pg_0002,2025-09-21,0,0,,,page-group,date,complete,false,2025-05-09,2026-09-08,all,web,page,https://www.the-anchor.pub/quiz-night,raw/gsc-16m-p-pg_0002/Chart.csv
gsc-16m-p-pg_0002,2025-09-22,0,0,,,page-group,date,complete,false,2025-05-09,2026-09-08,all,web,page,https://www.the-anchor.pub/quiz-night,raw/gsc-16m-p-pg_0002/Chart.csv
gsc-16m-p-pg_0002,2025-09-23,0,0,,,page-group,date,complete,false,2025-05-09,2026-09-08,all,web,page,https://www.the-anchor.pub/quiz-night,raw/gsc-16m-p-pg_0002/Chart.csv
gsc-16m-p-pg_0002,2025-09-24,0,0,,,page-group,date,complete,false,2025-05-09,2026-09-08,all,web,page,https://www.the-anchor.pub/quiz-night,raw/gsc-16m-p-pg_0002/Chart.csv
gsc-16m-p-pg_0002,2025-09-25,0,0,,,page-group,date,complete,false,2025-05-09,2026-09-08,all,web,page,https://www.the-anchor.pub/quiz-night,raw/gsc-16m-p-pg_0002/Chart.csv
gsc-16m-p-pg_0002,2025-09-26,0,0,,,page-group,date,complete,false,2025-05-09,2026-09-08,all,web,page,https://www.the-anchor.pub/quiz-night,raw/gsc-16m-p-pg_0002/Chart.csv
gsc-16m-p-pg_0002,2025-09-27,1,1,1,1,page-group,date,complete,false,2025-05-09,2026-09-08,all,web,page,https://www.the-anchor.pub/quiz-night,raw/gsc-16m-p-pg_0002/Chart.csv
gsc-16m-p-pg_0002,2025-09-28,1,3,0.3333,2.3,page-group,date,complete,false,2025-05-09,2026-09-08,all,web,page,https://www.the-anchor.pub/quiz-night,raw/gsc-16m-p-pg_0002/Chart.csv
gsc-16m-p-pg_0002,2025-09-29,0,3,0,1.3,page-group,date,complete,false,2025-05-09,2026-09-08,all,web,page,https://www.the-anchor.pub/quiz-night,raw/gsc-16m-p-pg_0002/Chart.csv
gsc-16m-p-pg_0002,2025-09-30,0,7,0,5,page-group,date,complete,false,2025-05-09,2026-09-08,all,web,page,https://www.the-anchor.pub/quiz-night,raw/gsc-16m-p-pg_0002/Chart.csv
gsc-16m-p-pg_0002,2025-10-01,0,1,0,11,page-group,date,complete,false,2025-05-09,2026-09-08,all,web,page,https://www.the-anchor.pub/quiz-night,raw/gsc-16m-p-pg_0002/Chart.csv
gsc-16m-p-pg_0002,2025-10-02,0,12,0,4.4,page-group,date,complete,false,2025-05-09,2026-09-08,all,web,page,https://www.the-anchor.pub/quiz-night,raw/gsc-16m-p-pg_0002/Chart.csv
gsc-16m-p-pg_0002,2025-10-03,0,3,0,6,page-group,date,complete,false,2025-05-09,2026-09-08,all,web,page,https://www.the-anchor.pub/quiz-night,raw/gsc-16m-p-pg_0002/Chart.csv
gsc-16m-p-pg_0002,2025-10-04,0,4,0,16.2,page-group,date,complete,false,2025-05-09,2026-09-08,all,web,page,https://www.the-anchor.pub/quiz-night,raw/gsc-16m-p-pg_0002/Chart.csv
gsc-16m-p-pg_0002,2025-10-05,0,0,,,page-group,date,complete,false,2025-05-09,2026-09-08,all,web,page,https://www.the-anchor.pub/quiz-night,raw/gsc-16m-p-pg_0002/Chart.csv
gsc-16m-p-pg_0002,2025-10-06,0,1,0,29,page-group,date,complete,false,2025-05-09,2026-09-08,all,web,page,https://www.the-anchor.pub/quiz-night,raw/gsc-16m-p-pg_0002/Chart.csv
gsc-16m-p-pg_0002,2025-10-07,0,3,0,4,page-group,date,complete,false,2025-05-09,2026-09-08,all,web,page,https://www.the-anchor.pub/quiz-night,raw/gsc-16m-p-pg_0002/Chart.csv
gsc-16m-p-pg_0002,2025-10-08,0,1,0,6,page-group,date,complete,false,2025-05-09,2026-09-08,all,web,page,https://www.the-anchor.pub/quiz-night,raw/gsc-16m-p-pg_0002/Chart.csv
gsc-16m-p-pg_0002,2025-10-09,1,8,0.125,8.5,page-group,date,complete,false,2025-05-09,2026-09-08,all,web,page,https://www.the-anchor.pub/quiz-night,raw/gsc-16m-p-pg_0002/Chart.csv
gsc-16m-p-pg_0002,2025-10-10,0,10,0,7,page-group,date,complete,false,2025-05-09,2026-09-08,all,web,page,https://www.the-anchor.pub/quiz-night,raw/gsc-16m-p-pg_0002/Chart.csv
gsc-16m-p-pg_0002,2025-10-11,0,3,0,14.3,page-group,date,complete,false,2025-05-09,2026-09-08,all,web,page,https://www.the-anchor.pub/quiz-night,raw/gsc-16m-p-pg_0002/Chart.csv
gsc-16m-p-pg_0002,2025-10-12,0,2,0,5.5,page-group,date,complete,false,2025-05-09,2026-09-08,all,web,page,https://www.the-anchor.pub/quiz-night,raw/gsc-16m-p-pg_0002/Chart.csv
gsc-16m-p-pg_0002,2025-10-13,0,3,0,5,page-group,date,complete,false,2025-05-09,2026-09-08,all,web,page,https://www.the-anchor.pub/quiz-night,raw/gsc-16m-p-pg_0002/Chart.csv
gsc-16m-p-pg_0002,2025-10-14,0,5,0,6.8,page-group,date,complete,false,2025-05-09,2026-09-08,all,web,page,https://www.the-anchor.pub/quiz-night,raw/gsc-16m-p-pg_0002/Chart.csv
gsc-16m-p-pg_0002,2025-10-15,0,2,0,16.5,page-group,date,complete,false,2025-05-09,2026-09-08,all,web,page,https://www.the-anchor.pub/quiz-night,raw/gsc-16m-p-pg_0002/Chart.csv
gsc-16m-p-pg_0002,2025-10-16,0,3,0,4.7,page-group,date,complete,false,2025-05-09,2026-09-08,all,web,page,https://www.the-anchor.pub/quiz-night,raw/gsc-16m-p-pg_0002/Chart.csv
gsc-16m-p-pg_0002,2025-10-17,0,1,0,2,page-group,date,complete,false,2025-05-09,2026-09-08,all,web,page,https://www.the-anchor.pub/quiz-night,raw/gsc-16m-p-pg_0002/Chart.csv
gsc-16m-p-pg_0002,2025-10-18,0,1,0,35,page-group,date,complete,false,2025-05-09,2026-09-08,all,web,page,https://www.the-anchor.pub/quiz-night,raw/gsc-16m-p-pg_0002/Chart.csv
gsc-16m-p-pg_0002,2025-10-19,0,3,0,9.3,page-group,date,complete,false,2025-05-09,2026-09-08,all,web,page,https://www.the-anchor.pub/quiz-night,raw/gsc-16m-p-pg_0002/Chart.csv
gsc-16m-p-pg_0002,2025-10-20,0,11,0,7,page-group,date,complete,false,2025-05-09,2026-09-08,all,web,page,https://www.the-anchor.pub/quiz-night,raw/gsc-16m-p-pg_0002/Chart.csv
gsc-16m-p-pg_0002,2025-10-21,0,10,0,5.6,page-group,date,complete,false,2025-05-09,2026-09-08,all,web,page,https://www.the-anchor.pub/quiz-night,raw/gsc-16m-p-pg_0002/Chart.csv
gsc-16m-p-pg_0002,2025-10-22,0,0,,,page-group,date,complete,false,2025-05-09,2026-09-08,all,web,page,https://www.the-anchor.pub/quiz-night,raw/gsc-16m-p-pg_0002/Chart.csv
gsc-16m-p-pg_0002,2025-10-23,0,4,0,19.8,page-group,date,complete,false,2025-05-09,2026-09-08,all,web,page,https://www.the-anchor.pub/quiz-night,raw/gsc-16m-p-pg_0002/Chart.csv
gsc-16m-p-pg_0002,2025-10-24,0,1,0,10,page-group,date,complete,false,2025-05-09,2026-09-08,all,web,page,https://www.the-anchor.pub/quiz-night,raw/gsc-16m-p-pg_0002/Chart.csv
gsc-16m-p-pg_0002,2025-10-25,0,3,0,7.3,page-group,date,complete,false,2025-05-09,2026-09-08,all,web,page,https://www.the-anchor.pub/quiz-night,raw/gsc-16m-p-pg_0002/Chart.csv
gsc-16m-p-pg_0002,2025-10-26,0,0,,,page-group,date,complete,false,2025-05-09,2026-09-08,all,web,page,https://www.the-anchor.pub/quiz-night,raw/gsc-16m-p-pg_0002/Chart.csv
gsc-16m-p-pg_0002,2025-10-27,0,4,0,7.2,page-group,date,complete,false,2025-05-09,2026-09-08,all,web,page,https://www.the-anchor.pub/quiz-night,raw/gsc-16m-p-pg_0002/Chart.csv
gsc-16m-p-pg_0002,2025-10-28,1,10,0.1,6.4,page-group,date,complete,false,2025-05-09,2026-09-08,all,web,page,https://www.the-anchor.pub/quiz-night,raw/gsc-16m-p-pg_0002/Chart.csv
gsc-16m-p-pg_0002,2025-10-29,0,2,0,9,page-group,date,complete,false,2025-05-09,2026-09-08,all,web,page,https://www.the-anchor.pub/quiz-night,raw/gsc-16m-p-pg_0002/Chart.csv
gsc-16m-p-pg_0002,2025-10-30,0,6,0,8.2,page-group,date,complete,false,2025-05-09,2026-09-08,all,web,page,https://www.the-anchor.pub/quiz-night,raw/gsc-16m-p-pg_0002/Chart.csv
gsc-16m-p-pg_0002,2025-10-31,0,3,0,26.3,page-group,date,complete,false,2025-05-09,2026-09-08,all,web,page,https://www.the-anchor.pub/quiz-night,raw/gsc-16m-p-pg_0002/Chart.csv
gsc-16m-p-pg_0002,2025-11-01,0,3,0,6.3,page-group,date,complete,false,2025-05-09,2026-09-08,all,web,page,https://www.the-anchor.pub/quiz-night,raw/gsc-16m-p-pg_0002/Chart.csv
gsc-16m-p-pg_0002,2025-11-02,0,3,0,36.3,page-group,date,complete,false,2025-05-09,2026-09-08,all,web,page,https://www.the-anchor.pub/quiz-night,raw/gsc-16m-p-pg_0002/Chart.csv
gsc-16m-p-pg_0002,2025-11-03,0,3,0,11.3,page-group,date,complete,false,2025-05-09,2026-09-08,all,web,page,https://www.the-anchor.pub/quiz-night,raw/gsc-16m-p-pg_0002/Chart.csv
gsc-16m-p-pg_0002,2025-11-04,0,6,0,5.2,page-group,date,complete,false,2025-05-09,2026-09-08,all,web,page,https://www.the-anchor.pub/quiz-night,raw/gsc-16m-p-pg_0002/Chart.csv
gsc-16m-p-pg_0002,2025-11-05,0,5,0,7,page-group,date,complete,false,2025-05-09,2026-09-08,all,web,page,https://www.the-anchor.pub/quiz-night,raw/gsc-16m-p-pg_0002/Chart.csv
gsc-16m-p-pg_0002,2025-11-06,0,5,0,5,page-group,date,complete,false,2025-05-09,2026-09-08,all,web,page,https://www.the-anchor.pub/quiz-night,raw/gsc-16m-p-pg_0002/Chart.csv
gsc-16m-p-pg_0002,2025-11-07,0,2,0,6.5,page-group,date,complete,false,2025-05-09,2026-09-08,all,web,page,https://www.the-anchor.pub/quiz-night,raw/gsc-16m-p-pg_0002/Chart.csv
gsc-16m-p-pg_0002,2025-11-08,0,4,0,9.2,page-group,date,complete,false,2025-05-09,2026-09-08,all,web,page,https://www.the-anchor.pub/quiz-night,raw/gsc-16m-p-pg_0002/Chart.csv
gsc-16m-p-pg_0002,2025-11-09,0,3,0,3,page-group,date,complete,false,2025-05-09,2026-09-08,all,web,page,https://www.the-anchor.pub/quiz-night,raw/gsc-16m-p-pg_0002/Chart.csv
gsc-16m-p-pg_0002,2025-11-10,0,5,0,5.2,page-group,date,complete,false,2025-05-09,2026-09-08,all,web,page,https://www.the-anchor.pub/quiz-night,raw/gsc-16m-p-pg_0002/Chart.csv
gsc-16m-p-pg_0002,2025-11-11,0,6,0,16.5,page-group,date,complete,false,2025-05-09,2026-09-08,all,web,page,https://www.the-anchor.pub/quiz-night,raw/gsc-16m-p-pg_0002/Chart.csv
gsc-16m-p-pg_0002,2025-11-12,0,2,0,6.5,page-group,date,complete,false,2025-05-09,2026-09-08,all,web,page,https://www.the-anchor.pub/quiz-night,raw/gsc-16m-p-pg_0002/Chart.csv
gsc-16m-p-pg_0002,2025-11-13,0,0,,,page-group,date,complete,false,2025-05-09,2026-09-08,all,web,page,https://www.the-anchor.pub/quiz-night,raw/gsc-16m-p-pg_0002/Chart.csv
gsc-16m-p-pg_0002,2025-11-14,0,2,0,8,page-group,date,complete,false,2025-05-09,2026-09-08,all,web,page,https://www.the-anchor.pub/quiz-night,raw/gsc-16m-p-pg_0002/Chart.csv
gsc-16m-p-pg_0002,2025-11-15,0,6,0,5.3,page-group,date,complete,false,2025-05-09,2026-09-08,all,web,page,https://www.the-anchor.pub/quiz-night,raw/gsc-16m-p-pg_0002/Chart.csv
gsc-16m-p-pg_0002,2025-11-16,0,1,0,4,page-group,date,complete,false,2025-05-09,2026-09-08,all,web,page,https://www.the-anchor.pub/quiz-night,raw/gsc-16m-p-pg_0002/Chart.csv
gsc-16m-p-pg_0002,2025-11-17,0,5,0,4,page-group,date,complete,false,2025-05-09,2026-09-08,all,web,page,https://www.the-anchor.pub/quiz-night,raw/gsc-16m-p-pg_0002/Chart.csv
gsc-16m-p-pg_0002,2025-11-18,0,8,0,5,page-group,date,complete,false,2025-05-09,2026-09-08,all,web,page,https://www.the-anchor.pub/quiz-night,raw/gsc-16m-p-pg_0002/Chart.csv
gsc-16m-p-pg_0002,2025-11-19,0,5,0,10.2,page-group,date,complete,false,2025-05-09,2026-09-08,all,web,page,https://www.the-anchor.pub/quiz-night,raw/gsc-16m-p-pg_0002/Chart.csv
gsc-16m-p-pg_0002,2025-11-20,0,3,0,6,page-group,date,complete,false,2025-05-09,2026-09-08,all,web,page,https://www.the-anchor.pub/quiz-night,raw/gsc-16m-p-pg_0002/Chart.csv
gsc-16m-p-pg_0002,2025-11-21,0,2,0,5,page-group,date,complete,false,2025-05-09,2026-09-08,all,web,page,https://www.the-anchor.pub/quiz-night,raw/gsc-16m-p-pg_0002/Chart.csv
gsc-16m-p-pg_0002,2025-11-22,0,9,0,6.3,page-group,date,complete,false,2025-05-09,2026-09-08,all,web,page,https://www.the-anchor.pub/quiz-night,raw/gsc-16m-p-pg_0002/Chart.csv
gsc-16m-p-pg_0002,2025-11-23,0,0,,,page-group,date,complete,false,2025-05-09,2026-09-08,all,web,page,https://www.the-anchor.pub/quiz-night,raw/gsc-16m-p-pg_0002/Chart.csv
gsc-16m-p-pg_0002,2025-11-24,0,9,0,3.9,page-group,date,complete,false,2025-05-09,2026-09-08,all,web,page,https://www.the-anchor.pub/quiz-night,raw/gsc-16m-p-pg_0002/Chart.csv
gsc-16m-p-pg_0002,2025-11-25,0,15,0,5.4,page-group,date,complete,false,2025-05-09,2026-09-08,all,web,page,https://www.the-anchor.pub/quiz-night,raw/gsc-16m-p-pg_0002/Chart.csv
gsc-16m-p-pg_0002,2025-11-26,1,10,0.1,8.2,page-group,date,complete,false,2025-05-09,2026-09-08,all,web,page,https://www.the-anchor.pub/quiz-night,raw/gsc-16m-p-pg_0002/Chart.csv
gsc-16m-p-pg_0002,2025-11-27,0,5,0,6.2,page-group,date,complete,false,2025-05-09,2026-09-08,all,web,page,https://www.the-anchor.pub/quiz-night,raw/gsc-16m-p-pg_0002/Chart.csv
gsc-16m-p-pg_0002,2025-11-28,0,3,0,4,page-group,date,complete,false,2025-05-09,2026-09-08,all,web,page,https://www.the-anchor.pub/quiz-night,raw/gsc-16m-p-pg_0002/Chart.csv
gsc-16m-p-pg_0002,2025-11-29,1,8,0.125,3.8,page-group,date,complete,false,2025-05-09,2026-09-08,all,web,page,https://www.the-anchor.pub/quiz-night,raw/gsc-16m-p-pg_0002/Chart.csv
gsc-16m-p-pg_0002,2025-11-30,0,7,0,6.9,page-group,date,complete,false,2025-05-09,2026-09-08,all,web,page,https://www.the-anchor.pub/quiz-night,raw/gsc-16m-p-pg_0002/Chart.csv
gsc-16m-p-pg_0002,2025-12-01,0,5,0,4,page-group,date,complete,false,2025-05-09,2026-09-08,all,web,page,https://www.the-anchor.pub/quiz-night,raw/gsc-16m-p-pg_0002/Chart.csv
gsc-16m-p-pg_0002,2025-12-02,0,8,0,6.6,page-group,date,complete,false,2025-05-09,2026-09-08,all,web,page,https://www.the-anchor.pub/quiz-night,raw/gsc-16m-p-pg_0002/Chart.csv
gsc-16m-p-pg_0002,2025-12-03,0,12,0,13.5,page-group,date,complete,false,2025-05-09,2026-09-08,all,web,page,https://www.the-anchor.pub/quiz-night,raw/gsc-16m-p-pg_0002/Chart.csv
gsc-16m-p-pg_0002,2025-12-04,0,5,0,7.4,page-group,date,complete,false,2025-05-09,2026-09-08,all,web,page,https://www.the-anchor.pub/quiz-night,raw/gsc-16m-p-pg_0002/Chart.csv
gsc-16m-p-pg_0002,2025-12-05,0,4,0,7.8,page-group,date,complete,false,2025-05-09,2026-09-08,all,web,page,https://www.the-anchor.pub/quiz-night,raw/gsc-16m-p-pg_0002/Chart.csv
gsc-16m-p-pg_0002,2025-12-06,0,2,0,3.5,page-group,date,complete,false,2025-05-09,2026-09-08,all,web,page,https://www.the-anchor.pub/quiz-night,raw/gsc-16m-p-pg_0002/Chart.csv
gsc-16m-p-pg_0002,2025-12-07,0,6,0,4.2,page-group,date,complete,false,2025-05-09,2026-09-08,all,web,page,https://www.the-anchor.pub/quiz-night,raw/gsc-16m-p-pg_0002/Chart.csv
gsc-16m-p-pg_0002,2025-12-08,0,12,0,5.5,page-group,date,complete,false,2025-05-09,2026-09-08,all,web,page,https://www.the-anchor.pub/quiz-night,raw/gsc-16m-p-pg_0002/Chart.csv
gsc-16m-p-pg_0002,2025-12-09,0,6,0,5.5,page-group,date,complete,false,2025-05-09,2026-09-08,all,web,page,https://www.the-anchor.pub/quiz-night,raw/gsc-16m-p-pg_0002/Chart.csv
gsc-16m-p-pg_0002,2025-12-10,0,4,0,6.2,page-group,date,complete,false,2025-05-09,2026-09-08,all,web,page,https://www.the-anchor.pub/quiz-night,raw/gsc-16m-p-pg_0002/Chart.csv
gsc-16m-p-pg_0002,2025-12-11,0,2,0,10.5,page-group,date,complete,false,2025-05-09,2026-09-08,all,web,page,https://www.the-anchor.pub/quiz-night,raw/gsc-16m-p-pg_0002/Chart.csv
gsc-16m-p-pg_0002,2025-12-12,0,1,0,32,page-group,date,complete,false,2025-05-09,2026-09-08,all,web,page,https://www.the-anchor.pub/quiz-night,raw/gsc-16m-p-pg_0002/Chart.csv
gsc-16m-p-pg_0002,2025-12-13,0,8,0,8.6,page-group,date,complete,false,2025-05-09,2026-09-08,all,web,page,https://www.the-anchor.pub/quiz-night,raw/gsc-16m-p-pg_0002/Chart.csv
gsc-16m-p-pg_0002,2025-12-14,0,6,0,8.3,page-group,date,complete,false,2025-05-09,2026-09-08,all,web,page,https://www.the-anchor.pub/quiz-night,raw/gsc-16m-p-pg_0002/Chart.csv
gsc-16m-p-pg_0002,2025-12-15,0,5,0,13.2,page-group,date,complete,false,2025-05-09,2026-09-08,all,web,page,https://www.the-anchor.pub/quiz-night,raw/gsc-16m-p-pg_0002/Chart.csv
gsc-16m-p-pg_0002,2025-12-16,0,7,0,8.7,page-group,date,complete,false,2025-05-09,2026-09-08,all,web,page,https://www.the-anchor.pub/quiz-night,raw/gsc-16m-p-pg_0002/Chart.csv
gsc-16m-p-pg_0002,2025-12-17,0,6,0,9.5,page-group,date,complete,false,2025-05-09,2026-09-08,all,web,page,https://www.the-anchor.pub/quiz-night,raw/gsc-16m-p-pg_0002/Chart.csv
gsc-16m-p-pg_0002,2025-12-18,2,12,0.1667,7.3,page-group,date,complete,false,2025-05-09,2026-09-08,all,web,page,https://www.the-anchor.pub/quiz-night,raw/gsc-16m-p-pg_0002/Chart.csv
gsc-16m-p-pg_0002,2025-12-19,1,6,0.1667,8.3,page-group,date,complete,false,2025-05-09,2026-09-08,all,web,page,https://www.the-anchor.pub/quiz-night,raw/gsc-16m-p-pg_0002/Chart.csv
gsc-16m-p-pg_0002,2025-12-20,0,3,0,22.7,page-group,date,complete,false,2025-05-09,2026-09-08,all,web,page,https://www.the-anchor.pub/quiz-night,raw/gsc-16m-p-pg_0002/Chart.csv
gsc-16m-p-pg_0002,2025-12-21,0,8,0,12.8,page-group,date,complete,false,2025-05-09,2026-09-08,all,web,page,https://www.the-anchor.pub/quiz-night,raw/gsc-16m-p-pg_0002/Chart.csv
gsc-16m-p-pg_0002,2025-12-22,0,7,0,9,page-group,date,complete,false,2025-05-09,2026-09-08,all,web,page,https://www.the-anchor.pub/quiz-night,raw/gsc-16m-p-pg_0002/Chart.csv
gsc-16m-p-pg_0002,2025-12-23,0,5,0,4.6,page-group,date,complete,false,2025-05-09,2026-09-08,all,web,page,https://www.the-anchor.pub/quiz-night,raw/gsc-16m-p-pg_0002/Chart.csv
gsc-16m-p-pg_0002,2025-12-24,0,4,0,18.8,page-group,date,complete,false,2025-05-09,2026-09-08,all,web,page,https://www.the-anchor.pub/quiz-night,raw/gsc-16m-p-pg_0002/Chart.csv
gsc-16m-p-pg_0002,2025-12-25,0,4,0,17.5,page-group,date,complete,false,2025-05-09,2026-09-08,all,web,page,https://www.the-anchor.pub/quiz-night,raw/gsc-16m-p-pg_0002/Chart.csv
gsc-16m-p-pg_0002,2025-12-26,0,6,0,3.2,page-group,date,complete,false,2025-05-09,2026-09-08,all,web,page,https://www.the-anchor.pub/quiz-night,raw/gsc-16m-p-pg_0002/Chart.csv
gsc-16m-p-pg_0002,2025-12-27,0,41,0,6.1,page-group,date,complete,false,2025-05-09,2026-09-08,all,web,page,https://www.the-anchor.pub/quiz-night,raw/gsc-16m-p-pg_0002/Chart.csv
gsc-16m-p-pg_0002,2025-12-28,1,7,0.1429,8.9,page-group,date,complete,false,2025-05-09,2026-09-08,all,web,page,https://www.the-anchor.pub/quiz-night,raw/gsc-16m-p-pg_0002/Chart.csv
gsc-16m-p-pg_0002,2025-12-29,0,8,0,2.9,page-group,date,complete,false,2025-05-09,2026-09-08,all,web,page,https://www.the-anchor.pub/quiz-night,raw/gsc-16m-p-pg_0002/Chart.csv
gsc-16m-p-pg_0002,2025-12-30,0,1,0,1,page-group,date,complete,false,2025-05-09,2026-09-08,all,web,page,https://www.the-anchor.pub/quiz-night,raw/gsc-16m-p-pg_0002/Chart.csv
gsc-16m-p-pg_0002,2025-12-31,0,10,0,8.3,page-group,date,complete,false,2025-05-09,2026-09-08,all,web,page,https://www.the-anchor.pub/quiz-night,raw/gsc-16m-p-pg_0002/Chart.csv
gsc-16m-p-pg_0002,2026-01-01,0,4,0,3.2,page-group,date,complete,false,2025-05-09,2026-09-08,all,web,page,https://www.the-anchor.pub/quiz-night,raw/gsc-16m-p-pg_0002/Chart.csv
gsc-16m-p-pg_0002,2026-01-02,0,13,0,13.8,page-group,date,complete,false,2025-05-09,2026-09-08,all,web,page,https://www.the-anchor.pub/quiz-night,raw/gsc-16m-p-pg_0002/Chart.csv
gsc-16m-p-pg_0002,2026-01-03,0,11,0,6.3,page-group,date,complete,false,2025-05-09,2026-09-08,all,web,page,https://www.the-anchor.pub/quiz-night,raw/gsc-16m-p-pg_0002/Chart.csv
gsc-16m-p-pg_0002,2026-01-04,0,9,0,6.2,page-group,date,complete,false,2025-05-09,2026-09-08,all,web,page,https://www.the-anchor.pub/quiz-night,raw/gsc-16m-p-pg_0002/Chart.csv
gsc-16m-p-pg_0002,2026-01-05,0,6,0,15,page-group,date,complete,false,2025-05-09,2026-09-08,all,web,page,https://www.the-anchor.pub/quiz-night,raw/gsc-16m-p-pg_0002/Chart.csv
gsc-16m-p-pg_0002,2026-01-06,0,10,0,6.5,page-group,date,complete,false,2025-05-09,2026-09-08,all,web,page,https://www.the-anchor.pub/quiz-night,raw/gsc-16m-p-pg_0002/Chart.csv
gsc-16m-p-pg_0002,2026-01-07,0,19,0,6.6,page-group,date,complete,false,2025-05-09,2026-09-08,all,web,page,https://www.the-anchor.pub/quiz-night,raw/gsc-16m-p-pg_0002/Chart.csv
gsc-16m-p-pg_0002,2026-01-08,0,8,0,7.4,page-group,date,complete,false,2025-05-09,2026-09-08,all,web,page,https://www.the-anchor.pub/quiz-night,raw/gsc-16m-p-pg_0002/Chart.csv
gsc-16m-p-pg_0002,2026-01-09,0,5,0,7.8,page-group,date,complete,false,2025-05-09,2026-09-08,all,web,page,https://www.the-anchor.pub/quiz-night,raw/gsc-16m-p-pg_0002/Chart.csv
gsc-16m-p-pg_0002,2026-01-10,0,2,0,3.5,page-group,date,complete,false,2025-05-09,2026-09-08,all,web,page,https://www.the-anchor.pub/quiz-night,raw/gsc-16m-p-pg_0002/Chart.csv
gsc-16m-p-pg_0002,2026-01-11,0,15,0,8.3,page-group,date,complete,false,2025-05-09,2026-09-08,all,web,page,https://www.the-anchor.pub/quiz-night,raw/gsc-16m-p-pg_0002/Chart.csv
gsc-16m-p-pg_0002,2026-01-12,0,9,0,5,page-group,date,complete,false,2025-05-09,2026-09-08,all,web,page,https://www.the-anchor.pub/quiz-night,raw/gsc-16m-p-pg_0002/Chart.csv
gsc-16m-p-pg_0002,2026-01-13,0,8,0,5.9,page-group,date,complete,false,2025-05-09,2026-09-08,all,web,page,https://www.the-anchor.pub/quiz-night,raw/gsc-16m-p-pg_0002/Chart.csv
gsc-16m-p-pg_0002,2026-01-14,1,15,0.0667,6.8,page-group,date,complete,false,2025-05-09,2026-09-08,all,web,page,https://www.the-anchor.pub/quiz-night,raw/gsc-16m-p-pg_0002/Chart.csv
gsc-16m-p-pg_0002,2026-01-15,0,12,0,5.2,page-group,date,complete,false,2025-05-09,2026-09-08,all,web,page,https://www.the-anchor.pub/quiz-night,raw/gsc-16m-p-pg_0002/Chart.csv
gsc-16m-p-pg_0002,2026-01-16,0,4,0,6,page-group,date,complete,false,2025-05-09,2026-09-08,all,web,page,https://www.the-anchor.pub/quiz-night,raw/gsc-16m-p-pg_0002/Chart.csv
gsc-16m-p-pg_0002,2026-01-17,0,8,0,2.6,page-group,date,complete,false,2025-05-09,2026-09-08,all,web,page,https://www.the-anchor.pub/quiz-night,raw/gsc-16m-p-pg_0002/Chart.csv
gsc-16m-p-pg_0002,2026-01-18,0,11,0,7.5,page-group,date,complete,false,2025-05-09,2026-09-08,all,web,page,https://www.the-anchor.pub/quiz-night,raw/gsc-16m-p-pg_0002/Chart.csv
gsc-16m-p-pg_0002,2026-01-19,0,41,0,10.2,page-group,date,complete,false,2025-05-09,2026-09-08,all,web,page,https://www.the-anchor.pub/quiz-night,raw/gsc-16m-p-pg_0002/Chart.csv
gsc-16m-p-pg_0002,2026-01-20,0,25,0,8.2,page-group,date,complete,false,2025-05-09,2026-09-08,all,web,page,https://www.the-anchor.pub/quiz-night,raw/gsc-16m-p-pg_0002/Chart.csv
gsc-16m-p-pg_0002,2026-01-21,0,19,0,19,page-group,date,complete,false,2025-05-09,2026-09-08,all,web,page,https://www.the-anchor.pub/quiz-night,raw/gsc-16m-p-pg_0002/Chart.csv
gsc-16m-p-pg_0002,2026-01-22,0,23,0,12.1,page-group,date,complete,false,2025-05-09,2026-09-08,all,web,page,https://www.the-anchor.pub/quiz-night,raw/gsc-16m-p-pg_0002/Chart.csv
gsc-16m-p-pg_0002,2026-01-23,0,13,0,16.1,page-group,date,complete,false,2025-05-09,2026-09-08,all,web,page,https://www.the-anchor.pub/quiz-night,raw/gsc-16m-p-pg_0002/Chart.csv
gsc-16m-p-pg_0002,2026-01-24,2,13,0.1538,8.5,page-group,date,complete,false,2025-05-09,2026-09-08,all,web,page,https://www.the-anchor.pub/quiz-night,raw/gsc-16m-p-pg_0002/Chart.csv
gsc-16m-p-pg_0002,2026-01-25,0,15,0,10.3,page-group,date,complete,false,2025-05-09,2026-09-08,all,web,page,https://www.the-anchor.pub/quiz-night,raw/gsc-16m-p-pg_0002/Chart.csv
gsc-16m-p-pg_0002,2026-01-26,0,27,0,6,page-group,date,complete,false,2025-05-09,2026-09-08,all,web,page,https://www.the-anchor.pub/quiz-night,raw/gsc-16m-p-pg_0002/Chart.csv
gsc-16m-p-pg_0002,2026-01-27,1,19,0.0526,8.6,page-group,date,complete,false,2025-05-09,2026-09-08,all,web,page,https://www.the-anchor.pub/quiz-night,raw/gsc-16m-p-pg_0002/Chart.csv
gsc-16m-p-pg_0002,2026-01-28,0,20,0,8.8,page-group,date,complete,false,2025-05-09,2026-09-08,all,web,page,https://www.the-anchor.pub/quiz-night,raw/gsc-16m-p-pg_0002/Chart.csv
gsc-16m-p-pg_0002,2026-01-29,0,17,0,8.2,page-group,date,complete,false,2025-05-09,2026-09-08,all,web,page,https://www.the-anchor.pub/quiz-night,raw/gsc-16m-p-pg_0002/Chart.csv
gsc-16m-p-pg_0002,2026-01-30,0,14,0,9.5,page-group,date,complete,false,2025-05-09,2026-09-08,all,web,page,https://www.the-anchor.pub/quiz-night,raw/gsc-16m-p-pg_0002/Chart.csv
gsc-16m-p-pg_0002,2026-01-31,0,8,0,8.5,page-group,date,complete,false,2025-05-09,2026-09-08,all,web,page,https://www.the-anchor.pub/quiz-night,raw/gsc-16m-p-pg_0002/Chart.csv
gsc-16m-p-pg_0002,2026-02-01,0,12,0,13.9,page-group,date,complete,false,2025-05-09,2026-09-08,all,web,page,https://www.the-anchor.pub/quiz-night,raw/gsc-16m-p-pg_0002/Chart.csv
gsc-16m-p-pg_0002,2026-02-02,0,21,0,9.4,page-group,date,complete,false,2025-05-09,2026-09-08,all,web,page,https://www.the-anchor.pub/quiz-night,raw/gsc-16m-p-pg_0002/Chart.csv
gsc-16m-p-pg_0002,2026-02-03,1,13,0.0769,6.7,page-group,date,complete,false,2025-05-09,2026-09-08,all,web,page,https://www.the-anchor.pub/quiz-night,raw/gsc-16m-p-pg_0002/Chart.csv
gsc-16m-p-pg_0002,2026-02-04,0,22,0,5.3,page-group,date,complete,false,2025-05-09,2026-09-08,all,web,page,https://www.the-anchor.pub/quiz-night,raw/gsc-16m-p-pg_0002/Chart.csv
gsc-16m-p-pg_0002,2026-02-05,0,14,0,5.6,page-group,date,complete,false,2025-05-09,2026-09-08,all,web,page,https://www.the-anchor.pub/quiz-night,raw/gsc-16m-p-pg_0002/Chart.csv
gsc-16m-p-pg_0002,2026-02-06,0,9,0,4.7,page-group,date,complete,false,2025-05-09,2026-09-08,all,web,page,https://www.the-anchor.pub/quiz-night,raw/gsc-16m-p-pg_0002/Chart.csv
gsc-16m-p-pg_0002,2026-02-07,0,9,0,8,page-group,date,complete,false,2025-05-09,2026-09-08,all,web,page,https://www.the-anchor.pub/quiz-night,raw/gsc-16m-p-pg_0002/Chart.csv
gsc-16m-p-pg_0002,2026-02-08,0,18,0,5.4,page-group,date,complete,false,2025-05-09,2026-09-08,all,web,page,https://www.the-anchor.pub/quiz-night,raw/gsc-16m-p-pg_0002/Chart.csv
gsc-16m-p-pg_0002,2026-02-09,0,18,0,14.7,page-group,date,complete,false,2025-05-09,2026-09-08,all,web,page,https://www.the-anchor.pub/quiz-night,raw/gsc-16m-p-pg_0002/Chart.csv
gsc-16m-p-pg_0002,2026-02-10,0,11,0,8.2,page-group,date,complete,false,2025-05-09,2026-09-08,all,web,page,https://www.the-anchor.pub/quiz-night,raw/gsc-16m-p-pg_0002/Chart.csv
gsc-16m-p-pg_0002,2026-02-11,0,17,0,11.7,page-group,date,complete,false,2025-05-09,2026-09-08,all,web,page,https://www.the-anchor.pub/quiz-night,raw/gsc-16m-p-pg_0002/Chart.csv
gsc-16m-p-pg_0002,2026-02-12,1,12,0.0833,8.4,page-group,date,complete,false,2025-05-09,2026-09-08,all,web,page,https://www.the-anchor.pub/quiz-night,raw/gsc-16m-p-pg_0002/Chart.csv
gsc-16m-p-pg_0002,2026-02-13,1,14,0.0714,7.8,page-group,date,complete,false,2025-05-09,2026-09-08,all,web,page,https://www.the-anchor.pub/quiz-night,raw/gsc-16m-p-pg_0002/Chart.csv
gsc-16m-p-pg_0002,2026-02-14,0,9,0,7.7,page-group,date,complete,false,2025-05-09,2026-09-08,all,web,page,https://www.the-anchor.pub/quiz-night,raw/gsc-16m-p-pg_0002/Chart.csv
gsc-16m-p-pg_0002,2026-02-15,0,10,0,12.6,page-group,date,complete,false,2025-05-09,2026-09-08,all,web,page,https://www.the-anchor.pub/quiz-night,raw/gsc-16m-p-pg_0002/Chart.csv
gsc-16m-p-pg_0002,2026-02-16,0,23,0,7.8,page-group,date,complete,false,2025-05-09,2026-09-08,all,web,page,https://www.the-anchor.pub/quiz-night,raw/gsc-16m-p-pg_0002/Chart.csv
gsc-16m-p-pg_0002,2026-02-17,0,28,0,11.9,page-group,date,complete,false,2025-05-09,2026-09-08,all,web,page,https://www.the-anchor.pub/quiz-night,raw/gsc-16m-p-pg_0002/Chart.csv
gsc-16m-p-pg_0002,2026-02-18,1,27,0.037,16.9,page-group,date,complete,false,2025-05-09,2026-09-08,all,web,page,https://www.the-anchor.pub/quiz-night,raw/gsc-16m-p-pg_0002/Chart.csv
gsc-16m-p-pg_0002,2026-02-19,1,28,0.0357,8.5,page-group,date,complete,false,2025-05-09,2026-09-08,all,web,page,https://www.the-anchor.pub/quiz-night,raw/gsc-16m-p-pg_0002/Chart.csv
gsc-16m-p-pg_0002,2026-02-20,1,12,0.0833,12.4,page-group,date,complete,false,2025-05-09,2026-09-08,all,web,page,https://www.the-anchor.pub/quiz-night,raw/gsc-16m-p-pg_0002/Chart.csv
gsc-16m-p-pg_0002,2026-02-21,0,13,0,16.7,page-group,date,complete,false,2025-05-09,2026-09-08,all,web,page,https://www.the-anchor.pub/quiz-night,raw/gsc-16m-p-pg_0002/Chart.csv
gsc-16m-p-pg_0002,2026-02-22,0,13,0,9.7,page-group,date,complete,false,2025-05-09,2026-09-08,all,web,page,https://www.the-anchor.pub/quiz-night,raw/gsc-16m-p-pg_0002/Chart.csv
gsc-16m-p-pg_0002,2026-02-23,0,17,0,10.9,page-group,date,complete,false,2025-05-09,2026-09-08,all,web,page,https://www.the-anchor.pub/quiz-night,raw/gsc-16m-p-pg_0002/Chart.csv
gsc-16m-p-pg_0002,2026-02-24,0,27,0,7.6,page-group,date,complete,false,2025-05-09,2026-09-08,all,web,page,https://www.the-anchor.pub/quiz-night,raw/gsc-16m-p-pg_0002/Chart.csv
gsc-16m-p-pg_0002,2026-02-25,0,28,0,11.8,page-group,date,complete,false,2025-05-09,2026-09-08,all,web,page,https://www.the-anchor.pub/quiz-night,raw/gsc-16m-p-pg_0002/Chart.csv
gsc-16m-p-pg_0002,2026-02-26,0,24,0,19.1,page-group,date,complete,false,2025-05-09,2026-09-08,all,web,page,https://www.the-anchor.pub/quiz-night,raw/gsc-16m-p-pg_0002/Chart.csv
gsc-16m-p-pg_0002,2026-02-27,0,12,0,5.1,page-group,date,complete,false,2025-05-09,2026-09-08,all,web,page,https://www.the-anchor.pub/quiz-night,raw/gsc-16m-p-pg_0002/Chart.csv
gsc-16m-p-pg_0002,2026-02-28,0,16,0,6.4,page-group,date,complete,false,2025-05-09,2026-09-08,all,web,page,https://www.the-anchor.pub/quiz-night,raw/gsc-16m-p-pg_0002/Chart.csv
gsc-16m-p-pg_0002,2026-03-01,0,22,0,6.2,page-group,date,complete,false,2025-05-09,2026-09-08,all,web,page,https://www.the-anchor.pub/quiz-night,raw/gsc-16m-p-pg_0002/Chart.csv
gsc-16m-p-pg_0002,2026-03-02,0,24,0,6.3,page-group,date,complete,false,2025-05-09,2026-09-08,all,web,page,https://www.the-anchor.pub/quiz-night,raw/gsc-16m-p-pg_0002/Chart.csv
gsc-16m-p-pg_0002,2026-03-03,0,25,0,6.2,page-group,date,complete,false,2025-05-09,2026-09-08,all,web,page,https://www.the-anchor.pub/quiz-night,raw/gsc-16m-p-pg_0002/Chart.csv
gsc-16m-p-pg_0002,2026-03-04,0,21,0,6.2,page-group,date,complete,false,2025-05-09,2026-09-08,all,web,page,https://www.the-anchor.pub/quiz-night,raw/gsc-16m-p-pg_0002/Chart.csv
gsc-16m-p-pg_0002,2026-03-05,0,25,0,6.4,page-group,date,complete,false,2025-05-09,2026-09-08,all,web,page,https://www.the-anchor.pub/quiz-night,raw/gsc-16m-p-pg_0002/Chart.csv
gsc-16m-p-pg_0002,2026-03-06,0,18,0,6.4,page-group,date,complete,false,2025-05-09,2026-09-08,all,web,page,https://www.the-anchor.pub/quiz-night,raw/gsc-16m-p-pg_0002/Chart.csv
gsc-16m-p-pg_0002,2026-03-07,0,14,0,13.1,page-group,date,complete,false,2025-05-09,2026-09-08,all,web,page,https://www.the-anchor.pub/quiz-night,raw/gsc-16m-p-pg_0002/Chart.csv
gsc-16m-p-pg_0002,2026-03-08,0,17,0,6.9,page-group,date,complete,false,2025-05-09,2026-09-08,all,web,page,https://www.the-anchor.pub/quiz-night,raw/gsc-16m-p-pg_0002/Chart.csv
gsc-16m-p-pg_0002,2026-03-09,0,8,0,5.4,page-group,date,complete,false,2025-05-09,2026-09-08,all,web,page,https://www.the-anchor.pub/quiz-night,raw/gsc-16m-p-pg_0002/Chart.csv
gsc-16m-p-pg_0002,2026-03-10,0,20,0,6.7,page-group,date,complete,false,2025-05-09,2026-09-08,all,web,page,https://www.the-anchor.pub/quiz-night,raw/gsc-16m-p-pg_0002/Chart.csv
gsc-16m-p-pg_0002,2026-03-11,0,28,0,5.5,page-group,date,complete,false,2025-05-09,2026-09-08,all,web,page,https://www.the-anchor.pub/quiz-night,raw/gsc-16m-p-pg_0002/Chart.csv
gsc-16m-p-pg_0002,2026-03-12,0,9,0,4.4,page-group,date,complete,false,2025-05-09,2026-09-08,all,web,page,https://www.the-anchor.pub/quiz-night,raw/gsc-16m-p-pg_0002/Chart.csv
gsc-16m-p-pg_0002,2026-03-13,0,13,0,6.2,page-group,date,complete,false,2025-05-09,2026-09-08,all,web,page,https://www.the-anchor.pub/quiz-night,raw/gsc-16m-p-pg_0002/Chart.csv
gsc-16m-p-pg_0002,2026-03-14,0,13,0,4.5,page-group,date,complete,false,2025-05-09,2026-09-08,all,web,page,https://www.the-anchor.pub/quiz-night,raw/gsc-16m-p-pg_0002/Chart.csv
gsc-16m-p-pg_0002,2026-03-15,0,2,0,5.5,page-group,date,complete,false,2025-05-09,2026-09-08,all,web,page,https://www.the-anchor.pub/quiz-night,raw/gsc-16m-p-pg_0002/Chart.csv
gsc-16m-p-pg_0002,2026-03-16,0,6,0,6.2,page-group,date,complete,false,2025-05-09,2026-09-08,all,web,page,https://www.the-anchor.pub/quiz-night,raw/gsc-16m-p-pg_0002/Chart.csv
gsc-16m-p-pg_0002,2026-03-17,0,4,0,4.5,page-group,date,complete,false,2025-05-09,2026-09-08,all,web,page,https://www.the-anchor.pub/quiz-night,raw/gsc-16m-p-pg_0002/Chart.csv
gsc-16m-p-pg_0002,2026-03-18,0,6,0,5.8,page-group,date,complete,false,2025-05-09,2026-09-08,all,web,page,https://www.the-anchor.pub/quiz-night,raw/gsc-16m-p-pg_0002/Chart.csv
gsc-16m-p-pg_0002,2026-03-19,0,7,0,5,page-group,date,complete,false,2025-05-09,2026-09-08,all,web,page,https://www.the-anchor.pub/quiz-night,raw/gsc-16m-p-pg_0002/Chart.csv
gsc-16m-p-pg_0002,2026-03-20,0,15,0,7.5,page-group,date,complete,false,2025-05-09,2026-09-08,all,web,page,https://www.the-anchor.pub/quiz-night,raw/gsc-16m-p-pg_0002/Chart.csv
gsc-16m-p-pg_0002,2026-03-21,0,7,0,8.3,page-group,date,complete,false,2025-05-09,2026-09-08,all,web,page,https://www.the-anchor.pub/quiz-night,raw/gsc-16m-p-pg_0002/Chart.csv
gsc-16m-p-pg_0002,2026-03-22,0,12,0,8.8,page-group,date,complete,false,2025-05-09,2026-09-08,all,web,page,https://www.the-anchor.pub/quiz-night,raw/gsc-16m-p-pg_0002/Chart.csv
gsc-16m-p-pg_0002,2026-03-23,0,7,0,7.6,page-group,date,complete,false,2025-05-09,2026-09-08,all,web,page,https://www.the-anchor.pub/quiz-night,raw/gsc-16m-p-pg_0002/Chart.csv
gsc-16m-p-pg_0002,2026-03-24,0,2,0,15,page-group,date,complete,false,2025-05-09,2026-09-08,all,web,page,https://www.the-anchor.pub/quiz-night,raw/gsc-16m-p-pg_0002/Chart.csv
gsc-16m-p-pg_0002,2026-03-25,0,9,0,8.8,page-group,date,complete,false,2025-05-09,2026-09-08,all,web,page,https://www.the-anchor.pub/quiz-night,raw/gsc-16m-p-pg_0002/Chart.csv
gsc-16m-p-pg_0002,2026-03-26,0,9,0,12.4,page-group,date,complete,false,2025-05-09,2026-09-08,all,web,page,https://www.the-anchor.pub/quiz-night,raw/gsc-16m-p-pg_0002/Chart.csv
gsc-16m-p-pg_0002,2026-03-27,1,11,0.0909,7.1,page-group,date,complete,false,2025-05-09,2026-09-08,all,web,page,https://www.the-anchor.pub/quiz-night,raw/gsc-16m-p-pg_0002/Chart.csv
gsc-16m-p-pg_0002,2026-03-28,0,12,0,8.3,page-group,date,complete,false,2025-05-09,2026-09-08,all,web,page,https://www.the-anchor.pub/quiz-night,raw/gsc-16m-p-pg_0002/Chart.csv
gsc-16m-p-pg_0002,2026-03-29,0,14,0,8.9,page-group,date,complete,false,2025-05-09,2026-09-08,all,web,page,https://www.the-anchor.pub/quiz-night,raw/gsc-16m-p-pg_0002/Chart.csv
gsc-16m-p-pg_0002,2026-03-30,0,8,0,10.6,page-group,date,complete,false,2025-05-09,2026-09-08,all,web,page,https://www.the-anchor.pub/quiz-night,raw/gsc-16m-p-pg_0002/Chart.csv
gsc-16m-p-pg_0002,2026-03-31,0,11,0,6.4,page-group,date,complete,false,2025-05-09,2026-09-08,all,web,page,https://www.the-anchor.pub/quiz-night,raw/gsc-16m-p-pg_0002/Chart.csv
gsc-16m-p-pg_0002,2026-04-01,0,23,0,8.1,page-group,date,complete,false,2025-05-09,2026-09-08,all,web,page,https://www.the-anchor.pub/quiz-night,raw/gsc-16m-p-pg_0002/Chart.csv
gsc-16m-p-pg_0002,2026-04-02,0,11,0,10.5,page-group,date,complete,false,2025-05-09,2026-09-08,all,web,page,https://www.the-anchor.pub/quiz-night,raw/gsc-16m-p-pg_0002/Chart.csv
gsc-16m-p-pg_0002,2026-04-03,1,13,0.0769,9.2,page-group,date,complete,false,2025-05-09,2026-09-08,all,web,page,https://www.the-anchor.pub/quiz-night,raw/gsc-16m-p-pg_0002/Chart.csv
gsc-16m-p-pg_0002,2026-04-04,0,4,0,11.2,page-group,date,complete,false,2025-05-09,2026-09-08,all,web,page,https://www.the-anchor.pub/quiz-night,raw/gsc-16m-p-pg_0002/Chart.csv
gsc-16m-p-pg_0002,2026-04-05,1,6,0.1667,8.2,page-group,date,complete,false,2025-05-09,2026-09-08,all,web,page,https://www.the-anchor.pub/quiz-night,raw/gsc-16m-p-pg_0002/Chart.csv
gsc-16m-p-pg_0002,2026-04-06,1,12,0.0833,12.4,page-group,date,complete,false,2025-05-09,2026-09-08,all,web,page,https://www.the-anchor.pub/quiz-night,raw/gsc-16m-p-pg_0002/Chart.csv
gsc-16m-p-pg_0002,2026-04-07,0,5,0,8.6,page-group,date,complete,false,2025-05-09,2026-09-08,all,web,page,https://www.the-anchor.pub/quiz-night,raw/gsc-16m-p-pg_0002/Chart.csv
gsc-16m-p-pg_0002,2026-04-08,0,10,0,17.7,page-group,date,complete,false,2025-05-09,2026-09-08,all,web,page,https://www.the-anchor.pub/quiz-night,raw/gsc-16m-p-pg_0002/Chart.csv
gsc-16m-p-pg_0002,2026-04-09,0,6,0,7.3,page-group,date,complete,false,2025-05-09,2026-09-08,all,web,page,https://www.the-anchor.pub/quiz-night,raw/gsc-16m-p-pg_0002/Chart.csv
gsc-16m-p-pg_0002,2026-04-10,0,2,0,7.5,page-group,date,complete,false,2025-05-09,2026-09-08,all,web,page,https://www.the-anchor.pub/quiz-night,raw/gsc-16m-p-pg_0002/Chart.csv
gsc-16m-p-pg_0002,2026-04-11,0,5,0,10,page-group,date,complete,false,2025-05-09,2026-09-08,all,web,page,https://www.the-anchor.pub/quiz-night,raw/gsc-16m-p-pg_0002/Chart.csv
gsc-16m-p-pg_0002,2026-04-12,0,5,0,12.2,page-group,date,complete,false,2025-05-09,2026-09-08,all,web,page,https://www.the-anchor.pub/quiz-night,raw/gsc-16m-p-pg_0002/Chart.csv
gsc-16m-p-pg_0002,2026-04-13,0,15,0,2.9,page-group,date,complete,false,2025-05-09,2026-09-08,all,web,page,https://www.the-anchor.pub/quiz-night,raw/gsc-16m-p-pg_0002/Chart.csv
gsc-16m-p-pg_0002,2026-04-14,0,12,0,5.9,page-group,date,complete,false,2025-05-09,2026-09-08,all,web,page,https://www.the-anchor.pub/quiz-night,raw/gsc-16m-p-pg_0002/Chart.csv
gsc-16m-p-pg_0002,2026-04-15,0,8,0,8,page-group,date,complete,false,2025-05-09,2026-09-08,all,web,page,https://www.the-anchor.pub/quiz-night,raw/gsc-16m-p-pg_0002/Chart.csv
gsc-16m-p-pg_0002,2026-04-16,0,2,0,12,page-group,date,complete,false,2025-05-09,2026-09-08,all,web,page,https://www.the-anchor.pub/quiz-night,raw/gsc-16m-p-pg_0002/Chart.csv
gsc-16m-p-pg_0002,2026-04-17,0,0,,,page-group,date,complete,false,2025-05-09,2026-09-08,all,web,page,https://www.the-anchor.pub/quiz-night,raw/gsc-16m-p-pg_0002/Chart.csv
gsc-16m-p-pg_0002,2026-04-18,0,3,0,7.7,page-group,date,complete,false,2025-05-09,2026-09-08,all,web,page,https://www.the-anchor.pub/quiz-night,raw/gsc-16m-p-pg_0002/Chart.csv
gsc-16m-p-pg_0002,2026-04-19,0,2,0,9,page-group,date,complete,false,2025-05-09,2026-09-08,all,web,page,https://www.the-anchor.pub/quiz-night,raw/gsc-16m-p-pg_0002/Chart.csv
gsc-16m-p-pg_0002,2026-04-20,0,4,0,10,page-group,date,complete,false,2025-05-09,2026-09-08,all,web,page,https://www.the-anchor.pub/quiz-night,raw/gsc-16m-p-pg_0002/Chart.csv
gsc-16m-p-pg_0002,2026-04-21,0,14,0,15.2,page-group,date,complete,false,2025-05-09,2026-09-08,all,web,page,https://www.the-anchor.pub/quiz-night,raw/gsc-16m-p-pg_0002/Chart.csv
gsc-16m-p-pg_0002,2026-04-22,0,8,0,8.5,page-group,date,complete,false,2025-05-09,2026-09-08,all,web,page,https://www.the-anchor.pub/quiz-night,raw/gsc-16m-p-pg_0002/Chart.csv
gsc-16m-p-pg_0002,2026-04-23,0,4,0,3.8,page-group,date,complete,false,2025-05-09,2026-09-08,all,web,page,https://www.the-anchor.pub/quiz-night,raw/gsc-16m-p-pg_0002/Chart.csv
gsc-16m-p-pg_0002,2026-04-24,0,3,0,6.3,page-group,date,complete,false,2025-05-09,2026-09-08,all,web,page,https://www.the-anchor.pub/quiz-night,raw/gsc-16m-p-pg_0002/Chart.csv
gsc-16m-p-pg_0002,2026-04-25,0,0,,,page-group,date,complete,false,2025-05-09,2026-09-08,all,web,page,https://www.the-anchor.pub/quiz-night,raw/gsc-16m-p-pg_0002/Chart.csv
gsc-16m-p-pg_0002,2026-04-26,0,2,0,13,page-group,date,complete,false,2025-05-09,2026-09-08,all,web,page,https://www.the-anchor.pub/quiz-night,raw/gsc-16m-p-pg_0002/Chart.csv
gsc-16m-p-pg_0002,2026-04-27,0,3,0,5.3,page-group,date,complete,false,2025-05-09,2026-09-08,all,web,page,https://www.the-anchor.pub/quiz-night,raw/gsc-16m-p-pg_0002/Chart.csv
gsc-16m-p-pg_0002,2026-04-28,0,4,0,9.5,page-group,date,complete,false,2025-05-09,2026-09-08,all,web,page,https://www.the-anchor.pub/quiz-night,raw/gsc-16m-p-pg_0002/Chart.csv
gsc-16m-p-pg_0002,2026-04-29,1,4,0.25,5.5,page-group,date,complete,false,2025-05-09,2026-09-08,all,web,page,https://www.the-anchor.pub/quiz-night,raw/gsc-16m-p-pg_0002/Chart.csv
gsc-16m-p-pg_0002,2026-04-30,1,2,0.5,6.5,page-group,date,complete,false,2025-05-09,2026-09-08,all,web,page,https://www.the-anchor.pub/quiz-night,raw/gsc-16m-p-pg_0002/Chart.csv
gsc-16m-p-pg_0002,2026-05-01,0,0,,,page-group,date,complete,false,2025-05-09,2026-09-08,all,web,page,https://www.the-anchor.pub/quiz-night,raw/gsc-16m-p-pg_0002/Chart.csv
gsc-16m-p-pg_0002,2026-05-02,0,2,0,6.5,page-group,date,complete,false,2025-05-09,2026-09-08,all,web,page,https://www.the-anchor.pub/quiz-night,raw/gsc-16m-p-pg_0002/Chart.csv
gsc-16m-p-pg_0002,2026-05-03,0,1,0,10,page-group,date,complete,false,2025-05-09,2026-09-08,all,web,page,https://www.the-anchor.pub/quiz-night,raw/gsc-16m-p-pg_0002/Chart.csv
gsc-16m-p-pg_0002,2026-05-04,0,5,0,5.6,page-group,date,complete,false,2025-05-09,2026-09-08,all,web,page,https://www.the-anchor.pub/quiz-night,raw/gsc-16m-p-pg_0002/Chart.csv
gsc-16m-p-pg_0002,2026-05-05,0,5,0,51.2,page-group,date,complete,false,2025-05-09,2026-09-08,all,web,page,https://www.the-anchor.pub/quiz-night,raw/gsc-16m-p-pg_0002/Chart.csv
gsc-16m-p-pg_0002,2026-05-06,0,3,0,35.7,page-group,date,complete,false,2025-05-09,2026-09-08,all,web,page,https://www.the-anchor.pub/quiz-night,raw/gsc-16m-p-pg_0002/Chart.csv
gsc-16m-p-pg_0002,2026-05-07,1,2,0.5,1.5,page-group,date,complete,false,2025-05-09,2026-09-08,all,web,page,https://www.the-anchor.pub/quiz-night,raw/gsc-16m-p-pg_0002/Chart.csv
gsc-16m-p-pg_0002,2026-05-08,0,1,0,11,page-group,date,complete,false,2025-05-09,2026-09-08,all,web,page,https://www.the-anchor.pub/quiz-night,raw/gsc-16m-p-pg_0002/Chart.csv
gsc-16m-p-pg_0002,2026-05-09,0,4,0,25,page-group,date,complete,false,2025-05-09,2026-09-08,all,web,page,https://www.the-anchor.pub/quiz-night,raw/gsc-16m-p-pg_0002/Chart.csv
gsc-16m-p-pg_0002,2026-05-10,0,8,0,13.8,page-group,date,complete,false,2025-05-09,2026-09-08,all,web,page,https://www.the-anchor.pub/quiz-night,raw/gsc-16m-p-pg_0002/Chart.csv
gsc-16m-p-pg_0002,2026-05-11,0,4,0,28.8,page-group,date,complete,false,2025-05-09,2026-09-08,all,web,page,https://www.the-anchor.pub/quiz-night,raw/gsc-16m-p-pg_0002/Chart.csv
gsc-16m-p-pg_0002,2026-05-12,0,3,0,35.7,page-group,date,complete,false,2025-05-09,2026-09-08,all,web,page,https://www.the-anchor.pub/quiz-night,raw/gsc-16m-p-pg_0002/Chart.csv
gsc-16m-p-pg_0002,2026-05-13,0,2,0,3,page-group,date,complete,false,2025-05-09,2026-09-08,all,web,page,https://www.the-anchor.pub/quiz-night,raw/gsc-16m-p-pg_0002/Chart.csv
gsc-16m-p-pg_0002,2026-05-14,0,2,0,6,page-group,date,complete,false,2025-05-09,2026-09-08,all,web,page,https://www.the-anchor.pub/quiz-night,raw/gsc-16m-p-pg_0002/Chart.csv
gsc-16m-p-pg_0002,2026-05-15,0,3,0,6.3,page-group,date,complete,false,2025-05-09,2026-09-08,all,web,page,https://www.the-anchor.pub/quiz-night,raw/gsc-16m-p-pg_0002/Chart.csv
gsc-16m-p-pg_0002,2026-05-16,0,3,0,33,page-group,date,complete,false,2025-05-09,2026-09-08,all,web,page,https://www.the-anchor.pub/quiz-night,raw/gsc-16m-p-pg_0002/Chart.csv
gsc-16m-p-pg_0002,2026-05-17,0,4,0,7,page-group,date,complete,false,2025-05-09,2026-09-08,all,web,page,https://www.the-anchor.pub/quiz-night,raw/gsc-16m-p-pg_0002/Chart.csv
gsc-16m-p-pg_0002,2026-05-18,0,2,0,9.5,page-group,date,complete,false,2025-05-09,2026-09-08,all,web,page,https://www.the-anchor.pub/quiz-night,raw/gsc-16m-p-pg_0002/Chart.csv
gsc-16m-p-pg_0002,2026-05-19,0,15,0,6.5,page-group,date,complete,false,2025-05-09,2026-09-08,all,web,page,https://www.the-anchor.pub/quiz-night,raw/gsc-16m-p-pg_0002/Chart.csv
gsc-16m-p-pg_0002,2026-05-20,0,1,0,12,page-group,date,complete,false,2025-05-09,2026-09-08,all,web,page,https://www.the-anchor.pub/quiz-night,raw/gsc-16m-p-pg_0002/Chart.csv
gsc-16m-p-pg_0002,2026-05-21,0,5,0,12,page-group,date,complete,false,2025-05-09,2026-09-08,all,web,page,https://www.the-anchor.pub/quiz-night,raw/gsc-16m-p-pg_0002/Chart.csv
gsc-16m-p-pg_0002,2026-05-22,0,1,0,11,page-group,date,complete,false,2025-05-09,2026-09-08,all,web,page,https://www.the-anchor.pub/quiz-night,raw/gsc-16m-p-pg_0002/Chart.csv
gsc-16m-p-pg_0002,2026-05-23,0,1,0,45,page-group,date,complete,false,2025-05-09,2026-09-08,all,web,page,https://www.the-anchor.pub/quiz-night,raw/gsc-16m-p-pg_0002/Chart.csv
gsc-16m-p-pg_0002,2026-05-24,0,3,0,5.7,page-group,date,complete,false,2025-05-09,2026-09-08,all,web,page,https://www.the-anchor.pub/quiz-night,raw/gsc-16m-p-pg_0002/Chart.csv
gsc-16m-p-pg_0002,2026-05-25,0,5,0,7.8,page-group,date,complete,false,2025-05-09,2026-09-08,all,web,page,https://www.the-anchor.pub/quiz-night,raw/gsc-16m-p-pg_0002/Chart.csv
gsc-16m-p-pg_0002,2026-05-26,0,2,0,25.5,page-group,date,complete,false,2025-05-09,2026-09-08,all,web,page,https://www.the-anchor.pub/quiz-night,raw/gsc-16m-p-pg_0002/Chart.csv
gsc-16m-p-pg_0002,2026-05-27,0,2,0,6.5,page-group,date,complete,false,2025-05-09,2026-09-08,all,web,page,https://www.the-anchor.pub/quiz-night,raw/gsc-16m-p-pg_0002/Chart.csv
gsc-16m-p-pg_0002,2026-05-28,0,6,0,2.3,page-group,date,complete,false,2025-05-09,2026-09-08,all,web,page,https://www.the-anchor.pub/quiz-night,raw/gsc-16m-p-pg_0002/Chart.csv
gsc-16m-p-pg_0002,2026-05-29,0,0,,,page-group,date,complete,false,2025-05-09,2026-09-08,all,web,page,https://www.the-anchor.pub/quiz-night,raw/gsc-16m-p-pg_0002/Chart.csv
gsc-16m-p-pg_0002,2026-05-30,0,3,0,7.3,page-group,date,complete,false,2025-05-09,2026-09-08,all,web,page,https://www.the-anchor.pub/quiz-night,raw/gsc-16m-p-pg_0002/Chart.csv
gsc-16m-p-pg_0002,2026-05-31,0,4,0,6,page-group,date,complete,false,2025-05-09,2026-09-08,all,web,page,https://www.the-anchor.pub/quiz-night,raw/gsc-16m-p-pg_0002/Chart.csv
gsc-16m-p-pg_0002,2026-06-01,0,2,0,3.5,page-group,date,complete,false,2025-05-09,2026-09-08,all,web,page,https://www.the-anchor.pub/quiz-night,raw/gsc-16m-p-pg_0002/Chart.csv
gsc-16m-p-pg_0002,2026-06-02,0,4,0,4.5,page-group,date,complete,false,2025-05-09,2026-09-08,all,web,page,https://www.the-anchor.pub/quiz-night,raw/gsc-16m-p-pg_0002/Chart.csv
gsc-16m-p-pg_0002,2026-06-03,0,5,0,7.2,page-group,date,complete,false,2025-05-09,2026-09-08,all,web,page,https://www.the-anchor.pub/quiz-night,raw/gsc-16m-p-pg_0002/Chart.csv
gsc-16m-p-pg_0002,2026-06-04,0,4,0,10,page-group,date,complete,false,2025-05-09,2026-09-08,all,web,page,https://www.the-anchor.pub/quiz-night,raw/gsc-16m-p-pg_0002/Chart.csv
gsc-16m-p-pg_0002,2026-06-05,0,2,0,10.5,page-group,date,complete,false,2025-05-09,2026-09-08,all,web,page,https://www.the-anchor.pub/quiz-night,raw/gsc-16m-p-pg_0002/Chart.csv
gsc-16m-p-pg_0002,2026-06-06,0,5,0,8.8,page-group,date,complete,false,2025-05-09,2026-09-08,all,web,page,https://www.the-anchor.pub/quiz-night,raw/gsc-16m-p-pg_0002/Chart.csv
gsc-16m-p-pg_0002,2026-06-07,1,11,0.0909,6.6,page-group,date,complete,false,2025-05-09,2026-09-08,all,web,page,https://www.the-anchor.pub/quiz-night,raw/gsc-16m-p-pg_0002/Chart.csv
gsc-16m-p-pg_0002,2026-06-08,0,2,0,5.5,page-group,date,complete,false,2025-05-09,2026-09-08,all,web,page,https://www.the-anchor.pub/quiz-night,raw/gsc-16m-p-pg_0002/Chart.csv
gsc-16m-p-pg_0002,2026-06-09,0,1,0,5,page-group,date,complete,false,2025-05-09,2026-09-08,all,web,page,https://www.the-anchor.pub/quiz-night,raw/gsc-16m-p-pg_0002/Chart.csv
gsc-16m-p-pg_0002,2026-06-10,0,0,,,page-group,date,complete,false,2025-05-09,2026-09-08,all,web,page,https://www.the-anchor.pub/quiz-night,raw/gsc-16m-p-pg_0002/Chart.csv
gsc-16m-p-pg_0002,2026-06-11,0,1,0,1,page-group,date,complete,false,2025-05-09,2026-09-08,all,web,page,https://www.the-anchor.pub/quiz-night,raw/gsc-16m-p-pg_0002/Chart.csv
gsc-16m-p-pg_0002,2026-06-12,0,0,,,page-group,date,complete,false,2025-05-09,2026-09-08,all,web,page,https://www.the-anchor.pub/quiz-night,raw/gsc-16m-p-pg_0002/Chart.csv
gsc-16m-p-pg_0002,2026-06-13,0,1,0,1,page-group,date,complete,false,2025-05-09,2026-09-08,all,web,page,https://www.the-anchor.pub/quiz-night,raw/gsc-16m-p-pg_0002/Chart.csv
gsc-16m-p-pg_0002,2026-06-14,0,2,0,7,page-group,date,complete,false,2025-05-09,2026-09-08,all,web,page,https://www.the-anchor.pub/quiz-night,raw/gsc-16m-p-pg_0002/Chart.csv
gsc-16m-p-pg_0002,2026-06-15,0,4,0,5,page-group,date,complete,false,2025-05-09,2026-09-08,all,web,page,https://www.the-anchor.pub/quiz-night,raw/gsc-16m-p-pg_0002/Chart.csv
gsc-16m-p-pg_0002,2026-06-16,0,8,0,6.4,page-group,date,complete,false,2025-05-09,2026-09-08,all,web,page,https://www.the-anchor.pub/quiz-night,raw/gsc-16m-p-pg_0002/Chart.csv
gsc-16m-p-pg_0002,2026-06-17,0,5,0,17,page-group,date,complete,false,2025-05-09,2026-09-08,all,web,page,https://www.the-anchor.pub/quiz-night,raw/gsc-16m-p-pg_0002/Chart.csv
gsc-16m-p-pg_0002,2026-06-18,0,3,0,17.3,page-group,date,complete,false,2025-05-09,2026-09-08,all,web,page,https://www.the-anchor.pub/quiz-night,raw/gsc-16m-p-pg_0002/Chart.csv
gsc-16m-p-pg_0002,2026-06-19,0,3,0,4,page-group,date,complete,false,2025-05-09,2026-09-08,all,web,page,https://www.the-anchor.pub/quiz-night,raw/gsc-16m-p-pg_0002/Chart.csv
gsc-16m-p-pg_0002,2026-06-20,0,8,0,6.1,page-group,date,complete,false,2025-05-09,2026-09-08,all,web,page,https://www.the-anchor.pub/quiz-night,raw/gsc-16m-p-pg_0002/Chart.csv
gsc-16m-p-pg_0002,2026-06-21,0,3,0,23,page-group,date,complete,false,2025-05-09,2026-09-08,all,web,page,https://www.the-anchor.pub/quiz-night,raw/gsc-16m-p-pg_0002/Chart.csv
gsc-16m-p-pg_0002,2026-06-22,0,2,0,4.5,page-group,date,complete,false,2025-05-09,2026-09-08,all,web,page,https://www.the-anchor.pub/quiz-night,raw/gsc-16m-p-pg_0002/Chart.csv
gsc-16m-p-pg_0002,2026-06-23,0,2,0,11,page-group,date,complete,false,2025-05-09,2026-09-08,all,web,page,https://www.the-anchor.pub/quiz-night,raw/gsc-16m-p-pg_0002/Chart.csv
gsc-16m-p-pg_0002,2026-06-24,0,4,0,2.8,page-group,date,complete,false,2025-05-09,2026-09-08,all,web,page,https://www.the-anchor.pub/quiz-night,raw/gsc-16m-p-pg_0002/Chart.csv
gsc-16m-p-pg_0002,2026-06-25,0,2,0,2,page-group,date,complete,false,2025-05-09,2026-09-08,all,web,page,https://www.the-anchor.pub/quiz-night,raw/gsc-16m-p-pg_0002/Chart.csv
gsc-16m-p-pg_0002,2026-06-26,0,2,0,3,page-group,date,complete,false,2025-05-09,2026-09-08,all,web,page,https://www.the-anchor.pub/quiz-night,raw/gsc-16m-p-pg_0002/Chart.csv
gsc-16m-p-pg_0002,2026-06-27,0,4,0,4.5,page-group,date,complete,false,2025-05-09,2026-09-08,all,web,page,https://www.the-anchor.pub/quiz-night,raw/gsc-16m-p-pg_0002/Chart.csv
gsc-16m-p-pg_0002,2026-06-28,0,1,0,8,page-group,date,complete,false,2025-05-09,2026-09-08,all,web,page,https://www.the-anchor.pub/quiz-night,raw/gsc-16m-p-pg_0002/Chart.csv
gsc-16m-p-pg_0002,2026-06-29,0,3,0,5,page-group,date,complete,false,2025-05-09,2026-09-08,all,web,page,https://www.the-anchor.pub/quiz-night,raw/gsc-16m-p-pg_0002/Chart.csv
gsc-16m-p-pg_0002,2026-06-30,0,8,0,4,page-group,date,complete,false,2025-05-09,2026-09-08,all,web,page,https://www.the-anchor.pub/quiz-night,raw/gsc-16m-p-pg_0002/Chart.csv
gsc-16m-p-pg_0002,2026-07-01,0,4,0,2.8,page-group,date,complete,false,2025-05-09,2026-09-08,all,web,page,https://www.the-anchor.pub/quiz-night,raw/gsc-16m-p-pg_0002/Chart.csv
gsc-16m-p-pg_0002,2026-07-02,1,6,0.1667,5,page-group,date,complete,false,2025-05-09,2026-09-08,all,web,page,https://www.the-anchor.pub/quiz-night,raw/gsc-16m-p-pg_0002/Chart.csv
gsc-16m-p-pg_0002,2026-07-03,0,0,,,page-group,date,complete,false,2025-05-09,2026-09-08,all,web,page,https://www.the-anchor.pub/quiz-night,raw/gsc-16m-p-pg_0002/Chart.csv
gsc-16m-p-pg_0002,2026-07-04,0,1,0,1,page-group,date,complete,false,2025-05-09,2026-09-08,all,web,page,https://www.the-anchor.pub/quiz-night,raw/gsc-16m-p-pg_0002/Chart.csv
gsc-16m-p-pg_0002,2026-07-05,0,4,0,19.8,page-group,date,complete,false,2025-05-09,2026-09-08,all,web,page,https://www.the-anchor.pub/quiz-night,raw/gsc-16m-p-pg_0002/Chart.csv
gsc-16m-p-pg_0002,2026-07-06,0,5,0,4.6,page-group,date,complete,false,2025-05-09,2026-09-08,all,web,page,https://www.the-anchor.pub/quiz-night,raw/gsc-16m-p-pg_0002/Chart.csv
gsc-16m-p-pg_0002,2026-07-07,0,2,0,3.5,page-group,date,complete,false,2025-05-09,2026-09-08,all,web,page,https://www.the-anchor.pub/quiz-night,raw/gsc-16m-p-pg_0002/Chart.csv
gsc-16m-p-pg_0002,2026-07-08,0,7,0,3.3,page-group,date,complete,false,2025-05-09,2026-09-08,all,web,page,https://www.the-anchor.pub/quiz-night,raw/gsc-16m-p-pg_0002/Chart.csv
gsc-16m-p-pg_0002,2026-07-09,0,1,0,8,page-group,date,complete,false,2025-05-09,2026-09-08,all,web,page,https://www.the-anchor.pub/quiz-night,raw/gsc-16m-p-pg_0002/Chart.csv
gsc-16m-p-pg_0002,2026-07-10,0,5,0,24.6,page-group,date,complete,false,2025-05-09,2026-09-08,all,web,page,https://www.the-anchor.pub/quiz-night,raw/gsc-16m-p-pg_0002/Chart.csv
gsc-16m-p-pg_0002,2026-07-11,0,0,,,page-group,date,complete,false,2025-05-09,2026-09-08,all,web,page,https://www.the-anchor.pub/quiz-night,raw/gsc-16m-p-pg_0002/Chart.csv
gsc-16m-p-pg_0002,2026-07-12,0,2,0,7.5,page-group,date,complete,false,2025-05-09,2026-09-08,all,web,page,https://www.the-anchor.pub/quiz-night,raw/gsc-16m-p-pg_0002/Chart.csv
gsc-16m-p-pg_0002,2026-07-13,0,5,0,7.8,page-group,date,complete,false,2025-05-09,2026-09-08,all,web,page,https://www.the-anchor.pub/quiz-night,raw/gsc-16m-p-pg_0002/Chart.csv
gsc-16m-p-pg_0002,2026-07-14,0,4,0,9.8,page-group,date,complete,false,2025-05-09,2026-09-08,all,web,page,https://www.the-anchor.pub/quiz-night,raw/gsc-16m-p-pg_0002/Chart.csv
gsc-16m-p-pg_0002,2026-07-15,0,2,0,36,page-group,date,complete,false,2025-05-09,2026-09-08,all,web,page,https://www.the-anchor.pub/quiz-night,raw/gsc-16m-p-pg_0002/Chart.csv
gsc-16m-p-pg_0002,2026-07-16,0,4,0,5,page-group,date,complete,false,2025-05-09,2026-09-08,all,web,page,https://www.the-anchor.pub/quiz-night,raw/gsc-16m-p-pg_0002/Chart.csv
gsc-16m-p-pg_0002,2026-07-17,0,4,0,6,page-group,date,complete,false,2025-05-09,2026-09-08,all,web,page,https://www.the-anchor.pub/quiz-night,raw/gsc-16m-p-pg_0002/Chart.csv
gsc-16m-p-pg_0002,2026-07-18,0,2,0,3.5,page-group,date,complete,false,2025-05-09,2026-09-08,all,web,page,https://www.the-anchor.pub/quiz-night,raw/gsc-16m-p-pg_0002/Chart.csv
gsc-16m-p-pg_0002,2026-07-19,0,2,0,2.5,page-group,date,complete,false,2025-05-09,2026-09-08,all,web,page,https://www.the-anchor.pub/quiz-night,raw/gsc-16m-p-pg_0002/Chart.csv
gsc-16m-p-pg_0002,2026-07-20,0,5,0,6,page-group,date,complete,false,2025-05-09,2026-09-08,all,web,page,https://www.the-anchor.pub/quiz-night,raw/gsc-16m-p-pg_0002/Chart.csv
gsc-16m-p-pg_0002,2026-07-21,0,12,0,12,page-group,date,complete,false,2025-05-09,2026-09-08,all,web,page,https://www.the-anchor.pub/quiz-night,raw/gsc-16m-p-pg_0002/Chart.csv
gsc-16m-p-pg_0002,2026-07-22,0,6,0,47.8,page-group,date,complete,false,2025-05-09,2026-09-08,all,web,page,https://www.the-anchor.pub/quiz-night,raw/gsc-16m-p-pg_0002/Chart.csv
gsc-16m-p-pg_0002,2026-07-23,0,3,0,4.7,page-group,date,complete,false,2025-05-09,2026-09-08,all,web,page,https://www.the-anchor.pub/quiz-night,raw/gsc-16m-p-pg_0002/Chart.csv
gsc-16m-p-pg_0002,2026-07-24,0,6,0,13.3,page-group,date,complete,false,2025-05-09,2026-09-08,all,web,page,https://www.the-anchor.pub/quiz-night,raw/gsc-16m-p-pg_0002/Chart.csv
gsc-16m-p-pg_0002,2026-07-25,0,1,0,47,page-group,date,complete,false,2025-05-09,2026-09-08,all,web,page,https://www.the-anchor.pub/quiz-night,raw/gsc-16m-p-pg_0002/Chart.csv
gsc-16m-p-pg_0002,2026-07-26,0,1,0,4,page-group,date,complete,false,2025-05-09,2026-09-08,all,web,page,https://www.the-anchor.pub/quiz-night,raw/gsc-16m-p-pg_0002/Chart.csv
gsc-16m-p-pg_0002,2026-07-27,0,3,0,10.7,page-group,date,complete,false,2025-05-09,2026-09-08,all,web,page,https://www.the-anchor.pub/quiz-night,raw/gsc-16m-p-pg_0002/Chart.csv
gsc-16m-p-pg_0002,2026-07-28,0,3,0,9.3,page-group,date,complete,false,2025-05-09,2026-09-08,all,web,page,https://www.the-anchor.pub/quiz-night,raw/gsc-16m-p-pg_0002/Chart.csv
gsc-16m-p-pg_0002,2026-07-29,0,3,0,6,page-group,date,complete,false,2025-05-09,2026-09-08,all,web,page,https://www.the-anchor.pub/quiz-night,raw/gsc-16m-p-pg_0002/Chart.csv
gsc-16m-p-pg_0002,2026-07-30,0,1,0,7,page-group,date,complete,false,2025-05-09,2026-09-08,all,web,page,https://www.the-anchor.pub/quiz-night,raw/gsc-16m-p-pg_0002/Chart.csv
gsc-16m-p-pg_0002,2026-07-31,0,2,0,2,page-group,date,complete,false,2025-05-09,2026-09-08,all,web,page,https://www.the-anchor.pub/quiz-night,raw/gsc-16m-p-pg_0002/Chart.csv
gsc-16m-p-pg_0002,2026-08-01,0,2,0,4,page-group,date,complete,false,2025-05-09,2026-09-08,all,web,page,https://www.the-anchor.pub/quiz-night,raw/gsc-16m-p-pg_0002/Chart.csv
gsc-16m-p-pg_0002,2026-08-02,0,2,0,7,page-group,date,complete,false,2025-05-09,2026-09-08,all,web,page,https://www.the-anchor.pub/quiz-night,raw/gsc-16m-p-pg_0002/Chart.csv
gsc-16m-p-pg_0002,2026-08-03,0,3,0,7,page-group,date,complete,false,2025-05-09,2026-09-08,all,web,page,https://www.the-anchor.pub/quiz-night,raw/gsc-16m-p-pg_0002/Chart.csv
gsc-16m-p-pg_0002,2026-08-04,0,2,0,5,page-group,date,complete,false,2025-05-09,2026-09-08,all,web,page,https://www.the-anchor.pub/quiz-night,raw/gsc-16m-p-pg_0002/Chart.csv
gsc-16m-p-pg_0002,2026-08-05,0,4,0,3.5,page-group,date,complete,false,2025-05-09,2026-09-08,all,web,page,https://www.the-anchor.pub/quiz-night,raw/gsc-16m-p-pg_0002/Chart.csv
gsc-16m-p-pg_0002,2026-08-06,0,5,0,33.4,page-group,date,complete,false,2025-05-09,2026-09-08,all,web,page,https://www.the-anchor.pub/quiz-night,raw/gsc-16m-p-pg_0002/Chart.csv
gsc-16m-p-pg_0002,2026-08-07,0,1,0,25,page-group,date,complete,false,2025-05-09,2026-09-08,all,web,page,https://www.the-anchor.pub/quiz-night,raw/gsc-16m-p-pg_0002/Chart.csv
gsc-16m-p-pg_0002,2026-08-08,0,0,,,page-group,date,complete,false,2025-05-09,2026-09-08,all,web,page,https://www.the-anchor.pub/quiz-night,raw/gsc-16m-p-pg_0002/Chart.csv
gsc-16m-p-pg_0002,2026-08-09,0,3,0,9,page-group,date,complete,false,2025-05-09,2026-09-08,all,web,page,https://www.the-anchor.pub/quiz-night,raw/gsc-16m-p-pg_0002/Chart.csv
gsc-16m-p-pg_0002,2026-08-10,0,5,0,4.8,page-group,date,complete,false,2025-05-09,2026-09-08,all,web,page,https://www.the-anchor.pub/quiz-night,raw/gsc-16m-p-pg_0002/Chart.csv
gsc-16m-p-pg_0002,2026-08-11,0,4,0,7.8,page-group,date,complete,false,2025-05-09,2026-09-08,all,web,page,https://www.the-anchor.pub/quiz-night,raw/gsc-16m-p-pg_0002/Chart.csv
gsc-16m-p-pg_0002,2026-08-12,0,4,0,13.2,page-group,date,complete,false,2025-05-09,2026-09-08,all,web,page,https://www.the-anchor.pub/quiz-night,raw/gsc-16m-p-pg_0002/Chart.csv
gsc-16m-p-pg_0002,2026-08-13,0,6,0,24.5,page-group,date,complete,false,2025-05-09,2026-09-08,all,web,page,https://www.the-anchor.pub/quiz-night,raw/gsc-16m-p-pg_0002/Chart.csv
gsc-16m-p-pg_0002,2026-08-14,0,3,0,6,page-group,date,complete,false,2025-05-09,2026-09-08,all,web,page,https://www.the-anchor.pub/quiz-night,raw/gsc-16m-p-pg_0002/Chart.csv
gsc-16m-p-pg_0002,2026-08-15,0,4,0,32.2,page-group,date,complete,false,2025-05-09,2026-09-08,all,web,page,https://www.the-anchor.pub/quiz-night,raw/gsc-16m-p-pg_0002/Chart.csv
gsc-16m-p-pg_0002,2026-08-16,0,1,0,73,page-group,date,complete,false,2025-05-09,2026-09-08,all,web,page,https://www.the-anchor.pub/quiz-night,raw/gsc-16m-p-pg_0002/Chart.csv
gsc-16m-p-pg_0002,2026-08-17,0,11,0,5.6,page-group,date,complete,false,2025-05-09,2026-09-08,all,web,page,https://www.the-anchor.pub/quiz-night,raw/gsc-16m-p-pg_0002/Chart.csv
gsc-16m-p-pg_0002,2026-08-18,0,8,0,4.9,page-group,date,complete,false,2025-05-09,2026-09-08,all,web,page,https://www.the-anchor.pub/quiz-night,raw/gsc-16m-p-pg_0002/Chart.csv
gsc-16m-p-pg_0002,2026-08-19,0,6,0,17,page-group,date,complete,false,2025-05-09,2026-09-08,all,web,page,https://www.the-anchor.pub/quiz-night,raw/gsc-16m-p-pg_0002/Chart.csv
gsc-16m-p-pg_0002,2026-08-20,0,2,0,42,page-group,date,complete,false,2025-05-09,2026-09-08,all,web,page,https://www.the-anchor.pub/quiz-night,raw/gsc-16m-p-pg_0002/Chart.csv
gsc-16m-p-pg_0002,2026-08-21,0,4,0,9,page-group,date,complete,false,2025-05-09,2026-09-08,all,web,page,https://www.the-anchor.pub/quiz-night,raw/gsc-16m-p-pg_0002/Chart.csv
gsc-16m-p-pg_0002,2026-08-22,0,3,0,2.3,page-group,date,complete,false,2025-05-09,2026-09-08,all,web,page,https://www.the-anchor.pub/quiz-night,raw/gsc-16m-p-pg_0002/Chart.csv
gsc-16m-p-pg_0002,2026-08-23,0,3,0,6.3,page-group,date,complete,false,2025-05-09,2026-09-08,all,web,page,https://www.the-anchor.pub/quiz-night,raw/gsc-16m-p-pg_0002/Chart.csv
gsc-16m-p-pg_0002,2026-08-24,0,4,0,16,page-group,date,complete,false,2025-05-09,2026-09-08,all,web,page,https://www.the-anchor.pub/quiz-night,raw/gsc-16m-p-pg_0002/Chart.csv
gsc-16m-p-pg_0002,2026-08-25,0,6,0,23.8,page-group,date,complete,false,2025-05-09,2026-09-08,all,web,page,https://www.the-anchor.pub/quiz-night,raw/gsc-16m-p-pg_0002/Chart.csv
gsc-16m-p-pg_0002,2026-08-26,1,9,0.1111,30.9,page-group,date,complete,false,2025-05-09,2026-09-08,all,web,page,https://www.the-anchor.pub/quiz-night,raw/gsc-16m-p-pg_0002/Chart.csv
gsc-16m-p-pg_0002,2026-08-27,0,7,0,16,page-group,date,complete,false,2025-05-09,2026-09-08,all,web,page,https://www.the-anchor.pub/quiz-night,raw/gsc-16m-p-pg_0002/Chart.csv
gsc-16m-p-pg_0002,2026-08-28,0,4,0,40,page-group,date,complete,false,2025-05-09,2026-09-08,all,web,page,https://www.the-anchor.pub/quiz-night,raw/gsc-16m-p-pg_0002/Chart.csv
gsc-16m-p-pg_0002,2026-08-29,0,2,0,4.5,page-group,date,complete,false,2025-05-09,2026-09-08,all,web,page,https://www.the-anchor.pub/quiz-night,raw/gsc-16m-p-pg_0002/Chart.csv
gsc-16m-p-pg_0002,2026-08-30,0,0,,,page-group,date,complete,false,2025-05-09,2026-09-08,all,web,page,https://www.the-anchor.pub/quiz-night,raw/gsc-16m-p-pg_0002/Chart.csv
gsc-16m-p-pg_0002,2026-08-31,0,6,0,32.5,page-group,date,complete,false,2025-05-09,2026-09-08,all,web,page,https://www.the-anchor.pub/quiz-night,raw/gsc-16m-p-pg_0002/Chart.csv
gsc-16m-p-pg_0002,2026-09-01,0,8,0,7,page-group,date,complete,false,2025-05-09,2026-09-08,all,web,page,https://www.the-anchor.pub/quiz-night,raw/gsc-16m-p-pg_0002/Chart.csv
gsc-16m-p-pg_0002,2026-09-02,0,11,0,8.9,page-group,date,complete,false,2025-05-09,2026-09-08,all,web,page,https://www.the-anchor.pub/quiz-night,raw/gsc-16m-p-pg_0002/Chart.csv
gsc-16m-p-pg_0002,2026-09-03,0,2,0,8.5,page-group,date,complete,false,2025-05-09,2026-09-08,all,web,page,https://www.the-anchor.pub/quiz-night,raw/gsc-16m-p-pg_0002/Chart.csv
gsc-16m-p-pg_0002,2026-09-04,0,5,0,9.6,page-group,date,complete,false,2025-05-09,2026-09-08,all,web,page,https://www.the-anchor.pub/quiz-night,raw/gsc-16m-p-pg_0002/Chart.csv
gsc-16m-p-pg_0002,2026-09-05,0,1,0,1,page-group,date,complete,false,2025-05-09,2026-09-08,all,web,page,https://www.the-anchor.pub/quiz-night,raw/gsc-16m-p-pg_0002/Chart.csv
gsc-16m-p-pg_0002,2026-09-06,0,3,0,6.3,page-group,date,complete,false,2025-05-09,2026-09-08,all,web,page,https://www.the-anchor.pub/quiz-night,raw/gsc-16m-p-pg_0002/Chart.csv
gsc-16m-p-pg_0002,2026-09-07,0,4,0,20,page-group,date,complete,false,2025-05-09,2026-09-08,all,web,page,https://www.the-anchor.pub/quiz-night,raw/gsc-16m-p-pg_0002/Chart.csv
gsc-16m-p-pg_0002,2026-09-08,0,4,0,9.5,page-group,date,complete,false,2025-05-09,2026-09-08,all,web,page,https://www.the-anchor.pub/quiz-night,raw/gsc-16m-p-pg_0002/Chart.csv
gsc-16m-p-pg_0004,2025-05-09,0,0,,,page-group,date,complete,false,2025-05-09,2026-09-08,all,web,page,https://www.the-anchor.pub/music-bingo,raw/gsc-16m-p-pg_0004/Chart.csv
gsc-16m-p-pg_0004,2025-05-10,0,0,,,page-group,date,complete,false,2025-05-09,2026-09-08,all,web,page,https://www.the-anchor.pub/music-bingo,raw/gsc-16m-p-pg_0004/Chart.csv
gsc-16m-p-pg_0004,2025-05-11,0,0,,,page-group,date,complete,false,2025-05-09,2026-09-08,all,web,page,https://www.the-anchor.pub/music-bingo,raw/gsc-16m-p-pg_0004/Chart.csv
gsc-16m-p-pg_0004,2025-05-12,0,0,,,page-group,date,complete,false,2025-05-09,2026-09-08,all,web,page,https://www.the-anchor.pub/music-bingo,raw/gsc-16m-p-pg_0004/Chart.csv
gsc-16m-p-pg_0004,2025-05-13,0,0,,,page-group,date,complete,false,2025-05-09,2026-09-08,all,web,page,https://www.the-anchor.pub/music-bingo,raw/gsc-16m-p-pg_0004/Chart.csv
gsc-16m-p-pg_0004,2025-05-14,0,0,,,page-group,date,complete,false,2025-05-09,2026-09-08,all,web,page,https://www.the-anchor.pub/music-bingo,raw/gsc-16m-p-pg_0004/Chart.csv
gsc-16m-p-pg_0004,2025-05-15,0,0,,,page-group,date,complete,false,2025-05-09,2026-09-08,all,web,page,https://www.the-anchor.pub/music-bingo,raw/gsc-16m-p-pg_0004/Chart.csv
gsc-16m-p-pg_0004,2025-05-16,0,0,,,page-group,date,complete,false,2025-05-09,2026-09-08,all,web,page,https://www.the-anchor.pub/music-bingo,raw/gsc-16m-p-pg_0004/Chart.csv
gsc-16m-p-pg_0004,2025-05-17,0,0,,,page-group,date,complete,false,2025-05-09,2026-09-08,all,web,page,https://www.the-anchor.pub/music-bingo,raw/gsc-16m-p-pg_0004/Chart.csv
gsc-16m-p-pg_0004,2025-05-18,0,0,,,page-group,date,complete,false,2025-05-09,2026-09-08,all,web,page,https://www.the-anchor.pub/music-bingo,raw/gsc-16m-p-pg_0004/Chart.csv
gsc-16m-p-pg_0004,2025-05-19,0,0,,,page-group,date,complete,false,2025-05-09,2026-09-08,all,web,page,https://www.the-anchor.pub/music-bingo,raw/gsc-16m-p-pg_0004/Chart.csv
gsc-16m-p-pg_0004,2025-05-20,0,0,,,page-group,date,complete,false,2025-05-09,2026-09-08,all,web,page,https://www.the-anchor.pub/music-bingo,raw/gsc-16m-p-pg_0004/Chart.csv
gsc-16m-p-pg_0004,2025-05-21,0,0,,,page-group,date,complete,false,2025-05-09,2026-09-08,all,web,page,https://www.the-anchor.pub/music-bingo,raw/gsc-16m-p-pg_0004/Chart.csv
gsc-16m-p-pg_0004,2025-05-22,0,0,,,page-group,date,complete,false,2025-05-09,2026-09-08,all,web,page,https://www.the-anchor.pub/music-bingo,raw/gsc-16m-p-pg_0004/Chart.csv
gsc-16m-p-pg_0004,2025-05-23,0,0,,,page-group,date,complete,false,2025-05-09,2026-09-08,all,web,page,https://www.the-anchor.pub/music-bingo,raw/gsc-16m-p-pg_0004/Chart.csv
gsc-16m-p-pg_0004,2025-05-24,0,0,,,page-group,date,complete,false,2025-05-09,2026-09-08,all,web,page,https://www.the-anchor.pub/music-bingo,raw/gsc-16m-p-pg_0004/Chart.csv
gsc-16m-p-pg_0004,2025-05-25,0,0,,,page-group,date,complete,false,2025-05-09,2026-09-08,all,web,page,https://www.the-anchor.pub/music-bingo,raw/gsc-16m-p-pg_0004/Chart.csv
gsc-16m-p-pg_0004,2025-05-26,0,0,,,page-group,date,complete,false,2025-05-09,2026-09-08,all,web,page,https://www.the-anchor.pub/music-bingo,raw/gsc-16m-p-pg_0004/Chart.csv
gsc-16m-p-pg_0004,2025-05-27,0,0,,,page-group,date,complete,false,2025-05-09,2026-09-08,all,web,page,https://www.the-anchor.pub/music-bingo,raw/gsc-16m-p-pg_0004/Chart.csv
gsc-16m-p-pg_0004,2025-05-28,0,0,,,page-group,date,complete,false,2025-05-09,2026-09-08,all,web,page,https://www.the-anchor.pub/music-bingo,raw/gsc-16m-p-pg_0004/Chart.csv
gsc-16m-p-pg_0004,2025-05-29,0,0,,,page-group,date,complete,false,2025-05-09,2026-09-08,all,web,page,https://www.the-anchor.pub/music-bingo,raw/gsc-16m-p-pg_0004/Chart.csv
gsc-16m-p-pg_0004,2025-05-30,0,0,,,page-group,date,complete,false,2025-05-09,2026-09-08,all,web,page,https://www.the-anchor.pub/music-bingo,raw/gsc-16m-p-pg_0004/Chart.csv
gsc-16m-p-pg_0004,2025-05-31,0,0,,,page-group,date,complete,false,2025-05-09,2026-09-08,all,web,page,https://www.the-anchor.pub/music-bingo,raw/gsc-16m-p-pg_0004/Chart.csv
gsc-16m-p-pg_0004,2025-06-01,0,0,,,page-group,date,complete,false,2025-05-09,2026-09-08,all,web,page,https://www.the-anchor.pub/music-bingo,raw/gsc-16m-p-pg_0004/Chart.csv
gsc-16m-p-pg_0004,2025-06-02,0,0,,,page-group,date,complete,false,2025-05-09,2026-09-08,all,web,page,https://www.the-anchor.pub/music-bingo,raw/gsc-16m-p-pg_0004/Chart.csv
gsc-16m-p-pg_0004,2025-06-03,0,0,,,page-group,date,complete,false,2025-05-09,2026-09-08,all,web,page,https://www.the-anchor.pub/music-bingo,raw/gsc-16m-p-pg_0004/Chart.csv
gsc-16m-p-pg_0004,2025-06-04,0,0,,,page-group,date,complete,false,2025-05-09,2026-09-08,all,web,page,https://www.the-anchor.pub/music-bingo,raw/gsc-16m-p-pg_0004/Chart.csv
gsc-16m-p-pg_0004,2025-06-05,0,0,,,page-group,date,complete,false,2025-05-09,2026-09-08,all,web,page,https://www.the-anchor.pub/music-bingo,raw/gsc-16m-p-pg_0004/Chart.csv
gsc-16m-p-pg_0004,2025-06-06,0,0,,,page-group,date,complete,false,2025-05-09,2026-09-08,all,web,page,https://www.the-anchor.pub/music-bingo,raw/gsc-16m-p-pg_0004/Chart.csv
gsc-16m-p-pg_0004,2025-06-07,0,0,,,page-group,date,complete,false,2025-05-09,2026-09-08,all,web,page,https://www.the-anchor.pub/music-bingo,raw/gsc-16m-p-pg_0004/Chart.csv
gsc-16m-p-pg_0004,2025-06-08,0,0,,,page-group,date,complete,false,2025-05-09,2026-09-08,all,web,page,https://www.the-anchor.pub/music-bingo,raw/gsc-16m-p-pg_0004/Chart.csv
gsc-16m-p-pg_0004,2025-06-09,0,0,,,page-group,date,complete,false,2025-05-09,2026-09-08,all,web,page,https://www.the-anchor.pub/music-bingo,raw/gsc-16m-p-pg_0004/Chart.csv
gsc-16m-p-pg_0004,2025-06-10,0,0,,,page-group,date,complete,false,2025-05-09,2026-09-08,all,web,page,https://www.the-anchor.pub/music-bingo,raw/gsc-16m-p-pg_0004/Chart.csv
gsc-16m-p-pg_0004,2025-06-11,0,0,,,page-group,date,complete,false,2025-05-09,2026-09-08,all,web,page,https://www.the-anchor.pub/music-bingo,raw/gsc-16m-p-pg_0004/Chart.csv
gsc-16m-p-pg_0004,2025-06-12,0,0,,,page-group,date,complete,false,2025-05-09,2026-09-08,all,web,page,https://www.the-anchor.pub/music-bingo,raw/gsc-16m-p-pg_0004/Chart.csv
gsc-16m-p-pg_0004,2025-06-13,0,0,,,page-group,date,complete,false,2025-05-09,2026-09-08,all,web,page,https://www.the-anchor.pub/music-bingo,raw/gsc-16m-p-pg_0004/Chart.csv
gsc-16m-p-pg_0004,2025-06-14,0,0,,,page-group,date,complete,false,2025-05-09,2026-09-08,all,web,page,https://www.the-anchor.pub/music-bingo,raw/gsc-16m-p-pg_0004/Chart.csv
gsc-16m-p-pg_0004,2025-06-15,0,0,,,page-group,date,complete,false,2025-05-09,2026-09-08,all,web,page,https://www.the-anchor.pub/music-bingo,raw/gsc-16m-p-pg_0004/Chart.csv
gsc-16m-p-pg_0004,2025-06-16,0,0,,,page-group,date,complete,false,2025-05-09,2026-09-08,all,web,page,https://www.the-anchor.pub/music-bingo,raw/gsc-16m-p-pg_0004/Chart.csv
gsc-16m-p-pg_0004,2025-06-17,0,0,,,page-group,date,complete,false,2025-05-09,2026-09-08,all,web,page,https://www.the-anchor.pub/music-bingo,raw/gsc-16m-p-pg_0004/Chart.csv
gsc-16m-p-pg_0004,2025-06-18,0,0,,,page-group,date,complete,false,2025-05-09,2026-09-08,all,web,page,https://www.the-anchor.pub/music-bingo,raw/gsc-16m-p-pg_0004/Chart.csv
gsc-16m-p-pg_0004,2025-06-19,0,0,,,page-group,date,complete,false,2025-05-09,2026-09-08,all,web,page,https://www.the-anchor.pub/music-bingo,raw/gsc-16m-p-pg_0004/Chart.csv
gsc-16m-p-pg_0004,2025-06-20,0,0,,,page-group,date,complete,false,2025-05-09,2026-09-08,all,web,page,https://www.the-anchor.pub/music-bingo,raw/gsc-16m-p-pg_0004/Chart.csv
gsc-16m-p-pg_0004,2025-06-21,0,0,,,page-group,date,complete,false,2025-05-09,2026-09-08,all,web,page,https://www.the-anchor.pub/music-bingo,raw/gsc-16m-p-pg_0004/Chart.csv
gsc-16m-p-pg_0004,2025-06-22,0,0,,,page-group,date,complete,false,2025-05-09,2026-09-08,all,web,page,https://www.the-anchor.pub/music-bingo,raw/gsc-16m-p-pg_0004/Chart.csv
gsc-16m-p-pg_0004,2025-06-23,0,0,,,page-group,date,complete,false,2025-05-09,2026-09-08,all,web,page,https://www.the-anchor.pub/music-bingo,raw/gsc-16m-p-pg_0004/Chart.csv
gsc-16m-p-pg_0004,2025-06-24,0,0,,,page-group,date,complete,false,2025-05-09,2026-09-08,all,web,page,https://www.the-anchor.pub/music-bingo,raw/gsc-16m-p-pg_0004/Chart.csv
gsc-16m-p-pg_0004,2025-06-25,0,0,,,page-group,date,complete,false,2025-05-09,2026-09-08,all,web,page,https://www.the-anchor.pub/music-bingo,raw/gsc-16m-p-pg_0004/Chart.csv
gsc-16m-p-pg_0004,2025-06-26,0,0,,,page-group,date,complete,false,2025-05-09,2026-09-08,all,web,page,https://www.the-anchor.pub/music-bingo,raw/gsc-16m-p-pg_0004/Chart.csv
gsc-16m-p-pg_0004,2025-06-27,0,0,,,page-group,date,complete,false,2025-05-09,2026-09-08,all,web,page,https://www.the-anchor.pub/music-bingo,raw/gsc-16m-p-pg_0004/Chart.csv
gsc-16m-p-pg_0004,2025-06-28,0,0,,,page-group,date,complete,false,2025-05-09,2026-09-08,all,web,page,https://www.the-anchor.pub/music-bingo,raw/gsc-16m-p-pg_0004/Chart.csv
gsc-16m-p-pg_0004,2025-06-29,0,0,,,page-group,date,complete,false,2025-05-09,2026-09-08,all,web,page,https://www.the-anchor.pub/music-bingo,raw/gsc-16m-p-pg_0004/Chart.csv
gsc-16m-p-pg_0004,2025-06-30,0,0,,,page-group,date,complete,false,2025-05-09,2026-09-08,all,web,page,https://www.the-anchor.pub/music-bingo,raw/gsc-16m-p-pg_0004/Chart.csv
gsc-16m-p-pg_0004,2025-07-01,0,0,,,page-group,date,complete,false,2025-05-09,2026-09-08,all,web,page,https://www.the-anchor.pub/music-bingo,raw/gsc-16m-p-pg_0004/Chart.csv
gsc-16m-p-pg_0004,2025-07-02,0,0,,,page-group,date,complete,false,2025-05-09,2026-09-08,all,web,page,https://www.the-anchor.pub/music-bingo,raw/gsc-16m-p-pg_0004/Chart.csv
gsc-16m-p-pg_0004,2025-07-03,0,0,,,page-group,date,complete,false,2025-05-09,2026-09-08,all,web,page,https://www.the-anchor.pub/music-bingo,raw/gsc-16m-p-pg_0004/Chart.csv
gsc-16m-p-pg_0004,2025-07-04,0,0,,,page-group,date,complete,false,2025-05-09,2026-09-08,all,web,page,https://www.the-anchor.pub/music-bingo,raw/gsc-16m-p-pg_0004/Chart.csv
gsc-16m-p-pg_0004,2025-07-05,0,0,,,page-group,date,complete,false,2025-05-09,2026-09-08,all,web,page,https://www.the-anchor.pub/music-bingo,raw/gsc-16m-p-pg_0004/Chart.csv
gsc-16m-p-pg_0004,2025-07-06,0,0,,,page-group,date,complete,false,2025-05-09,2026-09-08,all,web,page,https://www.the-anchor.pub/music-bingo,raw/gsc-16m-p-pg_0004/Chart.csv
gsc-16m-p-pg_0004,2025-07-07,0,0,,,page-group,date,complete,false,2025-05-09,2026-09-08,all,web,page,https://www.the-anchor.pub/music-bingo,raw/gsc-16m-p-pg_0004/Chart.csv
gsc-16m-p-pg_0004,2025-07-08,0,0,,,page-group,date,complete,false,2025-05-09,2026-09-08,all,web,page,https://www.the-anchor.pub/music-bingo,raw/gsc-16m-p-pg_0004/Chart.csv
gsc-16m-p-pg_0004,2025-07-09,0,0,,,page-group,date,complete,false,2025-05-09,2026-09-08,all,web,page,https://www.the-anchor.pub/music-bingo,raw/gsc-16m-p-pg_0004/Chart.csv
gsc-16m-p-pg_0004,2025-07-10,0,0,,,page-group,date,complete,false,2025-05-09,2026-09-08,all,web,page,https://www.the-anchor.pub/music-bingo,raw/gsc-16m-p-pg_0004/Chart.csv
gsc-16m-p-pg_0004,2025-07-11,0,0,,,page-group,date,complete,false,2025-05-09,2026-09-08,all,web,page,https://www.the-anchor.pub/music-bingo,raw/gsc-16m-p-pg_0004/Chart.csv
gsc-16m-p-pg_0004,2025-07-12,0,0,,,page-group,date,complete,false,2025-05-09,2026-09-08,all,web,page,https://www.the-anchor.pub/music-bingo,raw/gsc-16m-p-pg_0004/Chart.csv
gsc-16m-p-pg_0004,2025-07-13,0,0,,,page-group,date,complete,false,2025-05-09,2026-09-08,all,web,page,https://www.the-anchor.pub/music-bingo,raw/gsc-16m-p-pg_0004/Chart.csv
gsc-16m-p-pg_0004,2025-07-14,0,0,,,page-group,date,complete,false,2025-05-09,2026-09-08,all,web,page,https://www.the-anchor.pub/music-bingo,raw/gsc-16m-p-pg_0004/Chart.csv
gsc-16m-p-pg_0004,2025-07-15,0,0,,,page-group,date,complete,false,2025-05-09,2026-09-08,all,web,page,https://www.the-anchor.pub/music-bingo,raw/gsc-16m-p-pg_0004/Chart.csv
gsc-16m-p-pg_0004,2025-07-16,0,0,,,page-group,date,complete,false,2025-05-09,2026-09-08,all,web,page,https://www.the-anchor.pub/music-bingo,raw/gsc-16m-p-pg_0004/Chart.csv
gsc-16m-p-pg_0004,2025-07-17,0,0,,,page-group,date,complete,false,2025-05-09,2026-09-08,all,web,page,https://www.the-anchor.pub/music-bingo,raw/gsc-16m-p-pg_0004/Chart.csv
gsc-16m-p-pg_0004,2025-07-18,0,0,,,page-group,date,complete,false,2025-05-09,2026-09-08,all,web,page,https://www.the-anchor.pub/music-bingo,raw/gsc-16m-p-pg_0004/Chart.csv
gsc-16m-p-pg_0004,2025-07-19,0,0,,,page-group,date,complete,false,2025-05-09,2026-09-08,all,web,page,https://www.the-anchor.pub/music-bingo,raw/gsc-16m-p-pg_0004/Chart.csv
gsc-16m-p-pg_0004,2025-07-20,0,0,,,page-group,date,complete,false,2025-05-09,2026-09-08,all,web,page,https://www.the-anchor.pub/music-bingo,raw/gsc-16m-p-pg_0004/Chart.csv
gsc-16m-p-pg_0004,2025-07-21,0,0,,,page-group,date,complete,false,2025-05-09,2026-09-08,all,web,page,https://www.the-anchor.pub/music-bingo,raw/gsc-16m-p-pg_0004/Chart.csv
gsc-16m-p-pg_0004,2025-07-22,0,0,,,page-group,date,complete,false,2025-05-09,2026-09-08,all,web,page,https://www.the-anchor.pub/music-bingo,raw/gsc-16m-p-pg_0004/Chart.csv
gsc-16m-p-pg_0004,2025-07-23,0,0,,,page-group,date,complete,false,2025-05-09,2026-09-08,all,web,page,https://www.the-anchor.pub/music-bingo,raw/gsc-16m-p-pg_0004/Chart.csv
gsc-16m-p-pg_0004,2025-07-24,0,0,,,page-group,date,complete,false,2025-05-09,2026-09-08,all,web,page,https://www.the-anchor.pub/music-bingo,raw/gsc-16m-p-pg_0004/Chart.csv
gsc-16m-p-pg_0004,2025-07-25,0,0,,,page-group,date,complete,false,2025-05-09,2026-09-08,all,web,page,https://www.the-anchor.pub/music-bingo,raw/gsc-16m-p-pg_0004/Chart.csv
gsc-16m-p-pg_0004,2025-07-26,0,0,,,page-group,date,complete,false,2025-05-09,2026-09-08,all,web,page,https://www.the-anchor.pub/music-bingo,raw/gsc-16m-p-pg_0004/Chart.csv
gsc-16m-p-pg_0004,2025-07-27,0,0,,,page-group,date,complete,false,2025-05-09,2026-09-08,all,web,page,https://www.the-anchor.pub/music-bingo,raw/gsc-16m-p-pg_0004/Chart.csv
gsc-16m-p-pg_0004,2025-07-28,0,0,,,page-group,date,complete,false,2025-05-09,2026-09-08,all,web,page,https://www.the-anchor.pub/music-bingo,raw/gsc-16m-p-pg_0004/Chart.csv
gsc-16m-p-pg_0004,2025-07-29,0,0,,,page-group,date,complete,false,2025-05-09,2026-09-08,all,web,page,https://www.the-anchor.pub/music-bingo,raw/gsc-16m-p-pg_0004/Chart.csv
gsc-16m-p-pg_0004,2025-07-30,0,0,,,page-group,date,complete,false,2025-05-09,2026-09-08,all,web,page,https://www.the-anchor.pub/music-bingo,raw/gsc-16m-p-pg_0004/Chart.csv
gsc-16m-p-pg_0004,2025-07-31,0,0,,,page-group,date,complete,false,2025-05-09,2026-09-08,all,web,page,https://www.the-anchor.pub/music-bingo,raw/gsc-16m-p-pg_0004/Chart.csv
gsc-16m-p-pg_0004,2025-08-01,0,0,,,page-group,date,complete,false,2025-05-09,2026-09-08,all,web,page,https://www.the-anchor.pub/music-bingo,raw/gsc-16m-p-pg_0004/Chart.csv
gsc-16m-p-pg_0004,2025-08-02,0,0,,,page-group,date,complete,false,2025-05-09,2026-09-08,all,web,page,https://www.the-anchor.pub/music-bingo,raw/gsc-16m-p-pg_0004/Chart.csv
gsc-16m-p-pg_0004,2025-08-03,0,0,,,page-group,date,complete,false,2025-05-09,2026-09-08,all,web,page,https://www.the-anchor.pub/music-bingo,raw/gsc-16m-p-pg_0004/Chart.csv
gsc-16m-p-pg_0004,2025-08-04,0,0,,,page-group,date,complete,false,2025-05-09,2026-09-08,all,web,page,https://www.the-anchor.pub/music-bingo,raw/gsc-16m-p-pg_0004/Chart.csv
gsc-16m-p-pg_0004,2025-08-05,0,0,,,page-group,date,complete,false,2025-05-09,2026-09-08,all,web,page,https://www.the-anchor.pub/music-bingo,raw/gsc-16m-p-pg_0004/Chart.csv
gsc-16m-p-pg_0004,2025-08-06,0,0,,,page-group,date,complete,false,2025-05-09,2026-09-08,all,web,page,https://www.the-anchor.pub/music-bingo,raw/gsc-16m-p-pg_0004/Chart.csv
gsc-16m-p-pg_0004,2025-08-07,0,0,,,page-group,date,complete,false,2025-05-09,2026-09-08,all,web,page,https://www.the-anchor.pub/music-bingo,raw/gsc-16m-p-pg_0004/Chart.csv
gsc-16m-p-pg_0004,2025-08-08,0,0,,,page-group,date,complete,false,2025-05-09,2026-09-08,all,web,page,https://www.the-anchor.pub/music-bingo,raw/gsc-16m-p-pg_0004/Chart.csv
gsc-16m-p-pg_0004,2025-08-09,0,0,,,page-group,date,complete,false,2025-05-09,2026-09-08,all,web,page,https://www.the-anchor.pub/music-bingo,raw/gsc-16m-p-pg_0004/Chart.csv
gsc-16m-p-pg_0004,2025-08-10,0,0,,,page-group,date,complete,false,2025-05-09,2026-09-08,all,web,page,https://www.the-anchor.pub/music-bingo,raw/gsc-16m-p-pg_0004/Chart.csv
gsc-16m-p-pg_0004,2025-08-11,0,0,,,page-group,date,complete,false,2025-05-09,2026-09-08,all,web,page,https://www.the-anchor.pub/music-bingo,raw/gsc-16m-p-pg_0004/Chart.csv
gsc-16m-p-pg_0004,2025-08-12,0,0,,,page-group,date,complete,false,2025-05-09,2026-09-08,all,web,page,https://www.the-anchor.pub/music-bingo,raw/gsc-16m-p-pg_0004/Chart.csv
gsc-16m-p-pg_0004,2025-08-13,0,0,,,page-group,date,complete,false,2025-05-09,2026-09-08,all,web,page,https://www.the-anchor.pub/music-bingo,raw/gsc-16m-p-pg_0004/Chart.csv
gsc-16m-p-pg_0004,2025-08-14,0,0,,,page-group,date,complete,false,2025-05-09,2026-09-08,all,web,page,https://www.the-anchor.pub/music-bingo,raw/gsc-16m-p-pg_0004/Chart.csv
gsc-16m-p-pg_0004,2025-08-15,0,0,,,page-group,date,complete,false,2025-05-09,2026-09-08,all,web,page,https://www.the-anchor.pub/music-bingo,raw/gsc-16m-p-pg_0004/Chart.csv
gsc-16m-p-pg_0004,2025-08-16,0,0,,,page-group,date,complete,false,2025-05-09,2026-09-08,all,web,page,https://www.the-anchor.pub/music-bingo,raw/gsc-16m-p-pg_0004/Chart.csv
gsc-16m-p-pg_0004,2025-08-17,0,0,,,page-group,date,complete,false,2025-05-09,2026-09-08,all,web,page,https://www.the-anchor.pub/music-bingo,raw/gsc-16m-p-pg_0004/Chart.csv
gsc-16m-p-pg_0004,2025-08-18,0,0,,,page-group,date,complete,false,2025-05-09,2026-09-08,all,web,page,https://www.the-anchor.pub/music-bingo,raw/gsc-16m-p-pg_0004/Chart.csv
gsc-16m-p-pg_0004,2025-08-19,0,0,,,page-group,date,complete,false,2025-05-09,2026-09-08,all,web,page,https://www.the-anchor.pub/music-bingo,raw/gsc-16m-p-pg_0004/Chart.csv
gsc-16m-p-pg_0004,2025-08-20,0,0,,,page-group,date,complete,false,2025-05-09,2026-09-08,all,web,page,https://www.the-anchor.pub/music-bingo,raw/gsc-16m-p-pg_0004/Chart.csv
gsc-16m-p-pg_0004,2025-08-21,0,0,,,page-group,date,complete,false,2025-05-09,2026-09-08,all,web,page,https://www.the-anchor.pub/music-bingo,raw/gsc-16m-p-pg_0004/Chart.csv
gsc-16m-p-pg_0004,2025-08-22,0,0,,,page-group,date,complete,false,2025-05-09,2026-09-08,all,web,page,https://www.the-anchor.pub/music-bingo,raw/gsc-16m-p-pg_0004/Chart.csv
gsc-16m-p-pg_0004,2025-08-23,0,0,,,page-group,date,complete,false,2025-05-09,2026-09-08,all,web,page,https://www.the-anchor.pub/music-bingo,raw/gsc-16m-p-pg_0004/Chart.csv
gsc-16m-p-pg_0004,2025-08-24,0,0,,,page-group,date,complete,false,2025-05-09,2026-09-08,all,web,page,https://www.the-anchor.pub/music-bingo,raw/gsc-16m-p-pg_0004/Chart.csv
gsc-16m-p-pg_0004,2025-08-25,0,0,,,page-group,date,complete,false,2025-05-09,2026-09-08,all,web,page,https://www.the-anchor.pub/music-bingo,raw/gsc-16m-p-pg_0004/Chart.csv
gsc-16m-p-pg_0004,2025-08-26,0,0,,,page-group,date,complete,false,2025-05-09,2026-09-08,all,web,page,https://www.the-anchor.pub/music-bingo,raw/gsc-16m-p-pg_0004/Chart.csv
gsc-16m-p-pg_0004,2025-08-27,0,0,,,page-group,date,complete,false,2025-05-09,2026-09-08,all,web,page,https://www.the-anchor.pub/music-bingo,raw/gsc-16m-p-pg_0004/Chart.csv
gsc-16m-p-pg_0004,2025-08-28,0,0,,,page-group,date,complete,false,2025-05-09,2026-09-08,all,web,page,https://www.the-anchor.pub/music-bingo,raw/gsc-16m-p-pg_0004/Chart.csv
gsc-16m-p-pg_0004,2025-08-29,0,0,,,page-group,date,complete,false,2025-05-09,2026-09-08,all,web,page,https://www.the-anchor.pub/music-bingo,raw/gsc-16m-p-pg_0004/Chart.csv
gsc-16m-p-pg_0004,2025-08-30,0,0,,,page-group,date,complete,false,2025-05-09,2026-09-08,all,web,page,https://www.the-anchor.pub/music-bingo,raw/gsc-16m-p-pg_0004/Chart.csv
gsc-16m-p-pg_0004,2025-08-31,0,0,,,page-group,date,complete,false,2025-05-09,2026-09-08,all,web,page,https://www.the-anchor.pub/music-bingo,raw/gsc-16m-p-pg_0004/Chart.csv
gsc-16m-p-pg_0004,2025-09-01,0,0,,,page-group,date,complete,false,2025-05-09,2026-09-08,all,web,page,https://www.the-anchor.pub/music-bingo,raw/gsc-16m-p-pg_0004/Chart.csv
gsc-16m-p-pg_0004,2025-09-02,0,0,,,page-group,date,complete,false,2025-05-09,2026-09-08,all,web,page,https://www.the-anchor.pub/music-bingo,raw/gsc-16m-p-pg_0004/Chart.csv
gsc-16m-p-pg_0004,2025-09-03,0,0,,,page-group,date,complete,false,2025-05-09,2026-09-08,all,web,page,https://www.the-anchor.pub/music-bingo,raw/gsc-16m-p-pg_0004/Chart.csv
gsc-16m-p-pg_0004,2025-09-04,0,0,,,page-group,date,complete,false,2025-05-09,2026-09-08,all,web,page,https://www.the-anchor.pub/music-bingo,raw/gsc-16m-p-pg_0004/Chart.csv
gsc-16m-p-pg_0004,2025-09-05,0,0,,,page-group,date,complete,false,2025-05-09,2026-09-08,all,web,page,https://www.the-anchor.pub/music-bingo,raw/gsc-16m-p-pg_0004/Chart.csv
gsc-16m-p-pg_0004,2025-09-06,0,0,,,page-group,date,complete,false,2025-05-09,2026-09-08,all,web,page,https://www.the-anchor.pub/music-bingo,raw/gsc-16m-p-pg_0004/Chart.csv
gsc-16m-p-pg_0004,2025-09-07,0,0,,,page-group,date,complete,false,2025-05-09,2026-09-08,all,web,page,https://www.the-anchor.pub/music-bingo,raw/gsc-16m-p-pg_0004/Chart.csv
gsc-16m-p-pg_0004,2025-09-08,0,0,,,page-group,date,complete,false,2025-05-09,2026-09-08,all,web,page,https://www.the-anchor.pub/music-bingo,raw/gsc-16m-p-pg_0004/Chart.csv
gsc-16m-p-pg_0004,2025-09-09,0,0,,,page-group,date,complete,false,2025-05-09,2026-09-08,all,web,page,https://www.the-anchor.pub/music-bingo,raw/gsc-16m-p-pg_0004/Chart.csv
gsc-16m-p-pg_0004,2025-09-10,0,0,,,page-group,date,complete,false,2025-05-09,2026-09-08,all,web,page,https://www.the-anchor.pub/music-bingo,raw/gsc-16m-p-pg_0004/Chart.csv
gsc-16m-p-pg_0004,2025-09-11,0,0,,,page-group,date,complete,false,2025-05-09,2026-09-08,all,web,page,https://www.the-anchor.pub/music-bingo,raw/gsc-16m-p-pg_0004/Chart.csv
gsc-16m-p-pg_0004,2025-09-12,0,0,,,page-group,date,complete,false,2025-05-09,2026-09-08,all,web,page,https://www.the-anchor.pub/music-bingo,raw/gsc-16m-p-pg_0004/Chart.csv
gsc-16m-p-pg_0004,2025-09-13,0,0,,,page-group,date,complete,false,2025-05-09,2026-09-08,all,web,page,https://www.the-anchor.pub/music-bingo,raw/gsc-16m-p-pg_0004/Chart.csv
gsc-16m-p-pg_0004,2025-09-14,0,0,,,page-group,date,complete,false,2025-05-09,2026-09-08,all,web,page,https://www.the-anchor.pub/music-bingo,raw/gsc-16m-p-pg_0004/Chart.csv
gsc-16m-p-pg_0004,2025-09-15,0,0,,,page-group,date,complete,false,2025-05-09,2026-09-08,all,web,page,https://www.the-anchor.pub/music-bingo,raw/gsc-16m-p-pg_0004/Chart.csv
gsc-16m-p-pg_0004,2025-09-16,0,0,,,page-group,date,complete,false,2025-05-09,2026-09-08,all,web,page,https://www.the-anchor.pub/music-bingo,raw/gsc-16m-p-pg_0004/Chart.csv
gsc-16m-p-pg_0004,2025-09-17,0,0,,,page-group,date,complete,false,2025-05-09,2026-09-08,all,web,page,https://www.the-anchor.pub/music-bingo,raw/gsc-16m-p-pg_0004/Chart.csv
gsc-16m-p-pg_0004,2025-09-18,0,0,,,page-group,date,complete,false,2025-05-09,2026-09-08,all,web,page,https://www.the-anchor.pub/music-bingo,raw/gsc-16m-p-pg_0004/Chart.csv
gsc-16m-p-pg_0004,2025-09-19,0,0,,,page-group,date,complete,false,2025-05-09,2026-09-08,all,web,page,https://www.the-anchor.pub/music-bingo,raw/gsc-16m-p-pg_0004/Chart.csv
gsc-16m-p-pg_0004,2025-09-20,0,0,,,page-group,date,complete,false,2025-05-09,2026-09-08,all,web,page,https://www.the-anchor.pub/music-bingo,raw/gsc-16m-p-pg_0004/Chart.csv
gsc-16m-p-pg_0004,2025-09-21,0,0,,,page-group,date,complete,false,2025-05-09,2026-09-08,all,web,page,https://www.the-anchor.pub/music-bingo,raw/gsc-16m-p-pg_0004/Chart.csv
gsc-16m-p-pg_0004,2025-09-22,0,0,,,page-group,date,complete,false,2025-05-09,2026-09-08,all,web,page,https://www.the-anchor.pub/music-bingo,raw/gsc-16m-p-pg_0004/Chart.csv
gsc-16m-p-pg_0004,2025-09-23,0,0,,,page-group,date,complete,false,2025-05-09,2026-09-08,all,web,page,https://www.the-anchor.pub/music-bingo,raw/gsc-16m-p-pg_0004/Chart.csv
gsc-16m-p-pg_0004,2025-09-24,0,0,,,page-group,date,complete,false,2025-05-09,2026-09-08,all,web,page,https://www.the-anchor.pub/music-bingo,raw/gsc-16m-p-pg_0004/Chart.csv
gsc-16m-p-pg_0004,2025-09-25,0,0,,,page-group,date,complete,false,2025-05-09,2026-09-08,all,web,page,https://www.the-anchor.pub/music-bingo,raw/gsc-16m-p-pg_0004/Chart.csv
gsc-16m-p-pg_0004,2025-09-26,0,0,,,page-group,date,complete,false,2025-05-09,2026-09-08,all,web,page,https://www.the-anchor.pub/music-bingo,raw/gsc-16m-p-pg_0004/Chart.csv
gsc-16m-p-pg_0004,2025-09-27,0,0,,,page-group,date,complete,false,2025-05-09,2026-09-08,all,web,page,https://www.the-anchor.pub/music-bingo,raw/gsc-16m-p-pg_0004/Chart.csv
gsc-16m-p-pg_0004,2025-09-28,0,0,,,page-group,date,complete,false,2025-05-09,2026-09-08,all,web,page,https://www.the-anchor.pub/music-bingo,raw/gsc-16m-p-pg_0004/Chart.csv
gsc-16m-p-pg_0004,2025-09-29,0,0,,,page-group,date,complete,false,2025-05-09,2026-09-08,all,web,page,https://www.the-anchor.pub/music-bingo,raw/gsc-16m-p-pg_0004/Chart.csv
gsc-16m-p-pg_0004,2025-09-30,0,0,,,page-group,date,complete,false,2025-05-09,2026-09-08,all,web,page,https://www.the-anchor.pub/music-bingo,raw/gsc-16m-p-pg_0004/Chart.csv
gsc-16m-p-pg_0004,2025-10-01,0,0,,,page-group,date,complete,false,2025-05-09,2026-09-08,all,web,page,https://www.the-anchor.pub/music-bingo,raw/gsc-16m-p-pg_0004/Chart.csv
gsc-16m-p-pg_0004,2025-10-02,0,0,,,page-group,date,complete,false,2025-05-09,2026-09-08,all,web,page,https://www.the-anchor.pub/music-bingo,raw/gsc-16m-p-pg_0004/Chart.csv
gsc-16m-p-pg_0004,2025-10-03,0,0,,,page-group,date,complete,false,2025-05-09,2026-09-08,all,web,page,https://www.the-anchor.pub/music-bingo,raw/gsc-16m-p-pg_0004/Chart.csv
gsc-16m-p-pg_0004,2025-10-04,0,0,,,page-group,date,complete,false,2025-05-09,2026-09-08,all,web,page,https://www.the-anchor.pub/music-bingo,raw/gsc-16m-p-pg_0004/Chart.csv
gsc-16m-p-pg_0004,2025-10-05,0,0,,,page-group,date,complete,false,2025-05-09,2026-09-08,all,web,page,https://www.the-anchor.pub/music-bingo,raw/gsc-16m-p-pg_0004/Chart.csv
gsc-16m-p-pg_0004,2025-10-06,0,0,,,page-group,date,complete,false,2025-05-09,2026-09-08,all,web,page,https://www.the-anchor.pub/music-bingo,raw/gsc-16m-p-pg_0004/Chart.csv
gsc-16m-p-pg_0004,2025-10-07,0,0,,,page-group,date,complete,false,2025-05-09,2026-09-08,all,web,page,https://www.the-anchor.pub/music-bingo,raw/gsc-16m-p-pg_0004/Chart.csv
gsc-16m-p-pg_0004,2025-10-08,0,0,,,page-group,date,complete,false,2025-05-09,2026-09-08,all,web,page,https://www.the-anchor.pub/music-bingo,raw/gsc-16m-p-pg_0004/Chart.csv
gsc-16m-p-pg_0004,2025-10-09,0,0,,,page-group,date,complete,false,2025-05-09,2026-09-08,all,web,page,https://www.the-anchor.pub/music-bingo,raw/gsc-16m-p-pg_0004/Chart.csv
gsc-16m-p-pg_0004,2025-10-10,0,0,,,page-group,date,complete,false,2025-05-09,2026-09-08,all,web,page,https://www.the-anchor.pub/music-bingo,raw/gsc-16m-p-pg_0004/Chart.csv
gsc-16m-p-pg_0004,2025-10-11,0,0,,,page-group,date,complete,false,2025-05-09,2026-09-08,all,web,page,https://www.the-anchor.pub/music-bingo,raw/gsc-16m-p-pg_0004/Chart.csv
gsc-16m-p-pg_0004,2025-10-12,0,0,,,page-group,date,complete,false,2025-05-09,2026-09-08,all,web,page,https://www.the-anchor.pub/music-bingo,raw/gsc-16m-p-pg_0004/Chart.csv
gsc-16m-p-pg_0004,2025-10-13,0,0,,,page-group,date,complete,false,2025-05-09,2026-09-08,all,web,page,https://www.the-anchor.pub/music-bingo,raw/gsc-16m-p-pg_0004/Chart.csv
gsc-16m-p-pg_0004,2025-10-14,0,0,,,page-group,date,complete,false,2025-05-09,2026-09-08,all,web,page,https://www.the-anchor.pub/music-bingo,raw/gsc-16m-p-pg_0004/Chart.csv
gsc-16m-p-pg_0004,2025-10-15,0,0,,,page-group,date,complete,false,2025-05-09,2026-09-08,all,web,page,https://www.the-anchor.pub/music-bingo,raw/gsc-16m-p-pg_0004/Chart.csv
gsc-16m-p-pg_0004,2025-10-16,0,0,,,page-group,date,complete,false,2025-05-09,2026-09-08,all,web,page,https://www.the-anchor.pub/music-bingo,raw/gsc-16m-p-pg_0004/Chart.csv
gsc-16m-p-pg_0004,2025-10-17,0,0,,,page-group,date,complete,false,2025-05-09,2026-09-08,all,web,page,https://www.the-anchor.pub/music-bingo,raw/gsc-16m-p-pg_0004/Chart.csv
gsc-16m-p-pg_0004,2025-10-18,0,0,,,page-group,date,complete,false,2025-05-09,2026-09-08,all,web,page,https://www.the-anchor.pub/music-bingo,raw/gsc-16m-p-pg_0004/Chart.csv
gsc-16m-p-pg_0004,2025-10-19,0,0,,,page-group,date,complete,false,2025-05-09,2026-09-08,all,web,page,https://www.the-anchor.pub/music-bingo,raw/gsc-16m-p-pg_0004/Chart.csv
gsc-16m-p-pg_0004,2025-10-20,0,0,,,page-group,date,complete,false,2025-05-09,2026-09-08,all,web,page,https://www.the-anchor.pub/music-bingo,raw/gsc-16m-p-pg_0004/Chart.csv
gsc-16m-p-pg_0004,2025-10-21,0,0,,,page-group,date,complete,false,2025-05-09,2026-09-08,all,web,page,https://www.the-anchor.pub/music-bingo,raw/gsc-16m-p-pg_0004/Chart.csv
gsc-16m-p-pg_0004,2025-10-22,0,0,,,page-group,date,complete,false,2025-05-09,2026-09-08,all,web,page,https://www.the-anchor.pub/music-bingo,raw/gsc-16m-p-pg_0004/Chart.csv
gsc-16m-p-pg_0004,2025-10-23,0,0,,,page-group,date,complete,false,2025-05-09,2026-09-08,all,web,page,https://www.the-anchor.pub/music-bingo,raw/gsc-16m-p-pg_0004/Chart.csv
gsc-16m-p-pg_0004,2025-10-24,0,0,,,page-group,date,complete,false,2025-05-09,2026-09-08,all,web,page,https://www.the-anchor.pub/music-bingo,raw/gsc-16m-p-pg_0004/Chart.csv
gsc-16m-p-pg_0004,2025-10-25,0,0,,,page-group,date,complete,false,2025-05-09,2026-09-08,all,web,page,https://www.the-anchor.pub/music-bingo,raw/gsc-16m-p-pg_0004/Chart.csv
gsc-16m-p-pg_0004,2025-10-26,0,0,,,page-group,date,complete,false,2025-05-09,2026-09-08,all,web,page,https://www.the-anchor.pub/music-bingo,raw/gsc-16m-p-pg_0004/Chart.csv
gsc-16m-p-pg_0004,2025-10-27,0,0,,,page-group,date,complete,false,2025-05-09,2026-09-08,all,web,page,https://www.the-anchor.pub/music-bingo,raw/gsc-16m-p-pg_0004/Chart.csv
gsc-16m-p-pg_0004,2025-10-28,0,0,,,page-group,date,complete,false,2025-05-09,2026-09-08,all,web,page,https://www.the-anchor.pub/music-bingo,raw/gsc-16m-p-pg_0004/Chart.csv
gsc-16m-p-pg_0004,2025-10-29,0,0,,,page-group,date,complete,false,2025-05-09,2026-09-08,all,web,page,https://www.the-anchor.pub/music-bingo,raw/gsc-16m-p-pg_0004/Chart.csv
gsc-16m-p-pg_0004,2025-10-30,0,0,,,page-group,date,complete,false,2025-05-09,2026-09-08,all,web,page,https://www.the-anchor.pub/music-bingo,raw/gsc-16m-p-pg_0004/Chart.csv
gsc-16m-p-pg_0004,2025-10-31,0,0,,,page-group,date,complete,false,2025-05-09,2026-09-08,all,web,page,https://www.the-anchor.pub/music-bingo,raw/gsc-16m-p-pg_0004/Chart.csv
gsc-16m-p-pg_0004,2025-11-01,0,0,,,page-group,date,complete,false,2025-05-09,2026-09-08,all,web,page,https://www.the-anchor.pub/music-bingo,raw/gsc-16m-p-pg_0004/Chart.csv
gsc-16m-p-pg_0004,2025-11-02,0,0,,,page-group,date,complete,false,2025-05-09,2026-09-08,all,web,page,https://www.the-anchor.pub/music-bingo,raw/gsc-16m-p-pg_0004/Chart.csv
gsc-16m-p-pg_0004,2025-11-03,0,0,,,page-group,date,complete,false,2025-05-09,2026-09-08,all,web,page,https://www.the-anchor.pub/music-bingo,raw/gsc-16m-p-pg_0004/Chart.csv
gsc-16m-p-pg_0004,2025-11-04,0,0,,,page-group,date,complete,false,2025-05-09,2026-09-08,all,web,page,https://www.the-anchor.pub/music-bingo,raw/gsc-16m-p-pg_0004/Chart.csv
gsc-16m-p-pg_0004,2025-11-05,0,0,,,page-group,date,complete,false,2025-05-09,2026-09-08,all,web,page,https://www.the-anchor.pub/music-bingo,raw/gsc-16m-p-pg_0004/Chart.csv
gsc-16m-p-pg_0004,2025-11-06,0,0,,,page-group,date,complete,false,2025-05-09,2026-09-08,all,web,page,https://www.the-anchor.pub/music-bingo,raw/gsc-16m-p-pg_0004/Chart.csv
gsc-16m-p-pg_0004,2025-11-07,0,0,,,page-group,date,complete,false,2025-05-09,2026-09-08,all,web,page,https://www.the-anchor.pub/music-bingo,raw/gsc-16m-p-pg_0004/Chart.csv
gsc-16m-p-pg_0004,2025-11-08,0,0,,,page-group,date,complete,false,2025-05-09,2026-09-08,all,web,page,https://www.the-anchor.pub/music-bingo,raw/gsc-16m-p-pg_0004/Chart.csv
gsc-16m-p-pg_0004,2025-11-09,0,0,,,page-group,date,complete,false,2025-05-09,2026-09-08,all,web,page,https://www.the-anchor.pub/music-bingo,raw/gsc-16m-p-pg_0004/Chart.csv
gsc-16m-p-pg_0004,2025-11-10,0,0,,,page-group,date,complete,false,2025-05-09,2026-09-08,all,web,page,https://www.the-anchor.pub/music-bingo,raw/gsc-16m-p-pg_0004/Chart.csv
gsc-16m-p-pg_0004,2025-11-11,0,0,,,page-group,date,complete,false,2025-05-09,2026-09-08,all,web,page,https://www.the-anchor.pub/music-bingo,raw/gsc-16m-p-pg_0004/Chart.csv
gsc-16m-p-pg_0004,2025-11-12,0,0,,,page-group,date,complete,false,2025-05-09,2026-09-08,all,web,page,https://www.the-anchor.pub/music-bingo,raw/gsc-16m-p-pg_0004/Chart.csv
gsc-16m-p-pg_0004,2025-11-13,0,0,,,page-group,date,complete,false,2025-05-09,2026-09-08,all,web,page,https://www.the-anchor.pub/music-bingo,raw/gsc-16m-p-pg_0004/Chart.csv
gsc-16m-p-pg_0004,2025-11-14,0,0,,,page-group,date,complete,false,2025-05-09,2026-09-08,all,web,page,https://www.the-anchor.pub/music-bingo,raw/gsc-16m-p-pg_0004/Chart.csv
gsc-16m-p-pg_0004,2025-11-15,0,0,,,page-group,date,complete,false,2025-05-09,2026-09-08,all,web,page,https://www.the-anchor.pub/music-bingo,raw/gsc-16m-p-pg_0004/Chart.csv
gsc-16m-p-pg_0004,2025-11-16,0,0,,,page-group,date,complete,false,2025-05-09,2026-09-08,all,web,page,https://www.the-anchor.pub/music-bingo,raw/gsc-16m-p-pg_0004/Chart.csv
gsc-16m-p-pg_0004,2025-11-17,0,0,,,page-group,date,complete,false,2025-05-09,2026-09-08,all,web,page,https://www.the-anchor.pub/music-bingo,raw/gsc-16m-p-pg_0004/Chart.csv
gsc-16m-p-pg_0004,2025-11-18,0,0,,,page-group,date,complete,false,2025-05-09,2026-09-08,all,web,page,https://www.the-anchor.pub/music-bingo,raw/gsc-16m-p-pg_0004/Chart.csv
gsc-16m-p-pg_0004,2025-11-19,0,0,,,page-group,date,complete,false,2025-05-09,2026-09-08,all,web,page,https://www.the-anchor.pub/music-bingo,raw/gsc-16m-p-pg_0004/Chart.csv
gsc-16m-p-pg_0004,2025-11-20,0,0,,,page-group,date,complete,false,2025-05-09,2026-09-08,all,web,page,https://www.the-anchor.pub/music-bingo,raw/gsc-16m-p-pg_0004/Chart.csv
gsc-16m-p-pg_0004,2025-11-21,0,0,,,page-group,date,complete,false,2025-05-09,2026-09-08,all,web,page,https://www.the-anchor.pub/music-bingo,raw/gsc-16m-p-pg_0004/Chart.csv
gsc-16m-p-pg_0004,2025-11-22,0,0,,,page-group,date,complete,false,2025-05-09,2026-09-08,all,web,page,https://www.the-anchor.pub/music-bingo,raw/gsc-16m-p-pg_0004/Chart.csv
gsc-16m-p-pg_0004,2025-11-23,0,0,,,page-group,date,complete,false,2025-05-09,2026-09-08,all,web,page,https://www.the-anchor.pub/music-bingo,raw/gsc-16m-p-pg_0004/Chart.csv
gsc-16m-p-pg_0004,2025-11-24,0,0,,,page-group,date,complete,false,2025-05-09,2026-09-08,all,web,page,https://www.the-anchor.pub/music-bingo,raw/gsc-16m-p-pg_0004/Chart.csv
gsc-16m-p-pg_0004,2025-11-25,0,0,,,page-group,date,complete,false,2025-05-09,2026-09-08,all,web,page,https://www.the-anchor.pub/music-bingo,raw/gsc-16m-p-pg_0004/Chart.csv
gsc-16m-p-pg_0004,2025-11-26,0,0,,,page-group,date,complete,false,2025-05-09,2026-09-08,all,web,page,https://www.the-anchor.pub/music-bingo,raw/gsc-16m-p-pg_0004/Chart.csv
gsc-16m-p-pg_0004,2025-11-27,0,0,,,page-group,date,complete,false,2025-05-09,2026-09-08,all,web,page,https://www.the-anchor.pub/music-bingo,raw/gsc-16m-p-pg_0004/Chart.csv
gsc-16m-p-pg_0004,2025-11-28,0,0,,,page-group,date,complete,false,2025-05-09,2026-09-08,all,web,page,https://www.the-anchor.pub/music-bingo,raw/gsc-16m-p-pg_0004/Chart.csv
gsc-16m-p-pg_0004,2025-11-29,0,0,,,page-group,date,complete,false,2025-05-09,2026-09-08,all,web,page,https://www.the-anchor.pub/music-bingo,raw/gsc-16m-p-pg_0004/Chart.csv
gsc-16m-p-pg_0004,2025-11-30,0,0,,,page-group,date,complete,false,2025-05-09,2026-09-08,all,web,page,https://www.the-anchor.pub/music-bingo,raw/gsc-16m-p-pg_0004/Chart.csv
gsc-16m-p-pg_0004,2025-12-01,0,0,,,page-group,date,complete,false,2025-05-09,2026-09-08,all,web,page,https://www.the-anchor.pub/music-bingo,raw/gsc-16m-p-pg_0004/Chart.csv
gsc-16m-p-pg_0004,2025-12-02,0,0,,,page-group,date,complete,false,2025-05-09,2026-09-08,all,web,page,https://www.the-anchor.pub/music-bingo,raw/gsc-16m-p-pg_0004/Chart.csv
gsc-16m-p-pg_0004,2025-12-03,0,0,,,page-group,date,complete,false,2025-05-09,2026-09-08,all,web,page,https://www.the-anchor.pub/music-bingo,raw/gsc-16m-p-pg_0004/Chart.csv
gsc-16m-p-pg_0004,2025-12-04,0,0,,,page-group,date,complete,false,2025-05-09,2026-09-08,all,web,page,https://www.the-anchor.pub/music-bingo,raw/gsc-16m-p-pg_0004/Chart.csv
gsc-16m-p-pg_0004,2025-12-05,0,0,,,page-group,date,complete,false,2025-05-09,2026-09-08,all,web,page,https://www.the-anchor.pub/music-bingo,raw/gsc-16m-p-pg_0004/Chart.csv
gsc-16m-p-pg_0004,2025-12-06,0,0,,,page-group,date,complete,false,2025-05-09,2026-09-08,all,web,page,https://www.the-anchor.pub/music-bingo,raw/gsc-16m-p-pg_0004/Chart.csv
gsc-16m-p-pg_0004,2025-12-07,0,0,,,page-group,date,complete,false,2025-05-09,2026-09-08,all,web,page,https://www.the-anchor.pub/music-bingo,raw/gsc-16m-p-pg_0004/Chart.csv
gsc-16m-p-pg_0004,2025-12-08,0,0,,,page-group,date,complete,false,2025-05-09,2026-09-08,all,web,page,https://www.the-anchor.pub/music-bingo,raw/gsc-16m-p-pg_0004/Chart.csv
gsc-16m-p-pg_0004,2025-12-09,0,0,,,page-group,date,complete,false,2025-05-09,2026-09-08,all,web,page,https://www.the-anchor.pub/music-bingo,raw/gsc-16m-p-pg_0004/Chart.csv
gsc-16m-p-pg_0004,2025-12-10,0,0,,,page-group,date,complete,false,2025-05-09,2026-09-08,all,web,page,https://www.the-anchor.pub/music-bingo,raw/gsc-16m-p-pg_0004/Chart.csv
gsc-16m-p-pg_0004,2025-12-11,0,0,,,page-group,date,complete,false,2025-05-09,2026-09-08,all,web,page,https://www.the-anchor.pub/music-bingo,raw/gsc-16m-p-pg_0004/Chart.csv
gsc-16m-p-pg_0004,2025-12-12,0,0,,,page-group,date,complete,false,2025-05-09,2026-09-08,all,web,page,https://www.the-anchor.pub/music-bingo,raw/gsc-16m-p-pg_0004/Chart.csv
gsc-16m-p-pg_0004,2025-12-13,0,0,,,page-group,date,complete,false,2025-05-09,2026-09-08,all,web,page,https://www.the-anchor.pub/music-bingo,raw/gsc-16m-p-pg_0004/Chart.csv
gsc-16m-p-pg_0004,2025-12-14,0,0,,,page-group,date,complete,false,2025-05-09,2026-09-08,all,web,page,https://www.the-anchor.pub/music-bingo,raw/gsc-16m-p-pg_0004/Chart.csv
gsc-16m-p-pg_0004,2025-12-15,0,0,,,page-group,date,complete,false,2025-05-09,2026-09-08,all,web,page,https://www.the-anchor.pub/music-bingo,raw/gsc-16m-p-pg_0004/Chart.csv
gsc-16m-p-pg_0004,2025-12-16,0,0,,,page-group,date,complete,false,2025-05-09,2026-09-08,all,web,page,https://www.the-anchor.pub/music-bingo,raw/gsc-16m-p-pg_0004/Chart.csv
gsc-16m-p-pg_0004,2025-12-17,0,0,,,page-group,date,complete,false,2025-05-09,2026-09-08,all,web,page,https://www.the-anchor.pub/music-bingo,raw/gsc-16m-p-pg_0004/Chart.csv
gsc-16m-p-pg_0004,2025-12-18,0,0,,,page-group,date,complete,false,2025-05-09,2026-09-08,all,web,page,https://www.the-anchor.pub/music-bingo,raw/gsc-16m-p-pg_0004/Chart.csv
gsc-16m-p-pg_0004,2025-12-19,0,0,,,page-group,date,complete,false,2025-05-09,2026-09-08,all,web,page,https://www.the-anchor.pub/music-bingo,raw/gsc-16m-p-pg_0004/Chart.csv
gsc-16m-p-pg_0004,2025-12-20,0,0,,,page-group,date,complete,false,2025-05-09,2026-09-08,all,web,page,https://www.the-anchor.pub/music-bingo,raw/gsc-16m-p-pg_0004/Chart.csv
gsc-16m-p-pg_0004,2025-12-21,0,0,,,page-group,date,complete,false,2025-05-09,2026-09-08,all,web,page,https://www.the-anchor.pub/music-bingo,raw/gsc-16m-p-pg_0004/Chart.csv
gsc-16m-p-pg_0004,2025-12-22,0,0,,,page-group,date,complete,false,2025-05-09,2026-09-08,all,web,page,https://www.the-anchor.pub/music-bingo,raw/gsc-16m-p-pg_0004/Chart.csv
gsc-16m-p-pg_0004,2025-12-23,0,0,,,page-group,date,complete,false,2025-05-09,2026-09-08,all,web,page,https://www.the-anchor.pub/music-bingo,raw/gsc-16m-p-pg_0004/Chart.csv
gsc-16m-p-pg_0004,2025-12-24,0,0,,,page-group,date,complete,false,2025-05-09,2026-09-08,all,web,page,https://www.the-anchor.pub/music-bingo,raw/gsc-16m-p-pg_0004/Chart.csv
gsc-16m-p-pg_0004,2025-12-25,0,0,,,page-group,date,complete,false,2025-05-09,2026-09-08,all,web,page,https://www.the-anchor.pub/music-bingo,raw/gsc-16m-p-pg_0004/Chart.csv
gsc-16m-p-pg_0004,2025-12-26,0,0,,,page-group,date,complete,false,2025-05-09,2026-09-08,all,web,page,https://www.the-anchor.pub/music-bingo,raw/gsc-16m-p-pg_0004/Chart.csv
gsc-16m-p-pg_0004,2025-12-27,0,0,,,page-group,date,complete,false,2025-05-09,2026-09-08,all,web,page,https://www.the-anchor.pub/music-bingo,raw/gsc-16m-p-pg_0004/Chart.csv
gsc-16m-p-pg_0004,2025-12-28,0,0,,,page-group,date,complete,false,2025-05-09,2026-09-08,all,web,page,https://www.the-anchor.pub/music-bingo,raw/gsc-16m-p-pg_0004/Chart.csv
gsc-16m-p-pg_0004,2025-12-29,0,0,,,page-group,date,complete,false,2025-05-09,2026-09-08,all,web,page,https://www.the-anchor.pub/music-bingo,raw/gsc-16m-p-pg_0004/Chart.csv
gsc-16m-p-pg_0004,2025-12-30,0,0,,,page-group,date,complete,false,2025-05-09,2026-09-08,all,web,page,https://www.the-anchor.pub/music-bingo,raw/gsc-16m-p-pg_0004/Chart.csv
gsc-16m-p-pg_0004,2025-12-31,0,0,,,page-group,date,complete,false,2025-05-09,2026-09-08,all,web,page,https://www.the-anchor.pub/music-bingo,raw/gsc-16m-p-pg_0004/Chart.csv
gsc-16m-p-pg_0004,2026-01-01,0,0,,,page-group,date,complete,false,2025-05-09,2026-09-08,all,web,page,https://www.the-anchor.pub/music-bingo,raw/gsc-16m-p-pg_0004/Chart.csv
gsc-16m-p-pg_0004,2026-01-02,0,0,,,page-group,date,complete,false,2025-05-09,2026-09-08,all,web,page,https://www.the-anchor.pub/music-bingo,raw/gsc-16m-p-pg_0004/Chart.csv
gsc-16m-p-pg_0004,2026-01-03,0,0,,,page-group,date,complete,false,2025-05-09,2026-09-08,all,web,page,https://www.the-anchor.pub/music-bingo,raw/gsc-16m-p-pg_0004/Chart.csv
gsc-16m-p-pg_0004,2026-01-04,0,0,,,page-group,date,complete,false,2025-05-09,2026-09-08,all,web,page,https://www.the-anchor.pub/music-bingo,raw/gsc-16m-p-pg_0004/Chart.csv
gsc-16m-p-pg_0004,2026-01-05,0,0,,,page-group,date,complete,false,2025-05-09,2026-09-08,all,web,page,https://www.the-anchor.pub/music-bingo,raw/gsc-16m-p-pg_0004/Chart.csv
gsc-16m-p-pg_0004,2026-01-06,0,0,,,page-group,date,complete,false,2025-05-09,2026-09-08,all,web,page,https://www.the-anchor.pub/music-bingo,raw/gsc-16m-p-pg_0004/Chart.csv
gsc-16m-p-pg_0004,2026-01-07,0,0,,,page-group,date,complete,false,2025-05-09,2026-09-08,all,web,page,https://www.the-anchor.pub/music-bingo,raw/gsc-16m-p-pg_0004/Chart.csv
gsc-16m-p-pg_0004,2026-01-08,0,0,,,page-group,date,complete,false,2025-05-09,2026-09-08,all,web,page,https://www.the-anchor.pub/music-bingo,raw/gsc-16m-p-pg_0004/Chart.csv
gsc-16m-p-pg_0004,2026-01-09,0,0,,,page-group,date,complete,false,2025-05-09,2026-09-08,all,web,page,https://www.the-anchor.pub/music-bingo,raw/gsc-16m-p-pg_0004/Chart.csv
gsc-16m-p-pg_0004,2026-01-10,0,0,,,page-group,date,complete,false,2025-05-09,2026-09-08,all,web,page,https://www.the-anchor.pub/music-bingo,raw/gsc-16m-p-pg_0004/Chart.csv
gsc-16m-p-pg_0004,2026-01-11,0,0,,,page-group,date,complete,false,2025-05-09,2026-09-08,all,web,page,https://www.the-anchor.pub/music-bingo,raw/gsc-16m-p-pg_0004/Chart.csv
gsc-16m-p-pg_0004,2026-01-12,0,0,,,page-group,date,complete,false,2025-05-09,2026-09-08,all,web,page,https://www.the-anchor.pub/music-bingo,raw/gsc-16m-p-pg_0004/Chart.csv
gsc-16m-p-pg_0004,2026-01-13,0,0,,,page-group,date,complete,false,2025-05-09,2026-09-08,all,web,page,https://www.the-anchor.pub/music-bingo,raw/gsc-16m-p-pg_0004/Chart.csv
gsc-16m-p-pg_0004,2026-01-14,0,0,,,page-group,date,complete,false,2025-05-09,2026-09-08,all,web,page,https://www.the-anchor.pub/music-bingo,raw/gsc-16m-p-pg_0004/Chart.csv
gsc-16m-p-pg_0004,2026-01-15,0,0,,,page-group,date,complete,false,2025-05-09,2026-09-08,all,web,page,https://www.the-anchor.pub/music-bingo,raw/gsc-16m-p-pg_0004/Chart.csv
gsc-16m-p-pg_0004,2026-01-16,0,0,,,page-group,date,complete,false,2025-05-09,2026-09-08,all,web,page,https://www.the-anchor.pub/music-bingo,raw/gsc-16m-p-pg_0004/Chart.csv
gsc-16m-p-pg_0004,2026-01-17,0,0,,,page-group,date,complete,false,2025-05-09,2026-09-08,all,web,page,https://www.the-anchor.pub/music-bingo,raw/gsc-16m-p-pg_0004/Chart.csv
gsc-16m-p-pg_0004,2026-01-18,0,0,,,page-group,date,complete,false,2025-05-09,2026-09-08,all,web,page,https://www.the-anchor.pub/music-bingo,raw/gsc-16m-p-pg_0004/Chart.csv
gsc-16m-p-pg_0004,2026-01-19,0,0,,,page-group,date,complete,false,2025-05-09,2026-09-08,all,web,page,https://www.the-anchor.pub/music-bingo,raw/gsc-16m-p-pg_0004/Chart.csv
gsc-16m-p-pg_0004,2026-01-20,0,0,,,page-group,date,complete,false,2025-05-09,2026-09-08,all,web,page,https://www.the-anchor.pub/music-bingo,raw/gsc-16m-p-pg_0004/Chart.csv
gsc-16m-p-pg_0004,2026-01-21,0,0,,,page-group,date,complete,false,2025-05-09,2026-09-08,all,web,page,https://www.the-anchor.pub/music-bingo,raw/gsc-16m-p-pg_0004/Chart.csv
gsc-16m-p-pg_0004,2026-01-22,0,0,,,page-group,date,complete,false,2025-05-09,2026-09-08,all,web,page,https://www.the-anchor.pub/music-bingo,raw/gsc-16m-p-pg_0004/Chart.csv
gsc-16m-p-pg_0004,2026-01-23,0,0,,,page-group,date,complete,false,2025-05-09,2026-09-08,all,web,page,https://www.the-anchor.pub/music-bingo,raw/gsc-16m-p-pg_0004/Chart.csv
gsc-16m-p-pg_0004,2026-01-24,0,0,,,page-group,date,complete,false,2025-05-09,2026-09-08,all,web,page,https://www.the-anchor.pub/music-bingo,raw/gsc-16m-p-pg_0004/Chart.csv
gsc-16m-p-pg_0004,2026-01-25,0,0,,,page-group,date,complete,false,2025-05-09,2026-09-08,all,web,page,https://www.the-anchor.pub/music-bingo,raw/gsc-16m-p-pg_0004/Chart.csv
gsc-16m-p-pg_0004,2026-01-26,0,0,,,page-group,date,complete,false,2025-05-09,2026-09-08,all,web,page,https://www.the-anchor.pub/music-bingo,raw/gsc-16m-p-pg_0004/Chart.csv
gsc-16m-p-pg_0004,2026-01-27,0,0,,,page-group,date,complete,false,2025-05-09,2026-09-08,all,web,page,https://www.the-anchor.pub/music-bingo,raw/gsc-16m-p-pg_0004/Chart.csv
gsc-16m-p-pg_0004,2026-01-28,0,0,,,page-group,date,complete,false,2025-05-09,2026-09-08,all,web,page,https://www.the-anchor.pub/music-bingo,raw/gsc-16m-p-pg_0004/Chart.csv
gsc-16m-p-pg_0004,2026-01-29,0,0,,,page-group,date,complete,false,2025-05-09,2026-09-08,all,web,page,https://www.the-anchor.pub/music-bingo,raw/gsc-16m-p-pg_0004/Chart.csv
gsc-16m-p-pg_0004,2026-01-30,0,0,,,page-group,date,complete,false,2025-05-09,2026-09-08,all,web,page,https://www.the-anchor.pub/music-bingo,raw/gsc-16m-p-pg_0004/Chart.csv
gsc-16m-p-pg_0004,2026-01-31,0,0,,,page-group,date,complete,false,2025-05-09,2026-09-08,all,web,page,https://www.the-anchor.pub/music-bingo,raw/gsc-16m-p-pg_0004/Chart.csv
gsc-16m-p-pg_0004,2026-02-01,0,1,0,2,page-group,date,complete,false,2025-05-09,2026-09-08,all,web,page,https://www.the-anchor.pub/music-bingo,raw/gsc-16m-p-pg_0004/Chart.csv
gsc-16m-p-pg_0004,2026-02-02,0,0,,,page-group,date,complete,false,2025-05-09,2026-09-08,all,web,page,https://www.the-anchor.pub/music-bingo,raw/gsc-16m-p-pg_0004/Chart.csv
gsc-16m-p-pg_0004,2026-02-03,0,0,,,page-group,date,complete,false,2025-05-09,2026-09-08,all,web,page,https://www.the-anchor.pub/music-bingo,raw/gsc-16m-p-pg_0004/Chart.csv
gsc-16m-p-pg_0004,2026-02-04,0,0,,,page-group,date,complete,false,2025-05-09,2026-09-08,all,web,page,https://www.the-anchor.pub/music-bingo,raw/gsc-16m-p-pg_0004/Chart.csv
gsc-16m-p-pg_0004,2026-02-05,0,0,,,page-group,date,complete,false,2025-05-09,2026-09-08,all,web,page,https://www.the-anchor.pub/music-bingo,raw/gsc-16m-p-pg_0004/Chart.csv
gsc-16m-p-pg_0004,2026-02-06,0,0,,,page-group,date,complete,false,2025-05-09,2026-09-08,all,web,page,https://www.the-anchor.pub/music-bingo,raw/gsc-16m-p-pg_0004/Chart.csv
gsc-16m-p-pg_0004,2026-02-07,0,8,0,38.5,page-group,date,complete,false,2025-05-09,2026-09-08,all,web,page,https://www.the-anchor.pub/music-bingo,raw/gsc-16m-p-pg_0004/Chart.csv
gsc-16m-p-pg_0004,2026-02-08,0,5,0,6,page-group,date,complete,false,2025-05-09,2026-09-08,all,web,page,https://www.the-anchor.pub/music-bingo,raw/gsc-16m-p-pg_0004/Chart.csv
gsc-16m-p-pg_0004,2026-02-09,0,0,,,page-group,date,complete,false,2025-05-09,2026-09-08,all,web,page,https://www.the-anchor.pub/music-bingo,raw/gsc-16m-p-pg_0004/Chart.csv
gsc-16m-p-pg_0004,2026-02-10,0,3,0,1.3,page-group,date,complete,false,2025-05-09,2026-09-08,all,web,page,https://www.the-anchor.pub/music-bingo,raw/gsc-16m-p-pg_0004/Chart.csv
gsc-16m-p-pg_0004,2026-02-11,0,3,0,4.7,page-group,date,complete,false,2025-05-09,2026-09-08,all,web,page,https://www.the-anchor.pub/music-bingo,raw/gsc-16m-p-pg_0004/Chart.csv
gsc-16m-p-pg_0004,2026-02-12,0,1,0,11,page-group,date,complete,false,2025-05-09,2026-09-08,all,web,page,https://www.the-anchor.pub/music-bingo,raw/gsc-16m-p-pg_0004/Chart.csv
gsc-16m-p-pg_0004,2026-02-13,0,4,0,13,page-group,date,complete,false,2025-05-09,2026-09-08,all,web,page,https://www.the-anchor.pub/music-bingo,raw/gsc-16m-p-pg_0004/Chart.csv
gsc-16m-p-pg_0004,2026-02-14,0,1,0,1,page-group,date,complete,false,2025-05-09,2026-09-08,all,web,page,https://www.the-anchor.pub/music-bingo,raw/gsc-16m-p-pg_0004/Chart.csv
gsc-16m-p-pg_0004,2026-02-15,0,3,0,15.7,page-group,date,complete,false,2025-05-09,2026-09-08,all,web,page,https://www.the-anchor.pub/music-bingo,raw/gsc-16m-p-pg_0004/Chart.csv
gsc-16m-p-pg_0004,2026-02-16,0,1,0,7,page-group,date,complete,false,2025-05-09,2026-09-08,all,web,page,https://www.the-anchor.pub/music-bingo,raw/gsc-16m-p-pg_0004/Chart.csv
gsc-16m-p-pg_0004,2026-02-17,0,4,0,15.5,page-group,date,complete,false,2025-05-09,2026-09-08,all,web,page,https://www.the-anchor.pub/music-bingo,raw/gsc-16m-p-pg_0004/Chart.csv
gsc-16m-p-pg_0004,2026-02-18,0,3,0,8.3,page-group,date,complete,false,2025-05-09,2026-09-08,all,web,page,https://www.the-anchor.pub/music-bingo,raw/gsc-16m-p-pg_0004/Chart.csv
gsc-16m-p-pg_0004,2026-02-19,0,1,0,1,page-group,date,complete,false,2025-05-09,2026-09-08,all,web,page,https://www.the-anchor.pub/music-bingo,raw/gsc-16m-p-pg_0004/Chart.csv
gsc-16m-p-pg_0004,2026-02-20,0,2,0,10.5,page-group,date,complete,false,2025-05-09,2026-09-08,all,web,page,https://www.the-anchor.pub/music-bingo,raw/gsc-16m-p-pg_0004/Chart.csv
gsc-16m-p-pg_0004,2026-02-21,0,3,0,14.3,page-group,date,complete,false,2025-05-09,2026-09-08,all,web,page,https://www.the-anchor.pub/music-bingo,raw/gsc-16m-p-pg_0004/Chart.csv
gsc-16m-p-pg_0004,2026-02-22,0,0,,,page-group,date,complete,false,2025-05-09,2026-09-08,all,web,page,https://www.the-anchor.pub/music-bingo,raw/gsc-16m-p-pg_0004/Chart.csv
gsc-16m-p-pg_0004,2026-02-23,0,3,0,6,page-group,date,complete,false,2025-05-09,2026-09-08,all,web,page,https://www.the-anchor.pub/music-bingo,raw/gsc-16m-p-pg_0004/Chart.csv
gsc-16m-p-pg_0004,2026-02-24,0,1,0,11,page-group,date,complete,false,2025-05-09,2026-09-08,all,web,page,https://www.the-anchor.pub/music-bingo,raw/gsc-16m-p-pg_0004/Chart.csv
gsc-16m-p-pg_0004,2026-02-25,0,6,0,13.8,page-group,date,complete,false,2025-05-09,2026-09-08,all,web,page,https://www.the-anchor.pub/music-bingo,raw/gsc-16m-p-pg_0004/Chart.csv
gsc-16m-p-pg_0004,2026-02-26,0,2,0,18.5,page-group,date,complete,false,2025-05-09,2026-09-08,all,web,page,https://www.the-anchor.pub/music-bingo,raw/gsc-16m-p-pg_0004/Chart.csv
gsc-16m-p-pg_0004,2026-02-27,0,6,0,5.2,page-group,date,complete,false,2025-05-09,2026-09-08,all,web,page,https://www.the-anchor.pub/music-bingo,raw/gsc-16m-p-pg_0004/Chart.csv
gsc-16m-p-pg_0004,2026-02-28,0,0,,,page-group,date,complete,false,2025-05-09,2026-09-08,all,web,page,https://www.the-anchor.pub/music-bingo,raw/gsc-16m-p-pg_0004/Chart.csv
gsc-16m-p-pg_0004,2026-03-01,0,0,,,page-group,date,complete,false,2025-05-09,2026-09-08,all,web,page,https://www.the-anchor.pub/music-bingo,raw/gsc-16m-p-pg_0004/Chart.csv
gsc-16m-p-pg_0004,2026-03-02,0,1,0,9,page-group,date,complete,false,2025-05-09,2026-09-08,all,web,page,https://www.the-anchor.pub/music-bingo,raw/gsc-16m-p-pg_0004/Chart.csv
gsc-16m-p-pg_0004,2026-03-03,0,1,0,5,page-group,date,complete,false,2025-05-09,2026-09-08,all,web,page,https://www.the-anchor.pub/music-bingo,raw/gsc-16m-p-pg_0004/Chart.csv
gsc-16m-p-pg_0004,2026-03-04,0,0,,,page-group,date,complete,false,2025-05-09,2026-09-08,all,web,page,https://www.the-anchor.pub/music-bingo,raw/gsc-16m-p-pg_0004/Chart.csv
gsc-16m-p-pg_0004,2026-03-05,0,1,0,5,page-group,date,complete,false,2025-05-09,2026-09-08,all,web,page,https://www.the-anchor.pub/music-bingo,raw/gsc-16m-p-pg_0004/Chart.csv
gsc-16m-p-pg_0004,2026-03-06,0,1,0,1,page-group,date,complete,false,2025-05-09,2026-09-08,all,web,page,https://www.the-anchor.pub/music-bingo,raw/gsc-16m-p-pg_0004/Chart.csv
gsc-16m-p-pg_0004,2026-03-07,0,0,,,page-group,date,complete,false,2025-05-09,2026-09-08,all,web,page,https://www.the-anchor.pub/music-bingo,raw/gsc-16m-p-pg_0004/Chart.csv
gsc-16m-p-pg_0004,2026-03-08,0,1,0,1,page-group,date,complete,false,2025-05-09,2026-09-08,all,web,page,https://www.the-anchor.pub/music-bingo,raw/gsc-16m-p-pg_0004/Chart.csv
gsc-16m-p-pg_0004,2026-03-09,0,2,0,2,page-group,date,complete,false,2025-05-09,2026-09-08,all,web,page,https://www.the-anchor.pub/music-bingo,raw/gsc-16m-p-pg_0004/Chart.csv
gsc-16m-p-pg_0004,2026-03-10,0,1,0,11,page-group,date,complete,false,2025-05-09,2026-09-08,all,web,page,https://www.the-anchor.pub/music-bingo,raw/gsc-16m-p-pg_0004/Chart.csv
gsc-16m-p-pg_0004,2026-03-11,1,5,0.2,5,page-group,date,complete,false,2025-05-09,2026-09-08,all,web,page,https://www.the-anchor.pub/music-bingo,raw/gsc-16m-p-pg_0004/Chart.csv
gsc-16m-p-pg_0004,2026-03-12,0,3,0,5.7,page-group,date,complete,false,2025-05-09,2026-09-08,all,web,page,https://www.the-anchor.pub/music-bingo,raw/gsc-16m-p-pg_0004/Chart.csv
gsc-16m-p-pg_0004,2026-03-13,0,2,0,17,page-group,date,complete,false,2025-05-09,2026-09-08,all,web,page,https://www.the-anchor.pub/music-bingo,raw/gsc-16m-p-pg_0004/Chart.csv
gsc-16m-p-pg_0004,2026-03-14,0,1,0,9,page-group,date,complete,false,2025-05-09,2026-09-08,all,web,page,https://www.the-anchor.pub/music-bingo,raw/gsc-16m-p-pg_0004/Chart.csv
gsc-16m-p-pg_0004,2026-03-15,0,2,0,8,page-group,date,complete,false,2025-05-09,2026-09-08,all,web,page,https://www.the-anchor.pub/music-bingo,raw/gsc-16m-p-pg_0004/Chart.csv
gsc-16m-p-pg_0004,2026-03-16,0,7,0,8.4,page-group,date,complete,false,2025-05-09,2026-09-08,all,web,page,https://www.the-anchor.pub/music-bingo,raw/gsc-16m-p-pg_0004/Chart.csv
gsc-16m-p-pg_0004,2026-03-17,0,2,0,7.5,page-group,date,complete,false,2025-05-09,2026-09-08,all,web,page,https://www.the-anchor.pub/music-bingo,raw/gsc-16m-p-pg_0004/Chart.csv
gsc-16m-p-pg_0004,2026-03-18,0,0,,,page-group,date,complete,false,2025-05-09,2026-09-08,all,web,page,https://www.the-anchor.pub/music-bingo,raw/gsc-16m-p-pg_0004/Chart.csv
gsc-16m-p-pg_0004,2026-03-19,0,1,0,1,page-group,date,complete,false,2025-05-09,2026-09-08,all,web,page,https://www.the-anchor.pub/music-bingo,raw/gsc-16m-p-pg_0004/Chart.csv
gsc-16m-p-pg_0004,2026-03-20,0,3,0,4.7,page-group,date,complete,false,2025-05-09,2026-09-08,all,web,page,https://www.the-anchor.pub/music-bingo,raw/gsc-16m-p-pg_0004/Chart.csv
gsc-16m-p-pg_0004,2026-03-21,0,4,0,26,page-group,date,complete,false,2025-05-09,2026-09-08,all,web,page,https://www.the-anchor.pub/music-bingo,raw/gsc-16m-p-pg_0004/Chart.csv
gsc-16m-p-pg_0004,2026-03-22,0,1,0,1,page-group,date,complete,false,2025-05-09,2026-09-08,all,web,page,https://www.the-anchor.pub/music-bingo,raw/gsc-16m-p-pg_0004/Chart.csv
gsc-16m-p-pg_0004,2026-03-23,0,4,0,7.5,page-group,date,complete,false,2025-05-09,2026-09-08,all,web,page,https://www.the-anchor.pub/music-bingo,raw/gsc-16m-p-pg_0004/Chart.csv
gsc-16m-p-pg_0004,2026-03-24,0,1,0,12,page-group,date,complete,false,2025-05-09,2026-09-08,all,web,page,https://www.the-anchor.pub/music-bingo,raw/gsc-16m-p-pg_0004/Chart.csv
gsc-16m-p-pg_0004,2026-03-25,1,5,0.2,5.4,page-group,date,complete,false,2025-05-09,2026-09-08,all,web,page,https://www.the-anchor.pub/music-bingo,raw/gsc-16m-p-pg_0004/Chart.csv
gsc-16m-p-pg_0004,2026-03-26,0,2,0,15,page-group,date,complete,false,2025-05-09,2026-09-08,all,web,page,https://www.the-anchor.pub/music-bingo,raw/gsc-16m-p-pg_0004/Chart.csv
gsc-16m-p-pg_0004,2026-03-27,0,3,0,6.3,page-group,date,complete,false,2025-05-09,2026-09-08,all,web,page,https://www.the-anchor.pub/music-bingo,raw/gsc-16m-p-pg_0004/Chart.csv
gsc-16m-p-pg_0004,2026-03-28,0,2,0,2,page-group,date,complete,false,2025-05-09,2026-09-08,all,web,page,https://www.the-anchor.pub/music-bingo,raw/gsc-16m-p-pg_0004/Chart.csv
gsc-16m-p-pg_0004,2026-03-29,0,5,0,7,page-group,date,complete,false,2025-05-09,2026-09-08,all,web,page,https://www.the-anchor.pub/music-bingo,raw/gsc-16m-p-pg_0004/Chart.csv
gsc-16m-p-pg_0004,2026-03-30,0,3,0,8,page-group,date,complete,false,2025-05-09,2026-09-08,all,web,page,https://www.the-anchor.pub/music-bingo,raw/gsc-16m-p-pg_0004/Chart.csv
gsc-16m-p-pg_0004,2026-03-31,0,2,0,1.5,page-group,date,complete,false,2025-05-09,2026-09-08,all,web,page,https://www.the-anchor.pub/music-bingo,raw/gsc-16m-p-pg_0004/Chart.csv
gsc-16m-p-pg_0004,2026-04-01,0,5,0,38.8,page-group,date,complete,false,2025-05-09,2026-09-08,all,web,page,https://www.the-anchor.pub/music-bingo,raw/gsc-16m-p-pg_0004/Chart.csv
gsc-16m-p-pg_0004,2026-04-02,0,7,0,19.9,page-group,date,complete,false,2025-05-09,2026-09-08,all,web,page,https://www.the-anchor.pub/music-bingo,raw/gsc-16m-p-pg_0004/Chart.csv
gsc-16m-p-pg_0004,2026-04-03,0,8,0,4.6,page-group,date,complete,false,2025-05-09,2026-09-08,all,web,page,https://www.the-anchor.pub/music-bingo,raw/gsc-16m-p-pg_0004/Chart.csv
gsc-16m-p-pg_0004,2026-04-04,0,3,0,8,page-group,date,complete,false,2025-05-09,2026-09-08,all,web,page,https://www.the-anchor.pub/music-bingo,raw/gsc-16m-p-pg_0004/Chart.csv
gsc-16m-p-pg_0004,2026-04-05,0,3,0,2,page-group,date,complete,false,2025-05-09,2026-09-08,all,web,page,https://www.the-anchor.pub/music-bingo,raw/gsc-16m-p-pg_0004/Chart.csv
gsc-16m-p-pg_0004,2026-04-06,0,5,0,2.2,page-group,date,complete,false,2025-05-09,2026-09-08,all,web,page,https://www.the-anchor.pub/music-bingo,raw/gsc-16m-p-pg_0004/Chart.csv
gsc-16m-p-pg_0004,2026-04-07,0,0,,,page-group,date,complete,false,2025-05-09,2026-09-08,all,web,page,https://www.the-anchor.pub/music-bingo,raw/gsc-16m-p-pg_0004/Chart.csv
gsc-16m-p-pg_0004,2026-04-08,0,2,0,51,page-group,date,complete,false,2025-05-09,2026-09-08,all,web,page,https://www.the-anchor.pub/music-bingo,raw/gsc-16m-p-pg_0004/Chart.csv
gsc-16m-p-pg_0004,2026-04-09,0,1,0,6,page-group,date,complete,false,2025-05-09,2026-09-08,all,web,page,https://www.the-anchor.pub/music-bingo,raw/gsc-16m-p-pg_0004/Chart.csv
gsc-16m-p-pg_0004,2026-04-10,0,1,0,9,page-group,date,complete,false,2025-05-09,2026-09-08,all,web,page,https://www.the-anchor.pub/music-bingo,raw/gsc-16m-p-pg_0004/Chart.csv
gsc-16m-p-pg_0004,2026-04-11,0,1,0,3,page-group,date,complete,false,2025-05-09,2026-09-08,all,web,page,https://www.the-anchor.pub/music-bingo,raw/gsc-16m-p-pg_0004/Chart.csv
gsc-16m-p-pg_0004,2026-04-12,0,0,,,page-group,date,complete,false,2025-05-09,2026-09-08,all,web,page,https://www.the-anchor.pub/music-bingo,raw/gsc-16m-p-pg_0004/Chart.csv
gsc-16m-p-pg_0004,2026-04-13,0,1,0,8,page-group,date,complete,false,2025-05-09,2026-09-08,all,web,page,https://www.the-anchor.pub/music-bingo,raw/gsc-16m-p-pg_0004/Chart.csv
gsc-16m-p-pg_0004,2026-04-14,0,0,,,page-group,date,complete,false,2025-05-09,2026-09-08,all,web,page,https://www.the-anchor.pub/music-bingo,raw/gsc-16m-p-pg_0004/Chart.csv
gsc-16m-p-pg_0004,2026-04-15,0,2,0,2.5,page-group,date,complete,false,2025-05-09,2026-09-08,all,web,page,https://www.the-anchor.pub/music-bingo,raw/gsc-16m-p-pg_0004/Chart.csv
gsc-16m-p-pg_0004,2026-04-16,0,1,0,9,page-group,date,complete,false,2025-05-09,2026-09-08,all,web,page,https://www.the-anchor.pub/music-bingo,raw/gsc-16m-p-pg_0004/Chart.csv
gsc-16m-p-pg_0004,2026-04-17,0,0,,,page-group,date,complete,false,2025-05-09,2026-09-08,all,web,page,https://www.the-anchor.pub/music-bingo,raw/gsc-16m-p-pg_0004/Chart.csv
gsc-16m-p-pg_0004,2026-04-18,0,1,0,7,page-group,date,complete,false,2025-05-09,2026-09-08,all,web,page,https://www.the-anchor.pub/music-bingo,raw/gsc-16m-p-pg_0004/Chart.csv
gsc-16m-p-pg_0004,2026-04-19,0,2,0,7.5,page-group,date,complete,false,2025-05-09,2026-09-08,all,web,page,https://www.the-anchor.pub/music-bingo,raw/gsc-16m-p-pg_0004/Chart.csv
gsc-16m-p-pg_0004,2026-04-20,0,1,0,3,page-group,date,complete,false,2025-05-09,2026-09-08,all,web,page,https://www.the-anchor.pub/music-bingo,raw/gsc-16m-p-pg_0004/Chart.csv
gsc-16m-p-pg_0004,2026-04-21,0,1,0,24,page-group,date,complete,false,2025-05-09,2026-09-08,all,web,page,https://www.the-anchor.pub/music-bingo,raw/gsc-16m-p-pg_0004/Chart.csv
gsc-16m-p-pg_0004,2026-04-22,0,2,0,7.5,page-group,date,complete,false,2025-05-09,2026-09-08,all,web,page,https://www.the-anchor.pub/music-bingo,raw/gsc-16m-p-pg_0004/Chart.csv
gsc-16m-p-pg_0004,2026-04-23,0,2,0,3.5,page-group,date,complete,false,2025-05-09,2026-09-08,all,web,page,https://www.the-anchor.pub/music-bingo,raw/gsc-16m-p-pg_0004/Chart.csv
gsc-16m-p-pg_0004,2026-04-24,0,3,0,9.3,page-group,date,complete,false,2025-05-09,2026-09-08,all,web,page,https://www.the-anchor.pub/music-bingo,raw/gsc-16m-p-pg_0004/Chart.csv
gsc-16m-p-pg_0004,2026-04-25,0,0,,,page-group,date,complete,false,2025-05-09,2026-09-08,all,web,page,https://www.the-anchor.pub/music-bingo,raw/gsc-16m-p-pg_0004/Chart.csv
gsc-16m-p-pg_0004,2026-04-26,0,0,,,page-group,date,complete,false,2025-05-09,2026-09-08,all,web,page,https://www.the-anchor.pub/music-bingo,raw/gsc-16m-p-pg_0004/Chart.csv
gsc-16m-p-pg_0004,2026-04-27,0,1,0,1,page-group,date,complete,false,2025-05-09,2026-09-08,all,web,page,https://www.the-anchor.pub/music-bingo,raw/gsc-16m-p-pg_0004/Chart.csv
gsc-16m-p-pg_0004,2026-04-28,0,0,,,page-group,date,complete,false,2025-05-09,2026-09-08,all,web,page,https://www.the-anchor.pub/music-bingo,raw/gsc-16m-p-pg_0004/Chart.csv
gsc-16m-p-pg_0004,2026-04-29,0,1,0,11,page-group,date,complete,false,2025-05-09,2026-09-08,all,web,page,https://www.the-anchor.pub/music-bingo,raw/gsc-16m-p-pg_0004/Chart.csv
gsc-16m-p-pg_0004,2026-04-30,0,0,,,page-group,date,complete,false,2025-05-09,2026-09-08,all,web,page,https://www.the-anchor.pub/music-bingo,raw/gsc-16m-p-pg_0004/Chart.csv
gsc-16m-p-pg_0004,2026-05-01,1,2,0.5,2.5,page-group,date,complete,false,2025-05-09,2026-09-08,all,web,page,https://www.the-anchor.pub/music-bingo,raw/gsc-16m-p-pg_0004/Chart.csv
gsc-16m-p-pg_0004,2026-05-02,0,0,,,page-group,date,complete,false,2025-05-09,2026-09-08,all,web,page,https://www.the-anchor.pub/music-bingo,raw/gsc-16m-p-pg_0004/Chart.csv
gsc-16m-p-pg_0004,2026-05-03,0,2,0,8.5,page-group,date,complete,false,2025-05-09,2026-09-08,all,web,page,https://www.the-anchor.pub/music-bingo,raw/gsc-16m-p-pg_0004/Chart.csv
gsc-16m-p-pg_0004,2026-05-04,0,0,,,page-group,date,complete,false,2025-05-09,2026-09-08,all,web,page,https://www.the-anchor.pub/music-bingo,raw/gsc-16m-p-pg_0004/Chart.csv
gsc-16m-p-pg_0004,2026-05-05,0,0,,,page-group,date,complete,false,2025-05-09,2026-09-08,all,web,page,https://www.the-anchor.pub/music-bingo,raw/gsc-16m-p-pg_0004/Chart.csv
gsc-16m-p-pg_0004,2026-05-06,0,1,0,64,page-group,date,complete,false,2025-05-09,2026-09-08,all,web,page,https://www.the-anchor.pub/music-bingo,raw/gsc-16m-p-pg_0004/Chart.csv
gsc-16m-p-pg_0004,2026-05-07,0,1,0,8,page-group,date,complete,false,2025-05-09,2026-09-08,all,web,page,https://www.the-anchor.pub/music-bingo,raw/gsc-16m-p-pg_0004/Chart.csv
gsc-16m-p-pg_0004,2026-05-08,0,0,,,page-group,date,complete,false,2025-05-09,2026-09-08,all,web,page,https://www.the-anchor.pub/music-bingo,raw/gsc-16m-p-pg_0004/Chart.csv
gsc-16m-p-pg_0004,2026-05-09,0,0,,,page-group,date,complete,false,2025-05-09,2026-09-08,all,web,page,https://www.the-anchor.pub/music-bingo,raw/gsc-16m-p-pg_0004/Chart.csv
gsc-16m-p-pg_0004,2026-05-10,0,0,,,page-group,date,complete,false,2025-05-09,2026-09-08,all,web,page,https://www.the-anchor.pub/music-bingo,raw/gsc-16m-p-pg_0004/Chart.csv
gsc-16m-p-pg_0004,2026-05-11,0,2,0,51,page-group,date,complete,false,2025-05-09,2026-09-08,all,web,page,https://www.the-anchor.pub/music-bingo,raw/gsc-16m-p-pg_0004/Chart.csv
gsc-16m-p-pg_0004,2026-05-12,0,3,0,6,page-group,date,complete,false,2025-05-09,2026-09-08,all,web,page,https://www.the-anchor.pub/music-bingo,raw/gsc-16m-p-pg_0004/Chart.csv
gsc-16m-p-pg_0004,2026-05-13,0,1,0,10,page-group,date,complete,false,2025-05-09,2026-09-08,all,web,page,https://www.the-anchor.pub/music-bingo,raw/gsc-16m-p-pg_0004/Chart.csv
gsc-16m-p-pg_0004,2026-05-14,0,0,,,page-group,date,complete,false,2025-05-09,2026-09-08,all,web,page,https://www.the-anchor.pub/music-bingo,raw/gsc-16m-p-pg_0004/Chart.csv
gsc-16m-p-pg_0004,2026-05-15,0,0,,,page-group,date,complete,false,2025-05-09,2026-09-08,all,web,page,https://www.the-anchor.pub/music-bingo,raw/gsc-16m-p-pg_0004/Chart.csv
gsc-16m-p-pg_0004,2026-05-16,0,0,,,page-group,date,complete,false,2025-05-09,2026-09-08,all,web,page,https://www.the-anchor.pub/music-bingo,raw/gsc-16m-p-pg_0004/Chart.csv
gsc-16m-p-pg_0004,2026-05-17,0,1,0,4,page-group,date,complete,false,2025-05-09,2026-09-08,all,web,page,https://www.the-anchor.pub/music-bingo,raw/gsc-16m-p-pg_0004/Chart.csv
gsc-16m-p-pg_0004,2026-05-18,0,0,,,page-group,date,complete,false,2025-05-09,2026-09-08,all,web,page,https://www.the-anchor.pub/music-bingo,raw/gsc-16m-p-pg_0004/Chart.csv
gsc-16m-p-pg_0004,2026-05-19,0,0,,,page-group,date,complete,false,2025-05-09,2026-09-08,all,web,page,https://www.the-anchor.pub/music-bingo,raw/gsc-16m-p-pg_0004/Chart.csv
gsc-16m-p-pg_0004,2026-05-20,0,2,0,1.5,page-group,date,complete,false,2025-05-09,2026-09-08,all,web,page,https://www.the-anchor.pub/music-bingo,raw/gsc-16m-p-pg_0004/Chart.csv
gsc-16m-p-pg_0004,2026-05-21,0,4,0,6.8,page-group,date,complete,false,2025-05-09,2026-09-08,all,web,page,https://www.the-anchor.pub/music-bingo,raw/gsc-16m-p-pg_0004/Chart.csv
gsc-16m-p-pg_0004,2026-05-22,0,1,0,9,page-group,date,complete,false,2025-05-09,2026-09-08,all,web,page,https://www.the-anchor.pub/music-bingo,raw/gsc-16m-p-pg_0004/Chart.csv
gsc-16m-p-pg_0004,2026-05-23,0,2,0,4,page-group,date,complete,false,2025-05-09,2026-09-08,all,web,page,https://www.the-anchor.pub/music-bingo,raw/gsc-16m-p-pg_0004/Chart.csv
gsc-16m-p-pg_0004,2026-05-24,0,0,,,page-group,date,complete,false,2025-05-09,2026-09-08,all,web,page,https://www.the-anchor.pub/music-bingo,raw/gsc-16m-p-pg_0004/Chart.csv
gsc-16m-p-pg_0004,2026-05-25,0,1,0,5,page-group,date,complete,false,2025-05-09,2026-09-08,all,web,page,https://www.the-anchor.pub/music-bingo,raw/gsc-16m-p-pg_0004/Chart.csv
gsc-16m-p-pg_0004,2026-05-26,0,1,0,13,page-group,date,complete,false,2025-05-09,2026-09-08,all,web,page,https://www.the-anchor.pub/music-bingo,raw/gsc-16m-p-pg_0004/Chart.csv
gsc-16m-p-pg_0004,2026-05-27,0,2,0,12,page-group,date,complete,false,2025-05-09,2026-09-08,all,web,page,https://www.the-anchor.pub/music-bingo,raw/gsc-16m-p-pg_0004/Chart.csv
gsc-16m-p-pg_0004,2026-05-28,0,4,0,6.2,page-group,date,complete,false,2025-05-09,2026-09-08,all,web,page,https://www.the-anchor.pub/music-bingo,raw/gsc-16m-p-pg_0004/Chart.csv
gsc-16m-p-pg_0004,2026-05-29,0,0,,,page-group,date,complete,false,2025-05-09,2026-09-08,all,web,page,https://www.the-anchor.pub/music-bingo,raw/gsc-16m-p-pg_0004/Chart.csv
gsc-16m-p-pg_0004,2026-05-30,0,5,0,5.8,page-group,date,complete,false,2025-05-09,2026-09-08,all,web,page,https://www.the-anchor.pub/music-bingo,raw/gsc-16m-p-pg_0004/Chart.csv
gsc-16m-p-pg_0004,2026-05-31,0,1,0,1,page-group,date,complete,false,2025-05-09,2026-09-08,all,web,page,https://www.the-anchor.pub/music-bingo,raw/gsc-16m-p-pg_0004/Chart.csv
gsc-16m-p-pg_0004,2026-06-01,0,0,,,page-group,date,complete,false,2025-05-09,2026-09-08,all,web,page,https://www.the-anchor.pub/music-bingo,raw/gsc-16m-p-pg_0004/Chart.csv
gsc-16m-p-pg_0004,2026-06-02,0,3,0,6.7,page-group,date,complete,false,2025-05-09,2026-09-08,all,web,page,https://www.the-anchor.pub/music-bingo,raw/gsc-16m-p-pg_0004/Chart.csv
gsc-16m-p-pg_0004,2026-06-03,0,1,0,6,page-group,date,complete,false,2025-05-09,2026-09-08,all,web,page,https://www.the-anchor.pub/music-bingo,raw/gsc-16m-p-pg_0004/Chart.csv
gsc-16m-p-pg_0004,2026-06-04,0,0,,,page-group,date,complete,false,2025-05-09,2026-09-08,all,web,page,https://www.the-anchor.pub/music-bingo,raw/gsc-16m-p-pg_0004/Chart.csv
gsc-16m-p-pg_0004,2026-06-05,0,0,,,page-group,date,complete,false,2025-05-09,2026-09-08,all,web,page,https://www.the-anchor.pub/music-bingo,raw/gsc-16m-p-pg_0004/Chart.csv
gsc-16m-p-pg_0004,2026-06-06,0,0,,,page-group,date,complete,false,2025-05-09,2026-09-08,all,web,page,https://www.the-anchor.pub/music-bingo,raw/gsc-16m-p-pg_0004/Chart.csv
gsc-16m-p-pg_0004,2026-06-07,0,1,0,2,page-group,date,complete,false,2025-05-09,2026-09-08,all,web,page,https://www.the-anchor.pub/music-bingo,raw/gsc-16m-p-pg_0004/Chart.csv
gsc-16m-p-pg_0004,2026-06-08,0,0,,,page-group,date,complete,false,2025-05-09,2026-09-08,all,web,page,https://www.the-anchor.pub/music-bingo,raw/gsc-16m-p-pg_0004/Chart.csv
gsc-16m-p-pg_0004,2026-06-09,0,2,0,8,page-group,date,complete,false,2025-05-09,2026-09-08,all,web,page,https://www.the-anchor.pub/music-bingo,raw/gsc-16m-p-pg_0004/Chart.csv
gsc-16m-p-pg_0004,2026-06-10,0,0,,,page-group,date,complete,false,2025-05-09,2026-09-08,all,web,page,https://www.the-anchor.pub/music-bingo,raw/gsc-16m-p-pg_0004/Chart.csv
gsc-16m-p-pg_0004,2026-06-11,0,1,0,8,page-group,date,complete,false,2025-05-09,2026-09-08,all,web,page,https://www.the-anchor.pub/music-bingo,raw/gsc-16m-p-pg_0004/Chart.csv
gsc-16m-p-pg_0004,2026-06-12,0,0,,,page-group,date,complete,false,2025-05-09,2026-09-08,all,web,page,https://www.the-anchor.pub/music-bingo,raw/gsc-16m-p-pg_0004/Chart.csv
gsc-16m-p-pg_0004,2026-06-13,0,1,0,22,page-group,date,complete,false,2025-05-09,2026-09-08,all,web,page,https://www.the-anchor.pub/music-bingo,raw/gsc-16m-p-pg_0004/Chart.csv
gsc-16m-p-pg_0004,2026-06-14,0,1,0,10,page-group,date,complete,false,2025-05-09,2026-09-08,all,web,page,https://www.the-anchor.pub/music-bingo,raw/gsc-16m-p-pg_0004/Chart.csv
gsc-16m-p-pg_0004,2026-06-15,0,0,,,page-group,date,complete,false,2025-05-09,2026-09-08,all,web,page,https://www.the-anchor.pub/music-bingo,raw/gsc-16m-p-pg_0004/Chart.csv
gsc-16m-p-pg_0004,2026-06-16,0,0,,,page-group,date,complete,false,2025-05-09,2026-09-08,all,web,page,https://www.the-anchor.pub/music-bingo,raw/gsc-16m-p-pg_0004/Chart.csv
gsc-16m-p-pg_0004,2026-06-17,0,0,,,page-group,date,complete,false,2025-05-09,2026-09-08,all,web,page,https://www.the-anchor.pub/music-bingo,raw/gsc-16m-p-pg_0004/Chart.csv
gsc-16m-p-pg_0004,2026-06-18,0,0,,,page-group,date,complete,false,2025-05-09,2026-09-08,all,web,page,https://www.the-anchor.pub/music-bingo,raw/gsc-16m-p-pg_0004/Chart.csv
gsc-16m-p-pg_0004,2026-06-19,0,0,,,page-group,date,complete,false,2025-05-09,2026-09-08,all,web,page,https://www.the-anchor.pub/music-bingo,raw/gsc-16m-p-pg_0004/Chart.csv
gsc-16m-p-pg_0004,2026-06-20,0,0,,,page-group,date,complete,false,2025-05-09,2026-09-08,all,web,page,https://www.the-anchor.pub/music-bingo,raw/gsc-16m-p-pg_0004/Chart.csv
gsc-16m-p-pg_0004,2026-06-21,0,4,0,47.8,page-group,date,complete,false,2025-05-09,2026-09-08,all,web,page,https://www.the-anchor.pub/music-bingo,raw/gsc-16m-p-pg_0004/Chart.csv
gsc-16m-p-pg_0004,2026-06-22,0,0,,,page-group,date,complete,false,2025-05-09,2026-09-08,all,web,page,https://www.the-anchor.pub/music-bingo,raw/gsc-16m-p-pg_0004/Chart.csv
gsc-16m-p-pg_0004,2026-06-23,0,3,0,34.3,page-group,date,complete,false,2025-05-09,2026-09-08,all,web,page,https://www.the-anchor.pub/music-bingo,raw/gsc-16m-p-pg_0004/Chart.csv
gsc-16m-p-pg_0004,2026-06-24,0,1,0,4,page-group,date,complete,false,2025-05-09,2026-09-08,all,web,page,https://www.the-anchor.pub/music-bingo,raw/gsc-16m-p-pg_0004/Chart.csv
gsc-16m-p-pg_0004,2026-06-25,0,0,,,page-group,date,complete,false,2025-05-09,2026-09-08,all,web,page,https://www.the-anchor.pub/music-bingo,raw/gsc-16m-p-pg_0004/Chart.csv
gsc-16m-p-pg_0004,2026-06-26,0,2,0,45,page-group,date,complete,false,2025-05-09,2026-09-08,all,web,page,https://www.the-anchor.pub/music-bingo,raw/gsc-16m-p-pg_0004/Chart.csv
gsc-16m-p-pg_0004,2026-06-27,0,2,0,84,page-group,date,complete,false,2025-05-09,2026-09-08,all,web,page,https://www.the-anchor.pub/music-bingo,raw/gsc-16m-p-pg_0004/Chart.csv
gsc-16m-p-pg_0004,2026-06-28,0,1,0,11,page-group,date,complete,false,2025-05-09,2026-09-08,all,web,page,https://www.the-anchor.pub/music-bingo,raw/gsc-16m-p-pg_0004/Chart.csv
gsc-16m-p-pg_0004,2026-06-29,0,1,0,84,page-group,date,complete,false,2025-05-09,2026-09-08,all,web,page,https://www.the-anchor.pub/music-bingo,raw/gsc-16m-p-pg_0004/Chart.csv
gsc-16m-p-pg_0004,2026-06-30,0,2,0,52,page-group,date,complete,false,2025-05-09,2026-09-08,all,web,page,https://www.the-anchor.pub/music-bingo,raw/gsc-16m-p-pg_0004/Chart.csv
gsc-16m-p-pg_0004,2026-07-01,0,3,0,6.7,page-group,date,complete,false,2025-05-09,2026-09-08,all,web,page,https://www.the-anchor.pub/music-bingo,raw/gsc-16m-p-pg_0004/Chart.csv
gsc-16m-p-pg_0004,2026-07-02,0,4,0,31.2,page-group,date,complete,false,2025-05-09,2026-09-08,all,web,page,https://www.the-anchor.pub/music-bingo,raw/gsc-16m-p-pg_0004/Chart.csv
gsc-16m-p-pg_0004,2026-07-03,0,2,0,46.5,page-group,date,complete,false,2025-05-09,2026-09-08,all,web,page,https://www.the-anchor.pub/music-bingo,raw/gsc-16m-p-pg_0004/Chart.csv
gsc-16m-p-pg_0004,2026-07-04,0,1,0,3,page-group,date,complete,false,2025-05-09,2026-09-08,all,web,page,https://www.the-anchor.pub/music-bingo,raw/gsc-16m-p-pg_0004/Chart.csv
gsc-16m-p-pg_0004,2026-07-05,0,2,0,4,page-group,date,complete,false,2025-05-09,2026-09-08,all,web,page,https://www.the-anchor.pub/music-bingo,raw/gsc-16m-p-pg_0004/Chart.csv
gsc-16m-p-pg_0004,2026-07-06,1,3,0.3333,24.3,page-group,date,complete,false,2025-05-09,2026-09-08,all,web,page,https://www.the-anchor.pub/music-bingo,raw/gsc-16m-p-pg_0004/Chart.csv
gsc-16m-p-pg_0004,2026-07-07,0,4,0,22.2,page-group,date,complete,false,2025-05-09,2026-09-08,all,web,page,https://www.the-anchor.pub/music-bingo,raw/gsc-16m-p-pg_0004/Chart.csv
gsc-16m-p-pg_0004,2026-07-08,0,0,,,page-group,date,complete,false,2025-05-09,2026-09-08,all,web,page,https://www.the-anchor.pub/music-bingo,raw/gsc-16m-p-pg_0004/Chart.csv
gsc-16m-p-pg_0004,2026-07-09,0,2,0,41,page-group,date,complete,false,2025-05-09,2026-09-08,all,web,page,https://www.the-anchor.pub/music-bingo,raw/gsc-16m-p-pg_0004/Chart.csv
gsc-16m-p-pg_0004,2026-07-10,0,1,0,8,page-group,date,complete,false,2025-05-09,2026-09-08,all,web,page,https://www.the-anchor.pub/music-bingo,raw/gsc-16m-p-pg_0004/Chart.csv
gsc-16m-p-pg_0004,2026-07-11,0,0,,,page-group,date,complete,false,2025-05-09,2026-09-08,all,web,page,https://www.the-anchor.pub/music-bingo,raw/gsc-16m-p-pg_0004/Chart.csv
gsc-16m-p-pg_0004,2026-07-12,0,2,0,1.5,page-group,date,complete,false,2025-05-09,2026-09-08,all,web,page,https://www.the-anchor.pub/music-bingo,raw/gsc-16m-p-pg_0004/Chart.csv
gsc-16m-p-pg_0004,2026-07-13,0,0,,,page-group,date,complete,false,2025-05-09,2026-09-08,all,web,page,https://www.the-anchor.pub/music-bingo,raw/gsc-16m-p-pg_0004/Chart.csv
gsc-16m-p-pg_0004,2026-07-14,0,0,,,page-group,date,complete,false,2025-05-09,2026-09-08,all,web,page,https://www.the-anchor.pub/music-bingo,raw/gsc-16m-p-pg_0004/Chart.csv
gsc-16m-p-pg_0004,2026-07-15,0,1,0,90,page-group,date,complete,false,2025-05-09,2026-09-08,all,web,page,https://www.the-anchor.pub/music-bingo,raw/gsc-16m-p-pg_0004/Chart.csv
gsc-16m-p-pg_0004,2026-07-16,0,0,,,page-group,date,complete,false,2025-05-09,2026-09-08,all,web,page,https://www.the-anchor.pub/music-bingo,raw/gsc-16m-p-pg_0004/Chart.csv
gsc-16m-p-pg_0004,2026-07-17,0,1,0,3,page-group,date,complete,false,2025-05-09,2026-09-08,all,web,page,https://www.the-anchor.pub/music-bingo,raw/gsc-16m-p-pg_0004/Chart.csv
gsc-16m-p-pg_0004,2026-07-18,0,0,,,page-group,date,complete,false,2025-05-09,2026-09-08,all,web,page,https://www.the-anchor.pub/music-bingo,raw/gsc-16m-p-pg_0004/Chart.csv
gsc-16m-p-pg_0004,2026-07-19,0,1,0,1,page-group,date,complete,false,2025-05-09,2026-09-08,all,web,page,https://www.the-anchor.pub/music-bingo,raw/gsc-16m-p-pg_0004/Chart.csv
gsc-16m-p-pg_0004,2026-07-20,0,1,0,95,page-group,date,complete,false,2025-05-09,2026-09-08,all,web,page,https://www.the-anchor.pub/music-bingo,raw/gsc-16m-p-pg_0004/Chart.csv
gsc-16m-p-pg_0004,2026-07-21,0,1,0,21,page-group,date,complete,false,2025-05-09,2026-09-08,all,web,page,https://www.the-anchor.pub/music-bingo,raw/gsc-16m-p-pg_0004/Chart.csv
gsc-16m-p-pg_0004,2026-07-22,0,1,0,8,page-group,date,complete,false,2025-05-09,2026-09-08,all,web,page,https://www.the-anchor.pub/music-bingo,raw/gsc-16m-p-pg_0004/Chart.csv
gsc-16m-p-pg_0004,2026-07-23,0,0,,,page-group,date,complete,false,2025-05-09,2026-09-08,all,web,page,https://www.the-anchor.pub/music-bingo,raw/gsc-16m-p-pg_0004/Chart.csv
gsc-16m-p-pg_0004,2026-07-24,0,0,,,page-group,date,complete,false,2025-05-09,2026-09-08,all,web,page,https://www.the-anchor.pub/music-bingo,raw/gsc-16m-p-pg_0004/Chart.csv
gsc-16m-p-pg_0004,2026-07-25,0,2,0,5.5,page-group,date,complete,false,2025-05-09,2026-09-08,all,web,page,https://www.the-anchor.pub/music-bingo,raw/gsc-16m-p-pg_0004/Chart.csv
gsc-16m-p-pg_0004,2026-07-26,0,1,0,3,page-group,date,complete,false,2025-05-09,2026-09-08,all,web,page,https://www.the-anchor.pub/music-bingo,raw/gsc-16m-p-pg_0004/Chart.csv
gsc-16m-p-pg_0004,2026-07-27,0,2,0,12.5,page-group,date,complete,false,2025-05-09,2026-09-08,all,web,page,https://www.the-anchor.pub/music-bingo,raw/gsc-16m-p-pg_0004/Chart.csv
gsc-16m-p-pg_0004,2026-07-28,0,2,0,38,page-group,date,complete,false,2025-05-09,2026-09-08,all,web,page,https://www.the-anchor.pub/music-bingo,raw/gsc-16m-p-pg_0004/Chart.csv
gsc-16m-p-pg_0004,2026-07-29,0,2,0,14,page-group,date,complete,false,2025-05-09,2026-09-08,all,web,page,https://www.the-anchor.pub/music-bingo,raw/gsc-16m-p-pg_0004/Chart.csv
gsc-16m-p-pg_0004,2026-07-30,1,4,0.25,24.5,page-group,date,complete,false,2025-05-09,2026-09-08,all,web,page,https://www.the-anchor.pub/music-bingo,raw/gsc-16m-p-pg_0004/Chart.csv
gsc-16m-p-pg_0004,2026-07-31,0,1,0,96,page-group,date,complete,false,2025-05-09,2026-09-08,all,web,page,https://www.the-anchor.pub/music-bingo,raw/gsc-16m-p-pg_0004/Chart.csv
gsc-16m-p-pg_0004,2026-08-01,0,2,0,64.5,page-group,date,complete,false,2025-05-09,2026-09-08,all,web,page,https://www.the-anchor.pub/music-bingo,raw/gsc-16m-p-pg_0004/Chart.csv
gsc-16m-p-pg_0004,2026-08-02,0,2,0,5.5,page-group,date,complete,false,2025-05-09,2026-09-08,all,web,page,https://www.the-anchor.pub/music-bingo,raw/gsc-16m-p-pg_0004/Chart.csv
gsc-16m-p-pg_0004,2026-08-03,0,3,0,19.3,page-group,date,complete,false,2025-05-09,2026-09-08,all,web,page,https://www.the-anchor.pub/music-bingo,raw/gsc-16m-p-pg_0004/Chart.csv
gsc-16m-p-pg_0004,2026-08-04,0,1,0,79,page-group,date,complete,false,2025-05-09,2026-09-08,all,web,page,https://www.the-anchor.pub/music-bingo,raw/gsc-16m-p-pg_0004/Chart.csv
gsc-16m-p-pg_0004,2026-08-05,0,2,0,7,page-group,date,complete,false,2025-05-09,2026-09-08,all,web,page,https://www.the-anchor.pub/music-bingo,raw/gsc-16m-p-pg_0004/Chart.csv
gsc-16m-p-pg_0004,2026-08-06,0,0,,,page-group,date,complete,false,2025-05-09,2026-09-08,all,web,page,https://www.the-anchor.pub/music-bingo,raw/gsc-16m-p-pg_0004/Chart.csv
gsc-16m-p-pg_0004,2026-08-07,0,3,0,8.3,page-group,date,complete,false,2025-05-09,2026-09-08,all,web,page,https://www.the-anchor.pub/music-bingo,raw/gsc-16m-p-pg_0004/Chart.csv
gsc-16m-p-pg_0004,2026-08-08,0,1,0,9,page-group,date,complete,false,2025-05-09,2026-09-08,all,web,page,https://www.the-anchor.pub/music-bingo,raw/gsc-16m-p-pg_0004/Chart.csv
gsc-16m-p-pg_0004,2026-08-09,0,0,,,page-group,date,complete,false,2025-05-09,2026-09-08,all,web,page,https://www.the-anchor.pub/music-bingo,raw/gsc-16m-p-pg_0004/Chart.csv
gsc-16m-p-pg_0004,2026-08-10,0,0,,,page-group,date,complete,false,2025-05-09,2026-09-08,all,web,page,https://www.the-anchor.pub/music-bingo,raw/gsc-16m-p-pg_0004/Chart.csv
gsc-16m-p-pg_0004,2026-08-11,0,2,0,88.5,page-group,date,complete,false,2025-05-09,2026-09-08,all,web,page,https://www.the-anchor.pub/music-bingo,raw/gsc-16m-p-pg_0004/Chart.csv
gsc-16m-p-pg_0004,2026-08-12,0,2,0,54.5,page-group,date,complete,false,2025-05-09,2026-09-08,all,web,page,https://www.the-anchor.pub/music-bingo,raw/gsc-16m-p-pg_0004/Chart.csv
gsc-16m-p-pg_0004,2026-08-13,0,2,0,41.5,page-group,date,complete,false,2025-05-09,2026-09-08,all,web,page,https://www.the-anchor.pub/music-bingo,raw/gsc-16m-p-pg_0004/Chart.csv
gsc-16m-p-pg_0004,2026-08-14,0,4,0,10.8,page-group,date,complete,false,2025-05-09,2026-09-08,all,web,page,https://www.the-anchor.pub/music-bingo,raw/gsc-16m-p-pg_0004/Chart.csv
gsc-16m-p-pg_0004,2026-08-15,0,3,0,3,page-group,date,complete,false,2025-05-09,2026-09-08,all,web,page,https://www.the-anchor.pub/music-bingo,raw/gsc-16m-p-pg_0004/Chart.csv
gsc-16m-p-pg_0004,2026-08-16,0,2,0,7.5,page-group,date,complete,false,2025-05-09,2026-09-08,all,web,page,https://www.the-anchor.pub/music-bingo,raw/gsc-16m-p-pg_0004/Chart.csv
gsc-16m-p-pg_0004,2026-08-17,0,3,0,4.3,page-group,date,complete,false,2025-05-09,2026-09-08,all,web,page,https://www.the-anchor.pub/music-bingo,raw/gsc-16m-p-pg_0004/Chart.csv
gsc-16m-p-pg_0004,2026-08-18,0,1,0,9,page-group,date,complete,false,2025-05-09,2026-09-08,all,web,page,https://www.the-anchor.pub/music-bingo,raw/gsc-16m-p-pg_0004/Chart.csv
gsc-16m-p-pg_0004,2026-08-19,0,2,0,34.5,page-group,date,complete,false,2025-05-09,2026-09-08,all,web,page,https://www.the-anchor.pub/music-bingo,raw/gsc-16m-p-pg_0004/Chart.csv
gsc-16m-p-pg_0004,2026-08-20,0,3,0,4.7,page-group,date,complete,false,2025-05-09,2026-09-08,all,web,page,https://www.the-anchor.pub/music-bingo,raw/gsc-16m-p-pg_0004/Chart.csv
gsc-16m-p-pg_0004,2026-08-21,0,1,0,7,page-group,date,complete,false,2025-05-09,2026-09-08,all,web,page,https://www.the-anchor.pub/music-bingo,raw/gsc-16m-p-pg_0004/Chart.csv
gsc-16m-p-pg_0004,2026-08-22,0,0,,,page-group,date,complete,false,2025-05-09,2026-09-08,all,web,page,https://www.the-anchor.pub/music-bingo,raw/gsc-16m-p-pg_0004/Chart.csv
gsc-16m-p-pg_0004,2026-08-23,0,3,0,5.7,page-group,date,complete,false,2025-05-09,2026-09-08,all,web,page,https://www.the-anchor.pub/music-bingo,raw/gsc-16m-p-pg_0004/Chart.csv
gsc-16m-p-pg_0004,2026-08-24,0,0,,,page-group,date,complete,false,2025-05-09,2026-09-08,all,web,page,https://www.the-anchor.pub/music-bingo,raw/gsc-16m-p-pg_0004/Chart.csv
gsc-16m-p-pg_0004,2026-08-25,0,0,,,page-group,date,complete,false,2025-05-09,2026-09-08,all,web,page,https://www.the-anchor.pub/music-bingo,raw/gsc-16m-p-pg_0004/Chart.csv
gsc-16m-p-pg_0004,2026-08-26,0,5,0,9.6,page-group,date,complete,false,2025-05-09,2026-09-08,all,web,page,https://www.the-anchor.pub/music-bingo,raw/gsc-16m-p-pg_0004/Chart.csv
gsc-16m-p-pg_0004,2026-08-27,0,3,0,17.3,page-group,date,complete,false,2025-05-09,2026-09-08,all,web,page,https://www.the-anchor.pub/music-bingo,raw/gsc-16m-p-pg_0004/Chart.csv
gsc-16m-p-pg_0004,2026-08-28,0,0,,,page-group,date,complete,false,2025-05-09,2026-09-08,all,web,page,https://www.the-anchor.pub/music-bingo,raw/gsc-16m-p-pg_0004/Chart.csv
gsc-16m-p-pg_0004,2026-08-29,0,2,0,1,page-group,date,complete,false,2025-05-09,2026-09-08,all,web,page,https://www.the-anchor.pub/music-bingo,raw/gsc-16m-p-pg_0004/Chart.csv
gsc-16m-p-pg_0004,2026-08-30,0,1,0,8,page-group,date,complete,false,2025-05-09,2026-09-08,all,web,page,https://www.the-anchor.pub/music-bingo,raw/gsc-16m-p-pg_0004/Chart.csv
gsc-16m-p-pg_0004,2026-08-31,0,2,0,9.5,page-group,date,complete,false,2025-05-09,2026-09-08,all,web,page,https://www.the-anchor.pub/music-bingo,raw/gsc-16m-p-pg_0004/Chart.csv
gsc-16m-p-pg_0004,2026-09-01,0,1,0,7,page-group,date,complete,false,2025-05-09,2026-09-08,all,web,page,https://www.the-anchor.pub/music-bingo,raw/gsc-16m-p-pg_0004/Chart.csv
gsc-16m-p-pg_0004,2026-09-02,0,0,,,page-group,date,complete,false,2025-05-09,2026-09-08,all,web,page,https://www.the-anchor.pub/music-bingo,raw/gsc-16m-p-pg_0004/Chart.csv
gsc-16m-p-pg_0004,2026-09-03,0,2,0,1.5,page-group,date,complete,false,2025-05-09,2026-09-08,all,web,page,https://www.the-anchor.pub/music-bingo,raw/gsc-16m-p-pg_0004/Chart.csv
gsc-16m-p-pg_0004,2026-09-04,0,4,0,12.2,page-group,date,complete,false,2025-05-09,2026-09-08,all,web,page,https://www.the-anchor.pub/music-bingo,raw/gsc-16m-p-pg_0004/Chart.csv
gsc-16m-p-pg_0004,2026-09-05,0,4,0,15.5,page-group,date,complete,false,2025-05-09,2026-09-08,all,web,page,https://www.the-anchor.pub/music-bingo,raw/gsc-16m-p-pg_0004/Chart.csv
gsc-16m-p-pg_0004,2026-09-06,0,2,0,5,page-group,date,complete,false,2025-05-09,2026-09-08,all,web,page,https://www.the-anchor.pub/music-bingo,raw/gsc-16m-p-pg_0004/Chart.csv
gsc-16m-p-pg_0004,2026-09-07,0,3,0,6,page-group,date,complete,false,2025-05-09,2026-09-08,all,web,page,https://www.the-anchor.pub/music-bingo,raw/gsc-16m-p-pg_0004/Chart.csv
gsc-16m-p-pg_0004,2026-09-08,0,2,0,3.5,page-group,date,complete,false,2025-05-09,2026-09-08,all,web,page,https://www.the-anchor.pub/music-bingo,raw/gsc-16m-p-pg_0004/Chart.csv
gsc-16m-p-pg_0005,2025-05-09,0,0,,,page-group,date,complete,false,2025-05-09,2026-09-08,all,web,page,https://www.the-anchor.pub/cash-bingo,raw/gsc-16m-p-pg_0005/Chart.csv
gsc-16m-p-pg_0005,2025-05-10,0,0,,,page-group,date,complete,false,2025-05-09,2026-09-08,all,web,page,https://www.the-anchor.pub/cash-bingo,raw/gsc-16m-p-pg_0005/Chart.csv
gsc-16m-p-pg_0005,2025-05-11,0,0,,,page-group,date,complete,false,2025-05-09,2026-09-08,all,web,page,https://www.the-anchor.pub/cash-bingo,raw/gsc-16m-p-pg_0005/Chart.csv
gsc-16m-p-pg_0005,2025-05-12,0,0,,,page-group,date,complete,false,2025-05-09,2026-09-08,all,web,page,https://www.the-anchor.pub/cash-bingo,raw/gsc-16m-p-pg_0005/Chart.csv
gsc-16m-p-pg_0005,2025-05-13,0,0,,,page-group,date,complete,false,2025-05-09,2026-09-08,all,web,page,https://www.the-anchor.pub/cash-bingo,raw/gsc-16m-p-pg_0005/Chart.csv
gsc-16m-p-pg_0005,2025-05-14,0,0,,,page-group,date,complete,false,2025-05-09,2026-09-08,all,web,page,https://www.the-anchor.pub/cash-bingo,raw/gsc-16m-p-pg_0005/Chart.csv
gsc-16m-p-pg_0005,2025-05-15,0,0,,,page-group,date,complete,false,2025-05-09,2026-09-08,all,web,page,https://www.the-anchor.pub/cash-bingo,raw/gsc-16m-p-pg_0005/Chart.csv
gsc-16m-p-pg_0005,2025-05-16,0,0,,,page-group,date,complete,false,2025-05-09,2026-09-08,all,web,page,https://www.the-anchor.pub/cash-bingo,raw/gsc-16m-p-pg_0005/Chart.csv
gsc-16m-p-pg_0005,2025-05-17,0,0,,,page-group,date,complete,false,2025-05-09,2026-09-08,all,web,page,https://www.the-anchor.pub/cash-bingo,raw/gsc-16m-p-pg_0005/Chart.csv
gsc-16m-p-pg_0005,2025-05-18,0,0,,,page-group,date,complete,false,2025-05-09,2026-09-08,all,web,page,https://www.the-anchor.pub/cash-bingo,raw/gsc-16m-p-pg_0005/Chart.csv
gsc-16m-p-pg_0005,2025-05-19,0,0,,,page-group,date,complete,false,2025-05-09,2026-09-08,all,web,page,https://www.the-anchor.pub/cash-bingo,raw/gsc-16m-p-pg_0005/Chart.csv
gsc-16m-p-pg_0005,2025-05-20,0,0,,,page-group,date,complete,false,2025-05-09,2026-09-08,all,web,page,https://www.the-anchor.pub/cash-bingo,raw/gsc-16m-p-pg_0005/Chart.csv
gsc-16m-p-pg_0005,2025-05-21,0,0,,,page-group,date,complete,false,2025-05-09,2026-09-08,all,web,page,https://www.the-anchor.pub/cash-bingo,raw/gsc-16m-p-pg_0005/Chart.csv
gsc-16m-p-pg_0005,2025-05-22,0,0,,,page-group,date,complete,false,2025-05-09,2026-09-08,all,web,page,https://www.the-anchor.pub/cash-bingo,raw/gsc-16m-p-pg_0005/Chart.csv
gsc-16m-p-pg_0005,2025-05-23,0,0,,,page-group,date,complete,false,2025-05-09,2026-09-08,all,web,page,https://www.the-anchor.pub/cash-bingo,raw/gsc-16m-p-pg_0005/Chart.csv
gsc-16m-p-pg_0005,2025-05-24,0,0,,,page-group,date,complete,false,2025-05-09,2026-09-08,all,web,page,https://www.the-anchor.pub/cash-bingo,raw/gsc-16m-p-pg_0005/Chart.csv
gsc-16m-p-pg_0005,2025-05-25,0,0,,,page-group,date,complete,false,2025-05-09,2026-09-08,all,web,page,https://www.the-anchor.pub/cash-bingo,raw/gsc-16m-p-pg_0005/Chart.csv
gsc-16m-p-pg_0005,2025-05-26,0,0,,,page-group,date,complete,false,2025-05-09,2026-09-08,all,web,page,https://www.the-anchor.pub/cash-bingo,raw/gsc-16m-p-pg_0005/Chart.csv
gsc-16m-p-pg_0005,2025-05-27,0,0,,,page-group,date,complete,false,2025-05-09,2026-09-08,all,web,page,https://www.the-anchor.pub/cash-bingo,raw/gsc-16m-p-pg_0005/Chart.csv
gsc-16m-p-pg_0005,2025-05-28,0,0,,,page-group,date,complete,false,2025-05-09,2026-09-08,all,web,page,https://www.the-anchor.pub/cash-bingo,raw/gsc-16m-p-pg_0005/Chart.csv
gsc-16m-p-pg_0005,2025-05-29,0,0,,,page-group,date,complete,false,2025-05-09,2026-09-08,all,web,page,https://www.the-anchor.pub/cash-bingo,raw/gsc-16m-p-pg_0005/Chart.csv
gsc-16m-p-pg_0005,2025-05-30,0,0,,,page-group,date,complete,false,2025-05-09,2026-09-08,all,web,page,https://www.the-anchor.pub/cash-bingo,raw/gsc-16m-p-pg_0005/Chart.csv
gsc-16m-p-pg_0005,2025-05-31,0,0,,,page-group,date,complete,false,2025-05-09,2026-09-08,all,web,page,https://www.the-anchor.pub/cash-bingo,raw/gsc-16m-p-pg_0005/Chart.csv
gsc-16m-p-pg_0005,2025-06-01,0,0,,,page-group,date,complete,false,2025-05-09,2026-09-08,all,web,page,https://www.the-anchor.pub/cash-bingo,raw/gsc-16m-p-pg_0005/Chart.csv
gsc-16m-p-pg_0005,2025-06-02,0,0,,,page-group,date,complete,false,2025-05-09,2026-09-08,all,web,page,https://www.the-anchor.pub/cash-bingo,raw/gsc-16m-p-pg_0005/Chart.csv
gsc-16m-p-pg_0005,2025-06-03,0,0,,,page-group,date,complete,false,2025-05-09,2026-09-08,all,web,page,https://www.the-anchor.pub/cash-bingo,raw/gsc-16m-p-pg_0005/Chart.csv
gsc-16m-p-pg_0005,2025-06-04,0,0,,,page-group,date,complete,false,2025-05-09,2026-09-08,all,web,page,https://www.the-anchor.pub/cash-bingo,raw/gsc-16m-p-pg_0005/Chart.csv
gsc-16m-p-pg_0005,2025-06-05,0,0,,,page-group,date,complete,false,2025-05-09,2026-09-08,all,web,page,https://www.the-anchor.pub/cash-bingo,raw/gsc-16m-p-pg_0005/Chart.csv
gsc-16m-p-pg_0005,2025-06-06,0,0,,,page-group,date,complete,false,2025-05-09,2026-09-08,all,web,page,https://www.the-anchor.pub/cash-bingo,raw/gsc-16m-p-pg_0005/Chart.csv
gsc-16m-p-pg_0005,2025-06-07,0,0,,,page-group,date,complete,false,2025-05-09,2026-09-08,all,web,page,https://www.the-anchor.pub/cash-bingo,raw/gsc-16m-p-pg_0005/Chart.csv
gsc-16m-p-pg_0005,2025-06-08,0,0,,,page-group,date,complete,false,2025-05-09,2026-09-08,all,web,page,https://www.the-anchor.pub/cash-bingo,raw/gsc-16m-p-pg_0005/Chart.csv
gsc-16m-p-pg_0005,2025-06-09,0,0,,,page-group,date,complete,false,2025-05-09,2026-09-08,all,web,page,https://www.the-anchor.pub/cash-bingo,raw/gsc-16m-p-pg_0005/Chart.csv
gsc-16m-p-pg_0005,2025-06-10,0,0,,,page-group,date,complete,false,2025-05-09,2026-09-08,all,web,page,https://www.the-anchor.pub/cash-bingo,raw/gsc-16m-p-pg_0005/Chart.csv
gsc-16m-p-pg_0005,2025-06-11,0,0,,,page-group,date,complete,false,2025-05-09,2026-09-08,all,web,page,https://www.the-anchor.pub/cash-bingo,raw/gsc-16m-p-pg_0005/Chart.csv
gsc-16m-p-pg_0005,2025-06-12,0,0,,,page-group,date,complete,false,2025-05-09,2026-09-08,all,web,page,https://www.the-anchor.pub/cash-bingo,raw/gsc-16m-p-pg_0005/Chart.csv
gsc-16m-p-pg_0005,2025-06-13,0,0,,,page-group,date,complete,false,2025-05-09,2026-09-08,all,web,page,https://www.the-anchor.pub/cash-bingo,raw/gsc-16m-p-pg_0005/Chart.csv
gsc-16m-p-pg_0005,2025-06-14,0,0,,,page-group,date,complete,false,2025-05-09,2026-09-08,all,web,page,https://www.the-anchor.pub/cash-bingo,raw/gsc-16m-p-pg_0005/Chart.csv
gsc-16m-p-pg_0005,2025-06-15,0,0,,,page-group,date,complete,false,2025-05-09,2026-09-08,all,web,page,https://www.the-anchor.pub/cash-bingo,raw/gsc-16m-p-pg_0005/Chart.csv
gsc-16m-p-pg_0005,2025-06-16,0,0,,,page-group,date,complete,false,2025-05-09,2026-09-08,all,web,page,https://www.the-anchor.pub/cash-bingo,raw/gsc-16m-p-pg_0005/Chart.csv
gsc-16m-p-pg_0005,2025-06-17,0,0,,,page-group,date,complete,false,2025-05-09,2026-09-08,all,web,page,https://www.the-anchor.pub/cash-bingo,raw/gsc-16m-p-pg_0005/Chart.csv
gsc-16m-p-pg_0005,2025-06-18,0,0,,,page-group,date,complete,false,2025-05-09,2026-09-08,all,web,page,https://www.the-anchor.pub/cash-bingo,raw/gsc-16m-p-pg_0005/Chart.csv
gsc-16m-p-pg_0005,2025-06-19,0,0,,,page-group,date,complete,false,2025-05-09,2026-09-08,all,web,page,https://www.the-anchor.pub/cash-bingo,raw/gsc-16m-p-pg_0005/Chart.csv
gsc-16m-p-pg_0005,2025-06-20,0,0,,,page-group,date,complete,false,2025-05-09,2026-09-08,all,web,page,https://www.the-anchor.pub/cash-bingo,raw/gsc-16m-p-pg_0005/Chart.csv
gsc-16m-p-pg_0005,2025-06-21,0,0,,,page-group,date,complete,false,2025-05-09,2026-09-08,all,web,page,https://www.the-anchor.pub/cash-bingo,raw/gsc-16m-p-pg_0005/Chart.csv
gsc-16m-p-pg_0005,2025-06-22,0,0,,,page-group,date,complete,false,2025-05-09,2026-09-08,all,web,page,https://www.the-anchor.pub/cash-bingo,raw/gsc-16m-p-pg_0005/Chart.csv
gsc-16m-p-pg_0005,2025-06-23,0,0,,,page-group,date,complete,false,2025-05-09,2026-09-08,all,web,page,https://www.the-anchor.pub/cash-bingo,raw/gsc-16m-p-pg_0005/Chart.csv
gsc-16m-p-pg_0005,2025-06-24,0,0,,,page-group,date,complete,false,2025-05-09,2026-09-08,all,web,page,https://www.the-anchor.pub/cash-bingo,raw/gsc-16m-p-pg_0005/Chart.csv
gsc-16m-p-pg_0005,2025-06-25,0,0,,,page-group,date,complete,false,2025-05-09,2026-09-08,all,web,page,https://www.the-anchor.pub/cash-bingo,raw/gsc-16m-p-pg_0005/Chart.csv
gsc-16m-p-pg_0005,2025-06-26,0,0,,,page-group,date,complete,false,2025-05-09,2026-09-08,all,web,page,https://www.the-anchor.pub/cash-bingo,raw/gsc-16m-p-pg_0005/Chart.csv
gsc-16m-p-pg_0005,2025-06-27,0,0,,,page-group,date,complete,false,2025-05-09,2026-09-08,all,web,page,https://www.the-anchor.pub/cash-bingo,raw/gsc-16m-p-pg_0005/Chart.csv
gsc-16m-p-pg_0005,2025-06-28,0,0,,,page-group,date,complete,false,2025-05-09,2026-09-08,all,web,page,https://www.the-anchor.pub/cash-bingo,raw/gsc-16m-p-pg_0005/Chart.csv
gsc-16m-p-pg_0005,2025-06-29,0,0,,,page-group,date,complete,false,2025-05-09,2026-09-08,all,web,page,https://www.the-anchor.pub/cash-bingo,raw/gsc-16m-p-pg_0005/Chart.csv
gsc-16m-p-pg_0005,2025-06-30,0,0,,,page-group,date,complete,false,2025-05-09,2026-09-08,all,web,page,https://www.the-anchor.pub/cash-bingo,raw/gsc-16m-p-pg_0005/Chart.csv
gsc-16m-p-pg_0005,2025-07-01,0,0,,,page-group,date,complete,false,2025-05-09,2026-09-08,all,web,page,https://www.the-anchor.pub/cash-bingo,raw/gsc-16m-p-pg_0005/Chart.csv
gsc-16m-p-pg_0005,2025-07-02,0,0,,,page-group,date,complete,false,2025-05-09,2026-09-08,all,web,page,https://www.the-anchor.pub/cash-bingo,raw/gsc-16m-p-pg_0005/Chart.csv
gsc-16m-p-pg_0005,2025-07-03,0,0,,,page-group,date,complete,false,2025-05-09,2026-09-08,all,web,page,https://www.the-anchor.pub/cash-bingo,raw/gsc-16m-p-pg_0005/Chart.csv
gsc-16m-p-pg_0005,2025-07-04,0,0,,,page-group,date,complete,false,2025-05-09,2026-09-08,all,web,page,https://www.the-anchor.pub/cash-bingo,raw/gsc-16m-p-pg_0005/Chart.csv
gsc-16m-p-pg_0005,2025-07-05,0,0,,,page-group,date,complete,false,2025-05-09,2026-09-08,all,web,page,https://www.the-anchor.pub/cash-bingo,raw/gsc-16m-p-pg_0005/Chart.csv
gsc-16m-p-pg_0005,2025-07-06,0,0,,,page-group,date,complete,false,2025-05-09,2026-09-08,all,web,page,https://www.the-anchor.pub/cash-bingo,raw/gsc-16m-p-pg_0005/Chart.csv
gsc-16m-p-pg_0005,2025-07-07,0,0,,,page-group,date,complete,false,2025-05-09,2026-09-08,all,web,page,https://www.the-anchor.pub/cash-bingo,raw/gsc-16m-p-pg_0005/Chart.csv
gsc-16m-p-pg_0005,2025-07-08,0,0,,,page-group,date,complete,false,2025-05-09,2026-09-08,all,web,page,https://www.the-anchor.pub/cash-bingo,raw/gsc-16m-p-pg_0005/Chart.csv
gsc-16m-p-pg_0005,2025-07-09,0,0,,,page-group,date,complete,false,2025-05-09,2026-09-08,all,web,page,https://www.the-anchor.pub/cash-bingo,raw/gsc-16m-p-pg_0005/Chart.csv
gsc-16m-p-pg_0005,2025-07-10,0,0,,,page-group,date,complete,false,2025-05-09,2026-09-08,all,web,page,https://www.the-anchor.pub/cash-bingo,raw/gsc-16m-p-pg_0005/Chart.csv
gsc-16m-p-pg_0005,2025-07-11,0,0,,,page-group,date,complete,false,2025-05-09,2026-09-08,all,web,page,https://www.the-anchor.pub/cash-bingo,raw/gsc-16m-p-pg_0005/Chart.csv
gsc-16m-p-pg_0005,2025-07-12,0,0,,,page-group,date,complete,false,2025-05-09,2026-09-08,all,web,page,https://www.the-anchor.pub/cash-bingo,raw/gsc-16m-p-pg_0005/Chart.csv
gsc-16m-p-pg_0005,2025-07-13,0,0,,,page-group,date,complete,false,2025-05-09,2026-09-08,all,web,page,https://www.the-anchor.pub/cash-bingo,raw/gsc-16m-p-pg_0005/Chart.csv
gsc-16m-p-pg_0005,2025-07-14,0,0,,,page-group,date,complete,false,2025-05-09,2026-09-08,all,web,page,https://www.the-anchor.pub/cash-bingo,raw/gsc-16m-p-pg_0005/Chart.csv
gsc-16m-p-pg_0005,2025-07-15,0,0,,,page-group,date,complete,false,2025-05-09,2026-09-08,all,web,page,https://www.the-anchor.pub/cash-bingo,raw/gsc-16m-p-pg_0005/Chart.csv
gsc-16m-p-pg_0005,2025-07-16,0,0,,,page-group,date,complete,false,2025-05-09,2026-09-08,all,web,page,https://www.the-anchor.pub/cash-bingo,raw/gsc-16m-p-pg_0005/Chart.csv
gsc-16m-p-pg_0005,2025-07-17,0,0,,,page-group,date,complete,false,2025-05-09,2026-09-08,all,web,page,https://www.the-anchor.pub/cash-bingo,raw/gsc-16m-p-pg_0005/Chart.csv
gsc-16m-p-pg_0005,2025-07-18,0,0,,,page-group,date,complete,false,2025-05-09,2026-09-08,all,web,page,https://www.the-anchor.pub/cash-bingo,raw/gsc-16m-p-pg_0005/Chart.csv
gsc-16m-p-pg_0005,2025-07-19,0,0,,,page-group,date,complete,false,2025-05-09,2026-09-08,all,web,page,https://www.the-anchor.pub/cash-bingo,raw/gsc-16m-p-pg_0005/Chart.csv
gsc-16m-p-pg_0005,2025-07-20,0,0,,,page-group,date,complete,false,2025-05-09,2026-09-08,all,web,page,https://www.the-anchor.pub/cash-bingo,raw/gsc-16m-p-pg_0005/Chart.csv
gsc-16m-p-pg_0005,2025-07-21,0,0,,,page-group,date,complete,false,2025-05-09,2026-09-08,all,web,page,https://www.the-anchor.pub/cash-bingo,raw/gsc-16m-p-pg_0005/Chart.csv
gsc-16m-p-pg_0005,2025-07-22,0,0,,,page-group,date,complete,false,2025-05-09,2026-09-08,all,web,page,https://www.the-anchor.pub/cash-bingo,raw/gsc-16m-p-pg_0005/Chart.csv
gsc-16m-p-pg_0005,2025-07-23,0,0,,,page-group,date,complete,false,2025-05-09,2026-09-08,all,web,page,https://www.the-anchor.pub/cash-bingo,raw/gsc-16m-p-pg_0005/Chart.csv
gsc-16m-p-pg_0005,2025-07-24,0,0,,,page-group,date,complete,false,2025-05-09,2026-09-08,all,web,page,https://www.the-anchor.pub/cash-bingo,raw/gsc-16m-p-pg_0005/Chart.csv
gsc-16m-p-pg_0005,2025-07-25,0,0,,,page-group,date,complete,false,2025-05-09,2026-09-08,all,web,page,https://www.the-anchor.pub/cash-bingo,raw/gsc-16m-p-pg_0005/Chart.csv
gsc-16m-p-pg_0005,2025-07-26,0,0,,,page-group,date,complete,false,2025-05-09,2026-09-08,all,web,page,https://www.the-anchor.pub/cash-bingo,raw/gsc-16m-p-pg_0005/Chart.csv
gsc-16m-p-pg_0005,2025-07-27,0,0,,,page-group,date,complete,false,2025-05-09,2026-09-08,all,web,page,https://www.the-anchor.pub/cash-bingo,raw/gsc-16m-p-pg_0005/Chart.csv
gsc-16m-p-pg_0005,2025-07-28,0,0,,,page-group,date,complete,false,2025-05-09,2026-09-08,all,web,page,https://www.the-anchor.pub/cash-bingo,raw/gsc-16m-p-pg_0005/Chart.csv
gsc-16m-p-pg_0005,2025-07-29,0,0,,,page-group,date,complete,false,2025-05-09,2026-09-08,all,web,page,https://www.the-anchor.pub/cash-bingo,raw/gsc-16m-p-pg_0005/Chart.csv
gsc-16m-p-pg_0005,2025-07-30,0,0,,,page-group,date,complete,false,2025-05-09,2026-09-08,all,web,page,https://www.the-anchor.pub/cash-bingo,raw/gsc-16m-p-pg_0005/Chart.csv
gsc-16m-p-pg_0005,2025-07-31,0,0,,,page-group,date,complete,false,2025-05-09,2026-09-08,all,web,page,https://www.the-anchor.pub/cash-bingo,raw/gsc-16m-p-pg_0005/Chart.csv
gsc-16m-p-pg_0005,2025-08-01,0,0,,,page-group,date,complete,false,2025-05-09,2026-09-08,all,web,page,https://www.the-anchor.pub/cash-bingo,raw/gsc-16m-p-pg_0005/Chart.csv
gsc-16m-p-pg_0005,2025-08-02,0,0,,,page-group,date,complete,false,2025-05-09,2026-09-08,all,web,page,https://www.the-anchor.pub/cash-bingo,raw/gsc-16m-p-pg_0005/Chart.csv
gsc-16m-p-pg_0005,2025-08-03,0,0,,,page-group,date,complete,false,2025-05-09,2026-09-08,all,web,page,https://www.the-anchor.pub/cash-bingo,raw/gsc-16m-p-pg_0005/Chart.csv
gsc-16m-p-pg_0005,2025-08-04,0,0,,,page-group,date,complete,false,2025-05-09,2026-09-08,all,web,page,https://www.the-anchor.pub/cash-bingo,raw/gsc-16m-p-pg_0005/Chart.csv
gsc-16m-p-pg_0005,2025-08-05,0,0,,,page-group,date,complete,false,2025-05-09,2026-09-08,all,web,page,https://www.the-anchor.pub/cash-bingo,raw/gsc-16m-p-pg_0005/Chart.csv
gsc-16m-p-pg_0005,2025-08-06,0,0,,,page-group,date,complete,false,2025-05-09,2026-09-08,all,web,page,https://www.the-anchor.pub/cash-bingo,raw/gsc-16m-p-pg_0005/Chart.csv
gsc-16m-p-pg_0005,2025-08-07,0,0,,,page-group,date,complete,false,2025-05-09,2026-09-08,all,web,page,https://www.the-anchor.pub/cash-bingo,raw/gsc-16m-p-pg_0005/Chart.csv
gsc-16m-p-pg_0005,2025-08-08,0,0,,,page-group,date,complete,false,2025-05-09,2026-09-08,all,web,page,https://www.the-anchor.pub/cash-bingo,raw/gsc-16m-p-pg_0005/Chart.csv
gsc-16m-p-pg_0005,2025-08-09,0,0,,,page-group,date,complete,false,2025-05-09,2026-09-08,all,web,page,https://www.the-anchor.pub/cash-bingo,raw/gsc-16m-p-pg_0005/Chart.csv
gsc-16m-p-pg_0005,2025-08-10,0,0,,,page-group,date,complete,false,2025-05-09,2026-09-08,all,web,page,https://www.the-anchor.pub/cash-bingo,raw/gsc-16m-p-pg_0005/Chart.csv
gsc-16m-p-pg_0005,2025-08-11,0,0,,,page-group,date,complete,false,2025-05-09,2026-09-08,all,web,page,https://www.the-anchor.pub/cash-bingo,raw/gsc-16m-p-pg_0005/Chart.csv
gsc-16m-p-pg_0005,2025-08-12,0,0,,,page-group,date,complete,false,2025-05-09,2026-09-08,all,web,page,https://www.the-anchor.pub/cash-bingo,raw/gsc-16m-p-pg_0005/Chart.csv
gsc-16m-p-pg_0005,2025-08-13,0,0,,,page-group,date,complete,false,2025-05-09,2026-09-08,all,web,page,https://www.the-anchor.pub/cash-bingo,raw/gsc-16m-p-pg_0005/Chart.csv
gsc-16m-p-pg_0005,2025-08-14,0,0,,,page-group,date,complete,false,2025-05-09,2026-09-08,all,web,page,https://www.the-anchor.pub/cash-bingo,raw/gsc-16m-p-pg_0005/Chart.csv
gsc-16m-p-pg_0005,2025-08-15,0,0,,,page-group,date,complete,false,2025-05-09,2026-09-08,all,web,page,https://www.the-anchor.pub/cash-bingo,raw/gsc-16m-p-pg_0005/Chart.csv
gsc-16m-p-pg_0005,2025-08-16,0,0,,,page-group,date,complete,false,2025-05-09,2026-09-08,all,web,page,https://www.the-anchor.pub/cash-bingo,raw/gsc-16m-p-pg_0005/Chart.csv
gsc-16m-p-pg_0005,2025-08-17,0,0,,,page-group,date,complete,false,2025-05-09,2026-09-08,all,web,page,https://www.the-anchor.pub/cash-bingo,raw/gsc-16m-p-pg_0005/Chart.csv
gsc-16m-p-pg_0005,2025-08-18,0,0,,,page-group,date,complete,false,2025-05-09,2026-09-08,all,web,page,https://www.the-anchor.pub/cash-bingo,raw/gsc-16m-p-pg_0005/Chart.csv
gsc-16m-p-pg_0005,2025-08-19,0,0,,,page-group,date,complete,false,2025-05-09,2026-09-08,all,web,page,https://www.the-anchor.pub/cash-bingo,raw/gsc-16m-p-pg_0005/Chart.csv
gsc-16m-p-pg_0005,2025-08-20,0,0,,,page-group,date,complete,false,2025-05-09,2026-09-08,all,web,page,https://www.the-anchor.pub/cash-bingo,raw/gsc-16m-p-pg_0005/Chart.csv
gsc-16m-p-pg_0005,2025-08-21,0,0,,,page-group,date,complete,false,2025-05-09,2026-09-08,all,web,page,https://www.the-anchor.pub/cash-bingo,raw/gsc-16m-p-pg_0005/Chart.csv
gsc-16m-p-pg_0005,2025-08-22,0,0,,,page-group,date,complete,false,2025-05-09,2026-09-08,all,web,page,https://www.the-anchor.pub/cash-bingo,raw/gsc-16m-p-pg_0005/Chart.csv
gsc-16m-p-pg_0005,2025-08-23,0,0,,,page-group,date,complete,false,2025-05-09,2026-09-08,all,web,page,https://www.the-anchor.pub/cash-bingo,raw/gsc-16m-p-pg_0005/Chart.csv
gsc-16m-p-pg_0005,2025-08-24,0,0,,,page-group,date,complete,false,2025-05-09,2026-09-08,all,web,page,https://www.the-anchor.pub/cash-bingo,raw/gsc-16m-p-pg_0005/Chart.csv
gsc-16m-p-pg_0005,2025-08-25,0,0,,,page-group,date,complete,false,2025-05-09,2026-09-08,all,web,page,https://www.the-anchor.pub/cash-bingo,raw/gsc-16m-p-pg_0005/Chart.csv
gsc-16m-p-pg_0005,2025-08-26,0,0,,,page-group,date,complete,false,2025-05-09,2026-09-08,all,web,page,https://www.the-anchor.pub/cash-bingo,raw/gsc-16m-p-pg_0005/Chart.csv
gsc-16m-p-pg_0005,2025-08-27,0,0,,,page-group,date,complete,false,2025-05-09,2026-09-08,all,web,page,https://www.the-anchor.pub/cash-bingo,raw/gsc-16m-p-pg_0005/Chart.csv
gsc-16m-p-pg_0005,2025-08-28,0,0,,,page-group,date,complete,false,2025-05-09,2026-09-08,all,web,page,https://www.the-anchor.pub/cash-bingo,raw/gsc-16m-p-pg_0005/Chart.csv
gsc-16m-p-pg_0005,2025-08-29,0,0,,,page-group,date,complete,false,2025-05-09,2026-09-08,all,web,page,https://www.the-anchor.pub/cash-bingo,raw/gsc-16m-p-pg_0005/Chart.csv
gsc-16m-p-pg_0005,2025-08-30,0,0,,,page-group,date,complete,false,2025-05-09,2026-09-08,all,web,page,https://www.the-anchor.pub/cash-bingo,raw/gsc-16m-p-pg_0005/Chart.csv
gsc-16m-p-pg_0005,2025-08-31,0,0,,,page-group,date,complete,false,2025-05-09,2026-09-08,all,web,page,https://www.the-anchor.pub/cash-bingo,raw/gsc-16m-p-pg_0005/Chart.csv
gsc-16m-p-pg_0005,2025-09-01,0,0,,,page-group,date,complete,false,2025-05-09,2026-09-08,all,web,page,https://www.the-anchor.pub/cash-bingo,raw/gsc-16m-p-pg_0005/Chart.csv
gsc-16m-p-pg_0005,2025-09-02,0,0,,,page-group,date,complete,false,2025-05-09,2026-09-08,all,web,page,https://www.the-anchor.pub/cash-bingo,raw/gsc-16m-p-pg_0005/Chart.csv
gsc-16m-p-pg_0005,2025-09-03,0,0,,,page-group,date,complete,false,2025-05-09,2026-09-08,all,web,page,https://www.the-anchor.pub/cash-bingo,raw/gsc-16m-p-pg_0005/Chart.csv
gsc-16m-p-pg_0005,2025-09-04,0,0,,,page-group,date,complete,false,2025-05-09,2026-09-08,all,web,page,https://www.the-anchor.pub/cash-bingo,raw/gsc-16m-p-pg_0005/Chart.csv
gsc-16m-p-pg_0005,2025-09-05,0,0,,,page-group,date,complete,false,2025-05-09,2026-09-08,all,web,page,https://www.the-anchor.pub/cash-bingo,raw/gsc-16m-p-pg_0005/Chart.csv
gsc-16m-p-pg_0005,2025-09-06,0,0,,,page-group,date,complete,false,2025-05-09,2026-09-08,all,web,page,https://www.the-anchor.pub/cash-bingo,raw/gsc-16m-p-pg_0005/Chart.csv
gsc-16m-p-pg_0005,2025-09-07,0,0,,,page-group,date,complete,false,2025-05-09,2026-09-08,all,web,page,https://www.the-anchor.pub/cash-bingo,raw/gsc-16m-p-pg_0005/Chart.csv
gsc-16m-p-pg_0005,2025-09-08,0,0,,,page-group,date,complete,false,2025-05-09,2026-09-08,all,web,page,https://www.the-anchor.pub/cash-bingo,raw/gsc-16m-p-pg_0005/Chart.csv
gsc-16m-p-pg_0005,2025-09-09,0,0,,,page-group,date,complete,false,2025-05-09,2026-09-08,all,web,page,https://www.the-anchor.pub/cash-bingo,raw/gsc-16m-p-pg_0005/Chart.csv
gsc-16m-p-pg_0005,2025-09-10,0,0,,,page-group,date,complete,false,2025-05-09,2026-09-08,all,web,page,https://www.the-anchor.pub/cash-bingo,raw/gsc-16m-p-pg_0005/Chart.csv
gsc-16m-p-pg_0005,2025-09-11,0,0,,,page-group,date,complete,false,2025-05-09,2026-09-08,all,web,page,https://www.the-anchor.pub/cash-bingo,raw/gsc-16m-p-pg_0005/Chart.csv
gsc-16m-p-pg_0005,2025-09-12,0,0,,,page-group,date,complete,false,2025-05-09,2026-09-08,all,web,page,https://www.the-anchor.pub/cash-bingo,raw/gsc-16m-p-pg_0005/Chart.csv
gsc-16m-p-pg_0005,2025-09-13,0,0,,,page-group,date,complete,false,2025-05-09,2026-09-08,all,web,page,https://www.the-anchor.pub/cash-bingo,raw/gsc-16m-p-pg_0005/Chart.csv
gsc-16m-p-pg_0005,2025-09-14,0,0,,,page-group,date,complete,false,2025-05-09,2026-09-08,all,web,page,https://www.the-anchor.pub/cash-bingo,raw/gsc-16m-p-pg_0005/Chart.csv
gsc-16m-p-pg_0005,2025-09-15,0,0,,,page-group,date,complete,false,2025-05-09,2026-09-08,all,web,page,https://www.the-anchor.pub/cash-bingo,raw/gsc-16m-p-pg_0005/Chart.csv
gsc-16m-p-pg_0005,2025-09-16,0,0,,,page-group,date,complete,false,2025-05-09,2026-09-08,all,web,page,https://www.the-anchor.pub/cash-bingo,raw/gsc-16m-p-pg_0005/Chart.csv
gsc-16m-p-pg_0005,2025-09-17,0,0,,,page-group,date,complete,false,2025-05-09,2026-09-08,all,web,page,https://www.the-anchor.pub/cash-bingo,raw/gsc-16m-p-pg_0005/Chart.csv
gsc-16m-p-pg_0005,2025-09-18,0,0,,,page-group,date,complete,false,2025-05-09,2026-09-08,all,web,page,https://www.the-anchor.pub/cash-bingo,raw/gsc-16m-p-pg_0005/Chart.csv
gsc-16m-p-pg_0005,2025-09-19,0,0,,,page-group,date,complete,false,2025-05-09,2026-09-08,all,web,page,https://www.the-anchor.pub/cash-bingo,raw/gsc-16m-p-pg_0005/Chart.csv
gsc-16m-p-pg_0005,2025-09-20,0,0,,,page-group,date,complete,false,2025-05-09,2026-09-08,all,web,page,https://www.the-anchor.pub/cash-bingo,raw/gsc-16m-p-pg_0005/Chart.csv
gsc-16m-p-pg_0005,2025-09-21,0,0,,,page-group,date,complete,false,2025-05-09,2026-09-08,all,web,page,https://www.the-anchor.pub/cash-bingo,raw/gsc-16m-p-pg_0005/Chart.csv
gsc-16m-p-pg_0005,2025-09-22,0,0,,,page-group,date,complete,false,2025-05-09,2026-09-08,all,web,page,https://www.the-anchor.pub/cash-bingo,raw/gsc-16m-p-pg_0005/Chart.csv
gsc-16m-p-pg_0005,2025-09-23,0,0,,,page-group,date,complete,false,2025-05-09,2026-09-08,all,web,page,https://www.the-anchor.pub/cash-bingo,raw/gsc-16m-p-pg_0005/Chart.csv
gsc-16m-p-pg_0005,2025-09-24,0,0,,,page-group,date,complete,false,2025-05-09,2026-09-08,all,web,page,https://www.the-anchor.pub/cash-bingo,raw/gsc-16m-p-pg_0005/Chart.csv
gsc-16m-p-pg_0005,2025-09-25,0,0,,,page-group,date,complete,false,2025-05-09,2026-09-08,all,web,page,https://www.the-anchor.pub/cash-bingo,raw/gsc-16m-p-pg_0005/Chart.csv
gsc-16m-p-pg_0005,2025-09-26,0,0,,,page-group,date,complete,false,2025-05-09,2026-09-08,all,web,page,https://www.the-anchor.pub/cash-bingo,raw/gsc-16m-p-pg_0005/Chart.csv
gsc-16m-p-pg_0005,2025-09-27,0,0,,,page-group,date,complete,false,2025-05-09,2026-09-08,all,web,page,https://www.the-anchor.pub/cash-bingo,raw/gsc-16m-p-pg_0005/Chart.csv
gsc-16m-p-pg_0005,2025-09-28,0,0,,,page-group,date,complete,false,2025-05-09,2026-09-08,all,web,page,https://www.the-anchor.pub/cash-bingo,raw/gsc-16m-p-pg_0005/Chart.csv
gsc-16m-p-pg_0005,2025-09-29,0,1,0,10,page-group,date,complete,false,2025-05-09,2026-09-08,all,web,page,https://www.the-anchor.pub/cash-bingo,raw/gsc-16m-p-pg_0005/Chart.csv
gsc-16m-p-pg_0005,2025-09-30,0,0,,,page-group,date,complete,false,2025-05-09,2026-09-08,all,web,page,https://www.the-anchor.pub/cash-bingo,raw/gsc-16m-p-pg_0005/Chart.csv
gsc-16m-p-pg_0005,2025-10-01,0,0,,,page-group,date,complete,false,2025-05-09,2026-09-08,all,web,page,https://www.the-anchor.pub/cash-bingo,raw/gsc-16m-p-pg_0005/Chart.csv
gsc-16m-p-pg_0005,2025-10-02,0,0,,,page-group,date,complete,false,2025-05-09,2026-09-08,all,web,page,https://www.the-anchor.pub/cash-bingo,raw/gsc-16m-p-pg_0005/Chart.csv
gsc-16m-p-pg_0005,2025-10-03,0,0,,,page-group,date,complete,false,2025-05-09,2026-09-08,all,web,page,https://www.the-anchor.pub/cash-bingo,raw/gsc-16m-p-pg_0005/Chart.csv
gsc-16m-p-pg_0005,2025-10-04,0,0,,,page-group,date,complete,false,2025-05-09,2026-09-08,all,web,page,https://www.the-anchor.pub/cash-bingo,raw/gsc-16m-p-pg_0005/Chart.csv
gsc-16m-p-pg_0005,2025-10-05,0,0,,,page-group,date,complete,false,2025-05-09,2026-09-08,all,web,page,https://www.the-anchor.pub/cash-bingo,raw/gsc-16m-p-pg_0005/Chart.csv
gsc-16m-p-pg_0005,2025-10-06,0,0,,,page-group,date,complete,false,2025-05-09,2026-09-08,all,web,page,https://www.the-anchor.pub/cash-bingo,raw/gsc-16m-p-pg_0005/Chart.csv
gsc-16m-p-pg_0005,2025-10-07,0,0,,,page-group,date,complete,false,2025-05-09,2026-09-08,all,web,page,https://www.the-anchor.pub/cash-bingo,raw/gsc-16m-p-pg_0005/Chart.csv
gsc-16m-p-pg_0005,2025-10-08,0,0,,,page-group,date,complete,false,2025-05-09,2026-09-08,all,web,page,https://www.the-anchor.pub/cash-bingo,raw/gsc-16m-p-pg_0005/Chart.csv
gsc-16m-p-pg_0005,2025-10-09,0,0,,,page-group,date,complete,false,2025-05-09,2026-09-08,all,web,page,https://www.the-anchor.pub/cash-bingo,raw/gsc-16m-p-pg_0005/Chart.csv
gsc-16m-p-pg_0005,2025-10-10,0,2,0,3,page-group,date,complete,false,2025-05-09,2026-09-08,all,web,page,https://www.the-anchor.pub/cash-bingo,raw/gsc-16m-p-pg_0005/Chart.csv
gsc-16m-p-pg_0005,2025-10-11,0,0,,,page-group,date,complete,false,2025-05-09,2026-09-08,all,web,page,https://www.the-anchor.pub/cash-bingo,raw/gsc-16m-p-pg_0005/Chart.csv
gsc-16m-p-pg_0005,2025-10-12,0,0,,,page-group,date,complete,false,2025-05-09,2026-09-08,all,web,page,https://www.the-anchor.pub/cash-bingo,raw/gsc-16m-p-pg_0005/Chart.csv
gsc-16m-p-pg_0005,2025-10-13,0,0,,,page-group,date,complete,false,2025-05-09,2026-09-08,all,web,page,https://www.the-anchor.pub/cash-bingo,raw/gsc-16m-p-pg_0005/Chart.csv
gsc-16m-p-pg_0005,2025-10-14,0,0,,,page-group,date,complete,false,2025-05-09,2026-09-08,all,web,page,https://www.the-anchor.pub/cash-bingo,raw/gsc-16m-p-pg_0005/Chart.csv
gsc-16m-p-pg_0005,2025-10-15,0,0,,,page-group,date,complete,false,2025-05-09,2026-09-08,all,web,page,https://www.the-anchor.pub/cash-bingo,raw/gsc-16m-p-pg_0005/Chart.csv
gsc-16m-p-pg_0005,2025-10-16,0,0,,,page-group,date,complete,false,2025-05-09,2026-09-08,all,web,page,https://www.the-anchor.pub/cash-bingo,raw/gsc-16m-p-pg_0005/Chart.csv
gsc-16m-p-pg_0005,2025-10-17,0,1,0,11,page-group,date,complete,false,2025-05-09,2026-09-08,all,web,page,https://www.the-anchor.pub/cash-bingo,raw/gsc-16m-p-pg_0005/Chart.csv
gsc-16m-p-pg_0005,2025-10-18,0,0,,,page-group,date,complete,false,2025-05-09,2026-09-08,all,web,page,https://www.the-anchor.pub/cash-bingo,raw/gsc-16m-p-pg_0005/Chart.csv
gsc-16m-p-pg_0005,2025-10-19,0,0,,,page-group,date,complete,false,2025-05-09,2026-09-08,all,web,page,https://www.the-anchor.pub/cash-bingo,raw/gsc-16m-p-pg_0005/Chart.csv
gsc-16m-p-pg_0005,2025-10-20,0,0,,,page-group,date,complete,false,2025-05-09,2026-09-08,all,web,page,https://www.the-anchor.pub/cash-bingo,raw/gsc-16m-p-pg_0005/Chart.csv
gsc-16m-p-pg_0005,2025-10-21,0,0,,,page-group,date,complete,false,2025-05-09,2026-09-08,all,web,page,https://www.the-anchor.pub/cash-bingo,raw/gsc-16m-p-pg_0005/Chart.csv
gsc-16m-p-pg_0005,2025-10-22,0,0,,,page-group,date,complete,false,2025-05-09,2026-09-08,all,web,page,https://www.the-anchor.pub/cash-bingo,raw/gsc-16m-p-pg_0005/Chart.csv
gsc-16m-p-pg_0005,2025-10-23,0,0,,,page-group,date,complete,false,2025-05-09,2026-09-08,all,web,page,https://www.the-anchor.pub/cash-bingo,raw/gsc-16m-p-pg_0005/Chart.csv
gsc-16m-p-pg_0005,2025-10-24,0,0,,,page-group,date,complete,false,2025-05-09,2026-09-08,all,web,page,https://www.the-anchor.pub/cash-bingo,raw/gsc-16m-p-pg_0005/Chart.csv
gsc-16m-p-pg_0005,2025-10-25,0,0,,,page-group,date,complete,false,2025-05-09,2026-09-08,all,web,page,https://www.the-anchor.pub/cash-bingo,raw/gsc-16m-p-pg_0005/Chart.csv
gsc-16m-p-pg_0005,2025-10-26,0,0,,,page-group,date,complete,false,2025-05-09,2026-09-08,all,web,page,https://www.the-anchor.pub/cash-bingo,raw/gsc-16m-p-pg_0005/Chart.csv
gsc-16m-p-pg_0005,2025-10-27,0,0,,,page-group,date,complete,false,2025-05-09,2026-09-08,all,web,page,https://www.the-anchor.pub/cash-bingo,raw/gsc-16m-p-pg_0005/Chart.csv
gsc-16m-p-pg_0005,2025-10-28,0,0,,,page-group,date,complete,false,2025-05-09,2026-09-08,all,web,page,https://www.the-anchor.pub/cash-bingo,raw/gsc-16m-p-pg_0005/Chart.csv
gsc-16m-p-pg_0005,2025-10-29,0,0,,,page-group,date,complete,false,2025-05-09,2026-09-08,all,web,page,https://www.the-anchor.pub/cash-bingo,raw/gsc-16m-p-pg_0005/Chart.csv
gsc-16m-p-pg_0005,2025-10-30,0,0,,,page-group,date,complete,false,2025-05-09,2026-09-08,all,web,page,https://www.the-anchor.pub/cash-bingo,raw/gsc-16m-p-pg_0005/Chart.csv
gsc-16m-p-pg_0005,2025-10-31,0,0,,,page-group,date,complete,false,2025-05-09,2026-09-08,all,web,page,https://www.the-anchor.pub/cash-bingo,raw/gsc-16m-p-pg_0005/Chart.csv
gsc-16m-p-pg_0005,2025-11-01,0,0,,,page-group,date,complete,false,2025-05-09,2026-09-08,all,web,page,https://www.the-anchor.pub/cash-bingo,raw/gsc-16m-p-pg_0005/Chart.csv
gsc-16m-p-pg_0005,2025-11-02,0,0,,,page-group,date,complete,false,2025-05-09,2026-09-08,all,web,page,https://www.the-anchor.pub/cash-bingo,raw/gsc-16m-p-pg_0005/Chart.csv
gsc-16m-p-pg_0005,2025-11-03,0,0,,,page-group,date,complete,false,2025-05-09,2026-09-08,all,web,page,https://www.the-anchor.pub/cash-bingo,raw/gsc-16m-p-pg_0005/Chart.csv
gsc-16m-p-pg_0005,2025-11-04,0,0,,,page-group,date,complete,false,2025-05-09,2026-09-08,all,web,page,https://www.the-anchor.pub/cash-bingo,raw/gsc-16m-p-pg_0005/Chart.csv
gsc-16m-p-pg_0005,2025-11-05,0,0,,,page-group,date,complete,false,2025-05-09,2026-09-08,all,web,page,https://www.the-anchor.pub/cash-bingo,raw/gsc-16m-p-pg_0005/Chart.csv
gsc-16m-p-pg_0005,2025-11-06,0,0,,,page-group,date,complete,false,2025-05-09,2026-09-08,all,web,page,https://www.the-anchor.pub/cash-bingo,raw/gsc-16m-p-pg_0005/Chart.csv
gsc-16m-p-pg_0005,2025-11-07,0,0,,,page-group,date,complete,false,2025-05-09,2026-09-08,all,web,page,https://www.the-anchor.pub/cash-bingo,raw/gsc-16m-p-pg_0005/Chart.csv
gsc-16m-p-pg_0005,2025-11-08,0,0,,,page-group,date,complete,false,2025-05-09,2026-09-08,all,web,page,https://www.the-anchor.pub/cash-bingo,raw/gsc-16m-p-pg_0005/Chart.csv
gsc-16m-p-pg_0005,2025-11-09,0,0,,,page-group,date,complete,false,2025-05-09,2026-09-08,all,web,page,https://www.the-anchor.pub/cash-bingo,raw/gsc-16m-p-pg_0005/Chart.csv
gsc-16m-p-pg_0005,2025-11-10,0,0,,,page-group,date,complete,false,2025-05-09,2026-09-08,all,web,page,https://www.the-anchor.pub/cash-bingo,raw/gsc-16m-p-pg_0005/Chart.csv
gsc-16m-p-pg_0005,2025-11-11,0,0,,,page-group,date,complete,false,2025-05-09,2026-09-08,all,web,page,https://www.the-anchor.pub/cash-bingo,raw/gsc-16m-p-pg_0005/Chart.csv
gsc-16m-p-pg_0005,2025-11-12,0,0,,,page-group,date,complete,false,2025-05-09,2026-09-08,all,web,page,https://www.the-anchor.pub/cash-bingo,raw/gsc-16m-p-pg_0005/Chart.csv
gsc-16m-p-pg_0005,2025-11-13,0,0,,,page-group,date,complete,false,2025-05-09,2026-09-08,all,web,page,https://www.the-anchor.pub/cash-bingo,raw/gsc-16m-p-pg_0005/Chart.csv
gsc-16m-p-pg_0005,2025-11-14,0,0,,,page-group,date,complete,false,2025-05-09,2026-09-08,all,web,page,https://www.the-anchor.pub/cash-bingo,raw/gsc-16m-p-pg_0005/Chart.csv
gsc-16m-p-pg_0005,2025-11-15,0,0,,,page-group,date,complete,false,2025-05-09,2026-09-08,all,web,page,https://www.the-anchor.pub/cash-bingo,raw/gsc-16m-p-pg_0005/Chart.csv
gsc-16m-p-pg_0005,2025-11-16,0,0,,,page-group,date,complete,false,2025-05-09,2026-09-08,all,web,page,https://www.the-anchor.pub/cash-bingo,raw/gsc-16m-p-pg_0005/Chart.csv
gsc-16m-p-pg_0005,2025-11-17,0,0,,,page-group,date,complete,false,2025-05-09,2026-09-08,all,web,page,https://www.the-anchor.pub/cash-bingo,raw/gsc-16m-p-pg_0005/Chart.csv
gsc-16m-p-pg_0005,2025-11-18,0,0,,,page-group,date,complete,false,2025-05-09,2026-09-08,all,web,page,https://www.the-anchor.pub/cash-bingo,raw/gsc-16m-p-pg_0005/Chart.csv
gsc-16m-p-pg_0005,2025-11-19,0,0,,,page-group,date,complete,false,2025-05-09,2026-09-08,all,web,page,https://www.the-anchor.pub/cash-bingo,raw/gsc-16m-p-pg_0005/Chart.csv
gsc-16m-p-pg_0005,2025-11-20,0,0,,,page-group,date,complete,false,2025-05-09,2026-09-08,all,web,page,https://www.the-anchor.pub/cash-bingo,raw/gsc-16m-p-pg_0005/Chart.csv
gsc-16m-p-pg_0005,2025-11-21,0,0,,,page-group,date,complete,false,2025-05-09,2026-09-08,all,web,page,https://www.the-anchor.pub/cash-bingo,raw/gsc-16m-p-pg_0005/Chart.csv
gsc-16m-p-pg_0005,2025-11-22,0,0,,,page-group,date,complete,false,2025-05-09,2026-09-08,all,web,page,https://www.the-anchor.pub/cash-bingo,raw/gsc-16m-p-pg_0005/Chart.csv
gsc-16m-p-pg_0005,2025-11-23,0,1,0,6,page-group,date,complete,false,2025-05-09,2026-09-08,all,web,page,https://www.the-anchor.pub/cash-bingo,raw/gsc-16m-p-pg_0005/Chart.csv
gsc-16m-p-pg_0005,2025-11-24,0,0,,,page-group,date,complete,false,2025-05-09,2026-09-08,all,web,page,https://www.the-anchor.pub/cash-bingo,raw/gsc-16m-p-pg_0005/Chart.csv
gsc-16m-p-pg_0005,2025-11-25,0,5,0,10.8,page-group,date,complete,false,2025-05-09,2026-09-08,all,web,page,https://www.the-anchor.pub/cash-bingo,raw/gsc-16m-p-pg_0005/Chart.csv
gsc-16m-p-pg_0005,2025-11-26,0,0,,,page-group,date,complete,false,2025-05-09,2026-09-08,all,web,page,https://www.the-anchor.pub/cash-bingo,raw/gsc-16m-p-pg_0005/Chart.csv
gsc-16m-p-pg_0005,2025-11-27,0,2,0,7.5,page-group,date,complete,false,2025-05-09,2026-09-08,all,web,page,https://www.the-anchor.pub/cash-bingo,raw/gsc-16m-p-pg_0005/Chart.csv
gsc-16m-p-pg_0005,2025-11-28,0,0,,,page-group,date,complete,false,2025-05-09,2026-09-08,all,web,page,https://www.the-anchor.pub/cash-bingo,raw/gsc-16m-p-pg_0005/Chart.csv
gsc-16m-p-pg_0005,2025-11-29,0,1,0,8,page-group,date,complete,false,2025-05-09,2026-09-08,all,web,page,https://www.the-anchor.pub/cash-bingo,raw/gsc-16m-p-pg_0005/Chart.csv
gsc-16m-p-pg_0005,2025-11-30,0,3,0,7,page-group,date,complete,false,2025-05-09,2026-09-08,all,web,page,https://www.the-anchor.pub/cash-bingo,raw/gsc-16m-p-pg_0005/Chart.csv
gsc-16m-p-pg_0005,2025-12-01,0,1,0,5,page-group,date,complete,false,2025-05-09,2026-09-08,all,web,page,https://www.the-anchor.pub/cash-bingo,raw/gsc-16m-p-pg_0005/Chart.csv
gsc-16m-p-pg_0005,2025-12-02,0,1,0,1,page-group,date,complete,false,2025-05-09,2026-09-08,all,web,page,https://www.the-anchor.pub/cash-bingo,raw/gsc-16m-p-pg_0005/Chart.csv
gsc-16m-p-pg_0005,2025-12-03,0,0,,,page-group,date,complete,false,2025-05-09,2026-09-08,all,web,page,https://www.the-anchor.pub/cash-bingo,raw/gsc-16m-p-pg_0005/Chart.csv
gsc-16m-p-pg_0005,2025-12-04,0,0,,,page-group,date,complete,false,2025-05-09,2026-09-08,all,web,page,https://www.the-anchor.pub/cash-bingo,raw/gsc-16m-p-pg_0005/Chart.csv
gsc-16m-p-pg_0005,2025-12-05,0,7,0,29,page-group,date,complete,false,2025-05-09,2026-09-08,all,web,page,https://www.the-anchor.pub/cash-bingo,raw/gsc-16m-p-pg_0005/Chart.csv
gsc-16m-p-pg_0005,2025-12-06,0,6,0,16,page-group,date,complete,false,2025-05-09,2026-09-08,all,web,page,https://www.the-anchor.pub/cash-bingo,raw/gsc-16m-p-pg_0005/Chart.csv
gsc-16m-p-pg_0005,2025-12-07,0,4,0,20,page-group,date,complete,false,2025-05-09,2026-09-08,all,web,page,https://www.the-anchor.pub/cash-bingo,raw/gsc-16m-p-pg_0005/Chart.csv
gsc-16m-p-pg_0005,2025-12-08,0,0,,,page-group,date,complete,false,2025-05-09,2026-09-08,all,web,page,https://www.the-anchor.pub/cash-bingo,raw/gsc-16m-p-pg_0005/Chart.csv
gsc-16m-p-pg_0005,2025-12-09,0,4,0,13.5,page-group,date,complete,false,2025-05-09,2026-09-08,all,web,page,https://www.the-anchor.pub/cash-bingo,raw/gsc-16m-p-pg_0005/Chart.csv
gsc-16m-p-pg_0005,2025-12-10,0,1,0,16,page-group,date,complete,false,2025-05-09,2026-09-08,all,web,page,https://www.the-anchor.pub/cash-bingo,raw/gsc-16m-p-pg_0005/Chart.csv
gsc-16m-p-pg_0005,2025-12-11,0,2,0,6.5,page-group,date,complete,false,2025-05-09,2026-09-08,all,web,page,https://www.the-anchor.pub/cash-bingo,raw/gsc-16m-p-pg_0005/Chart.csv
gsc-16m-p-pg_0005,2025-12-12,0,2,0,23.5,page-group,date,complete,false,2025-05-09,2026-09-08,all,web,page,https://www.the-anchor.pub/cash-bingo,raw/gsc-16m-p-pg_0005/Chart.csv
gsc-16m-p-pg_0005,2025-12-13,0,1,0,2,page-group,date,complete,false,2025-05-09,2026-09-08,all,web,page,https://www.the-anchor.pub/cash-bingo,raw/gsc-16m-p-pg_0005/Chart.csv
gsc-16m-p-pg_0005,2025-12-14,0,0,,,page-group,date,complete,false,2025-05-09,2026-09-08,all,web,page,https://www.the-anchor.pub/cash-bingo,raw/gsc-16m-p-pg_0005/Chart.csv
gsc-16m-p-pg_0005,2025-12-15,0,0,,,page-group,date,complete,false,2025-05-09,2026-09-08,all,web,page,https://www.the-anchor.pub/cash-bingo,raw/gsc-16m-p-pg_0005/Chart.csv
gsc-16m-p-pg_0005,2025-12-16,0,4,0,6,page-group,date,complete,false,2025-05-09,2026-09-08,all,web,page,https://www.the-anchor.pub/cash-bingo,raw/gsc-16m-p-pg_0005/Chart.csv
gsc-16m-p-pg_0005,2025-12-17,0,4,0,23,page-group,date,complete,false,2025-05-09,2026-09-08,all,web,page,https://www.the-anchor.pub/cash-bingo,raw/gsc-16m-p-pg_0005/Chart.csv
gsc-16m-p-pg_0005,2025-12-18,0,2,0,7.5,page-group,date,complete,false,2025-05-09,2026-09-08,all,web,page,https://www.the-anchor.pub/cash-bingo,raw/gsc-16m-p-pg_0005/Chart.csv
gsc-16m-p-pg_0005,2025-12-19,0,1,0,39,page-group,date,complete,false,2025-05-09,2026-09-08,all,web,page,https://www.the-anchor.pub/cash-bingo,raw/gsc-16m-p-pg_0005/Chart.csv
gsc-16m-p-pg_0005,2025-12-20,0,1,0,34,page-group,date,complete,false,2025-05-09,2026-09-08,all,web,page,https://www.the-anchor.pub/cash-bingo,raw/gsc-16m-p-pg_0005/Chart.csv
gsc-16m-p-pg_0005,2025-12-21,0,2,0,6.5,page-group,date,complete,false,2025-05-09,2026-09-08,all,web,page,https://www.the-anchor.pub/cash-bingo,raw/gsc-16m-p-pg_0005/Chart.csv
gsc-16m-p-pg_0005,2025-12-22,0,1,0,1,page-group,date,complete,false,2025-05-09,2026-09-08,all,web,page,https://www.the-anchor.pub/cash-bingo,raw/gsc-16m-p-pg_0005/Chart.csv
gsc-16m-p-pg_0005,2025-12-23,0,4,0,12.5,page-group,date,complete,false,2025-05-09,2026-09-08,all,web,page,https://www.the-anchor.pub/cash-bingo,raw/gsc-16m-p-pg_0005/Chart.csv
gsc-16m-p-pg_0005,2025-12-24,0,1,0,11,page-group,date,complete,false,2025-05-09,2026-09-08,all,web,page,https://www.the-anchor.pub/cash-bingo,raw/gsc-16m-p-pg_0005/Chart.csv
gsc-16m-p-pg_0005,2025-12-25,0,0,,,page-group,date,complete,false,2025-05-09,2026-09-08,all,web,page,https://www.the-anchor.pub/cash-bingo,raw/gsc-16m-p-pg_0005/Chart.csv
gsc-16m-p-pg_0005,2025-12-26,0,5,0,8.6,page-group,date,complete,false,2025-05-09,2026-09-08,all,web,page,https://www.the-anchor.pub/cash-bingo,raw/gsc-16m-p-pg_0005/Chart.csv
gsc-16m-p-pg_0005,2025-12-27,0,49,0,5.7,page-group,date,complete,false,2025-05-09,2026-09-08,all,web,page,https://www.the-anchor.pub/cash-bingo,raw/gsc-16m-p-pg_0005/Chart.csv
gsc-16m-p-pg_0005,2025-12-28,0,1,0,10,page-group,date,complete,false,2025-05-09,2026-09-08,all,web,page,https://www.the-anchor.pub/cash-bingo,raw/gsc-16m-p-pg_0005/Chart.csv
gsc-16m-p-pg_0005,2025-12-29,0,4,0,9.8,page-group,date,complete,false,2025-05-09,2026-09-08,all,web,page,https://www.the-anchor.pub/cash-bingo,raw/gsc-16m-p-pg_0005/Chart.csv
gsc-16m-p-pg_0005,2025-12-30,0,2,0,19,page-group,date,complete,false,2025-05-09,2026-09-08,all,web,page,https://www.the-anchor.pub/cash-bingo,raw/gsc-16m-p-pg_0005/Chart.csv
gsc-16m-p-pg_0005,2025-12-31,0,3,0,10.7,page-group,date,complete,false,2025-05-09,2026-09-08,all,web,page,https://www.the-anchor.pub/cash-bingo,raw/gsc-16m-p-pg_0005/Chart.csv
gsc-16m-p-pg_0005,2026-01-01,0,1,0,10,page-group,date,complete,false,2025-05-09,2026-09-08,all,web,page,https://www.the-anchor.pub/cash-bingo,raw/gsc-16m-p-pg_0005/Chart.csv
gsc-16m-p-pg_0005,2026-01-02,0,9,0,10.2,page-group,date,complete,false,2025-05-09,2026-09-08,all,web,page,https://www.the-anchor.pub/cash-bingo,raw/gsc-16m-p-pg_0005/Chart.csv
gsc-16m-p-pg_0005,2026-01-03,0,6,0,12.2,page-group,date,complete,false,2025-05-09,2026-09-08,all,web,page,https://www.the-anchor.pub/cash-bingo,raw/gsc-16m-p-pg_0005/Chart.csv
gsc-16m-p-pg_0005,2026-01-04,0,11,0,7.2,page-group,date,complete,false,2025-05-09,2026-09-08,all,web,page,https://www.the-anchor.pub/cash-bingo,raw/gsc-16m-p-pg_0005/Chart.csv
gsc-16m-p-pg_0005,2026-01-05,0,2,0,14.5,page-group,date,complete,false,2025-05-09,2026-09-08,all,web,page,https://www.the-anchor.pub/cash-bingo,raw/gsc-16m-p-pg_0005/Chart.csv
gsc-16m-p-pg_0005,2026-01-06,0,3,0,6.3,page-group,date,complete,false,2025-05-09,2026-09-08,all,web,page,https://www.the-anchor.pub/cash-bingo,raw/gsc-16m-p-pg_0005/Chart.csv
gsc-16m-p-pg_0005,2026-01-07,0,9,0,11.3,page-group,date,complete,false,2025-05-09,2026-09-08,all,web,page,https://www.the-anchor.pub/cash-bingo,raw/gsc-16m-p-pg_0005/Chart.csv
gsc-16m-p-pg_0005,2026-01-08,0,7,0,7.7,page-group,date,complete,false,2025-05-09,2026-09-08,all,web,page,https://www.the-anchor.pub/cash-bingo,raw/gsc-16m-p-pg_0005/Chart.csv
gsc-16m-p-pg_0005,2026-01-09,0,6,0,3.5,page-group,date,complete,false,2025-05-09,2026-09-08,all,web,page,https://www.the-anchor.pub/cash-bingo,raw/gsc-16m-p-pg_0005/Chart.csv
gsc-16m-p-pg_0005,2026-01-10,0,9,0,5.9,page-group,date,complete,false,2025-05-09,2026-09-08,all,web,page,https://www.the-anchor.pub/cash-bingo,raw/gsc-16m-p-pg_0005/Chart.csv
gsc-16m-p-pg_0005,2026-01-11,0,3,0,9,page-group,date,complete,false,2025-05-09,2026-09-08,all,web,page,https://www.the-anchor.pub/cash-bingo,raw/gsc-16m-p-pg_0005/Chart.csv
gsc-16m-p-pg_0005,2026-01-12,0,1,0,8,page-group,date,complete,false,2025-05-09,2026-09-08,all,web,page,https://www.the-anchor.pub/cash-bingo,raw/gsc-16m-p-pg_0005/Chart.csv
gsc-16m-p-pg_0005,2026-01-13,0,3,0,15.3,page-group,date,complete,false,2025-05-09,2026-09-08,all,web,page,https://www.the-anchor.pub/cash-bingo,raw/gsc-16m-p-pg_0005/Chart.csv
gsc-16m-p-pg_0005,2026-01-14,0,13,0,8.8,page-group,date,complete,false,2025-05-09,2026-09-08,all,web,page,https://www.the-anchor.pub/cash-bingo,raw/gsc-16m-p-pg_0005/Chart.csv
gsc-16m-p-pg_0005,2026-01-15,0,1,0,10,page-group,date,complete,false,2025-05-09,2026-09-08,all,web,page,https://www.the-anchor.pub/cash-bingo,raw/gsc-16m-p-pg_0005/Chart.csv
gsc-16m-p-pg_0005,2026-01-16,0,2,0,7,page-group,date,complete,false,2025-05-09,2026-09-08,all,web,page,https://www.the-anchor.pub/cash-bingo,raw/gsc-16m-p-pg_0005/Chart.csv
gsc-16m-p-pg_0005,2026-01-17,0,8,0,22.2,page-group,date,complete,false,2025-05-09,2026-09-08,all,web,page,https://www.the-anchor.pub/cash-bingo,raw/gsc-16m-p-pg_0005/Chart.csv
gsc-16m-p-pg_0005,2026-01-18,0,3,0,36.7,page-group,date,complete,false,2025-05-09,2026-09-08,all,web,page,https://www.the-anchor.pub/cash-bingo,raw/gsc-16m-p-pg_0005/Chart.csv
gsc-16m-p-pg_0005,2026-01-19,0,6,0,49.5,page-group,date,complete,false,2025-05-09,2026-09-08,all,web,page,https://www.the-anchor.pub/cash-bingo,raw/gsc-16m-p-pg_0005/Chart.csv
gsc-16m-p-pg_0005,2026-01-20,0,1,0,30,page-group,date,complete,false,2025-05-09,2026-09-08,all,web,page,https://www.the-anchor.pub/cash-bingo,raw/gsc-16m-p-pg_0005/Chart.csv
gsc-16m-p-pg_0005,2026-01-21,0,4,0,20.5,page-group,date,complete,false,2025-05-09,2026-09-08,all,web,page,https://www.the-anchor.pub/cash-bingo,raw/gsc-16m-p-pg_0005/Chart.csv
gsc-16m-p-pg_0005,2026-01-22,0,3,0,20.3,page-group,date,complete,false,2025-05-09,2026-09-08,all,web,page,https://www.the-anchor.pub/cash-bingo,raw/gsc-16m-p-pg_0005/Chart.csv
gsc-16m-p-pg_0005,2026-01-23,0,9,0,9.1,page-group,date,complete,false,2025-05-09,2026-09-08,all,web,page,https://www.the-anchor.pub/cash-bingo,raw/gsc-16m-p-pg_0005/Chart.csv
gsc-16m-p-pg_0005,2026-01-24,0,7,0,11.4,page-group,date,complete,false,2025-05-09,2026-09-08,all,web,page,https://www.the-anchor.pub/cash-bingo,raw/gsc-16m-p-pg_0005/Chart.csv
gsc-16m-p-pg_0005,2026-01-25,0,5,0,12.8,page-group,date,complete,false,2025-05-09,2026-09-08,all,web,page,https://www.the-anchor.pub/cash-bingo,raw/gsc-16m-p-pg_0005/Chart.csv
gsc-16m-p-pg_0005,2026-01-26,0,8,0,11.6,page-group,date,complete,false,2025-05-09,2026-09-08,all,web,page,https://www.the-anchor.pub/cash-bingo,raw/gsc-16m-p-pg_0005/Chart.csv
gsc-16m-p-pg_0005,2026-01-27,0,5,0,18.2,page-group,date,complete,false,2025-05-09,2026-09-08,all,web,page,https://www.the-anchor.pub/cash-bingo,raw/gsc-16m-p-pg_0005/Chart.csv
gsc-16m-p-pg_0005,2026-01-28,0,6,0,37.7,page-group,date,complete,false,2025-05-09,2026-09-08,all,web,page,https://www.the-anchor.pub/cash-bingo,raw/gsc-16m-p-pg_0005/Chart.csv
gsc-16m-p-pg_0005,2026-01-29,0,6,0,18.5,page-group,date,complete,false,2025-05-09,2026-09-08,all,web,page,https://www.the-anchor.pub/cash-bingo,raw/gsc-16m-p-pg_0005/Chart.csv
gsc-16m-p-pg_0005,2026-01-30,0,6,0,29,page-group,date,complete,false,2025-05-09,2026-09-08,all,web,page,https://www.the-anchor.pub/cash-bingo,raw/gsc-16m-p-pg_0005/Chart.csv
gsc-16m-p-pg_0005,2026-01-31,0,5,0,22,page-group,date,complete,false,2025-05-09,2026-09-08,all,web,page,https://www.the-anchor.pub/cash-bingo,raw/gsc-16m-p-pg_0005/Chart.csv
gsc-16m-p-pg_0005,2026-02-01,0,10,0,19.4,page-group,date,complete,false,2025-05-09,2026-09-08,all,web,page,https://www.the-anchor.pub/cash-bingo,raw/gsc-16m-p-pg_0005/Chart.csv
gsc-16m-p-pg_0005,2026-02-02,0,5,0,35.4,page-group,date,complete,false,2025-05-09,2026-09-08,all,web,page,https://www.the-anchor.pub/cash-bingo,raw/gsc-16m-p-pg_0005/Chart.csv
gsc-16m-p-pg_0005,2026-02-03,0,5,0,21.8,page-group,date,complete,false,2025-05-09,2026-09-08,all,web,page,https://www.the-anchor.pub/cash-bingo,raw/gsc-16m-p-pg_0005/Chart.csv
gsc-16m-p-pg_0005,2026-02-04,0,0,,,page-group,date,complete,false,2025-05-09,2026-09-08,all,web,page,https://www.the-anchor.pub/cash-bingo,raw/gsc-16m-p-pg_0005/Chart.csv
gsc-16m-p-pg_0005,2026-02-05,0,20,0,19.8,page-group,date,complete,false,2025-05-09,2026-09-08,all,web,page,https://www.the-anchor.pub/cash-bingo,raw/gsc-16m-p-pg_0005/Chart.csv
gsc-16m-p-pg_0005,2026-02-06,0,5,0,24.8,page-group,date,complete,false,2025-05-09,2026-09-08,all,web,page,https://www.the-anchor.pub/cash-bingo,raw/gsc-16m-p-pg_0005/Chart.csv
gsc-16m-p-pg_0005,2026-02-07,0,8,0,3.8,page-group,date,complete,false,2025-05-09,2026-09-08,all,web,page,https://www.the-anchor.pub/cash-bingo,raw/gsc-16m-p-pg_0005/Chart.csv
gsc-16m-p-pg_0005,2026-02-08,0,6,0,24.5,page-group,date,complete,false,2025-05-09,2026-09-08,all,web,page,https://www.the-anchor.pub/cash-bingo,raw/gsc-16m-p-pg_0005/Chart.csv
gsc-16m-p-pg_0005,2026-02-09,0,7,0,28.4,page-group,date,complete,false,2025-05-09,2026-09-08,all,web,page,https://www.the-anchor.pub/cash-bingo,raw/gsc-16m-p-pg_0005/Chart.csv
gsc-16m-p-pg_0005,2026-02-10,0,8,0,15.4,page-group,date,complete,false,2025-05-09,2026-09-08,all,web,page,https://www.the-anchor.pub/cash-bingo,raw/gsc-16m-p-pg_0005/Chart.csv
gsc-16m-p-pg_0005,2026-02-11,0,14,0,21.5,page-group,date,complete,false,2025-05-09,2026-09-08,all,web,page,https://www.the-anchor.pub/cash-bingo,raw/gsc-16m-p-pg_0005/Chart.csv
gsc-16m-p-pg_0005,2026-02-12,0,5,0,24,page-group,date,complete,false,2025-05-09,2026-09-08,all,web,page,https://www.the-anchor.pub/cash-bingo,raw/gsc-16m-p-pg_0005/Chart.csv
gsc-16m-p-pg_0005,2026-02-13,0,4,0,15.2,page-group,date,complete,false,2025-05-09,2026-09-08,all,web,page,https://www.the-anchor.pub/cash-bingo,raw/gsc-16m-p-pg_0005/Chart.csv
gsc-16m-p-pg_0005,2026-02-14,0,5,0,5.6,page-group,date,complete,false,2025-05-09,2026-09-08,all,web,page,https://www.the-anchor.pub/cash-bingo,raw/gsc-16m-p-pg_0005/Chart.csv
gsc-16m-p-pg_0005,2026-02-15,0,2,0,34.5,page-group,date,complete,false,2025-05-09,2026-09-08,all,web,page,https://www.the-anchor.pub/cash-bingo,raw/gsc-16m-p-pg_0005/Chart.csv
gsc-16m-p-pg_0005,2026-02-16,0,6,0,25.8,page-group,date,complete,false,2025-05-09,2026-09-08,all,web,page,https://www.the-anchor.pub/cash-bingo,raw/gsc-16m-p-pg_0005/Chart.csv
gsc-16m-p-pg_0005,2026-02-17,0,6,0,9.8,page-group,date,complete,false,2025-05-09,2026-09-08,all,web,page,https://www.the-anchor.pub/cash-bingo,raw/gsc-16m-p-pg_0005/Chart.csv
gsc-16m-p-pg_0005,2026-02-18,0,6,0,16.7,page-group,date,complete,false,2025-05-09,2026-09-08,all,web,page,https://www.the-anchor.pub/cash-bingo,raw/gsc-16m-p-pg_0005/Chart.csv
gsc-16m-p-pg_0005,2026-02-19,0,6,0,17.7,page-group,date,complete,false,2025-05-09,2026-09-08,all,web,page,https://www.the-anchor.pub/cash-bingo,raw/gsc-16m-p-pg_0005/Chart.csv
gsc-16m-p-pg_0005,2026-02-20,0,9,0,14.2,page-group,date,complete,false,2025-05-09,2026-09-08,all,web,page,https://www.the-anchor.pub/cash-bingo,raw/gsc-16m-p-pg_0005/Chart.csv
gsc-16m-p-pg_0005,2026-02-21,0,7,0,12.9,page-group,date,complete,false,2025-05-09,2026-09-08,all,web,page,https://www.the-anchor.pub/cash-bingo,raw/gsc-16m-p-pg_0005/Chart.csv
gsc-16m-p-pg_0005,2026-02-22,0,6,0,15.5,page-group,date,complete,false,2025-05-09,2026-09-08,all,web,page,https://www.the-anchor.pub/cash-bingo,raw/gsc-16m-p-pg_0005/Chart.csv
gsc-16m-p-pg_0005,2026-02-23,0,4,0,23,page-group,date,complete,false,2025-05-09,2026-09-08,all,web,page,https://www.the-anchor.pub/cash-bingo,raw/gsc-16m-p-pg_0005/Chart.csv
gsc-16m-p-pg_0005,2026-02-24,0,2,0,38.5,page-group,date,complete,false,2025-05-09,2026-09-08,all,web,page,https://www.the-anchor.pub/cash-bingo,raw/gsc-16m-p-pg_0005/Chart.csv
gsc-16m-p-pg_0005,2026-02-25,0,4,0,19,page-group,date,complete,false,2025-05-09,2026-09-08,all,web,page,https://www.the-anchor.pub/cash-bingo,raw/gsc-16m-p-pg_0005/Chart.csv
gsc-16m-p-pg_0005,2026-02-26,0,10,0,12,page-group,date,complete,false,2025-05-09,2026-09-08,all,web,page,https://www.the-anchor.pub/cash-bingo,raw/gsc-16m-p-pg_0005/Chart.csv
gsc-16m-p-pg_0005,2026-02-27,0,5,0,9,page-group,date,complete,false,2025-05-09,2026-09-08,all,web,page,https://www.the-anchor.pub/cash-bingo,raw/gsc-16m-p-pg_0005/Chart.csv
gsc-16m-p-pg_0005,2026-02-28,0,4,0,10.5,page-group,date,complete,false,2025-05-09,2026-09-08,all,web,page,https://www.the-anchor.pub/cash-bingo,raw/gsc-16m-p-pg_0005/Chart.csv
gsc-16m-p-pg_0005,2026-03-01,0,3,0,14.7,page-group,date,complete,false,2025-05-09,2026-09-08,all,web,page,https://www.the-anchor.pub/cash-bingo,raw/gsc-16m-p-pg_0005/Chart.csv
gsc-16m-p-pg_0005,2026-03-02,0,3,0,41.7,page-group,date,complete,false,2025-05-09,2026-09-08,all,web,page,https://www.the-anchor.pub/cash-bingo,raw/gsc-16m-p-pg_0005/Chart.csv
gsc-16m-p-pg_0005,2026-03-03,0,4,0,16.8,page-group,date,complete,false,2025-05-09,2026-09-08,all,web,page,https://www.the-anchor.pub/cash-bingo,raw/gsc-16m-p-pg_0005/Chart.csv
gsc-16m-p-pg_0005,2026-03-04,0,1,0,12,page-group,date,complete,false,2025-05-09,2026-09-08,all,web,page,https://www.the-anchor.pub/cash-bingo,raw/gsc-16m-p-pg_0005/Chart.csv
gsc-16m-p-pg_0005,2026-03-05,0,2,0,8.5,page-group,date,complete,false,2025-05-09,2026-09-08,all,web,page,https://www.the-anchor.pub/cash-bingo,raw/gsc-16m-p-pg_0005/Chart.csv
gsc-16m-p-pg_0005,2026-03-06,0,0,,,page-group,date,complete,false,2025-05-09,2026-09-08,all,web,page,https://www.the-anchor.pub/cash-bingo,raw/gsc-16m-p-pg_0005/Chart.csv
gsc-16m-p-pg_0005,2026-03-07,0,5,0,8.4,page-group,date,complete,false,2025-05-09,2026-09-08,all,web,page,https://www.the-anchor.pub/cash-bingo,raw/gsc-16m-p-pg_0005/Chart.csv
gsc-16m-p-pg_0005,2026-03-08,0,2,0,29.5,page-group,date,complete,false,2025-05-09,2026-09-08,all,web,page,https://www.the-anchor.pub/cash-bingo,raw/gsc-16m-p-pg_0005/Chart.csv
gsc-16m-p-pg_0005,2026-03-09,0,5,0,3.2,page-group,date,complete,false,2025-05-09,2026-09-08,all,web,page,https://www.the-anchor.pub/cash-bingo,raw/gsc-16m-p-pg_0005/Chart.csv
gsc-16m-p-pg_0005,2026-03-10,0,4,0,15,page-group,date,complete,false,2025-05-09,2026-09-08,all,web,page,https://www.the-anchor.pub/cash-bingo,raw/gsc-16m-p-pg_0005/Chart.csv
gsc-16m-p-pg_0005,2026-03-11,0,1,0,36,page-group,date,complete,false,2025-05-09,2026-09-08,all,web,page,https://www.the-anchor.pub/cash-bingo,raw/gsc-16m-p-pg_0005/Chart.csv
gsc-16m-p-pg_0005,2026-03-12,0,4,0,22.2,page-group,date,complete,false,2025-05-09,2026-09-08,all,web,page,https://www.the-anchor.pub/cash-bingo,raw/gsc-16m-p-pg_0005/Chart.csv
gsc-16m-p-pg_0005,2026-03-13,0,1,0,5,page-group,date,complete,false,2025-05-09,2026-09-08,all,web,page,https://www.the-anchor.pub/cash-bingo,raw/gsc-16m-p-pg_0005/Chart.csv
gsc-16m-p-pg_0005,2026-03-14,0,3,0,16,page-group,date,complete,false,2025-05-09,2026-09-08,all,web,page,https://www.the-anchor.pub/cash-bingo,raw/gsc-16m-p-pg_0005/Chart.csv
gsc-16m-p-pg_0005,2026-03-15,0,1,0,10,page-group,date,complete,false,2025-05-09,2026-09-08,all,web,page,https://www.the-anchor.pub/cash-bingo,raw/gsc-16m-p-pg_0005/Chart.csv
gsc-16m-p-pg_0005,2026-03-16,0,3,0,15,page-group,date,complete,false,2025-05-09,2026-09-08,all,web,page,https://www.the-anchor.pub/cash-bingo,raw/gsc-16m-p-pg_0005/Chart.csv
gsc-16m-p-pg_0005,2026-03-17,0,7,0,3.9,page-group,date,complete,false,2025-05-09,2026-09-08,all,web,page,https://www.the-anchor.pub/cash-bingo,raw/gsc-16m-p-pg_0005/Chart.csv
gsc-16m-p-pg_0005,2026-03-18,0,4,0,6.5,page-group,date,complete,false,2025-05-09,2026-09-08,all,web,page,https://www.the-anchor.pub/cash-bingo,raw/gsc-16m-p-pg_0005/Chart.csv
gsc-16m-p-pg_0005,2026-03-19,0,2,0,6,page-group,date,complete,false,2025-05-09,2026-09-08,all,web,page,https://www.the-anchor.pub/cash-bingo,raw/gsc-16m-p-pg_0005/Chart.csv
gsc-16m-p-pg_0005,2026-03-20,0,1,0,10,page-group,date,complete,false,2025-05-09,2026-09-08,all,web,page,https://www.the-anchor.pub/cash-bingo,raw/gsc-16m-p-pg_0005/Chart.csv
gsc-16m-p-pg_0005,2026-03-21,0,0,,,page-group,date,complete,false,2025-05-09,2026-09-08,all,web,page,https://www.the-anchor.pub/cash-bingo,raw/gsc-16m-p-pg_0005/Chart.csv
gsc-16m-p-pg_0005,2026-03-22,0,0,,,page-group,date,complete,false,2025-05-09,2026-09-08,all,web,page,https://www.the-anchor.pub/cash-bingo,raw/gsc-16m-p-pg_0005/Chart.csv
gsc-16m-p-pg_0005,2026-03-23,0,2,0,25,page-group,date,complete,false,2025-05-09,2026-09-08,all,web,page,https://www.the-anchor.pub/cash-bingo,raw/gsc-16m-p-pg_0005/Chart.csv
gsc-16m-p-pg_0005,2026-03-24,0,1,0,9,page-group,date,complete,false,2025-05-09,2026-09-08,all,web,page,https://www.the-anchor.pub/cash-bingo,raw/gsc-16m-p-pg_0005/Chart.csv
gsc-16m-p-pg_0005,2026-03-25,0,2,0,4.5,page-group,date,complete,false,2025-05-09,2026-09-08,all,web,page,https://www.the-anchor.pub/cash-bingo,raw/gsc-16m-p-pg_0005/Chart.csv
gsc-16m-p-pg_0005,2026-03-26,0,1,0,3,page-group,date,complete,false,2025-05-09,2026-09-08,all,web,page,https://www.the-anchor.pub/cash-bingo,raw/gsc-16m-p-pg_0005/Chart.csv
gsc-16m-p-pg_0005,2026-03-27,0,8,0,5.4,page-group,date,complete,false,2025-05-09,2026-09-08,all,web,page,https://www.the-anchor.pub/cash-bingo,raw/gsc-16m-p-pg_0005/Chart.csv
gsc-16m-p-pg_0005,2026-03-28,0,1,0,8,page-group,date,complete,false,2025-05-09,2026-09-08,all,web,page,https://www.the-anchor.pub/cash-bingo,raw/gsc-16m-p-pg_0005/Chart.csv
gsc-16m-p-pg_0005,2026-03-29,0,4,0,6.2,page-group,date,complete,false,2025-05-09,2026-09-08,all,web,page,https://www.the-anchor.pub/cash-bingo,raw/gsc-16m-p-pg_0005/Chart.csv
gsc-16m-p-pg_0005,2026-03-30,0,3,0,4.3,page-group,date,complete,false,2025-05-09,2026-09-08,all,web,page,https://www.the-anchor.pub/cash-bingo,raw/gsc-16m-p-pg_0005/Chart.csv
gsc-16m-p-pg_0005,2026-03-31,0,1,0,10,page-group,date,complete,false,2025-05-09,2026-09-08,all,web,page,https://www.the-anchor.pub/cash-bingo,raw/gsc-16m-p-pg_0005/Chart.csv
gsc-16m-p-pg_0005,2026-04-01,0,3,0,8.3,page-group,date,complete,false,2025-05-09,2026-09-08,all,web,page,https://www.the-anchor.pub/cash-bingo,raw/gsc-16m-p-pg_0005/Chart.csv
gsc-16m-p-pg_0005,2026-04-02,0,2,0,16.5,page-group,date,complete,false,2025-05-09,2026-09-08,all,web,page,https://www.the-anchor.pub/cash-bingo,raw/gsc-16m-p-pg_0005/Chart.csv
gsc-16m-p-pg_0005,2026-04-03,0,3,0,3.3,page-group,date,complete,false,2025-05-09,2026-09-08,all,web,page,https://www.the-anchor.pub/cash-bingo,raw/gsc-16m-p-pg_0005/Chart.csv
gsc-16m-p-pg_0005,2026-04-04,0,1,0,5,page-group,date,complete,false,2025-05-09,2026-09-08,all,web,page,https://www.the-anchor.pub/cash-bingo,raw/gsc-16m-p-pg_0005/Chart.csv
gsc-16m-p-pg_0005,2026-04-05,0,2,0,9.5,page-group,date,complete,false,2025-05-09,2026-09-08,all,web,page,https://www.the-anchor.pub/cash-bingo,raw/gsc-16m-p-pg_0005/Chart.csv
gsc-16m-p-pg_0005,2026-04-06,0,2,0,6.5,page-group,date,complete,false,2025-05-09,2026-09-08,all,web,page,https://www.the-anchor.pub/cash-bingo,raw/gsc-16m-p-pg_0005/Chart.csv
gsc-16m-p-pg_0005,2026-04-07,0,1,0,10,page-group,date,complete,false,2025-05-09,2026-09-08,all,web,page,https://www.the-anchor.pub/cash-bingo,raw/gsc-16m-p-pg_0005/Chart.csv
gsc-16m-p-pg_0005,2026-04-08,0,2,0,7,page-group,date,complete,false,2025-05-09,2026-09-08,all,web,page,https://www.the-anchor.pub/cash-bingo,raw/gsc-16m-p-pg_0005/Chart.csv
gsc-16m-p-pg_0005,2026-04-09,0,0,,,page-group,date,complete,false,2025-05-09,2026-09-08,all,web,page,https://www.the-anchor.pub/cash-bingo,raw/gsc-16m-p-pg_0005/Chart.csv
gsc-16m-p-pg_0005,2026-04-10,0,2,0,6,page-group,date,complete,false,2025-05-09,2026-09-08,all,web,page,https://www.the-anchor.pub/cash-bingo,raw/gsc-16m-p-pg_0005/Chart.csv
gsc-16m-p-pg_0005,2026-04-11,0,1,0,2,page-group,date,complete,false,2025-05-09,2026-09-08,all,web,page,https://www.the-anchor.pub/cash-bingo,raw/gsc-16m-p-pg_0005/Chart.csv
gsc-16m-p-pg_0005,2026-04-12,0,4,0,5,page-group,date,complete,false,2025-05-09,2026-09-08,all,web,page,https://www.the-anchor.pub/cash-bingo,raw/gsc-16m-p-pg_0005/Chart.csv
gsc-16m-p-pg_0005,2026-04-13,0,0,,,page-group,date,complete,false,2025-05-09,2026-09-08,all,web,page,https://www.the-anchor.pub/cash-bingo,raw/gsc-16m-p-pg_0005/Chart.csv
gsc-16m-p-pg_0005,2026-04-14,0,1,0,8,page-group,date,complete,false,2025-05-09,2026-09-08,all,web,page,https://www.the-anchor.pub/cash-bingo,raw/gsc-16m-p-pg_0005/Chart.csv
gsc-16m-p-pg_0005,2026-04-15,0,0,,,page-group,date,complete,false,2025-05-09,2026-09-08,all,web,page,https://www.the-anchor.pub/cash-bingo,raw/gsc-16m-p-pg_0005/Chart.csv
gsc-16m-p-pg_0005,2026-04-16,0,6,0,4.7,page-group,date,complete,false,2025-05-09,2026-09-08,all,web,page,https://www.the-anchor.pub/cash-bingo,raw/gsc-16m-p-pg_0005/Chart.csv
gsc-16m-p-pg_0005,2026-04-17,0,3,0,12.7,page-group,date,complete,false,2025-05-09,2026-09-08,all,web,page,https://www.the-anchor.pub/cash-bingo,raw/gsc-16m-p-pg_0005/Chart.csv
gsc-16m-p-pg_0005,2026-04-18,0,0,,,page-group,date,complete,false,2025-05-09,2026-09-08,all,web,page,https://www.the-anchor.pub/cash-bingo,raw/gsc-16m-p-pg_0005/Chart.csv
gsc-16m-p-pg_0005,2026-04-19,0,0,,,page-group,date,complete,false,2025-05-09,2026-09-08,all,web,page,https://www.the-anchor.pub/cash-bingo,raw/gsc-16m-p-pg_0005/Chart.csv
gsc-16m-p-pg_0005,2026-04-20,0,3,0,9.3,page-group,date,complete,false,2025-05-09,2026-09-08,all,web,page,https://www.the-anchor.pub/cash-bingo,raw/gsc-16m-p-pg_0005/Chart.csv
gsc-16m-p-pg_0005,2026-04-21,0,1,0,5,page-group,date,complete,false,2025-05-09,2026-09-08,all,web,page,https://www.the-anchor.pub/cash-bingo,raw/gsc-16m-p-pg_0005/Chart.csv
gsc-16m-p-pg_0005,2026-04-22,0,1,0,6,page-group,date,complete,false,2025-05-09,2026-09-08,all,web,page,https://www.the-anchor.pub/cash-bingo,raw/gsc-16m-p-pg_0005/Chart.csv
gsc-16m-p-pg_0005,2026-04-23,0,0,,,page-group,date,complete,false,2025-05-09,2026-09-08,all,web,page,https://www.the-anchor.pub/cash-bingo,raw/gsc-16m-p-pg_0005/Chart.csv
gsc-16m-p-pg_0005,2026-04-24,0,3,0,3,page-group,date,complete,false,2025-05-09,2026-09-08,all,web,page,https://www.the-anchor.pub/cash-bingo,raw/gsc-16m-p-pg_0005/Chart.csv
gsc-16m-p-pg_0005,2026-04-25,0,1,0,4,page-group,date,complete,false,2025-05-09,2026-09-08,all,web,page,https://www.the-anchor.pub/cash-bingo,raw/gsc-16m-p-pg_0005/Chart.csv
gsc-16m-p-pg_0005,2026-04-26,0,0,,,page-group,date,complete,false,2025-05-09,2026-09-08,all,web,page,https://www.the-anchor.pub/cash-bingo,raw/gsc-16m-p-pg_0005/Chart.csv
gsc-16m-p-pg_0005,2026-04-27,0,0,,,page-group,date,complete,false,2025-05-09,2026-09-08,all,web,page,https://www.the-anchor.pub/cash-bingo,raw/gsc-16m-p-pg_0005/Chart.csv
gsc-16m-p-pg_0005,2026-04-28,0,3,0,5.3,page-group,date,complete,false,2025-05-09,2026-09-08,all,web,page,https://www.the-anchor.pub/cash-bingo,raw/gsc-16m-p-pg_0005/Chart.csv
gsc-16m-p-pg_0005,2026-04-29,0,2,0,7.5,page-group,date,complete,false,2025-05-09,2026-09-08,all,web,page,https://www.the-anchor.pub/cash-bingo,raw/gsc-16m-p-pg_0005/Chart.csv
gsc-16m-p-pg_0005,2026-04-30,0,2,0,3,page-group,date,complete,false,2025-05-09,2026-09-08,all,web,page,https://www.the-anchor.pub/cash-bingo,raw/gsc-16m-p-pg_0005/Chart.csv
gsc-16m-p-pg_0005,2026-05-01,0,2,0,6,page-group,date,complete,false,2025-05-09,2026-09-08,all,web,page,https://www.the-anchor.pub/cash-bingo,raw/gsc-16m-p-pg_0005/Chart.csv
gsc-16m-p-pg_0005,2026-05-02,0,2,0,9,page-group,date,complete,false,2025-05-09,2026-09-08,all,web,page,https://www.the-anchor.pub/cash-bingo,raw/gsc-16m-p-pg_0005/Chart.csv
gsc-16m-p-pg_0005,2026-05-03,0,2,0,4.5,page-group,date,complete,false,2025-05-09,2026-09-08,all,web,page,https://www.the-anchor.pub/cash-bingo,raw/gsc-16m-p-pg_0005/Chart.csv
gsc-16m-p-pg_0005,2026-05-04,0,3,0,14.7,page-group,date,complete,false,2025-05-09,2026-09-08,all,web,page,https://www.the-anchor.pub/cash-bingo,raw/gsc-16m-p-pg_0005/Chart.csv
gsc-16m-p-pg_0005,2026-05-05,0,0,,,page-group,date,complete,false,2025-05-09,2026-09-08,all,web,page,https://www.the-anchor.pub/cash-bingo,raw/gsc-16m-p-pg_0005/Chart.csv
gsc-16m-p-pg_0005,2026-05-06,0,1,0,12,page-group,date,complete,false,2025-05-09,2026-09-08,all,web,page,https://www.the-anchor.pub/cash-bingo,raw/gsc-16m-p-pg_0005/Chart.csv
gsc-16m-p-pg_0005,2026-05-07,0,4,0,8.2,page-group,date,complete,false,2025-05-09,2026-09-08,all,web,page,https://www.the-anchor.pub/cash-bingo,raw/gsc-16m-p-pg_0005/Chart.csv
gsc-16m-p-pg_0005,2026-05-08,0,2,0,16,page-group,date,complete,false,2025-05-09,2026-09-08,all,web,page,https://www.the-anchor.pub/cash-bingo,raw/gsc-16m-p-pg_0005/Chart.csv
gsc-16m-p-pg_0005,2026-05-09,0,1,0,1,page-group,date,complete,false,2025-05-09,2026-09-08,all,web,page,https://www.the-anchor.pub/cash-bingo,raw/gsc-16m-p-pg_0005/Chart.csv
gsc-16m-p-pg_0005,2026-05-10,0,1,0,8,page-group,date,complete,false,2025-05-09,2026-09-08,all,web,page,https://www.the-anchor.pub/cash-bingo,raw/gsc-16m-p-pg_0005/Chart.csv
gsc-16m-p-pg_0005,2026-05-11,0,1,0,6,page-group,date,complete,false,2025-05-09,2026-09-08,all,web,page,https://www.the-anchor.pub/cash-bingo,raw/gsc-16m-p-pg_0005/Chart.csv
gsc-16m-p-pg_0005,2026-05-12,1,4,0.25,3.8,page-group,date,complete,false,2025-05-09,2026-09-08,all,web,page,https://www.the-anchor.pub/cash-bingo,raw/gsc-16m-p-pg_0005/Chart.csv
gsc-16m-p-pg_0005,2026-05-13,0,1,0,1,page-group,date,complete,false,2025-05-09,2026-09-08,all,web,page,https://www.the-anchor.pub/cash-bingo,raw/gsc-16m-p-pg_0005/Chart.csv
gsc-16m-p-pg_0005,2026-05-14,0,1,0,7,page-group,date,complete,false,2025-05-09,2026-09-08,all,web,page,https://www.the-anchor.pub/cash-bingo,raw/gsc-16m-p-pg_0005/Chart.csv
gsc-16m-p-pg_0005,2026-05-15,0,1,0,10,page-group,date,complete,false,2025-05-09,2026-09-08,all,web,page,https://www.the-anchor.pub/cash-bingo,raw/gsc-16m-p-pg_0005/Chart.csv
gsc-16m-p-pg_0005,2026-05-16,0,0,,,page-group,date,complete,false,2025-05-09,2026-09-08,all,web,page,https://www.the-anchor.pub/cash-bingo,raw/gsc-16m-p-pg_0005/Chart.csv
gsc-16m-p-pg_0005,2026-05-17,0,0,,,page-group,date,complete,false,2025-05-09,2026-09-08,all,web,page,https://www.the-anchor.pub/cash-bingo,raw/gsc-16m-p-pg_0005/Chart.csv
gsc-16m-p-pg_0005,2026-05-18,0,3,0,7.3,page-group,date,complete,false,2025-05-09,2026-09-08,all,web,page,https://www.the-anchor.pub/cash-bingo,raw/gsc-16m-p-pg_0005/Chart.csv
gsc-16m-p-pg_0005,2026-05-19,0,1,0,7,page-group,date,complete,false,2025-05-09,2026-09-08,all,web,page,https://www.the-anchor.pub/cash-bingo,raw/gsc-16m-p-pg_0005/Chart.csv
gsc-16m-p-pg_0005,2026-05-20,0,2,0,10,page-group,date,complete,false,2025-05-09,2026-09-08,all,web,page,https://www.the-anchor.pub/cash-bingo,raw/gsc-16m-p-pg_0005/Chart.csv
gsc-16m-p-pg_0005,2026-05-21,0,4,0,6,page-group,date,complete,false,2025-05-09,2026-09-08,all,web,page,https://www.the-anchor.pub/cash-bingo,raw/gsc-16m-p-pg_0005/Chart.csv
gsc-16m-p-pg_0005,2026-05-22,0,1,0,12,page-group,date,complete,false,2025-05-09,2026-09-08,all,web,page,https://www.the-anchor.pub/cash-bingo,raw/gsc-16m-p-pg_0005/Chart.csv
gsc-16m-p-pg_0005,2026-05-23,0,5,0,8.6,page-group,date,complete,false,2025-05-09,2026-09-08,all,web,page,https://www.the-anchor.pub/cash-bingo,raw/gsc-16m-p-pg_0005/Chart.csv
gsc-16m-p-pg_0005,2026-05-24,0,1,0,6,page-group,date,complete,false,2025-05-09,2026-09-08,all,web,page,https://www.the-anchor.pub/cash-bingo,raw/gsc-16m-p-pg_0005/Chart.csv
gsc-16m-p-pg_0005,2026-05-25,0,0,,,page-group,date,complete,false,2025-05-09,2026-09-08,all,web,page,https://www.the-anchor.pub/cash-bingo,raw/gsc-16m-p-pg_0005/Chart.csv
gsc-16m-p-pg_0005,2026-05-26,0,4,0,4.5,page-group,date,complete,false,2025-05-09,2026-09-08,all,web,page,https://www.the-anchor.pub/cash-bingo,raw/gsc-16m-p-pg_0005/Chart.csv
gsc-16m-p-pg_0005,2026-05-27,0,3,0,8,page-group,date,complete,false,2025-05-09,2026-09-08,all,web,page,https://www.the-anchor.pub/cash-bingo,raw/gsc-16m-p-pg_0005/Chart.csv
gsc-16m-p-pg_0005,2026-05-28,0,3,0,6.3,page-group,date,complete,false,2025-05-09,2026-09-08,all,web,page,https://www.the-anchor.pub/cash-bingo,raw/gsc-16m-p-pg_0005/Chart.csv
gsc-16m-p-pg_0005,2026-05-29,0,0,,,page-group,date,complete,false,2025-05-09,2026-09-08,all,web,page,https://www.the-anchor.pub/cash-bingo,raw/gsc-16m-p-pg_0005/Chart.csv
gsc-16m-p-pg_0005,2026-05-30,0,4,0,10,page-group,date,complete,false,2025-05-09,2026-09-08,all,web,page,https://www.the-anchor.pub/cash-bingo,raw/gsc-16m-p-pg_0005/Chart.csv
gsc-16m-p-pg_0005,2026-05-31,0,3,0,8.7,page-group,date,complete,false,2025-05-09,2026-09-08,all,web,page,https://www.the-anchor.pub/cash-bingo,raw/gsc-16m-p-pg_0005/Chart.csv
gsc-16m-p-pg_0005,2026-06-01,0,2,0,3,page-group,date,complete,false,2025-05-09,2026-09-08,all,web,page,https://www.the-anchor.pub/cash-bingo,raw/gsc-16m-p-pg_0005/Chart.csv
gsc-16m-p-pg_0005,2026-06-02,0,2,0,8.5,page-group,date,complete,false,2025-05-09,2026-09-08,all,web,page,https://www.the-anchor.pub/cash-bingo,raw/gsc-16m-p-pg_0005/Chart.csv
gsc-16m-p-pg_0005,2026-06-03,0,3,0,6,page-group,date,complete,false,2025-05-09,2026-09-08,all,web,page,https://www.the-anchor.pub/cash-bingo,raw/gsc-16m-p-pg_0005/Chart.csv
gsc-16m-p-pg_0005,2026-06-04,0,0,,,page-group,date,complete,false,2025-05-09,2026-09-08,all,web,page,https://www.the-anchor.pub/cash-bingo,raw/gsc-16m-p-pg_0005/Chart.csv
gsc-16m-p-pg_0005,2026-06-05,0,5,0,4.8,page-group,date,complete,false,2025-05-09,2026-09-08,all,web,page,https://www.the-anchor.pub/cash-bingo,raw/gsc-16m-p-pg_0005/Chart.csv
gsc-16m-p-pg_0005,2026-06-06,0,0,,,page-group,date,complete,false,2025-05-09,2026-09-08,all,web,page,https://www.the-anchor.pub/cash-bingo,raw/gsc-16m-p-pg_0005/Chart.csv
gsc-16m-p-pg_0005,2026-06-07,0,6,0,3.3,page-group,date,complete,false,2025-05-09,2026-09-08,all,web,page,https://www.the-anchor.pub/cash-bingo,raw/gsc-16m-p-pg_0005/Chart.csv
gsc-16m-p-pg_0005,2026-06-08,0,4,0,3.5,page-group,date,complete,false,2025-05-09,2026-09-08,all,web,page,https://www.the-anchor.pub/cash-bingo,raw/gsc-16m-p-pg_0005/Chart.csv
gsc-16m-p-pg_0005,2026-06-09,0,3,0,6.3,page-group,date,complete,false,2025-05-09,2026-09-08,all,web,page,https://www.the-anchor.pub/cash-bingo,raw/gsc-16m-p-pg_0005/Chart.csv
gsc-16m-p-pg_0005,2026-06-10,0,2,0,8.5,page-group,date,complete,false,2025-05-09,2026-09-08,all,web,page,https://www.the-anchor.pub/cash-bingo,raw/gsc-16m-p-pg_0005/Chart.csv
gsc-16m-p-pg_0005,2026-06-11,0,1,0,11,page-group,date,complete,false,2025-05-09,2026-09-08,all,web,page,https://www.the-anchor.pub/cash-bingo,raw/gsc-16m-p-pg_0005/Chart.csv
gsc-16m-p-pg_0005,2026-06-12,0,3,0,10,page-group,date,complete,false,2025-05-09,2026-09-08,all,web,page,https://www.the-anchor.pub/cash-bingo,raw/gsc-16m-p-pg_0005/Chart.csv
gsc-16m-p-pg_0005,2026-06-13,0,3,0,5.7,page-group,date,complete,false,2025-05-09,2026-09-08,all,web,page,https://www.the-anchor.pub/cash-bingo,raw/gsc-16m-p-pg_0005/Chart.csv
gsc-16m-p-pg_0005,2026-06-14,0,0,,,page-group,date,complete,false,2025-05-09,2026-09-08,all,web,page,https://www.the-anchor.pub/cash-bingo,raw/gsc-16m-p-pg_0005/Chart.csv
gsc-16m-p-pg_0005,2026-06-15,0,1,0,1,page-group,date,complete,false,2025-05-09,2026-09-08,all,web,page,https://www.the-anchor.pub/cash-bingo,raw/gsc-16m-p-pg_0005/Chart.csv
gsc-16m-p-pg_0005,2026-06-16,0,6,0,5.5,page-group,date,complete,false,2025-05-09,2026-09-08,all,web,page,https://www.the-anchor.pub/cash-bingo,raw/gsc-16m-p-pg_0005/Chart.csv
gsc-16m-p-pg_0005,2026-06-17,0,2,0,8,page-group,date,complete,false,2025-05-09,2026-09-08,all,web,page,https://www.the-anchor.pub/cash-bingo,raw/gsc-16m-p-pg_0005/Chart.csv
gsc-16m-p-pg_0005,2026-06-18,0,3,0,11.3,page-group,date,complete,false,2025-05-09,2026-09-08,all,web,page,https://www.the-anchor.pub/cash-bingo,raw/gsc-16m-p-pg_0005/Chart.csv
gsc-16m-p-pg_0005,2026-06-19,0,3,0,4,page-group,date,complete,false,2025-05-09,2026-09-08,all,web,page,https://www.the-anchor.pub/cash-bingo,raw/gsc-16m-p-pg_0005/Chart.csv
gsc-16m-p-pg_0005,2026-06-20,0,1,0,8,page-group,date,complete,false,2025-05-09,2026-09-08,all,web,page,https://www.the-anchor.pub/cash-bingo,raw/gsc-16m-p-pg_0005/Chart.csv
gsc-16m-p-pg_0005,2026-06-21,0,2,0,5.5,page-group,date,complete,false,2025-05-09,2026-09-08,all,web,page,https://www.the-anchor.pub/cash-bingo,raw/gsc-16m-p-pg_0005/Chart.csv
gsc-16m-p-pg_0005,2026-06-22,0,6,0,5.7,page-group,date,complete,false,2025-05-09,2026-09-08,all,web,page,https://www.the-anchor.pub/cash-bingo,raw/gsc-16m-p-pg_0005/Chart.csv
gsc-16m-p-pg_0005,2026-06-23,0,0,,,page-group,date,complete,false,2025-05-09,2026-09-08,all,web,page,https://www.the-anchor.pub/cash-bingo,raw/gsc-16m-p-pg_0005/Chart.csv
gsc-16m-p-pg_0005,2026-06-24,0,1,0,9,page-group,date,complete,false,2025-05-09,2026-09-08,all,web,page,https://www.the-anchor.pub/cash-bingo,raw/gsc-16m-p-pg_0005/Chart.csv
gsc-16m-p-pg_0005,2026-06-25,0,1,0,2,page-group,date,complete,false,2025-05-09,2026-09-08,all,web,page,https://www.the-anchor.pub/cash-bingo,raw/gsc-16m-p-pg_0005/Chart.csv
gsc-16m-p-pg_0005,2026-06-26,0,6,0,2.2,page-group,date,complete,false,2025-05-09,2026-09-08,all,web,page,https://www.the-anchor.pub/cash-bingo,raw/gsc-16m-p-pg_0005/Chart.csv
gsc-16m-p-pg_0005,2026-06-27,0,4,0,2.5,page-group,date,complete,false,2025-05-09,2026-09-08,all,web,page,https://www.the-anchor.pub/cash-bingo,raw/gsc-16m-p-pg_0005/Chart.csv
gsc-16m-p-pg_0005,2026-06-28,0,2,0,6,page-group,date,complete,false,2025-05-09,2026-09-08,all,web,page,https://www.the-anchor.pub/cash-bingo,raw/gsc-16m-p-pg_0005/Chart.csv
gsc-16m-p-pg_0005,2026-06-29,0,4,0,2.2,page-group,date,complete,false,2025-05-09,2026-09-08,all,web,page,https://www.the-anchor.pub/cash-bingo,raw/gsc-16m-p-pg_0005/Chart.csv
gsc-16m-p-pg_0005,2026-06-30,0,3,0,5,page-group,date,complete,false,2025-05-09,2026-09-08,all,web,page,https://www.the-anchor.pub/cash-bingo,raw/gsc-16m-p-pg_0005/Chart.csv
gsc-16m-p-pg_0005,2026-07-01,0,3,0,9.3,page-group,date,complete,false,2025-05-09,2026-09-08,all,web,page,https://www.the-anchor.pub/cash-bingo,raw/gsc-16m-p-pg_0005/Chart.csv
gsc-16m-p-pg_0005,2026-07-02,1,2,0.5,4.5,page-group,date,complete,false,2025-05-09,2026-09-08,all,web,page,https://www.the-anchor.pub/cash-bingo,raw/gsc-16m-p-pg_0005/Chart.csv
gsc-16m-p-pg_0005,2026-07-03,0,3,0,9.7,page-group,date,complete,false,2025-05-09,2026-09-08,all,web,page,https://www.the-anchor.pub/cash-bingo,raw/gsc-16m-p-pg_0005/Chart.csv
gsc-16m-p-pg_0005,2026-07-04,0,2,0,8.5,page-group,date,complete,false,2025-05-09,2026-09-08,all,web,page,https://www.the-anchor.pub/cash-bingo,raw/gsc-16m-p-pg_0005/Chart.csv
gsc-16m-p-pg_0005,2026-07-05,0,2,0,7.5,page-group,date,complete,false,2025-05-09,2026-09-08,all,web,page,https://www.the-anchor.pub/cash-bingo,raw/gsc-16m-p-pg_0005/Chart.csv
gsc-16m-p-pg_0005,2026-07-06,0,4,0,5.5,page-group,date,complete,false,2025-05-09,2026-09-08,all,web,page,https://www.the-anchor.pub/cash-bingo,raw/gsc-16m-p-pg_0005/Chart.csv
gsc-16m-p-pg_0005,2026-07-07,0,3,0,3.3,page-group,date,complete,false,2025-05-09,2026-09-08,all,web,page,https://www.the-anchor.pub/cash-bingo,raw/gsc-16m-p-pg_0005/Chart.csv
gsc-16m-p-pg_0005,2026-07-08,0,2,0,6,page-group,date,complete,false,2025-05-09,2026-09-08,all,web,page,https://www.the-anchor.pub/cash-bingo,raw/gsc-16m-p-pg_0005/Chart.csv
gsc-16m-p-pg_0005,2026-07-09,0,4,0,5.8,page-group,date,complete,false,2025-05-09,2026-09-08,all,web,page,https://www.the-anchor.pub/cash-bingo,raw/gsc-16m-p-pg_0005/Chart.csv
gsc-16m-p-pg_0005,2026-07-10,0,2,0,26,page-group,date,complete,false,2025-05-09,2026-09-08,all,web,page,https://www.the-anchor.pub/cash-bingo,raw/gsc-16m-p-pg_0005/Chart.csv
gsc-16m-p-pg_0005,2026-07-11,0,3,0,38.7,page-group,date,complete,false,2025-05-09,2026-09-08,all,web,page,https://www.the-anchor.pub/cash-bingo,raw/gsc-16m-p-pg_0005/Chart.csv
gsc-16m-p-pg_0005,2026-07-12,0,4,0,21.8,page-group,date,complete,false,2025-05-09,2026-09-08,all,web,page,https://www.the-anchor.pub/cash-bingo,raw/gsc-16m-p-pg_0005/Chart.csv
gsc-16m-p-pg_0005,2026-07-13,0,3,0,19.3,page-group,date,complete,false,2025-05-09,2026-09-08,all,web,page,https://www.the-anchor.pub/cash-bingo,raw/gsc-16m-p-pg_0005/Chart.csv
gsc-16m-p-pg_0005,2026-07-14,0,1,0,21,page-group,date,complete,false,2025-05-09,2026-09-08,all,web,page,https://www.the-anchor.pub/cash-bingo,raw/gsc-16m-p-pg_0005/Chart.csv
gsc-16m-p-pg_0005,2026-07-15,0,3,0,41,page-group,date,complete,false,2025-05-09,2026-09-08,all,web,page,https://www.the-anchor.pub/cash-bingo,raw/gsc-16m-p-pg_0005/Chart.csv
gsc-16m-p-pg_0005,2026-07-16,0,7,0,10,page-group,date,complete,false,2025-05-09,2026-09-08,all,web,page,https://www.the-anchor.pub/cash-bingo,raw/gsc-16m-p-pg_0005/Chart.csv
gsc-16m-p-pg_0005,2026-07-17,0,5,0,3.2,page-group,date,complete,false,2025-05-09,2026-09-08,all,web,page,https://www.the-anchor.pub/cash-bingo,raw/gsc-16m-p-pg_0005/Chart.csv
gsc-16m-p-pg_0005,2026-07-18,0,4,0,14.8,page-group,date,complete,false,2025-05-09,2026-09-08,all,web,page,https://www.the-anchor.pub/cash-bingo,raw/gsc-16m-p-pg_0005/Chart.csv
gsc-16m-p-pg_0005,2026-07-19,0,3,0,3,page-group,date,complete,false,2025-05-09,2026-09-08,all,web,page,https://www.the-anchor.pub/cash-bingo,raw/gsc-16m-p-pg_0005/Chart.csv
gsc-16m-p-pg_0005,2026-07-20,1,3,0.3333,26.3,page-group,date,complete,false,2025-05-09,2026-09-08,all,web,page,https://www.the-anchor.pub/cash-bingo,raw/gsc-16m-p-pg_0005/Chart.csv
gsc-16m-p-pg_0005,2026-07-21,0,6,0,18.2,page-group,date,complete,false,2025-05-09,2026-09-08,all,web,page,https://www.the-anchor.pub/cash-bingo,raw/gsc-16m-p-pg_0005/Chart.csv
gsc-16m-p-pg_0005,2026-07-22,0,4,0,5.2,page-group,date,complete,false,2025-05-09,2026-09-08,all,web,page,https://www.the-anchor.pub/cash-bingo,raw/gsc-16m-p-pg_0005/Chart.csv
gsc-16m-p-pg_0005,2026-07-23,0,1,0,10,page-group,date,complete,false,2025-05-09,2026-09-08,all,web,page,https://www.the-anchor.pub/cash-bingo,raw/gsc-16m-p-pg_0005/Chart.csv
gsc-16m-p-pg_0005,2026-07-24,0,4,0,13.5,page-group,date,complete,false,2025-05-09,2026-09-08,all,web,page,https://www.the-anchor.pub/cash-bingo,raw/gsc-16m-p-pg_0005/Chart.csv
gsc-16m-p-pg_0005,2026-07-25,0,10,0,18.2,page-group,date,complete,false,2025-05-09,2026-09-08,all,web,page,https://www.the-anchor.pub/cash-bingo,raw/gsc-16m-p-pg_0005/Chart.csv
gsc-16m-p-pg_0005,2026-07-26,0,6,0,20,page-group,date,complete,false,2025-05-09,2026-09-08,all,web,page,https://www.the-anchor.pub/cash-bingo,raw/gsc-16m-p-pg_0005/Chart.csv
gsc-16m-p-pg_0005,2026-07-27,0,9,0,8,page-group,date,complete,false,2025-05-09,2026-09-08,all,web,page,https://www.the-anchor.pub/cash-bingo,raw/gsc-16m-p-pg_0005/Chart.csv
gsc-16m-p-pg_0005,2026-07-28,0,7,0,15.1,page-group,date,complete,false,2025-05-09,2026-09-08,all,web,page,https://www.the-anchor.pub/cash-bingo,raw/gsc-16m-p-pg_0005/Chart.csv
gsc-16m-p-pg_0005,2026-07-29,0,8,0,12.9,page-group,date,complete,false,2025-05-09,2026-09-08,all,web,page,https://www.the-anchor.pub/cash-bingo,raw/gsc-16m-p-pg_0005/Chart.csv
gsc-16m-p-pg_0005,2026-07-30,0,0,,,page-group,date,complete,false,2025-05-09,2026-09-08,all,web,page,https://www.the-anchor.pub/cash-bingo,raw/gsc-16m-p-pg_0005/Chart.csv
gsc-16m-p-pg_0005,2026-07-31,0,3,0,7.7,page-group,date,complete,false,2025-05-09,2026-09-08,all,web,page,https://www.the-anchor.pub/cash-bingo,raw/gsc-16m-p-pg_0005/Chart.csv
gsc-16m-p-pg_0005,2026-08-01,0,3,0,6,page-group,date,complete,false,2025-05-09,2026-09-08,all,web,page,https://www.the-anchor.pub/cash-bingo,raw/gsc-16m-p-pg_0005/Chart.csv
gsc-16m-p-pg_0005,2026-08-02,0,2,0,5,page-group,date,complete,false,2025-05-09,2026-09-08,all,web,page,https://www.the-anchor.pub/cash-bingo,raw/gsc-16m-p-pg_0005/Chart.csv
gsc-16m-p-pg_0005,2026-08-03,0,0,,,page-group,date,complete,false,2025-05-09,2026-09-08,all,web,page,https://www.the-anchor.pub/cash-bingo,raw/gsc-16m-p-pg_0005/Chart.csv
gsc-16m-p-pg_0005,2026-08-04,0,3,0,5.3,page-group,date,complete,false,2025-05-09,2026-09-08,all,web,page,https://www.the-anchor.pub/cash-bingo,raw/gsc-16m-p-pg_0005/Chart.csv
gsc-16m-p-pg_0005,2026-08-05,0,3,0,9,page-group,date,complete,false,2025-05-09,2026-09-08,all,web,page,https://www.the-anchor.pub/cash-bingo,raw/gsc-16m-p-pg_0005/Chart.csv
gsc-16m-p-pg_0005,2026-08-06,0,2,0,13,page-group,date,complete,false,2025-05-09,2026-09-08,all,web,page,https://www.the-anchor.pub/cash-bingo,raw/gsc-16m-p-pg_0005/Chart.csv
gsc-16m-p-pg_0005,2026-08-07,0,3,0,17.3,page-group,date,complete,false,2025-05-09,2026-09-08,all,web,page,https://www.the-anchor.pub/cash-bingo,raw/gsc-16m-p-pg_0005/Chart.csv
gsc-16m-p-pg_0005,2026-08-08,0,4,0,8,page-group,date,complete,false,2025-05-09,2026-09-08,all,web,page,https://www.the-anchor.pub/cash-bingo,raw/gsc-16m-p-pg_0005/Chart.csv
gsc-16m-p-pg_0005,2026-08-09,1,2,0.5,6,page-group,date,complete,false,2025-05-09,2026-09-08,all,web,page,https://www.the-anchor.pub/cash-bingo,raw/gsc-16m-p-pg_0005/Chart.csv
gsc-16m-p-pg_0005,2026-08-10,0,1,0,1,page-group,date,complete,false,2025-05-09,2026-09-08,all,web,page,https://www.the-anchor.pub/cash-bingo,raw/gsc-16m-p-pg_0005/Chart.csv
gsc-16m-p-pg_0005,2026-08-11,0,0,,,page-group,date,complete,false,2025-05-09,2026-09-08,all,web,page,https://www.the-anchor.pub/cash-bingo,raw/gsc-16m-p-pg_0005/Chart.csv
gsc-16m-p-pg_0005,2026-08-12,1,5,0.2,5.8,page-group,date,complete,false,2025-05-09,2026-09-08,all,web,page,https://www.the-anchor.pub/cash-bingo,raw/gsc-16m-p-pg_0005/Chart.csv
gsc-16m-p-pg_0005,2026-08-13,0,5,0,21.6,page-group,date,complete,false,2025-05-09,2026-09-08,all,web,page,https://www.the-anchor.pub/cash-bingo,raw/gsc-16m-p-pg_0005/Chart.csv
gsc-16m-p-pg_0005,2026-08-14,0,0,,,page-group,date,complete,false,2025-05-09,2026-09-08,all,web,page,https://www.the-anchor.pub/cash-bingo,raw/gsc-16m-p-pg_0005/Chart.csv
gsc-16m-p-pg_0005,2026-08-15,0,1,0,11,page-group,date,complete,false,2025-05-09,2026-09-08,all,web,page,https://www.the-anchor.pub/cash-bingo,raw/gsc-16m-p-pg_0005/Chart.csv
gsc-16m-p-pg_0005,2026-08-16,1,12,0.0833,6,page-group,date,complete,false,2025-05-09,2026-09-08,all,web,page,https://www.the-anchor.pub/cash-bingo,raw/gsc-16m-p-pg_0005/Chart.csv
gsc-16m-p-pg_0005,2026-08-17,0,3,0,10,page-group,date,complete,false,2025-05-09,2026-09-08,all,web,page,https://www.the-anchor.pub/cash-bingo,raw/gsc-16m-p-pg_0005/Chart.csv
gsc-16m-p-pg_0005,2026-08-18,0,1,0,12,page-group,date,complete,false,2025-05-09,2026-09-08,all,web,page,https://www.the-anchor.pub/cash-bingo,raw/gsc-16m-p-pg_0005/Chart.csv
gsc-16m-p-pg_0005,2026-08-19,0,9,0,8.6,page-group,date,complete,false,2025-05-09,2026-09-08,all,web,page,https://www.the-anchor.pub/cash-bingo,raw/gsc-16m-p-pg_0005/Chart.csv
gsc-16m-p-pg_0005,2026-08-20,0,3,0,8,page-group,date,complete,false,2025-05-09,2026-09-08,all,web,page,https://www.the-anchor.pub/cash-bingo,raw/gsc-16m-p-pg_0005/Chart.csv
gsc-16m-p-pg_0005,2026-08-21,0,0,,,page-group,date,complete,false,2025-05-09,2026-09-08,all,web,page,https://www.the-anchor.pub/cash-bingo,raw/gsc-16m-p-pg_0005/Chart.csv
gsc-16m-p-pg_0005,2026-08-22,0,0,,,page-group,date,complete,false,2025-05-09,2026-09-08,all,web,page,https://www.the-anchor.pub/cash-bingo,raw/gsc-16m-p-pg_0005/Chart.csv
gsc-16m-p-pg_0005,2026-08-23,0,2,0,6,page-group,date,complete,false,2025-05-09,2026-09-08,all,web,page,https://www.the-anchor.pub/cash-bingo,raw/gsc-16m-p-pg_0005/Chart.csv
gsc-16m-p-pg_0005,2026-08-24,0,0,,,page-group,date,complete,false,2025-05-09,2026-09-08,all,web,page,https://www.the-anchor.pub/cash-bingo,raw/gsc-16m-p-pg_0005/Chart.csv
gsc-16m-p-pg_0005,2026-08-25,0,1,0,8,page-group,date,complete,false,2025-05-09,2026-09-08,all,web,page,https://www.the-anchor.pub/cash-bingo,raw/gsc-16m-p-pg_0005/Chart.csv
gsc-16m-p-pg_0005,2026-08-26,0,2,0,6.5,page-group,date,complete,false,2025-05-09,2026-09-08,all,web,page,https://www.the-anchor.pub/cash-bingo,raw/gsc-16m-p-pg_0005/Chart.csv
gsc-16m-p-pg_0005,2026-08-27,0,7,0,5.1,page-group,date,complete,false,2025-05-09,2026-09-08,all,web,page,https://www.the-anchor.pub/cash-bingo,raw/gsc-16m-p-pg_0005/Chart.csv
gsc-16m-p-pg_0005,2026-08-28,0,12,0,2.6,page-group,date,complete,false,2025-05-09,2026-09-08,all,web,page,https://www.the-anchor.pub/cash-bingo,raw/gsc-16m-p-pg_0005/Chart.csv
gsc-16m-p-pg_0005,2026-08-29,0,8,0,6.2,page-group,date,complete,false,2025-05-09,2026-09-08,all,web,page,https://www.the-anchor.pub/cash-bingo,raw/gsc-16m-p-pg_0005/Chart.csv
gsc-16m-p-pg_0005,2026-08-30,0,10,0,8.4,page-group,date,complete,false,2025-05-09,2026-09-08,all,web,page,https://www.the-anchor.pub/cash-bingo,raw/gsc-16m-p-pg_0005/Chart.csv
gsc-16m-p-pg_0005,2026-08-31,0,2,0,6,page-group,date,complete,false,2025-05-09,2026-09-08,all,web,page,https://www.the-anchor.pub/cash-bingo,raw/gsc-16m-p-pg_0005/Chart.csv
gsc-16m-p-pg_0005,2026-09-01,0,3,0,6.7,page-group,date,complete,false,2025-05-09,2026-09-08,all,web,page,https://www.the-anchor.pub/cash-bingo,raw/gsc-16m-p-pg_0005/Chart.csv
gsc-16m-p-pg_0005,2026-09-02,0,11,0,7.4,page-group,date,complete,false,2025-05-09,2026-09-08,all,web,page,https://www.the-anchor.pub/cash-bingo,raw/gsc-16m-p-pg_0005/Chart.csv
gsc-16m-p-pg_0005,2026-09-03,0,6,0,5.7,page-group,date,complete,false,2025-05-09,2026-09-08,all,web,page,https://www.the-anchor.pub/cash-bingo,raw/gsc-16m-p-pg_0005/Chart.csv
gsc-16m-p-pg_0005,2026-09-04,0,6,0,8.8,page-group,date,complete,false,2025-05-09,2026-09-08,all,web,page,https://www.the-anchor.pub/cash-bingo,raw/gsc-16m-p-pg_0005/Chart.csv
gsc-16m-p-pg_0005,2026-09-05,0,6,0,6.2,page-group,date,complete,false,2025-05-09,2026-09-08,all,web,page,https://www.the-anchor.pub/cash-bingo,raw/gsc-16m-p-pg_0005/Chart.csv
gsc-16m-p-pg_0005,2026-09-06,0,2,0,5,page-group,date,complete,false,2025-05-09,2026-09-08,all,web,page,https://www.the-anchor.pub/cash-bingo,raw/gsc-16m-p-pg_0005/Chart.csv
gsc-16m-p-pg_0005,2026-09-07,0,2,0,4,page-group,date,complete,false,2025-05-09,2026-09-08,all,web,page,https://www.the-anchor.pub/cash-bingo,raw/gsc-16m-p-pg_0005/Chart.csv
gsc-16m-p-pg_0005,2026-09-08,0,3,0,8.7,page-group,date,complete,false,2025-05-09,2026-09-08,all,web,page,https://www.the-anchor.pub/cash-bingo,raw/gsc-16m-p-pg_0005/Chart.csv
