source_file,layout,batch,row,keyword_text,keyword_norm,currency,raw_volume,precision_mode,value_low,value_high,state,three_month_change,yoy_change,competition,competition_index,bid_low,bid_high,ad_impression_share,in_account,in_plan,window_start,window_end,location,language,network,lens,pulled_on,source_hash
raw/gkp-volumes-01.csv,volumes,gkp-volumes-01,4,18 and older karaoke near me,18 and older karaoke near me,GBP,0.0,encoded_band,0,0,zero,0,0,,,,,,,,2025-09-01,2026-08-31,United Kingdom,English,Google Search,country,2026-09-13,1f37c7246e8d4a91232940e64709c69131d859f582eaeabc5ad939aae6aa125c
raw/gkp-volumes-01.csv,volumes,gkp-volumes-01,5,18 karaoke bars near me,18 karaoke bars near me,GBP,0.0,encoded_band,0,0,zero,0,0,,,,,,,,2025-09-01,2026-08-31,United Kingdom,English,Google Search,country,2026-09-13,1f37c7246e8d4a91232940e64709c69131d859f582eaeabc5ad939aae6aa125c
raw/gkp-volumes-01.csv,volumes,gkp-volumes-01,6,18 karaoke near me,18 karaoke near me,GBP,0.0,encoded_band,0,0,zero,0,0,,,,,,,,2025-09-01,2026-08-31,United Kingdom,English,Google Search,country,2026-09-13,1f37c7246e8d4a91232940e64709c69131d859f582eaeabc5ad939aae6aa125c
raw/gkp-volumes-01.csv,volumes,gkp-volumes-01,7,18 plus karaoke near me,18 plus karaoke near me,GBP,0.0,encoded_band,0,0,zero,0,0,,,,,,,,2025-09-01,2026-08-31,United Kingdom,English,Google Search,country,2026-09-13,1f37c7246e8d4a91232940e64709c69131d859f582eaeabc5ad939aae6aa125c
raw/gkp-volumes-01.csv,volumes,gkp-volumes-01,8,24 hours ktv near me,24 hours ktv near me,GBP,0.0,encoded_band,0,0,zero,0,0,,,,,,,,2025-09-01,2026-08-31,United Kingdom,English,Google Search,country,2026-09-13,1f37c7246e8d4a91232940e64709c69131d859f582eaeabc5ad939aae6aa125c
raw/gkp-volumes-01.csv,volumes,gkp-volumes-01,9,5 gbp bingo,5 gbp bingo,GBP,50.0,encoded_band,10,100,returned,0,0,,,,,,,,2025-09-01,2026-08-31,United Kingdom,English,Google Search,country,2026-09-13,1f37c7246e8d4a91232940e64709c69131d859f582eaeabc5ad939aae6aa125c
raw/gkp-volumes-01.csv,volumes,gkp-volumes-01,10,achor bar,achor bar,GBP,5000.0,encoded_band,1000,10000,returned,0,0,Low,2,,,,,,2025-09-01,2026-08-31,United Kingdom,English,Google Search,country,2026-09-13,1f37c7246e8d4a91232940e64709c69131d859f582eaeabc5ad939aae6aa125c
raw/gkp-volumes-01.csv,volumes,gkp-volumes-01,11,achor pub,achor pub,GBP,,encoded_band,,,absent,,,,,,,,,,2025-09-01,2026-08-31,United Kingdom,English,Google Search,country,2026-09-13,1f37c7246e8d4a91232940e64709c69131d859f582eaeabc5ad939aae6aa125c
raw/gkp-volumes-01.csv,volumes,gkp-volumes-01,12,activities,activities,GBP,50000.0,encoded_band,10000,100000,returned,0,0,Low,6,0.31,1.32,,,,2025-09-01,2026-08-31,United Kingdom,English,Google Search,country,2026-09-13,1f37c7246e8d4a91232940e64709c69131d859f582eaeabc5ad939aae6aa125c
raw/gkp-volumes-01.csv,volumes,gkp-volumes-01,13,activities near me for adults,activities near me for adults,GBP,5000.0,encoded_band,1000,10000,returned,0,0,Medium,64,0.23,1.04,,,,2025-09-01,2026-08-31,United Kingdom,English,Google Search,country,2026-09-13,1f37c7246e8d4a91232940e64709c69131d859f582eaeabc5ad939aae6aa125c
raw/gkp-volumes-01.csv,volumes,gkp-volumes-01,14,adult meetings,adult meetings,GBP,50.0,encoded_band,10,100,returned,0,0,Medium,54,0.65,1.45,,,,2025-09-01,2026-08-31,United Kingdom,English,Google Search,country,2026-09-13,1f37c7246e8d4a91232940e64709c69131d859f582eaeabc5ad939aae6aa125c
raw/gkp-volumes-01.csv,volumes,gkp-volumes-01,15,ancher pub,ancher pub,GBP,,encoded_band,,,absent,,,,,,,,,,2025-09-01,2026-08-31,United Kingdom,English,Google Search,country,2026-09-13,1f37c7246e8d4a91232940e64709c69131d859f582eaeabc5ad939aae6aa125c
raw/gkp-volumes-01.csv,volumes,gkp-volumes-01,16,anchor,anchor,GBP,50000.0,encoded_band,10000,100000,returned,0,0,Low,13,7.45,7.54,,,,2025-09-01,2026-08-31,United Kingdom,English,Google Search,country,2026-09-13,1f37c7246e8d4a91232940e64709c69131d859f582eaeabc5ad939aae6aa125c
raw/gkp-volumes-01.csv,volumes,gkp-volumes-01,17,anchor airport,anchor airport,GBP,50.0,encoded_band,10,100,returned,-1,-1,,,,,,,,2025-09-01,2026-08-31,United Kingdom,English,Google Search,country,2026-09-13,1f37c7246e8d4a91232940e64709c69131d859f582eaeabc5ad939aae6aa125c
raw/gkp-volumes-01.csv,volumes,gkp-volumes-01,18,anchor bar and grill,anchor bar and grill,GBP,50.0,encoded_band,10,100,returned,0,0,Low,1,,,,,,2025-09-01,2026-08-31,United Kingdom,English,Google Search,country,2026-09-13,1f37c7246e8d4a91232940e64709c69131d859f582eaeabc5ad939aae6aa125c
raw/gkp-volumes-01.csv,volumes,gkp-volumes-01,19,anchor bar trivia night,anchor bar trivia night,GBP,50.0,encoded_band,10,100,returned,0,0,,,,,,,,2025-09-01,2026-08-31,United Kingdom,English,Google Search,country,2026-09-13,1f37c7246e8d4a91232940e64709c69131d859f582eaeabc5ad939aae6aa125c
raw/gkp-volumes-01.csv,volumes,gkp-volumes-01,20,anchor barre,anchor barre,GBP,5000.0,encoded_band,1000,10000,returned,0,0,Low,2,,,,,,2025-09-01,2026-08-31,United Kingdom,English,Google Search,country,2026-09-13,1f37c7246e8d4a91232940e64709c69131d859f582eaeabc5ad939aae6aa125c
raw/gkp-volumes-01.csv,volumes,gkp-volumes-01,21,anchor beer garden,anchor beer garden,GBP,50.0,encoded_band,10,100,returned,0,0,Low,0,,,,,,2025-09-01,2026-08-31,United Kingdom,English,Google Search,country,2026-09-13,1f37c7246e8d4a91232940e64709c69131d859f582eaeabc5ad939aae6aa125c
raw/gkp-volumes-01.csv,volumes,gkp-volumes-01,22,anchor bingo,anchor bingo,GBP,,encoded_band,,,absent,,,,,,,,,,2025-09-01,2026-08-31,United Kingdom,English,Google Search,country,2026-09-13,1f37c7246e8d4a91232940e64709c69131d859f582eaeabc5ad939aae6aa125c
raw/gkp-volumes-01.csv,volumes,gkp-volumes-01,23,anchor bowling club,anchor bowling club,GBP,500.0,encoded_band,100,1000,returned,0,0,Low,1,,,,,,2025-09-01,2026-08-31,United Kingdom,English,Google Search,country,2026-09-13,1f37c7246e8d4a91232940e64709c69131d859f582eaeabc5ad939aae6aa125c
raw/gkp-volumes-01.csv,volumes,gkp-volumes-01,24,anchor club,anchor club,GBP,50.0,encoded_band,10,100,returned,0,0,Low,0,,,,,,2025-09-01,2026-08-31,United Kingdom,English,Google Search,country,2026-09-13,1f37c7246e8d4a91232940e64709c69131d859f582eaeabc5ad939aae6aa125c
raw/gkp-volumes-01.csv,volumes,gkp-volumes-01,25,anchor cowes,anchor cowes,GBP,500.0,encoded_band,100,1000,returned,9,0,Low,30,0.38,0.87,,,,2025-09-01,2026-08-31,United Kingdom,English,Google Search,country,2026-09-13,1f37c7246e8d4a91232940e64709c69131d859f582eaeabc5ad939aae6aa125c
raw/gkp-volumes-01.csv,volumes,gkp-volumes-01,26,anchor day,anchor day,GBP,500.0,encoded_band,100,1000,returned,0,0,Low,0,,,,,,2025-09-01,2026-08-31,United Kingdom,English,Google Search,country,2026-09-13,1f37c7246e8d4a91232940e64709c69131d859f582eaeabc5ad939aae6aa125c
raw/gkp-volumes-01.csv,volumes,gkp-volumes-01,27,anchor entertainment,anchor entertainment,GBP,50.0,encoded_band,10,100,returned,0,0,Low,0,,,,,,2025-09-01,2026-08-31,United Kingdom,English,Google Search,country,2026-09-13,1f37c7246e8d4a91232940e64709c69131d859f582eaeabc5ad939aae6aa125c
raw/gkp-volumes-01.csv,volumes,gkp-volumes-01,28,anchor event,anchor event,GBP,50.0,encoded_band,10,100,returned,0,0,Low,2,,,,,,2025-09-01,2026-08-31,United Kingdom,English,Google Search,country,2026-09-13,1f37c7246e8d4a91232940e64709c69131d859f582eaeabc5ad939aae6aa125c
raw/gkp-volumes-01.csv,volumes,gkp-volumes-01,29,anchor festival,anchor festival,GBP,50.0,encoded_band,10,100,returned,0,0,Low,0,,,,,,2025-09-01,2026-08-31,United Kingdom,English,Google Search,country,2026-09-13,1f37c7246e8d4a91232940e64709c69131d859f582eaeabc5ad939aae6aa125c
raw/gkp-volumes-01.csv,volumes,gkp-volumes-01,30,anchor hall,anchor hall,GBP,50.0,encoded_band,10,100,returned,0,0,Low,17,,,,,,2025-09-01,2026-08-31,United Kingdom,English,Google Search,country,2026-09-13,1f37c7246e8d4a91232940e64709c69131d859f582eaeabc5ad939aae6aa125c
raw/gkp-volumes-01.csv,volumes,gkp-volumes-01,31,anchor karaoke,anchor karaoke,GBP,50.0,encoded_band,10,100,returned,0,0,Low,0,,,,,,2025-09-01,2026-08-31,United Kingdom,English,Google Search,country,2026-09-13,1f37c7246e8d4a91232940e64709c69131d859f582eaeabc5ad939aae6aa125c
raw/gkp-volumes-01.csv,volumes,gkp-volumes-01,32,anchor lane,anchor lane,GBP,5000.0,encoded_band,1000,10000,returned,0,0,Low,2,,,,,,2025-09-01,2026-08-31,United Kingdom,English,Google Search,country,2026-09-13,1f37c7246e8d4a91232940e64709c69131d859f582eaeabc5ad939aae6aa125c
raw/gkp-volumes-01.csv,volumes,gkp-volumes-01,33,anchor london,anchor london,GBP,500.0,encoded_band,100,1000,returned,0,0,Low,2,,,,,,2025-09-01,2026-08-31,United Kingdom,English,Google Search,country,2026-09-13,1f37c7246e8d4a91232940e64709c69131d859f582eaeabc5ad939aae6aa125c
raw/gkp-volumes-01.csv,volumes,gkp-volumes-01,34,anchor lounge seating,anchor lounge seating,GBP,,encoded_band,,,absent,,,,,,,,,,2025-09-01,2026-08-31,United Kingdom,English,Google Search,country,2026-09-13,1f37c7246e8d4a91232940e64709c69131d859f582eaeabc5ad939aae6aa125c
raw/gkp-volumes-01.csv,volumes,gkp-volumes-01,35,anchor near me,anchor near me,GBP,5000.0,encoded_band,1000,10000,returned,0,0,Low,2,,,,,,2025-09-01,2026-08-31,United Kingdom,English,Google Search,country,2026-09-13,1f37c7246e8d4a91232940e64709c69131d859f582eaeabc5ad939aae6aa125c
raw/gkp-volumes-01.csv,volumes,gkp-volumes-01,36,anchor party,anchor party,GBP,50.0,encoded_band,10,100,returned,0,0,Low,0,,,,,,2025-09-01,2026-08-31,United Kingdom,English,Google Search,country,2026-09-13,1f37c7246e8d4a91232940e64709c69131d859f582eaeabc5ad939aae6aa125c
raw/gkp-volumes-01.csv,volumes,gkp-volumes-01,37,anchor pib,anchor pib,GBP,,encoded_band,,,absent,,,,,,,,,,2025-09-01,2026-08-31,United Kingdom,English,Google Search,country,2026-09-13,1f37c7246e8d4a91232940e64709c69131d859f582eaeabc5ad939aae6aa125c
raw/gkp-volumes-01.csv,volumes,gkp-volumes-01,38,anchor pizza,anchor pizza,GBP,50.0,encoded_band,10,100,returned,0,0,Low,1,,,,,,2025-09-01,2026-08-31,United Kingdom,English,Google Search,country,2026-09-13,1f37c7246e8d4a91232940e64709c69131d859f582eaeabc5ad939aae6aa125c
raw/gkp-volumes-01.csv,volumes,gkp-volumes-01,39,anchor promotion,anchor promotion,GBP,50.0,encoded_band,10,100,returned,,0,Low,0,,,,,,2025-09-01,2026-08-31,United Kingdom,English,Google Search,country,2026-09-13,1f37c7246e8d4a91232940e64709c69131d859f582eaeabc5ad939aae6aa125c
raw/gkp-volumes-01.csv,volumes,gkp-volumes-01,40,anchor pub & grille,anchor pub & grille,GBP,50.0,encoded_band,10,100,returned,0,0,Low,0,,,,,,2025-09-01,2026-08-31,United Kingdom,English,Google Search,country,2026-09-13,1f37c7246e8d4a91232940e64709c69131d859f582eaeabc5ad939aae6aa125c
raw/gkp-volumes-01.csv,volumes,gkp-volumes-01,41,anchor pub and grill,anchor pub and grill,GBP,50.0,encoded_band,10,100,returned,0,0,Low,0,,,,,,2025-09-01,2026-08-31,United Kingdom,English,Google Search,country,2026-09-13,1f37c7246e8d4a91232940e64709c69131d859f582eaeabc5ad939aae6aa125c
raw/gkp-volumes-01.csv,volumes,gkp-volumes-01,42,anchor pub heathrow,anchor pub heathrow,GBP,50.0,encoded_band,10,100,returned,,,Low,0,,,,,,2025-09-01,2026-08-31,United Kingdom,English,Google Search,country,2026-09-13,1f37c7246e8d4a91232940e64709c69131d859f582eaeabc5ad939aae6aa125c
raw/gkp-volumes-01.csv,volumes,gkp-volumes-01,43,anchor pub near me,anchor pub near me,GBP,500.0,encoded_band,100,1000,returned,0,0,Low,26,,,,,,2025-09-01,2026-08-31,United Kingdom,English,Google Search,country,2026-09-13,1f37c7246e8d4a91232940e64709c69131d859f582eaeabc5ad939aae6aa125c
raw/gkp-volumes-01.csv,volumes,gkp-volumes-01,44,anchor pub quiz,anchor pub quiz,GBP,50.0,encoded_band,10,100,returned,0,,Low,0,,,,,,2025-09-01,2026-08-31,United Kingdom,English,Google Search,country,2026-09-13,1f37c7246e8d4a91232940e64709c69131d859f582eaeabc5ad939aae6aa125c
raw/gkp-volumes-01.csv,volumes,gkp-volumes-01,45,anchor pub stanwell,anchor pub stanwell,GBP,50.0,encoded_band,10,100,returned,0,,Low,0,,,,,,2025-09-01,2026-08-31,United Kingdom,English,Google Search,country,2026-09-13,1f37c7246e8d4a91232940e64709c69131d859f582eaeabc5ad939aae6aa125c
raw/gkp-volumes-01.csv,volumes,gkp-volumes-01,46,anchor pub stanwell moor,anchor pub stanwell moor,GBP,50.0,encoded_band,10,100,returned,0,0,Low,0,,,,,,2025-09-01,2026-08-31,United Kingdom,English,Google Search,country,2026-09-13,1f37c7246e8d4a91232940e64709c69131d859f582eaeabc5ad939aae6aa125c
raw/gkp-volumes-01.csv,volumes,gkp-volumes-01,47,anchor quiz,anchor quiz,GBP,50.0,encoded_band,10,100,returned,0,0,Low,0,,,,,,2025-09-01,2026-08-31,United Kingdom,English,Google Search,country,2026-09-13,1f37c7246e8d4a91232940e64709c69131d859f582eaeabc5ad939aae6aa125c
raw/gkp-volumes-01.csv,volumes,gkp-volumes-01,48,anchor restaurant,anchor restaurant,GBP,500.0,encoded_band,100,1000,returned,0,0,Low,2,,,,,,2025-09-01,2026-08-31,United Kingdom,English,Google Search,country,2026-09-13,1f37c7246e8d4a91232940e64709c69131d859f582eaeabc5ad939aae6aa125c
raw/gkp-volumes-01.csv,volumes,gkp-volumes-01,49,anchor stanwell moor,anchor stanwell moor,GBP,50.0,encoded_band,10,100,returned,0,0,Low,0,,,,,,2025-09-01,2026-08-31,United Kingdom,English,Google Search,country,2026-09-13,1f37c7246e8d4a91232940e64709c69131d859f582eaeabc5ad939aae6aa125c
raw/gkp-volumes-01.csv,volumes,gkp-volumes-01,50,anchor tavern,anchor tavern,GBP,500.0,encoded_band,100,1000,returned,0,0,Low,1,,,,,,2025-09-01,2026-08-31,United Kingdom,English,Google Search,country,2026-09-13,1f37c7246e8d4a91232940e64709c69131d859f582eaeabc5ad939aae6aa125c
raw/gkp-volumes-01.csv,volumes,gkp-volumes-01,51,anchor tavern london,anchor tavern london,GBP,50.0,encoded_band,10,100,returned,0,0,Low,0,,,,,,2025-09-01,2026-08-31,United Kingdom,English,Google Search,country,2026-09-13,1f37c7246e8d4a91232940e64709c69131d859f582eaeabc5ad939aae6aa125c
raw/gkp-volumes-01.csv,volumes,gkp-volumes-01,52,anchoring for quiz,anchoring for quiz,GBP,50.0,encoded_band,10,100,returned,0,0,Low,0,,,,,,2025-09-01,2026-08-31,United Kingdom,English,Google Search,country,2026-09-13,1f37c7246e8d4a91232940e64709c69131d859f582eaeabc5ad939aae6aa125c
raw/gkp-volumes-01.csv,volumes,gkp-volumes-01,53,anglers retreat staines,anglers retreat staines,GBP,50.0,encoded_band,10,100,returned,0,0,Low,0,,,,,,2025-09-01,2026-08-31,United Kingdom,English,Google Search,country,2026-09-13,1f37c7246e8d4a91232940e64709c69131d859f582eaeabc5ad939aae6aa125c
raw/gkp-volumes-01.csv,volumes,gkp-volumes-01,54,anker bar,anker bar,GBP,50.0,encoded_band,10,100,returned,0,0,Low,0,,,,,,2025-09-01,2026-08-31,United Kingdom,English,Google Search,country,2026-09-13,1f37c7246e8d4a91232940e64709c69131d859f582eaeabc5ad939aae6aa125c
raw/gkp-volumes-01.csv,volumes,gkp-volumes-01,55,anker pub,anker pub,GBP,50.0,encoded_band,10,100,returned,0,0,Low,3,,,,,,2025-09-01,2026-08-31,United Kingdom,English,Google Search,country,2026-09-13,1f37c7246e8d4a91232940e64709c69131d859f582eaeabc5ad939aae6aa125c
raw/gkp-volumes-01.csv,volumes,gkp-volumes-01,56,anxhor pub,anxhor pub,GBP,,encoded_band,,,absent,,,,,,,,,,2025-09-01,2026-08-31,United Kingdom,English,Google Search,country,2026-09-13,1f37c7246e8d4a91232940e64709c69131d859f582eaeabc5ad939aae6aa125c
raw/gkp-volumes-01.csv,volumes,gkp-volumes-01,57,any ktv open now,any ktv open now,GBP,,encoded_band,,,absent,,,,,,,,,,2025-09-01,2026-08-31,United Kingdom,English,Google Search,country,2026-09-13,1f37c7246e8d4a91232940e64709c69131d859f582eaeabc5ad939aae6aa125c
raw/gkp-volumes-01.csv,volumes,gkp-volumes-01,58,area events today near me,area events today near me,GBP,0.0,encoded_band,0,0,zero,0,0,,,,,,,,2025-09-01,2026-08-31,United Kingdom,English,Google Search,country,2026-09-13,1f37c7246e8d4a91232940e64709c69131d859f582eaeabc5ad939aae6aa125c
raw/gkp-volumes-01.csv,volumes,gkp-volumes-01,59,attractions near me,attractions near me,GBP,500000.0,encoded_band,100000,1000000,returned,0,0,Medium,36,0.22,0.85,,,,2025-09-01,2026-08-31,United Kingdom,English,Google Search,country,2026-09-13,1f37c7246e8d4a91232940e64709c69131d859f582eaeabc5ad939aae6aa125c
raw/gkp-volumes-01.csv,volumes,gkp-volumes-01,60,bar bingo near me,bar bingo near me,GBP,50.0,encoded_band,10,100,returned,0,0,Low,29,,,,,,2025-09-01,2026-08-31,United Kingdom,English,Google Search,country,2026-09-13,1f37c7246e8d4a91232940e64709c69131d859f582eaeabc5ad939aae6aa125c
raw/gkp-volumes-01.csv,volumes,gkp-volumes-01,61,bar trivia games near me,bar trivia games near me,GBP,,encoded_band,,,absent,,,,,,,,,,2025-09-01,2026-08-31,United Kingdom,English,Google Search,country,2026-09-13,1f37c7246e8d4a91232940e64709c69131d859f582eaeabc5ad939aae6aa125c
raw/gkp-volumes-01.csv,volumes,gkp-volumes-01,62,bar trivia near me friday,bar trivia near me friday,GBP,0.0,encoded_band,0,0,zero,0,0,,,,,,,,2025-09-01,2026-08-31,United Kingdom,English,Google Search,country,2026-09-13,1f37c7246e8d4a91232940e64709c69131d859f582eaeabc5ad939aae6aa125c
raw/gkp-volumes-01.csv,volumes,gkp-volumes-01,63,bar trivia near me saturday,bar trivia near me saturday,GBP,0.0,encoded_band,0,0,zero,0,0,,,,,,,,2025-09-01,2026-08-31,United Kingdom,English,Google Search,country,2026-09-13,1f37c7246e8d4a91232940e64709c69131d859f582eaeabc5ad939aae6aa125c
raw/gkp-volumes-01.csv,volumes,gkp-volumes-01,64,bar trivia near me thursday,bar trivia near me thursday,GBP,0.0,encoded_band,0,0,zero,0,0,,,,,,,,2025-09-01,2026-08-31,United Kingdom,English,Google Search,country,2026-09-13,1f37c7246e8d4a91232940e64709c69131d859f582eaeabc5ad939aae6aa125c
raw/gkp-volumes-01.csv,volumes,gkp-volumes-01,65,bar trivia near me today,bar trivia near me today,GBP,0.0,encoded_band,0,0,zero,0,0,,,,,,,,2025-09-01,2026-08-31,United Kingdom,English,Google Search,country,2026-09-13,1f37c7246e8d4a91232940e64709c69131d859f582eaeabc5ad939aae6aa125c
raw/gkp-volumes-01.csv,volumes,gkp-volumes-01,66,bar trivia near me wednesday,bar trivia near me wednesday,GBP,0.0,encoded_band,0,0,zero,0,0,,,,,,,,2025-09-01,2026-08-31,United Kingdom,English,Google Search,country,2026-09-13,1f37c7246e8d4a91232940e64709c69131d859f582eaeabc5ad939aae6aa125c
raw/gkp-volumes-01.csv,volumes,gkp-volumes-01,67,bar trivia tuesday near me,bar trivia tuesday near me,GBP,0.0,encoded_band,0,0,zero,0,0,,,,,,,,2025-09-01,2026-08-31,United Kingdom,English,Google Search,country,2026-09-13,1f37c7246e8d4a91232940e64709c69131d859f582eaeabc5ad939aae6aa125c
raw/gkp-volumes-01.csv,volumes,gkp-volumes-01,68,best fish and chips near heathrow airport,best fish and chips near heathrow airport,GBP,50.0,encoded_band,10,100,returned,0,0,Low,3,,,,,,2025-09-01,2026-08-31,United Kingdom,English,Google Search,country,2026-09-13,1f37c7246e8d4a91232940e64709c69131d859f582eaeabc5ad939aae6aa125c
raw/gkp-volumes-01.csv,volumes,gkp-volumes-01,69,best local pub quiz nights near me,best local pub quiz nights near me,GBP,50.0,encoded_band,10,100,returned,0,0,Low,6,,,,,,2025-09-01,2026-08-31,United Kingdom,English,Google Search,country,2026-09-13,1f37c7246e8d4a91232940e64709c69131d859f582eaeabc5ad939aae6aa125c
raw/gkp-volumes-01.csv,volumes,gkp-volumes-01,70,best pub quizzes in london,best pub quizzes in london,GBP,500.0,encoded_band,100,1000,returned,0,0,Low,1,,,,,,2025-09-01,2026-08-31,United Kingdom,English,Google Search,country,2026-09-13,1f37c7246e8d4a91232940e64709c69131d859f582eaeabc5ad939aae6aa125c
raw/gkp-volumes-01.csv,volumes,gkp-volumes-01,71,best pubs near me,best pubs near me,GBP,50000.0,encoded_band,10000,100000,returned,0,0,Low,19,0.27,1,,,,2025-09-01,2026-08-31,United Kingdom,English,Google Search,country,2026-09-13,1f37c7246e8d4a91232940e64709c69131d859f582eaeabc5ad939aae6aa125c
raw/gkp-volumes-01.csv,volumes,gkp-volumes-01,72,best trivia near me,best trivia near me,GBP,0.0,encoded_band,0,0,zero,0,0,,,,,,,,2025-09-01,2026-08-31,United Kingdom,English,Google Search,country,2026-09-13,1f37c7246e8d4a91232940e64709c69131d859f582eaeabc5ad939aae6aa125c
raw/gkp-volumes-01.csv,volumes,gkp-volumes-01,73,bingo anchor,bingo anchor,GBP,,encoded_band,,,absent,,,,,,,,,,2025-09-01,2026-08-31,United Kingdom,English,Google Search,country,2026-09-13,1f37c7246e8d4a91232940e64709c69131d859f582eaeabc5ad939aae6aa125c
raw/gkp-volumes-01.csv,volumes,gkp-volumes-01,74,bingo ashford middlesex,bingo ashford middlesex,GBP,,encoded_band,,,absent,,,,,,,,,,2025-09-01,2026-08-31,United Kingdom,English,Google Search,country,2026-09-13,1f37c7246e8d4a91232940e64709c69131d859f582eaeabc5ad939aae6aa125c
raw/gkp-volumes-01.csv,volumes,gkp-volumes-01,75,bingo books,bingo books,GBP,5000.0,encoded_band,1000,10000,returned,0,0,High,100,,,,,,2025-09-01,2026-08-31,United Kingdom,English,Google Search,country,2026-09-13,1f37c7246e8d4a91232940e64709c69131d859f582eaeabc5ad939aae6aa125c
raw/gkp-volumes-01.csv,volumes,gkp-volumes-01,76,bingo boston,bingo boston,GBP,50.0,encoded_band,10,100,returned,0,0,Low,5,,,,,,2025-09-01,2026-08-31,United Kingdom,English,Google Search,country,2026-09-13,1f37c7246e8d4a91232940e64709c69131d859f582eaeabc5ad939aae6aa125c
raw/gkp-volumes-01.csv,volumes,gkp-volumes-01,77,bingo cash,bingo cash,GBP,5000.0,encoded_band,1000,10000,returned,0,-0.9,Medium,39,6.61,25.17,,,,2025-09-01,2026-08-31,United Kingdom,English,Google Search,country,2026-09-13,1f37c7246e8d4a91232940e64709c69131d859f582eaeabc5ad939aae6aa125c
raw/gkp-volumes-01.csv,volumes,gkp-volumes-01,78,bingo countdown,bingo countdown,GBP,50.0,encoded_band,10,100,returned,0,0,Low,0,,,,,,2025-09-01,2026-08-31,United Kingdom,English,Google Search,country,2026-09-13,1f37c7246e8d4a91232940e64709c69131d859f582eaeabc5ad939aae6aa125c
raw/gkp-volumes-01.csv,volumes,gkp-volumes-01,79,bingo events near me,bingo events near me,GBP,500.0,encoded_band,100,1000,returned,0,0,Low,3,0.99,4.48,,,,2025-09-01,2026-08-31,United Kingdom,English,Google Search,country,2026-09-13,1f37c7246e8d4a91232940e64709c69131d859f582eaeabc5ad939aae6aa125c
raw/gkp-volumes-01.csv,volumes,gkp-volumes-01,80,bingo in pubs,bingo in pubs,GBP,500.0,encoded_band,100,1000,returned,0,0,Low,14,4.32,14.25,,,,2025-09-01,2026-08-31,United Kingdom,English,Google Search,country,2026-09-13,1f37c7246e8d4a91232940e64709c69131d859f582eaeabc5ad939aae6aa125c
raw/gkp-volumes-01.csv,volumes,gkp-volumes-01,81,bingo near feltham,bingo near feltham,GBP,,encoded_band,,,absent,,,,,,,,,,2025-09-01,2026-08-31,United Kingdom,English,Google Search,country,2026-09-13,1f37c7246e8d4a91232940e64709c69131d859f582eaeabc5ad939aae6aa125c
raw/gkp-volumes-01.csv,volumes,gkp-volumes-01,82,bingo near me,bingo near me,GBP,50000.0,encoded_band,10000,100000,returned,0,0,Low,11,1.44,7.25,,,,2025-09-01,2026-08-31,United Kingdom,English,Google Search,country,2026-09-13,1f37c7246e8d4a91232940e64709c69131d859f582eaeabc5ad939aae6aa125c
raw/gkp-volumes-01.csv,volumes,gkp-volumes-01,83,bingo near me tonite,bingo near me tonite,GBP,,encoded_band,,,absent,,,,,,,,,,2025-09-01,2026-08-31,United Kingdom,English,Google Search,country,2026-09-13,1f37c7246e8d4a91232940e64709c69131d859f582eaeabc5ad939aae6aa125c
raw/gkp-volumes-01.csv,volumes,gkp-volumes-01,84,bingo night prize money amount,bingo night prize money amount,GBP,,encoded_band,,,absent,,,,,,,,,,2025-09-01,2026-08-31,United Kingdom,English,Google Search,country,2026-09-13,1f37c7246e8d4a91232940e64709c69131d859f582eaeabc5ad939aae6aa125c
raw/gkp-volumes-01.csv,volumes,gkp-volumes-01,85,bingo night staines,bingo night staines,GBP,,encoded_band,,,absent,,,,,,,,,,2025-09-01,2026-08-31,United Kingdom,English,Google Search,country,2026-09-13,1f37c7246e8d4a91232940e64709c69131d859f582eaeabc5ad939aae6aa125c
raw/gkp-volumes-01.csv,volumes,gkp-volumes-01,86,bingo night surrey,bingo night surrey,GBP,,encoded_band,,,absent,,,,,,,,,,2025-09-01,2026-08-31,United Kingdom,English,Google Search,country,2026-09-13,1f37c7246e8d4a91232940e64709c69131d859f582eaeabc5ad939aae6aa125c
raw/gkp-volumes-01.csv,volumes,gkp-volumes-01,87,bingo online for cash,bingo online for cash,GBP,500.0,encoded_band,100,1000,returned,0,0,Low,30,12.53,39.36,,,,2025-09-01,2026-08-31,United Kingdom,English,Google Search,country,2026-09-13,1f37c7246e8d4a91232940e64709c69131d859f582eaeabc5ad939aae6aa125c
raw/gkp-volumes-01.csv,volumes,gkp-volumes-01,88,bingo staines,bingo staines,GBP,,encoded_band,,,absent,,,,,,,,,,2025-09-01,2026-08-31,United Kingdom,English,Google Search,country,2026-09-13,1f37c7246e8d4a91232940e64709c69131d859f582eaeabc5ad939aae6aa125c
raw/gkp-volumes-01.csv,volumes,gkp-volumes-01,89,bongo's bingo times,bongo's bingo times,GBP,50.0,encoded_band,10,100,returned,0,0,Low,0,,,,,,2025-09-01,2026-08-31,United Kingdom,English,Google Search,country,2026-09-13,1f37c7246e8d4a91232940e64709c69131d859f582eaeabc5ad939aae6aa125c
raw/gkp-volumes-01.csv,volumes,gkp-volumes-01,90,card bingo,card bingo,GBP,5000.0,encoded_band,1000,10000,returned,0,0,High,100,1.93,9.74,,,,2025-09-01,2026-08-31,United Kingdom,English,Google Search,country,2026-09-13,1f37c7246e8d4a91232940e64709c69131d859f582eaeabc5ad939aae6aa125c
raw/gkp-volumes-01.csv,volumes,gkp-volumes-01,91,cash bingo promotions,cash bingo promotions,GBP,50.0,encoded_band,10,100,returned,0,-1,,,,,,,,2025-09-01,2026-08-31,United Kingdom,English,Google Search,country,2026-09-13,1f37c7246e8d4a91232940e64709c69131d859f582eaeabc5ad939aae6aa125c
raw/gkp-volumes-01.csv,volumes,gkp-volumes-01,92,celebrate space at heathrow,celebrate space at heathrow,GBP,,encoded_band,,,absent,,,,,,,,,,2025-09-01,2026-08-31,United Kingdom,English,Google Search,country,2026-09-13,1f37c7246e8d4a91232940e64709c69131d859f582eaeabc5ad939aae6aa125c
raw/gkp-volumes-01.csv,volumes,gkp-volumes-01,93,charity quiz night near me,charity quiz night near me,GBP,50.0,encoded_band,10,100,returned,0,0,Low,0,,,,,,2025-09-01,2026-08-31,United Kingdom,English,Google Search,country,2026-09-13,1f37c7246e8d4a91232940e64709c69131d859f582eaeabc5ad939aae6aa125c
raw/gkp-volumes-01.csv,volumes,gkp-volumes-01,94,christmas party pub heathrow,christmas party pub heathrow,GBP,,encoded_band,,,absent,,,,,,,,,,2025-09-01,2026-08-31,United Kingdom,English,Google Search,country,2026-09-13,1f37c7246e8d4a91232940e64709c69131d859f582eaeabc5ad939aae6aa125c
raw/gkp-volumes-01.csv,volumes,gkp-volumes-01,95,christmas quiz themes,christmas quiz themes,GBP,50.0,encoded_band,10,100,returned,0,0,Low,0,,,,,,2025-09-01,2026-08-31,United Kingdom,English,Google Search,country,2026-09-13,1f37c7246e8d4a91232940e64709c69131d859f582eaeabc5ad939aae6aa125c
raw/gkp-volumes-01.csv,volumes,gkp-volumes-01,96,closer bingo,closer bingo,GBP,500.0,encoded_band,100,1000,returned,9,0,Low,16,0.89,3.99,,,,2025-09-01,2026-08-31,United Kingdom,English,Google Search,country,2026-09-13,1f37c7246e8d4a91232940e64709c69131d859f582eaeabc5ad939aae6aa125c
raw/gkp-volumes-01.csv,volumes,gkp-volumes-01,97,corporate events near heathrow terminal 5,corporate events near heathrow terminal 5,GBP,,encoded_band,,,absent,,,,,,,,,,2025-09-01,2026-08-31,United Kingdom,English,Google Search,country,2026-09-13,1f37c7246e8d4a91232940e64709c69131d859f582eaeabc5ad939aae6aa125c
raw/gkp-volumes-01.csv,volumes,gkp-volumes-01,98,corporate quiz night,corporate quiz night,GBP,50.0,encoded_band,10,100,returned,0,0,Medium,55,5.76,21.23,,,,2025-09-01,2026-08-31,United Kingdom,English,Google Search,country,2026-09-13,1f37c7246e8d4a91232940e64709c69131d859f582eaeabc5ad939aae6aa125c
raw/gkp-volumes-01.csv,volumes,gkp-volumes-01,99,corporate trivia night,corporate trivia night,GBP,50.0,encoded_band,10,100,returned,,,Low,0,,,,,,2025-09-01,2026-08-31,United Kingdom,English,Google Search,country,2026-09-13,1f37c7246e8d4a91232940e64709c69131d859f582eaeabc5ad939aae6aa125c
raw/gkp-volumes-01.csv,volumes,gkp-volumes-01,100,crown and anchor pub quiz,crown and anchor pub quiz,GBP,50.0,encoded_band,10,100,returned,0,0,Low,0,,,,,,2025-09-01,2026-08-31,United Kingdom,English,Google Search,country,2026-09-13,1f37c7246e8d4a91232940e64709c69131d859f582eaeabc5ad939aae6aa125c
raw/gkp-volumes-01.csv,volumes,gkp-volumes-01,101,do i pay to enter,do i pay to enter,GBP,,encoded_band,,,absent,,,,,,,,,,2025-09-01,2026-08-31,United Kingdom,English,Google Search,country,2026-09-13,1f37c7246e8d4a91232940e64709c69131d859f582eaeabc5ad939aae6aa125c
raw/gkp-volumes-01.csv,volumes,gkp-volumes-01,102,dog friendly pubs in staines,dog friendly pubs in staines,GBP,,encoded_band,,,absent,,,,,,,,,,2025-09-01,2026-08-31,United Kingdom,English,Google Search,country,2026-09-13,1f37c7246e8d4a91232940e64709c69131d859f582eaeabc5ad939aae6aa125c
raw/gkp-volumes-01.csv,volumes,gkp-volumes-01,103,drag king shows london,drag king shows london,GBP,50.0,encoded_band,10,100,returned,0,0,Low,7,,,,,,2025-09-01,2026-08-31,United Kingdom,English,Google Search,country,2026-09-13,1f37c7246e8d4a91232940e64709c69131d859f582eaeabc5ad939aae6aa125c
raw/gkp-volumes-01.csv,volumes,gkp-volumes-01,104,drag queen bingo near me 2022,drag queen bingo near me 2022,GBP,0.0,encoded_band,0,0,zero,0,0,,,,,,,,2025-09-01,2026-08-31,United Kingdom,English,Google Search,country,2026-09-13,1f37c7246e8d4a91232940e64709c69131d859f582eaeabc5ad939aae6aa125c
raw/gkp-volumes-01.csv,volumes,gkp-volumes-01,105,drag quiz night,drag quiz night,GBP,50.0,encoded_band,10,100,returned,0,0,Low,5,,,,,,2025-09-01,2026-08-31,United Kingdom,English,Google Search,country,2026-09-13,1f37c7246e8d4a91232940e64709c69131d859f582eaeabc5ad939aae6aa125c
raw/gkp-volumes-01.csv,volumes,gkp-volumes-01,106,english pub quiz,english pub quiz,GBP,50.0,encoded_band,10,100,returned,0,0,Low,2,,,,,,2025-09-01,2026-08-31,United Kingdom,English,Google Search,country,2026-09-13,1f37c7246e8d4a91232940e64709c69131d859f582eaeabc5ad939aae6aa125c
raw/gkp-volumes-01.csv,volumes,gkp-volumes-01,107,entry fees,entry fees,GBP,500.0,encoded_band,100,1000,returned,0,0,Low,0,,,,,,2025-09-01,2026-08-31,United Kingdom,English,Google Search,country,2026-09-13,1f37c7246e8d4a91232940e64709c69131d859f582eaeabc5ad939aae6aa125c
raw/gkp-volumes-01.csv,volumes,gkp-volumes-01,108,events at pubs near me,events at pubs near me,GBP,50.0,encoded_band,10,100,returned,0,,Low,2,,,,,,2025-09-01,2026-08-31,United Kingdom,English,Google Search,country,2026-09-13,1f37c7246e8d4a91232940e64709c69131d859f582eaeabc5ad939aae6aa125c
raw/gkp-volumes-01.csv,volumes,gkp-volumes-01,109,events this weekend near me 2021,events this weekend near me 2021,GBP,0.0,encoded_band,0,0,zero,0,0,,,,,,,,2025-09-01,2026-08-31,United Kingdom,English,Google Search,country,2026-09-13,1f37c7246e8d4a91232940e64709c69131d859f582eaeabc5ad939aae6aa125c
raw/gkp-volumes-01.csv,volumes,gkp-volumes-01,110,events this weekend near me 2022,events this weekend near me 2022,GBP,0.0,encoded_band,0,0,zero,0,0,,,,,,,,2025-09-01,2026-08-31,United Kingdom,English,Google Search,country,2026-09-13,1f37c7246e8d4a91232940e64709c69131d859f582eaeabc5ad939aae6aa125c
raw/gkp-volumes-01.csv,volumes,gkp-volumes-01,111,family bingo calls,family bingo calls,GBP,50.0,encoded_band,10,100,returned,0,0,Low,0,,,,,,2025-09-01,2026-08-31,United Kingdom,English,Google Search,country,2026-09-13,1f37c7246e8d4a91232940e64709c69131d859f582eaeabc5ad939aae6aa125c
raw/gkp-volumes-01.csv,volumes,gkp-volumes-01,112,for friday,for friday,GBP,500.0,encoded_band,100,1000,returned,0,0,Low,0,,,,,,2025-09-01,2026-08-31,United Kingdom,English,Google Search,country,2026-09-13,1f37c7246e8d4a91232940e64709c69131d859f582eaeabc5ad939aae6aa125c
raw/gkp-volumes-01.csv,volumes,gkp-volumes-01,113,friday night bar trivia near me,friday night bar trivia near me,GBP,0.0,encoded_band,0,0,zero,0,0,,,,,,,,2025-09-01,2026-08-31,United Kingdom,English,Google Search,country,2026-09-13,1f37c7246e8d4a91232940e64709c69131d859f582eaeabc5ad939aae6aa125c
raw/gkp-volumes-01.csv,volumes,gkp-volumes-01,114,friday night quiz near me,friday night quiz near me,GBP,50.0,encoded_band,10,100,returned,0,0,Low,2,,,,,,2025-09-01,2026-08-31,United Kingdom,English,Google Search,country,2026-09-13,1f37c7246e8d4a91232940e64709c69131d859f582eaeabc5ad939aae6aa125c
raw/gkp-volumes-01.csv,volumes,gkp-volumes-01,115,friday pub quiz,friday pub quiz,GBP,50000.0,encoded_band,10000,100000,returned,-0.9,-0.9,Low,0,,,,,,2025-09-01,2026-08-31,United Kingdom,English,Google Search,country,2026-09-13,1f37c7246e8d4a91232940e64709c69131d859f582eaeabc5ad939aae6aa125c
raw/gkp-volumes-01.csv,volumes,gkp-volumes-01,116,fun places near me,fun places near me,GBP,5000.0,encoded_band,1000,10000,returned,0,0,High,81,0.34,0.97,,,,2025-09-01,2026-08-31,United Kingdom,English,Google Search,country,2026-09-13,1f37c7246e8d4a91232940e64709c69131d859f582eaeabc5ad939aae6aa125c
raw/gkp-volumes-01.csv,volumes,gkp-volumes-01,117,gavin and stacey quiz,gavin and stacey quiz,GBP,500.0,encoded_band,100,1000,returned,0,-0.9,Low,0,,,,,,2025-09-01,2026-08-31,United Kingdom,English,Google Search,country,2026-09-13,1f37c7246e8d4a91232940e64709c69131d859f582eaeabc5ad939aae6aa125c
raw/gkp-volumes-01.csv,volumes,gkp-volumes-01,118,gavin and stacey quiz night,gavin and stacey quiz night,GBP,50.0,encoded_band,10,100,returned,0,0,Low,0,,,,,,2025-09-01,2026-08-31,United Kingdom,English,Google Search,country,2026-09-13,1f37c7246e8d4a91232940e64709c69131d859f582eaeabc5ad939aae6aa125c
raw/gkp-volumes-01.csv,volumes,gkp-volumes-01,119,happy hour trivia near me,happy hour trivia near me,GBP,,encoded_band,,,absent,,,,,,,,,,2025-09-01,2026-08-31,United Kingdom,English,Google Search,country,2026-09-13,1f37c7246e8d4a91232940e64709c69131d859f582eaeabc5ad939aae6aa125c
raw/gkp-volumes-01.csv,volumes,gkp-volumes-01,120,harry potter quiz near me,harry potter quiz near me,GBP,50.0,encoded_band,10,100,returned,0,0,Low,0,,,,,,2025-09-01,2026-08-31,United Kingdom,English,Google Search,country,2026-09-13,1f37c7246e8d4a91232940e64709c69131d859f582eaeabc5ad939aae6aa125c
raw/gkp-volumes-01.csv,volumes,gkp-volumes-01,121,heathrow airport pub,heathrow airport pub,GBP,50.0,encoded_band,10,100,returned,0,0,Low,4,,,,,,2025-09-01,2026-08-31,United Kingdom,English,Google Search,country,2026-09-13,1f37c7246e8d4a91232940e64709c69131d859f582eaeabc5ad939aae6aa125c
raw/gkp-volumes-01.csv,volumes,gkp-volumes-01,122,heathrow park to test,heathrow park to test,GBP,50.0,encoded_band,10,100,returned,,0,Low,7,,,,,,2025-09-01,2026-08-31,United Kingdom,English,Google Search,country,2026-09-13,1f37c7246e8d4a91232940e64709c69131d859f582eaeabc5ad939aae6aa125c
raw/gkp-volumes-01.csv,volumes,gkp-volumes-01,123,heathrow plane spotting pub,heathrow plane spotting pub,GBP,,encoded_band,,,absent,,,,,,,,,,2025-09-01,2026-08-31,United Kingdom,English,Google Search,country,2026-09-13,1f37c7246e8d4a91232940e64709c69131d859f582eaeabc5ad939aae6aa125c
raw/gkp-volumes-01.csv,volumes,gkp-volumes-01,124,heathrow pub,heathrow pub,GBP,500.0,encoded_band,100,1000,returned,0,0,Low,10,,,,,,2025-09-01,2026-08-31,United Kingdom,English,Google Search,country,2026-09-13,1f37c7246e8d4a91232940e64709c69131d859f582eaeabc5ad939aae6aa125c
raw/gkp-volumes-01.csv,volumes,gkp-volumes-01,125,hispanic karaoke near me,hispanic karaoke near me,GBP,0.0,encoded_band,0,0,zero,0,0,,,,,,,,2025-09-01,2026-08-31,United Kingdom,English,Google Search,country,2026-09-13,1f37c7246e8d4a91232940e64709c69131d859f582eaeabc5ad939aae6aa125c
raw/gkp-volumes-01.csv,volumes,gkp-volumes-01,126,hope and anchor pub quiz,hope and anchor pub quiz,GBP,500.0,encoded_band,100,1000,returned,0,0,Low,0,,,,,,2025-09-01,2026-08-31,United Kingdom,English,Google Search,country,2026-09-13,1f37c7246e8d4a91232940e64709c69131d859f582eaeabc5ad939aae6aa125c
raw/gkp-volumes-01.csv,volumes,gkp-volumes-01,127,how long does a pub quiz last,how long does a pub quiz last,GBP,50.0,encoded_band,10,100,returned,0,0,Low,0,,,,,,2025-09-01,2026-08-31,United Kingdom,English,Google Search,country,2026-09-13,1f37c7246e8d4a91232940e64709c69131d859f582eaeabc5ad939aae6aa125c
raw/gkp-volumes-01.csv,volumes,gkp-volumes-01,128,how to organise a bingo night,how to organise a bingo night,GBP,50.0,encoded_band,10,100,returned,0,0,Low,0,,,,,,2025-09-01,2026-08-31,United Kingdom,English,Google Search,country,2026-09-13,1f37c7246e8d4a91232940e64709c69131d859f582eaeabc5ad939aae6aa125c
raw/gkp-volumes-01.csv,volumes,gkp-volumes-01,129,in surrey,in surrey,GBP,50.0,encoded_band,10,100,returned,0,0,Low,5,,,,,,2025-09-01,2026-08-31,United Kingdom,English,Google Search,country,2026-09-13,1f37c7246e8d4a91232940e64709c69131d859f582eaeabc5ad939aae6aa125c
raw/gkp-volumes-01.csv,volumes,gkp-volumes-01,130,jackpot bingo near me,jackpot bingo near me,GBP,50.0,encoded_band,10,100,returned,0,0,,,,,,,,2025-09-01,2026-08-31,United Kingdom,English,Google Search,country,2026-09-13,1f37c7246e8d4a91232940e64709c69131d859f582eaeabc5ad939aae6aa125c
raw/gkp-volumes-01.csv,volumes,gkp-volumes-01,131,joy joy karaoke near me,joy joy karaoke near me,GBP,0.0,encoded_band,0,0,zero,0,0,,,,,,,,2025-09-01,2026-08-31,United Kingdom,English,Google Search,country,2026-09-13,1f37c7246e8d4a91232940e64709c69131d859f582eaeabc5ad939aae6aa125c
raw/gkp-volumes-01.csv,volumes,gkp-volumes-01,132,karaoke 18 near me,karaoke 18 near me,GBP,0.0,encoded_band,0,0,zero,0,0,,,,,,,,2025-09-01,2026-08-31,United Kingdom,English,Google Search,country,2026-09-13,1f37c7246e8d4a91232940e64709c69131d859f582eaeabc5ad939aae6aa125c
raw/gkp-volumes-01.csv,volumes,gkp-volumes-01,133,karaoke ashford middlesex,karaoke ashford middlesex,GBP,,encoded_band,,,absent,,,,,,,,,,2025-09-01,2026-08-31,United Kingdom,English,Google Search,country,2026-09-13,1f37c7246e8d4a91232940e64709c69131d859f582eaeabc5ad939aae6aa125c
raw/gkp-volumes-01.csv,volumes,gkp-volumes-01,134,karaoke bar near me 18,karaoke bar near me 18,GBP,,encoded_band,,,absent,,,,,,,,,,2025-09-01,2026-08-31,United Kingdom,English,Google Search,country,2026-09-13,1f37c7246e8d4a91232940e64709c69131d859f582eaeabc5ad939aae6aa125c
raw/gkp-volumes-01.csv,volumes,gkp-volumes-01,135,karaoke bar near me under 21,karaoke bar near me under 21,GBP,0.0,encoded_band,0,0,zero,0,0,,,,,,,,2025-09-01,2026-08-31,United Kingdom,English,Google Search,country,2026-09-13,1f37c7246e8d4a91232940e64709c69131d859f582eaeabc5ad939aae6aa125c
raw/gkp-volumes-01.csv,volumes,gkp-volumes-01,136,karaoke egham,karaoke egham,GBP,,encoded_band,,,absent,,,,,,,,,,2025-09-01,2026-08-31,United Kingdom,English,Google Search,country,2026-09-13,1f37c7246e8d4a91232940e64709c69131d859f582eaeabc5ad939aae6aa125c
raw/gkp-volumes-01.csv,volumes,gkp-volumes-01,137,karaoke in mall near me,karaoke in mall near me,GBP,0.0,encoded_band,0,0,zero,0,0,,,,,,,,2025-09-01,2026-08-31,United Kingdom,English,Google Search,country,2026-09-13,1f37c7246e8d4a91232940e64709c69131d859f582eaeabc5ad939aae6aa125c
raw/gkp-volumes-01.csv,volumes,gkp-volumes-01,138,karaoke karaoke bar near me,karaoke karaoke bar near me,GBP,0.0,encoded_band,0,0,zero,0,0,,,,,,,,2025-09-01,2026-08-31,United Kingdom,English,Google Search,country,2026-09-13,1f37c7246e8d4a91232940e64709c69131d859f582eaeabc5ad939aae6aa125c
raw/gkp-volumes-01.csv,volumes,gkp-volumes-01,139,karaoke keluarga near me,karaoke keluarga near me,GBP,,encoded_band,,,absent,,,,,,,,,,2025-09-01,2026-08-31,United Kingdom,English,Google Search,country,2026-09-13,1f37c7246e8d4a91232940e64709c69131d859f582eaeabc5ad939aae6aa125c
raw/gkp-volumes-01.csv,volumes,gkp-volumes-01,140,karaoke mexicano near me,karaoke mexicano near me,GBP,0.0,encoded_band,0,0,zero,0,0,,,,,,,,2025-09-01,2026-08-31,United Kingdom,English,Google Search,country,2026-09-13,1f37c7246e8d4a91232940e64709c69131d859f582eaeabc5ad939aae6aa125c
raw/gkp-volumes-01.csv,volumes,gkp-volumes-01,141,karaoke near me 18,karaoke near me 18,GBP,0.0,encoded_band,0,0,zero,0,0,,,,,,,,2025-09-01,2026-08-31,United Kingdom,English,Google Search,country,2026-09-13,1f37c7246e8d4a91232940e64709c69131d859f582eaeabc5ad939aae6aa125c
raw/gkp-volumes-01.csv,volumes,gkp-volumes-01,142,karaoke near me 18 plus,karaoke near me 18 plus,GBP,0.0,encoded_band,0,0,zero,0,0,,,,,,,,2025-09-01,2026-08-31,United Kingdom,English,Google Search,country,2026-09-13,1f37c7246e8d4a91232940e64709c69131d859f582eaeabc5ad939aae6aa125c
raw/gkp-volumes-01.csv,volumes,gkp-volumes-01,143,karaoke near me 2022,karaoke near me 2022,GBP,0.0,encoded_band,0,0,zero,0,0,,,,,,,,2025-09-01,2026-08-31,United Kingdom,English,Google Search,country,2026-09-13,1f37c7246e8d4a91232940e64709c69131d859f582eaeabc5ad939aae6aa125c
raw/gkp-volumes-01.csv,volumes,gkp-volumes-01,144,karaoke near me 24 hours,karaoke near me 24 hours,GBP,0.0,encoded_band,0,0,zero,0,0,,,,,,,,2025-09-01,2026-08-31,United Kingdom,English,Google Search,country,2026-09-13,1f37c7246e8d4a91232940e64709c69131d859f582eaeabc5ad939aae6aa125c
raw/gkp-volumes-01.csv,volumes,gkp-volumes-01,145,karaoke near me tonight 2022,karaoke near me tonight 2022,GBP,0.0,encoded_band,0,0,zero,0,0,,,,,,,,2025-09-01,2026-08-31,United Kingdom,English,Google Search,country,2026-09-13,1f37c7246e8d4a91232940e64709c69131d859f582eaeabc5ad939aae6aa125c
raw/gkp-volumes-01.csv,volumes,gkp-volumes-01,146,karaoke near me tonight tuesday,karaoke near me tonight tuesday,GBP,0.0,encoded_band,0,0,zero,0,0,,,,,,,,2025-09-01,2026-08-31,United Kingdom,English,Google Search,country,2026-09-13,1f37c7246e8d4a91232940e64709c69131d859f582eaeabc5ad939aae6aa125c
raw/gkp-volumes-01.csv,volumes,gkp-volumes-01,147,karaoke places near me under 21,karaoke places near me under 21,GBP,0.0,encoded_band,0,0,zero,0,0,,,,,,,,2025-09-01,2026-08-31,United Kingdom,English,Google Search,country,2026-09-13,1f37c7246e8d4a91232940e64709c69131d859f582eaeabc5ad939aae6aa125c
raw/gkp-volumes-01.csv,volumes,gkp-volumes-01,148,kedai karaoke near me,kedai karaoke near me,GBP,,encoded_band,,,absent,,,,,,,,,,2025-09-01,2026-08-31,United Kingdom,English,Google Search,country,2026-09-13,1f37c7246e8d4a91232940e64709c69131d859f582eaeabc5ad939aae6aa125c
raw/gkp-volumes-01.csv,volumes,gkp-volumes-01,149,ktv bar near me open now,ktv bar near me open now,GBP,0.0,encoded_band,0,0,zero,0,0,,,,,,,,2025-09-01,2026-08-31,United Kingdom,English,Google Search,country,2026-09-13,1f37c7246e8d4a91232940e64709c69131d859f582eaeabc5ad939aae6aa125c
raw/gkp-volumes-01.csv,volumes,gkp-volumes-01,150,latin karaoke bar near me,latin karaoke bar near me,GBP,0.0,encoded_band,0,0,zero,0,0,,,,,,,,2025-09-01,2026-08-31,United Kingdom,English,Google Search,country,2026-09-13,1f37c7246e8d4a91232940e64709c69131d859f582eaeabc5ad939aae6aa125c
raw/gkp-volumes-01.csv,volumes,gkp-volumes-01,151,legion bingo near me,legion bingo near me,GBP,50.0,encoded_band,10,100,returned,,,Low,0,,,,,,2025-09-01,2026-08-31,United Kingdom,English,Google Search,country,2026-09-13,1f37c7246e8d4a91232940e64709c69131d859f582eaeabc5ad939aae6aa125c
raw/gkp-volumes-01.csv,volumes,gkp-volumes-01,152,local pub quizzes near me,local pub quizzes near me,GBP,50.0,encoded_band,10,100,returned,0,0,Low,4,,,,,,2025-09-01,2026-08-31,United Kingdom,English,Google Search,country,2026-09-13,1f37c7246e8d4a91232940e64709c69131d859f582eaeabc5ad939aae6aa125c
raw/gkp-volumes-01.csv,volumes,gkp-volumes-01,153,local quiz nights,local quiz nights,GBP,500.0,encoded_band,100,1000,returned,0,-0.9,Low,2,,,,,,2025-09-01,2026-08-31,United Kingdom,English,Google Search,country,2026-09-13,1f37c7246e8d4a91232940e64709c69131d859f582eaeabc5ad939aae6aa125c
raw/gkp-volumes-01.csv,volumes,gkp-volumes-01,154,local quizzes near me,local quizzes near me,GBP,50.0,encoded_band,10,100,returned,0,0,Low,1,,,,,,2025-09-01,2026-08-31,United Kingdom,English,Google Search,country,2026-09-13,1f37c7246e8d4a91232940e64709c69131d859f582eaeabc5ad939aae6aa125c
raw/gkp-volumes-01.csv,volumes,gkp-volumes-01,155,london irish pubs,london irish pubs,GBP,5000.0,encoded_band,1000,10000,returned,0,0,Low,12,0.29,1.29,,,,2025-09-01,2026-08-31,United Kingdom,English,Google Search,country,2026-09-13,1f37c7246e8d4a91232940e64709c69131d859f582eaeabc5ad939aae6aa125c
raw/gkp-volumes-01.csv,volumes,gkp-volumes-01,156,london pub quizzes,london pub quizzes,GBP,5000.0,encoded_band,1000,10000,returned,0,0,Low,5,0.55,1.58,,,,2025-09-01,2026-08-31,United Kingdom,English,Google Search,country,2026-09-13,1f37c7246e8d4a91232940e64709c69131d859f582eaeabc5ad939aae6aa125c
raw/gkp-volumes-01.csv,volumes,gkp-volumes-01,157,london pub trivia,london pub trivia,GBP,5000.0,encoded_band,1000,10000,returned,0,0,Low,5,0.55,1.58,,,,2025-09-01,2026-08-31,United Kingdom,English,Google Search,country,2026-09-13,1f37c7246e8d4a91232940e64709c69131d859f582eaeabc5ad939aae6aa125c
raw/gkp-volumes-01.csv,volumes,gkp-volumes-01,158,mexican karaoke bar near me,mexican karaoke bar near me,GBP,0.0,encoded_band,0,0,zero,0,0,,,,,,,,2025-09-01,2026-08-31,United Kingdom,English,Google Search,country,2026-09-13,1f37c7246e8d4a91232940e64709c69131d859f582eaeabc5ad939aae6aa125c
raw/gkp-volumes-01.csv,volumes,gkp-volumes-01,159,mexican restaurants with karaoke near me,mexican restaurants with karaoke near me,GBP,0.0,encoded_band,0,0,zero,0,0,,,,,,,,2025-09-01,2026-08-31,United Kingdom,English,Google Search,country,2026-09-13,1f37c7246e8d4a91232940e64709c69131d859f582eaeabc5ad939aae6aa125c
raw/gkp-volumes-01.csv,volumes,gkp-volumes-01,160,midnight bingo tonight near me,midnight bingo tonight near me,GBP,0.0,encoded_band,0,0,zero,0,0,,,,,,,,2025-09-01,2026-08-31,United Kingdom,English,Google Search,country,2026-09-13,1f37c7246e8d4a91232940e64709c69131d859f582eaeabc5ad939aae6aa125c
raw/gkp-volumes-01.csv,volumes,gkp-volumes-01,161,midweek quiz night,midweek quiz night,GBP,,encoded_band,,,absent,,,,,,,,,,2025-09-01,2026-08-31,United Kingdom,English,Google Search,country,2026-09-13,1f37c7246e8d4a91232940e64709c69131d859f582eaeabc5ad939aae6aa125c
raw/gkp-volumes-01.csv,volumes,gkp-volumes-01,162,mobile home stanwell moor,mobile home stanwell moor,GBP,,encoded_band,,,absent,,,,,,,,,,2025-09-01,2026-08-31,United Kingdom,English,Google Search,country,2026-09-13,1f37c7246e8d4a91232940e64709c69131d859f582eaeabc5ad939aae6aa125c
raw/gkp-volumes-01.csv,volumes,gkp-volumes-01,163,monday night bar trivia near me,monday night bar trivia near me,GBP,0.0,encoded_band,0,0,zero,0,0,,,,,,,,2025-09-01,2026-08-31,United Kingdom,English,Google Search,country,2026-09-13,1f37c7246e8d4a91232940e64709c69131d859f582eaeabc5ad939aae6aa125c
raw/gkp-volumes-01.csv,volumes,gkp-volumes-01,164,monday nite bingo near me,monday nite bingo near me,GBP,0.0,encoded_band,0,0,zero,0,0,,,,,,,,2025-09-01,2026-08-31,United Kingdom,English,Google Search,country,2026-09-13,1f37c7246e8d4a91232940e64709c69131d859f582eaeabc5ad939aae6aa125c
raw/gkp-volumes-01.csv,volumes,gkp-volumes-01,165,moor anchor,moor anchor,GBP,50.0,encoded_band,10,100,returned,0,0,,,,,,,,2025-09-01,2026-08-31,United Kingdom,English,Google Search,country,2026-09-13,1f37c7246e8d4a91232940e64709c69131d859f582eaeabc5ad939aae6aa125c
raw/gkp-volumes-01.csv,volumes,gkp-volumes-01,166,music bingo feltham,music bingo feltham,GBP,,encoded_band,,,absent,,,,,,,,,,2025-09-01,2026-08-31,United Kingdom,English,Google Search,country,2026-09-13,1f37c7246e8d4a91232940e64709c69131d859f582eaeabc5ad939aae6aa125c
raw/gkp-volumes-01.csv,volumes,gkp-volumes-01,167,music bingo for pubs,music bingo for pubs,GBP,50.0,encoded_band,10,100,returned,,,High,96,,,,,,2025-09-01,2026-08-31,United Kingdom,English,Google Search,country,2026-09-13,1f37c7246e8d4a91232940e64709c69131d859f582eaeabc5ad939aae6aa125c
raw/gkp-volumes-01.csv,volumes,gkp-volumes-01,168,music bingo nights,music bingo nights,GBP,50.0,encoded_band,10,100,returned,0,0,Low,6,,,,,,2025-09-01,2026-08-31,United Kingdom,English,Google Search,country,2026-09-13,1f37c7246e8d4a91232940e64709c69131d859f582eaeabc5ad939aae6aa125c
raw/gkp-volumes-01.csv,volumes,gkp-volumes-01,169,music bingo staines,music bingo staines,GBP,,encoded_band,,,absent,,,,,,,,,,2025-09-01,2026-08-31,United Kingdom,English,Google Search,country,2026-09-13,1f37c7246e8d4a91232940e64709c69131d859f582eaeabc5ad939aae6aa125c
raw/gkp-volumes-01.csv,volumes,gkp-volumes-01,170,music quiz night near me,music quiz night near me,GBP,,encoded_band,,,absent,,,,,,,,,,2025-09-01,2026-08-31,United Kingdom,English,Google Search,country,2026-09-13,1f37c7246e8d4a91232940e64709c69131d859f582eaeabc5ad939aae6aa125c
raw/gkp-volumes-01.csv,volumes,gkp-volumes-01,171,near me ktv,near me ktv,GBP,0.0,encoded_band,0,0,zero,0,0,,,,,,,,2025-09-01,2026-08-31,United Kingdom,English,Google Search,country,2026-09-13,1f37c7246e8d4a91232940e64709c69131d859f582eaeabc5ad939aae6aa125c
raw/gkp-volumes-01.csv,volumes,gkp-volumes-01,172,near me pub,near me pub,GBP,5000000.0,unknown,5000000,5000000,returned,0,0,Low,25,0.24,0.75,,Y,,2025-09-01,2026-08-31,United Kingdom,English,Google Search,country,2026-09-13,1f37c7246e8d4a91232940e64709c69131d859f582eaeabc5ad939aae6aa125c
raw/gkp-volumes-01.csv,volumes,gkp-volumes-01,173,nearest ktv bar,nearest ktv bar,GBP,0.0,encoded_band,0,0,zero,0,0,,,,,,,,2025-09-01,2026-08-31,United Kingdom,English,Google Search,country,2026-09-13,1f37c7246e8d4a91232940e64709c69131d859f582eaeabc5ad939aae6aa125c
raw/gkp-volumes-01.csv,volumes,gkp-volumes-01,174,nearest ktv bar near me,nearest ktv bar near me,GBP,0.0,encoded_band,0,0,zero,0,0,,,,,,,,2025-09-01,2026-08-31,United Kingdom,English,Google Search,country,2026-09-13,1f37c7246e8d4a91232940e64709c69131d859f582eaeabc5ad939aae6aa125c
raw/gkp-volumes-01.csv,volumes,gkp-volumes-01,175,nearest quiz,nearest quiz,GBP,50.0,encoded_band,10,100,returned,0,0,Low,5,,,,,,2025-09-01,2026-08-31,United Kingdom,English,Google Search,country,2026-09-13,1f37c7246e8d4a91232940e64709c69131d859f582eaeabc5ad939aae6aa125c
raw/gkp-volumes-01.csv,volumes,gkp-volumes-01,176,nearest videoke bar,nearest videoke bar,GBP,,encoded_band,,,absent,,,,,,,,,,2025-09-01,2026-08-31,United Kingdom,English,Google Search,country,2026-09-13,1f37c7246e8d4a91232940e64709c69131d859f582eaeabc5ad939aae6aa125c
raw/gkp-volumes-01.csv,volumes,gkp-volumes-01,177,nearest videoke bar near me,nearest videoke bar near me,GBP,0.0,encoded_band,0,0,zero,0,0,,,,,,,,2025-09-01,2026-08-31,United Kingdom,English,Google Search,country,2026-09-13,1f37c7246e8d4a91232940e64709c69131d859f582eaeabc5ad939aae6aa125c
raw/gkp-volumes-01.csv,volumes,gkp-volumes-01,178,night out near heathrow,night out near heathrow,GBP,,encoded_band,,,absent,,,,,,,,,,2025-09-01,2026-08-31,United Kingdom,English,Google Search,country,2026-09-13,1f37c7246e8d4a91232940e64709c69131d859f582eaeabc5ad939aae6aa125c
raw/gkp-volumes-01.csv,volumes,gkp-volumes-01,179,nightlife stanmore,nightlife stanmore,GBP,,encoded_band,,,absent,,,,,,,,,,2025-09-01,2026-08-31,United Kingdom,English,Google Search,country,2026-09-13,1f37c7246e8d4a91232940e64709c69131d859f582eaeabc5ad939aae6aa125c
raw/gkp-volumes-01.csv,volumes,gkp-volumes-01,180,noche de karaoke near me,noche de karaoke near me,GBP,0.0,encoded_band,0,0,zero,0,0,,,,,,,,2025-09-01,2026-08-31,United Kingdom,English,Google Search,country,2026-09-13,1f37c7246e8d4a91232940e64709c69131d859f582eaeabc5ad939aae6aa125c
raw/gkp-volumes-01.csv,volumes,gkp-volumes-01,181,non smoking karaoke near me,non smoking karaoke near me,GBP,0.0,encoded_band,0,0,zero,0,0,,,,,,,,2025-09-01,2026-08-31,United Kingdom,English,Google Search,country,2026-09-13,1f37c7246e8d4a91232940e64709c69131d859f582eaeabc5ad939aae6aa125c
raw/gkp-volumes-01.csv,volumes,gkp-volumes-01,182,only fools and horses charity quiz,only fools and horses charity quiz,GBP,,encoded_band,,,absent,,,,,,,,,,2025-09-01,2026-08-31,United Kingdom,English,Google Search,country,2026-09-13,1f37c7246e8d4a91232940e64709c69131d859f582eaeabc5ad939aae6aa125c
raw/gkp-volumes-01.csv,volumes,gkp-volumes-01,183,only fools and horses quiz,only fools and horses quiz,GBP,500.0,encoded_band,100,1000,returned,0,0,Low,0,,,,,,2025-09-01,2026-08-31,United Kingdom,English,Google Search,country,2026-09-13,1f37c7246e8d4a91232940e64709c69131d859f582eaeabc5ad939aae6aa125c
raw/gkp-volumes-01.csv,volumes,gkp-volumes-01,184,only fools and horses quiz night,only fools and horses quiz night,GBP,50.0,encoded_band,10,100,returned,,0,Low,0,,,,,,2025-09-01,2026-08-31,United Kingdom,English,Google Search,country,2026-09-13,1f37c7246e8d4a91232940e64709c69131d859f582eaeabc5ad939aae6aa125c
raw/gkp-volumes-01.csv,volumes,gkp-volumes-01,185,pib quiz near me,pib quiz near me,GBP,,encoded_band,,,absent,,,,,,,,,,2025-09-01,2026-08-31,United Kingdom,English,Google Search,country,2026-09-13,1f37c7246e8d4a91232940e64709c69131d859f582eaeabc5ad939aae6aa125c
raw/gkp-volumes-01.csv,volumes,gkp-volumes-01,186,plant bingo london,plant bingo london,GBP,50.0,encoded_band,10,100,returned,0,,Low,1,,,,,,2025-09-01,2026-08-31,United Kingdom,English,Google Search,country,2026-09-13,1f37c7246e8d4a91232940e64709c69131d859f582eaeabc5ad939aae6aa125c
raw/gkp-volumes-01.csv,volumes,gkp-volumes-01,187,play bingo with jackpots,play bingo with jackpots,GBP,,encoded_band,,,absent,,,,,,,,,,2025-09-01,2026-08-31,United Kingdom,English,Google Search,country,2026-09-13,1f37c7246e8d4a91232940e64709c69131d859f582eaeabc5ad939aae6aa125c
raw/gkp-volumes-01.csv,volumes,gkp-volumes-01,188,plug in karaoke near me,plug in karaoke near me,GBP,0.0,encoded_band,0,0,zero,0,0,,,,,,,,2025-09-01,2026-08-31,United Kingdom,English,Google Search,country,2026-09-13,1f37c7246e8d4a91232940e64709c69131d859f582eaeabc5ad939aae6aa125c
raw/gkp-volumes-01.csv,volumes,gkp-volumes-01,189,postcode bingo,postcode bingo,GBP,50.0,encoded_band,10,100,returned,0,0,Medium,37,,,,,,2025-09-01,2026-08-31,United Kingdom,English,Google Search,country,2026-09-13,1f37c7246e8d4a91232940e64709c69131d859f582eaeabc5ad939aae6aa125c
raw/gkp-volumes-01.csv,volumes,gkp-volumes-01,190,private ktv bar near me,private ktv bar near me,GBP,,encoded_band,,,absent,,,,,,,,,,2025-09-01,2026-08-31,United Kingdom,English,Google Search,country,2026-09-13,1f37c7246e8d4a91232940e64709c69131d859f582eaeabc5ad939aae6aa125c
raw/gkp-volumes-01.csv,volumes,gkp-volumes-01,191,private videoke bar near me,private videoke bar near me,GBP,0.0,encoded_band,0,0,zero,0,0,,,,,,,,2025-09-01,2026-08-31,United Kingdom,English,Google Search,country,2026-09-13,1f37c7246e8d4a91232940e64709c69131d859f582eaeabc5ad939aae6aa125c
raw/gkp-volumes-01.csv,volumes,gkp-volumes-01,192,prize bingo near me,prize bingo near me,GBP,50.0,encoded_band,10,100,returned,0,0,Low,6,1.54,6.1,,,,2025-09-01,2026-08-31,United Kingdom,English,Google Search,country,2026-09-13,1f37c7246e8d4a91232940e64709c69131d859f582eaeabc5ad939aae6aa125c
raw/gkp-volumes-01.csv,volumes,gkp-volumes-01,193,prizes for quiz nights,prizes for quiz nights,GBP,50.0,encoded_band,10,100,returned,0,0,Low,6,,,,,,2025-09-01,2026-08-31,United Kingdom,English,Google Search,country,2026-09-13,1f37c7246e8d4a91232940e64709c69131d859f582eaeabc5ad939aae6aa125c
raw/gkp-volumes-01.csv,volumes,gkp-volumes-01,194,prizesland bingo,prizesland bingo,GBP,50.0,encoded_band,10,100,returned,0,0,Low,0,,,,,,2025-09-01,2026-08-31,United Kingdom,English,Google Search,country,2026-09-13,1f37c7246e8d4a91232940e64709c69131d859f582eaeabc5ad939aae6aa125c
raw/gkp-volumes-01.csv,volumes,gkp-volumes-01,195,pub anchor,pub anchor,GBP,50.0,encoded_band,10,100,returned,0,-0.9,Low,2,,,,,,2025-09-01,2026-08-31,United Kingdom,English,Google Search,country,2026-09-13,1f37c7246e8d4a91232940e64709c69131d859f582eaeabc5ad939aae6aa125c
raw/gkp-volumes-01.csv,volumes,gkp-volumes-01,196,pub anchor karaoke,pub anchor karaoke,GBP,50.0,encoded_band,10,100,returned,0,-1,,,,,,,,2025-09-01,2026-08-31,United Kingdom,English,Google Search,country,2026-09-13,1f37c7246e8d4a91232940e64709c69131d859f582eaeabc5ad939aae6aa125c
raw/gkp-volumes-01.csv,volumes,gkp-volumes-01,197,pub bingo rules,pub bingo rules,GBP,50.0,encoded_band,10,100,returned,0,0,Low,0,,,,,,2025-09-01,2026-08-31,United Kingdom,English,Google Search,country,2026-09-13,1f37c7246e8d4a91232940e64709c69131d859f582eaeabc5ad939aae6aa125c
raw/gkp-volumes-01.csv,volumes,gkp-volumes-01,198,pub bingo surrey,pub bingo surrey,GBP,,encoded_band,,,absent,,,,,,,,,,2025-09-01,2026-08-31,United Kingdom,English,Google Search,country,2026-09-13,1f37c7246e8d4a91232940e64709c69131d859f582eaeabc5ad939aae6aa125c
raw/gkp-volumes-01.csv,volumes,gkp-volumes-01,199,pub events,pub events,GBP,500.0,encoded_band,100,1000,returned,0,0,Low,2,0.85,2.2,,,,2025-09-01,2026-08-31,United Kingdom,English,Google Search,country,2026-09-13,1f37c7246e8d4a91232940e64709c69131d859f582eaeabc5ad939aae6aa125c
raw/gkp-volumes-01.csv,volumes,gkp-volumes-01,200,pub events near me today,pub events near me today,GBP,50.0,encoded_band,10,100,returned,0,0,Low,0,,,,,,2025-09-01,2026-08-31,United Kingdom,English,Google Search,country,2026-09-13,1f37c7246e8d4a91232940e64709c69131d859f582eaeabc5ad939aae6aa125c
raw/gkp-volumes-01.csv,volumes,gkp-volumes-01,201,pub near,pub near,GBP,50000.0,encoded_band,10000,100000,returned,0,0,Low,14,0.28,0.86,,,,2025-09-01,2026-08-31,United Kingdom,English,Google Search,country,2026-09-13,1f37c7246e8d4a91232940e64709c69131d859f582eaeabc5ad939aae6aa125c
raw/gkp-volumes-01.csv,volumes,gkp-volumes-01,202,pub near heathrow,pub near heathrow,GBP,500.0,encoded_band,100,1000,returned,0,0,Low,11,0.25,1.52,,,,2025-09-01,2026-08-31,United Kingdom,English,Google Search,country,2026-09-13,1f37c7246e8d4a91232940e64709c69131d859f582eaeabc5ad939aae6aa125c
raw/gkp-volumes-01.csv,volumes,gkp-volumes-01,203,pub near heathrow airport,pub near heathrow airport,GBP,500.0,encoded_band,100,1000,returned,0,0,Low,11,0.25,1.52,,,,2025-09-01,2026-08-31,United Kingdom,English,Google Search,country,2026-09-13,1f37c7246e8d4a91232940e64709c69131d859f582eaeabc5ad939aae6aa125c
raw/gkp-volumes-01.csv,volumes,gkp-volumes-01,204,pub near me with parking,pub near me with parking,GBP,5000.0,encoded_band,1000,10000,returned,0,0,Low,25,0.23,0.6,,,,2025-09-01,2026-08-31,United Kingdom,English,Google Search,country,2026-09-13,1f37c7246e8d4a91232940e64709c69131d859f582eaeabc5ad939aae6aa125c
raw/gkp-volumes-01.csv,volumes,gkp-volumes-01,205,pub quiz,pub quiz,GBP,50000.0,encoded_band,10000,100000,returned,0,0,Low,2,0.23,1.15,,,,2025-09-01,2026-08-31,United Kingdom,English,Google Search,country,2026-09-13,1f37c7246e8d4a91232940e64709c69131d859f582eaeabc5ad939aae6aa125c
raw/gkp-volumes-01.csv,volumes,gkp-volumes-01,206,pub quiz ashford,pub quiz ashford,GBP,50.0,encoded_band,10,100,returned,0,0,Low,2,,,,,,2025-09-01,2026-08-31,United Kingdom,English,Google Search,country,2026-09-13,1f37c7246e8d4a91232940e64709c69131d859f582eaeabc5ad939aae6aa125c
raw/gkp-volumes-01.csv,volumes,gkp-volumes-01,207,pub quiz ashford middlesex,pub quiz ashford middlesex,GBP,,encoded_band,,,absent,,,,,,,,,,2025-09-01,2026-08-31,United Kingdom,English,Google Search,country,2026-09-13,1f37c7246e8d4a91232940e64709c69131d859f582eaeabc5ad939aae6aa125c
raw/gkp-volumes-01.csv,volumes,gkp-volumes-01,208,pub quiz bingo,pub quiz bingo,GBP,50.0,encoded_band,10,100,returned,0,0,Low,17,,,,,,2025-09-01,2026-08-31,United Kingdom,English,Google Search,country,2026-09-13,1f37c7246e8d4a91232940e64709c69131d859f582eaeabc5ad939aae6aa125c
raw/gkp-volumes-01.csv,volumes,gkp-volumes-01,209,pub quiz egham,pub quiz egham,GBP,,encoded_band,,,absent,,,,,,,,,,2025-09-01,2026-08-31,United Kingdom,English,Google Search,country,2026-09-13,1f37c7246e8d4a91232940e64709c69131d859f582eaeabc5ad939aae6aa125c
raw/gkp-volumes-01.csv,volumes,gkp-volumes-01,210,pub quiz feltham,pub quiz feltham,GBP,,encoded_band,,,absent,,,,,,,,,,2025-09-01,2026-08-31,United Kingdom,English,Google Search,country,2026-09-13,1f37c7246e8d4a91232940e64709c69131d859f582eaeabc5ad939aae6aa125c
raw/gkp-volumes-01.csv,volumes,gkp-volumes-01,211,pub quiz fitzrovia,pub quiz fitzrovia,GBP,50.0,encoded_band,10,100,returned,0,0,Low,0,,,,,,2025-09-01,2026-08-31,United Kingdom,English,Google Search,country,2026-09-13,1f37c7246e8d4a91232940e64709c69131d859f582eaeabc5ad939aae6aa125c
raw/gkp-volumes-01.csv,volumes,gkp-volumes-01,212,pub quiz friday night,pub quiz friday night,GBP,50.0,encoded_band,10,100,returned,0,0,Low,0,,,,,,2025-09-01,2026-08-31,United Kingdom,English,Google Search,country,2026-09-13,1f37c7246e8d4a91232940e64709c69131d859f582eaeabc5ad939aae6aa125c
raw/gkp-volumes-01.csv,volumes,gkp-volumes-01,213,pub quiz harrow,pub quiz harrow,GBP,50.0,encoded_band,10,100,returned,0,0,Low,5,,,,,,2025-09-01,2026-08-31,United Kingdom,English,Google Search,country,2026-09-13,1f37c7246e8d4a91232940e64709c69131d859f582eaeabc5ad939aae6aa125c
raw/gkp-volumes-01.csv,volumes,gkp-volumes-01,214,pub quiz locations,pub quiz locations,GBP,500.0,encoded_band,100,1000,returned,0,0,Low,0,,,,,,2025-09-01,2026-08-31,United Kingdom,English,Google Search,country,2026-09-13,1f37c7246e8d4a91232940e64709c69131d859f582eaeabc5ad939aae6aa125c
raw/gkp-volumes-01.csv,volumes,gkp-volumes-01,215,pub quiz near me,pub quiz near me,GBP,5000.0,encoded_band,1000,10000,collapsed-variant,0,-0.9,Low,6,0.58,2.34,,,,2025-09-01,2026-08-31,United Kingdom,English,Google Search,country,2026-09-13,1f37c7246e8d4a91232940e64709c69131d859f582eaeabc5ad939aae6aa125c
raw/gkp-volumes-01.csv,volumes,gkp-volumes-01,216,pub quiz near me monday night,pub quiz near me monday night,GBP,,encoded_band,,,absent,,,,,,,,,,2025-09-01,2026-08-31,United Kingdom,English,Google Search,country,2026-09-13,1f37c7246e8d4a91232940e64709c69131d859f582eaeabc5ad939aae6aa125c
raw/gkp-volumes-01.csv,volumes,gkp-volumes-01,217,pub quiz near me tomorrow,pub quiz near me tomorrow,GBP,50.0,encoded_band,10,100,returned,0,0,Low,5,,,,,,2025-09-01,2026-08-31,United Kingdom,English,Google Search,country,2026-09-13,1f37c7246e8d4a91232940e64709c69131d859f582eaeabc5ad939aae6aa125c
raw/gkp-volumes-01.csv,volumes,gkp-volumes-01,218,pub quiz night,pub quiz night,GBP,500.0,encoded_band,100,1000,returned,0,0,Low,1,,,,,,2025-09-01,2026-08-31,United Kingdom,English,Google Search,country,2026-09-13,1f37c7246e8d4a91232940e64709c69131d859f582eaeabc5ad939aae6aa125c
raw/gkp-volumes-01.csv,volumes,gkp-volumes-01,219,pub quiz night near me,pub quiz night near me,GBP,500.0,encoded_band,100,1000,returned,0,0,Low,4,,,,,,2025-09-01,2026-08-31,United Kingdom,English,Google Search,country,2026-09-13,1f37c7246e8d4a91232940e64709c69131d859f582eaeabc5ad939aae6aa125c
raw/gkp-volumes-01.csv,volumes,gkp-volumes-01,220,pub quiz on a wednesday near me,pub quiz on a wednesday near me,GBP,0.0,encoded_band,0,0,zero,0,0,,,,,,,,2025-09-01,2026-08-31,United Kingdom,English,Google Search,country,2026-09-13,1f37c7246e8d4a91232940e64709c69131d859f582eaeabc5ad939aae6aa125c
raw/gkp-volumes-01.csv,volumes,gkp-volumes-01,221,pub quiz on thursday near me,pub quiz on thursday near me,GBP,50.0,encoded_band,10,100,returned,0,0,Low,1,,,,,,2025-09-01,2026-08-31,United Kingdom,English,Google Search,country,2026-09-13,1f37c7246e8d4a91232940e64709c69131d859f582eaeabc5ad939aae6aa125c
raw/gkp-volumes-01.csv,volumes,gkp-volumes-01,222,pub quiz sunday,pub quiz sunday,GBP,500.0,encoded_band,100,1000,returned,0,0,Low,2,,,,,,2025-09-01,2026-08-31,United Kingdom,English,Google Search,country,2026-09-13,1f37c7246e8d4a91232940e64709c69131d859f582eaeabc5ad939aae6aa125c
raw/gkp-volumes-01.csv,volumes,gkp-volumes-01,223,pub quiz wednesday,pub quiz wednesday,GBP,500.0,encoded_band,100,1000,returned,0,0,Low,1,,,,,,2025-09-01,2026-08-31,United Kingdom,English,Google Search,country,2026-09-13,1f37c7246e8d4a91232940e64709c69131d859f582eaeabc5ad939aae6aa125c
raw/gkp-volumes-01.csv,volumes,gkp-volumes-01,224,pub quizes near me,pub quizes near me,GBP,50.0,encoded_band,10,100,returned,0,0,Low,2,,,,,,2025-09-01,2026-08-31,United Kingdom,English,Google Search,country,2026-09-13,1f37c7246e8d4a91232940e64709c69131d859f582eaeabc5ad939aae6aa125c
raw/gkp-volumes-01.csv,volumes,gkp-volumes-01,225,pub the anchor,pub the anchor,GBP,50.0,encoded_band,10,100,returned,0,0,Low,6,,,,,,2025-09-01,2026-08-31,United Kingdom,English,Google Search,country,2026-09-13,1f37c7246e8d4a91232940e64709c69131d859f582eaeabc5ad939aae6aa125c
raw/gkp-volumes-01.csv,volumes,gkp-volumes-01,226,pub trivia night,pub trivia night,GBP,50.0,encoded_band,10,100,returned,0,0,Low,6,,,,,,2025-09-01,2026-08-31,United Kingdom,English,Google Search,country,2026-09-13,1f37c7246e8d4a91232940e64709c69131d859f582eaeabc5ad939aae6aa125c
raw/gkp-volumes-01.csv,volumes,gkp-volumes-01,227,pub with events near me,pub with events near me,GBP,,encoded_band,,,absent,,,,,,,,,,2025-09-01,2026-08-31,United Kingdom,English,Google Search,country,2026-09-13,1f37c7246e8d4a91232940e64709c69131d859f582eaeabc5ad939aae6aa125c
raw/gkp-volumes-01.csv,volumes,gkp-volumes-01,228,pubs,pubs,GBP,5000000.0,unknown,5000000,5000000,returned,0,0,Low,9,0.26,0.96,,,,2025-09-01,2026-08-31,United Kingdom,English,Google Search,country,2026-09-13,1f37c7246e8d4a91232940e64709c69131d859f582eaeabc5ad939aae6aa125c
raw/gkp-volumes-01.csv,volumes,gkp-volumes-01,229,pubs in stanwell,pubs in stanwell,GBP,50.0,encoded_band,10,100,returned,0,-0.9,Low,7,,,,,,2025-09-01,2026-08-31,United Kingdom,English,Google Search,country,2026-09-13,1f37c7246e8d4a91232940e64709c69131d859f582eaeabc5ad939aae6aa125c
raw/gkp-volumes-01.csv,volumes,gkp-volumes-01,230,pubs near heathrow terminal 5,pubs near heathrow terminal 5,GBP,50.0,encoded_band,10,100,returned,0,0,Low,20,,,,,,2025-09-01,2026-08-31,United Kingdom,English,Google Search,country,2026-09-13,1f37c7246e8d4a91232940e64709c69131d859f582eaeabc5ad939aae6aa125c
raw/gkp-volumes-01.csv,volumes,gkp-volumes-01,231,pubs with bingo near me,pubs with bingo near me,GBP,50.0,encoded_band,10,100,returned,0,0,Low,0,,,,,,2025-09-01,2026-08-31,United Kingdom,English,Google Search,country,2026-09-13,1f37c7246e8d4a91232940e64709c69131d859f582eaeabc5ad939aae6aa125c
raw/gkp-volumes-01.csv,volumes,gkp-volumes-01,232,pun quiz calendar,pun quiz calendar,GBP,,encoded_band,,,absent,,,,,,,,,,2025-09-01,2026-08-31,United Kingdom,English,Google Search,country,2026-09-13,1f37c7246e8d4a91232940e64709c69131d859f582eaeabc5ad939aae6aa125c
raw/gkp-volumes-01.csv,volumes,gkp-volumes-01,233,punk rock bingo ship and anchor,punk rock bingo ship and anchor,GBP,50.0,encoded_band,10,100,returned,-1,0,,,,,,,,2025-09-01,2026-08-31,United Kingdom,English,Google Search,country,2026-09-13,1f37c7246e8d4a91232940e64709c69131d859f582eaeabc5ad939aae6aa125c
raw/gkp-volumes-01.csv,volumes,gkp-volumes-01,234,quiz,quiz,GBP,500000.0,encoded_band,100000,1000000,returned,-0.9,-0.9,High,75,0.74,2.75,,,,2025-09-01,2026-08-31,United Kingdom,English,Google Search,country,2026-09-13,1f37c7246e8d4a91232940e64709c69131d859f582eaeabc5ad939aae6aa125c
raw/gkp-volumes-01.csv,volumes,gkp-volumes-01,235,quiz night,quiz night,GBP,5000.0,encoded_band,1000,10000,returned,0,0,Low,2,0.69,1.53,,,,2025-09-01,2026-08-31,United Kingdom,English,Google Search,country,2026-09-13,1f37c7246e8d4a91232940e64709c69131d859f582eaeabc5ad939aae6aa125c
raw/gkp-volumes-01.csv,volumes,gkp-volumes-01,236,quiz night near me wednesday,quiz night near me wednesday,GBP,50.0,encoded_band,10,100,returned,0,0,Low,1,,,,,,2025-09-01,2026-08-31,United Kingdom,English,Google Search,country,2026-09-13,1f37c7246e8d4a91232940e64709c69131d859f582eaeabc5ad939aae6aa125c
raw/gkp-volumes-01.csv,volumes,gkp-volumes-01,237,quiz night near staines,quiz night near staines,GBP,,encoded_band,,,absent,,,,,,,,,,2025-09-01,2026-08-31,United Kingdom,English,Google Search,country,2026-09-13,1f37c7246e8d4a91232940e64709c69131d859f582eaeabc5ad939aae6aa125c
raw/gkp-volumes-01.csv,volumes,gkp-volumes-01,238,quiz night schedule,quiz night schedule,GBP,,encoded_band,,,absent,,,,,,,,,,2025-09-01,2026-08-31,United Kingdom,English,Google Search,country,2026-09-13,1f37c7246e8d4a91232940e64709c69131d859f582eaeabc5ad939aae6aa125c
raw/gkp-volumes-01.csv,volumes,gkp-volumes-01,239,quiz night staines,quiz night staines,GBP,,encoded_band,,,absent,,,,,,,,,,2025-09-01,2026-08-31,United Kingdom,English,Google Search,country,2026-09-13,1f37c7246e8d4a91232940e64709c69131d859f582eaeabc5ad939aae6aa125c
raw/gkp-volumes-01.csv,volumes,gkp-volumes-01,240,quiz night stanwell moor,quiz night stanwell moor,GBP,,encoded_band,,,absent,,,,,,,,,,2025-09-01,2026-08-31,United Kingdom,English,Google Search,country,2026-09-13,1f37c7246e8d4a91232940e64709c69131d859f582eaeabc5ad939aae6aa125c
raw/gkp-volumes-01.csv,volumes,gkp-volumes-01,241,quiz night tonight,quiz night tonight,GBP,50.0,encoded_band,10,100,returned,0,0,Low,2,,,,,,2025-09-01,2026-08-31,United Kingdom,English,Google Search,country,2026-09-13,1f37c7246e8d4a91232940e64709c69131d859f582eaeabc5ad939aae6aa125c
raw/gkp-volumes-01.csv,volumes,gkp-volumes-01,242,quiz nights near me,quiz nights near me,GBP,5000.0,encoded_band,1000,10000,returned,0,0,Low,2,0.44,2.21,,,,2025-09-01,2026-08-31,United Kingdom,English,Google Search,country,2026-09-13,1f37c7246e8d4a91232940e64709c69131d859f582eaeabc5ad939aae6aa125c
raw/gkp-volumes-01.csv,volumes,gkp-volumes-01,243,quiz nights near me tonight,quiz nights near me tonight,GBP,500.0,encoded_band,100,1000,returned,0,0,Low,2,,,,,,2025-09-01,2026-08-31,United Kingdom,English,Google Search,country,2026-09-13,1f37c7246e8d4a91232940e64709c69131d859f582eaeabc5ad939aae6aa125c
raw/gkp-volumes-01.csv,volumes,gkp-volumes-01,244,quizzes near me,quizzes near me,GBP,5000.0,encoded_band,1000,10000,returned,0,0,Low,3,,,,,,2025-09-01,2026-08-31,United Kingdom,English,Google Search,country,2026-09-13,1f37c7246e8d4a91232940e64709c69131d859f582eaeabc5ad939aae6aa125c
raw/gkp-volumes-01.csv,volumes,gkp-volumes-01,245,quizzes near me tonight,quizzes near me tonight,GBP,50.0,encoded_band,10,100,returned,0,0,Low,4,,,,,,2025-09-01,2026-08-31,United Kingdom,English,Google Search,country,2026-09-13,1f37c7246e8d4a91232940e64709c69131d859f582eaeabc5ad939aae6aa125c
raw/gkp-volumes-01.csv,volumes,gkp-volumes-01,246,r bar specials,r bar specials,GBP,50.0,encoded_band,10,100,returned,0,0,,,,,,,,2025-09-01,2026-08-31,United Kingdom,English,Google Search,country,2026-09-13,1f37c7246e8d4a91232940e64709c69131d859f582eaeabc5ad939aae6aa125c
raw/gkp-volumes-01.csv,volumes,gkp-volumes-01,247,restaurant anchor,restaurant anchor,GBP,50.0,encoded_band,10,100,returned,0,0,Low,0,,,,,,2025-09-01,2026-08-31,United Kingdom,English,Google Search,country,2026-09-13,1f37c7246e8d4a91232940e64709c69131d859f582eaeabc5ad939aae6aa125c
raw/gkp-volumes-01.csv,volumes,gkp-volumes-01,248,saturday night bingo in my area,saturday night bingo in my area,GBP,0.0,encoded_band,0,0,zero,0,0,,,,,,,,2025-09-01,2026-08-31,United Kingdom,English,Google Search,country,2026-09-13,1f37c7246e8d4a91232940e64709c69131d859f582eaeabc5ad939aae6aa125c
raw/gkp-volumes-01.csv,volumes,gkp-volumes-01,249,saturday night pub quiz,saturday night pub quiz,GBP,50.0,encoded_band,10,100,returned,0,0,Low,0,,,,,,2025-09-01,2026-08-31,United Kingdom,English,Google Search,country,2026-09-13,1f37c7246e8d4a91232940e64709c69131d859f582eaeabc5ad939aae6aa125c
raw/gkp-volumes-01.csv,volumes,gkp-volumes-01,250,seafood karaoke near me,seafood karaoke near me,GBP,0.0,encoded_band,0,0,zero,0,0,,,,,,,,2025-09-01,2026-08-31,United Kingdom,English,Google Search,country,2026-09-13,1f37c7246e8d4a91232940e64709c69131d859f582eaeabc5ad939aae6aa125c
raw/gkp-volumes-01.csv,volumes,gkp-volumes-01,251,singalong bingo,singalong bingo,GBP,50.0,encoded_band,10,100,returned,0,0,High,80,,,,,,2025-09-01,2026-08-31,United Kingdom,English,Google Search,country,2026-09-13,1f37c7246e8d4a91232940e64709c69131d859f582eaeabc5ad939aae6aa125c
raw/gkp-volumes-01.csv,volumes,gkp-volumes-01,252,sirens anchor pub,sirens anchor pub,GBP,50.0,encoded_band,10,100,returned,0,,Low,0,,,,,,2025-09-01,2026-08-31,United Kingdom,English,Google Search,country,2026-09-13,1f37c7246e8d4a91232940e64709c69131d859f582eaeabc5ad939aae6aa125c
raw/gkp-volumes-01.csv,volumes,gkp-volumes-01,253,sitcom quiz night,sitcom quiz night,GBP,,encoded_band,,,absent,,,,,,,,,,2025-09-01,2026-08-31,United Kingdom,English,Google Search,country,2026-09-13,1f37c7246e8d4a91232940e64709c69131d859f582eaeabc5ad939aae6aa125c
raw/gkp-volumes-01.csv,volumes,gkp-volumes-01,254,skip hire wraysbury,skip hire wraysbury,GBP,50.0,encoded_band,10,100,returned,0,0,High,80,0.79,3,,,,2025-09-01,2026-08-31,United Kingdom,English,Google Search,country,2026-09-13,1f37c7246e8d4a91232940e64709c69131d859f582eaeabc5ad939aae6aa125c
raw/gkp-volumes-01.csv,volumes,gkp-volumes-01,255,snowball jackpot bingo,snowball jackpot bingo,GBP,50.0,encoded_band,10,100,returned,0,0,Low,0,,,,,,2025-09-01,2026-08-31,United Kingdom,English,Google Search,country,2026-09-13,1f37c7246e8d4a91232940e64709c69131d859f582eaeabc5ad939aae6aa125c
raw/gkp-volumes-01.csv,volumes,gkp-volumes-01,256,social clubs near me,social clubs near me,GBP,5000.0,encoded_band,1000,10000,returned,0,0,Low,7,0.18,1.65,,,,2025-09-01,2026-08-31,United Kingdom,English,Google Search,country,2026-09-13,1f37c7246e8d4a91232940e64709c69131d859f582eaeabc5ad939aae6aa125c
raw/gkp-volumes-01.csv,volumes,gkp-volumes-01,257,social events near me,social events near me,GBP,500.0,encoded_band,100,1000,returned,0,0,Low,16,0.25,1.32,,,,2025-09-01,2026-08-31,United Kingdom,English,Google Search,country,2026-09-13,1f37c7246e8d4a91232940e64709c69131d859f582eaeabc5ad939aae6aa125c
raw/gkp-volumes-01.csv,volumes,gkp-volumes-01,258,spanish karaoke bar near me,spanish karaoke bar near me,GBP,0.0,encoded_band,0,0,zero,0,0,,,,,,,,2025-09-01,2026-08-31,United Kingdom,English,Google Search,country,2026-09-13,1f37c7246e8d4a91232940e64709c69131d859f582eaeabc5ad939aae6aa125c
raw/gkp-volumes-01.csv,volumes,gkp-volumes-01,259,spanish karaoke near me tonight,spanish karaoke near me tonight,GBP,0.0,encoded_band,0,0,zero,0,0,,,,,,,,2025-09-01,2026-08-31,United Kingdom,English,Google Search,country,2026-09-13,1f37c7246e8d4a91232940e64709c69131d859f582eaeabc5ad939aae6aa125c
raw/gkp-volumes-01.csv,volumes,gkp-volumes-01,260,staines and ashford news,staines and ashford news,GBP,500.0,encoded_band,100,1000,returned,0,-0.9,Low,0,,,,,,2025-09-01,2026-08-31,United Kingdom,English,Google Search,country,2026-09-13,1f37c7246e8d4a91232940e64709c69131d859f582eaeabc5ad939aae6aa125c
raw/gkp-volumes-01.csv,volumes,gkp-volumes-01,261,staines day 2026,staines day 2026,GBP,50.0,encoded_band,10,100,returned,-0.9,,Low,0,,,,,,2025-09-01,2026-08-31,United Kingdom,English,Google Search,country,2026-09-13,1f37c7246e8d4a91232940e64709c69131d859f582eaeabc5ad939aae6aa125c
raw/gkp-volumes-01.csv,volumes,gkp-volumes-01,262,staines vue,staines vue,GBP,50000.0,encoded_band,10000,100000,returned,9,9,Low,5,0.01,0.11,,,,2025-09-01,2026-08-31,United Kingdom,English,Google Search,country,2026-09-13,1f37c7246e8d4a91232940e64709c69131d859f582eaeabc5ad939aae6aa125c
raw/gkp-volumes-01.csv,volumes,gkp-volumes-01,263,stanmore pub,stanmore pub,GBP,500.0,encoded_band,100,1000,returned,0,0,Low,12,,,,,,2025-09-01,2026-08-31,United Kingdom,English,Google Search,country,2026-09-13,1f37c7246e8d4a91232940e64709c69131d859f582eaeabc5ad939aae6aa125c
raw/gkp-volumes-01.csv,volumes,gkp-volumes-01,264,stanwell moor,stanwell moor,GBP,5000.0,encoded_band,1000,10000,returned,0,0,Low,4,,,,,,2025-09-01,2026-08-31,United Kingdom,English,Google Search,country,2026-09-13,1f37c7246e8d4a91232940e64709c69131d859f582eaeabc5ad939aae6aa125c
raw/gkp-volumes-01.csv,volumes,gkp-volumes-01,265,stanwell moor pub events,stanwell moor pub events,GBP,,encoded_band,,,absent,,,,,,,,,,2025-09-01,2026-08-31,United Kingdom,English,Google Search,country,2026-09-13,1f37c7246e8d4a91232940e64709c69131d859f582eaeabc5ad939aae6aa125c
raw/gkp-volumes-01.csv,volumes,gkp-volumes-01,266,stanwell park pub,stanwell park pub,GBP,50.0,encoded_band,10,100,returned,0,0,,,,,,,,2025-09-01,2026-08-31,United Kingdom,English,Google Search,country,2026-09-13,1f37c7246e8d4a91232940e64709c69131d859f582eaeabc5ad939aae6aa125c
raw/gkp-volumes-01.csv,volumes,gkp-volumes-01,267,stanwell pub,stanwell pub,GBP,50.0,encoded_band,10,100,returned,0,0,Low,14,,,,,,2025-09-01,2026-08-31,United Kingdom,English,Google Search,country,2026-09-13,1f37c7246e8d4a91232940e64709c69131d859f582eaeabc5ad939aae6aa125c
raw/gkp-volumes-01.csv,volumes,gkp-volumes-01,268,sticky bingo,sticky bingo,GBP,50.0,encoded_band,10,100,returned,0,0,Low,14,,,,,,2025-09-01,2026-08-31,United Kingdom,English,Google Search,country,2026-09-13,1f37c7246e8d4a91232940e64709c69131d859f582eaeabc5ad939aae6aa125c
raw/gkp-volumes-01.csv,volumes,gkp-volumes-01,269,sumer,sumer,GBP,50000.0,encoded_band,10000,100000,returned,0,0,Low,0,0.05,0.83,,,,2025-09-01,2026-08-31,United Kingdom,English,Google Search,country,2026-09-13,1f37c7246e8d4a91232940e64709c69131d859f582eaeabc5ad939aae6aa125c
raw/gkp-volumes-01.csv,volumes,gkp-volumes-01,270,sunday bar trivia near me,sunday bar trivia near me,GBP,0.0,encoded_band,0,0,zero,0,0,,,,,,,,2025-09-01,2026-08-31,United Kingdom,English,Google Search,country,2026-09-13,1f37c7246e8d4a91232940e64709c69131d859f582eaeabc5ad939aae6aa125c
raw/gkp-volumes-01.csv,volumes,gkp-volumes-01,271,the achor,the achor,GBP,50000.0,encoded_band,10000,100000,returned,0,0,Low,3,0.2,1.16,,,,2025-09-01,2026-08-31,United Kingdom,English,Google Search,country,2026-09-13,1f37c7246e8d4a91232940e64709c69131d859f582eaeabc5ad939aae6aa125c
raw/gkp-volumes-01.csv,volumes,gkp-volumes-01,272,the achor inn,the achor inn,GBP,50.0,encoded_band,10,100,returned,0,0,Low,1,,,,,,2025-09-01,2026-08-31,United Kingdom,English,Google Search,country,2026-09-13,1f37c7246e8d4a91232940e64709c69131d859f582eaeabc5ad939aae6aa125c
raw/gkp-volumes-01.csv,volumes,gkp-volumes-01,273,the anchor ballroom,the anchor ballroom,GBP,50.0,encoded_band,10,100,returned,0,0,,,,,,,,2025-09-01,2026-08-31,United Kingdom,English,Google Search,country,2026-09-13,1f37c7246e8d4a91232940e64709c69131d859f582eaeabc5ad939aae6aa125c
raw/gkp-volumes-01.csv,volumes,gkp-volumes-01,274,the anchor bar,the anchor bar,GBP,5000.0,encoded_band,1000,10000,returned,0,0,Low,1,,,,,,2025-09-01,2026-08-31,United Kingdom,English,Google Search,country,2026-09-13,1f37c7246e8d4a91232940e64709c69131d859f582eaeabc5ad939aae6aa125c
raw/gkp-volumes-01.csv,volumes,gkp-volumes-01,275,the anchor bar and grill,the anchor bar and grill,GBP,50.0,encoded_band,10,100,returned,9,0,Low,0,,,,,,2025-09-01,2026-08-31,United Kingdom,English,Google Search,country,2026-09-13,1f37c7246e8d4a91232940e64709c69131d859f582eaeabc5ad939aae6aa125c
raw/gkp-volumes-01.csv,volumes,gkp-volumes-01,276,the anchor beer garden heathrow,the anchor beer garden heathrow,GBP,50.0,encoded_band,10,100,returned,,,Low,0,,,,,,2025-09-01,2026-08-31,United Kingdom,English,Google Search,country,2026-09-13,1f37c7246e8d4a91232940e64709c69131d859f582eaeabc5ad939aae6aa125c
raw/gkp-volumes-01.csv,volumes,gkp-volumes-01,277,the anchor beer garden stanwell moor,the anchor beer garden stanwell moor,GBP,50.0,encoded_band,10,100,returned,0,,Low,0,,,,,,2025-09-01,2026-08-31,United Kingdom,English,Google Search,country,2026-09-13,1f37c7246e8d4a91232940e64709c69131d859f582eaeabc5ad939aae6aa125c
raw/gkp-volumes-01.csv,volumes,gkp-volumes-01,278,the anchor borough,the anchor borough,GBP,5000.0,encoded_band,1000,10000,returned,0,0,Low,4,0.12,1.2,,,,2025-09-01,2026-08-31,United Kingdom,English,Google Search,country,2026-09-13,1f37c7246e8d4a91232940e64709c69131d859f582eaeabc5ad939aae6aa125c
raw/gkp-volumes-01.csv,volumes,gkp-volumes-01,279,the anchor cambridge,the anchor cambridge,GBP,5000.0,encoded_band,1000,10000,returned,0,0,Low,1,0.15,1.25,,,,2025-09-01,2026-08-31,United Kingdom,English,Google Search,country,2026-09-13,1f37c7246e8d4a91232940e64709c69131d859f582eaeabc5ad939aae6aa125c
raw/gkp-volumes-01.csv,volumes,gkp-volumes-01,280,the anchor cowes,the anchor cowes,GBP,500.0,encoded_band,100,1000,returned,0,0,Medium,34,0.3,1,,,,2025-09-01,2026-08-31,United Kingdom,English,Google Search,country,2026-09-13,1f37c7246e8d4a91232940e64709c69131d859f582eaeabc5ad939aae6aa125c
raw/gkp-volumes-01.csv,volumes,gkp-volumes-01,281,the anchor events,the anchor events,GBP,50.0,encoded_band,10,100,returned,0,0,Low,0,,,,,,2025-09-01,2026-08-31,United Kingdom,English,Google Search,country,2026-09-13,1f37c7246e8d4a91232940e64709c69131d859f582eaeabc5ad939aae6aa125c
raw/gkp-volumes-01.csv,volumes,gkp-volumes-01,282,the anchor goldhawk road,the anchor goldhawk road,GBP,50.0,encoded_band,10,100,returned,0,-1,,,,,,,,2025-09-01,2026-08-31,United Kingdom,English,Google Search,country,2026-09-13,1f37c7246e8d4a91232940e64709c69131d859f582eaeabc5ad939aae6aa125c
raw/gkp-volumes-01.csv,volumes,gkp-volumes-01,283,the anchor heathrow,the anchor heathrow,GBP,50.0,encoded_band,10,100,returned,9,9,Low,0,,,,,,2025-09-01,2026-08-31,United Kingdom,English,Google Search,country,2026-09-13,1f37c7246e8d4a91232940e64709c69131d859f582eaeabc5ad939aae6aa125c
raw/gkp-volumes-01.csv,volumes,gkp-volumes-01,284,the anchor in,the anchor in,GBP,500.0,encoded_band,100,1000,returned,0,0,Low,6,0.47,1.48,,,,2025-09-01,2026-08-31,United Kingdom,English,Google Search,country,2026-09-13,1f37c7246e8d4a91232940e64709c69131d859f582eaeabc5ad939aae6aa125c
raw/gkp-volumes-01.csv,volumes,gkp-volumes-01,285,the anchor inn near me,the anchor inn near me,GBP,500.0,encoded_band,100,1000,returned,0,0,Low,13,,,,,,2025-09-01,2026-08-31,United Kingdom,English,Google Search,country,2026-09-13,1f37c7246e8d4a91232940e64709c69131d859f582eaeabc5ad939aae6aa125c
raw/gkp-volumes-01.csv,volumes,gkp-volumes-01,286,the anchor isle of wight,the anchor isle of wight,GBP,500.0,encoded_band,100,1000,returned,0,0,Medium,34,0.3,1,,,,2025-09-01,2026-08-31,United Kingdom,English,Google Search,country,2026-09-13,1f37c7246e8d4a91232940e64709c69131d859f582eaeabc5ad939aae6aa125c
raw/gkp-volumes-01.csv,volumes,gkp-volumes-01,287,the anchor latest,the anchor latest,GBP,,encoded_band,,,absent,,,,,,,,,,2025-09-01,2026-08-31,United Kingdom,English,Google Search,country,2026-09-13,1f37c7246e8d4a91232940e64709c69131d859f582eaeabc5ad939aae6aa125c
raw/gkp-volumes-01.csv,volumes,gkp-volumes-01,288,the anchor local music acts performance,the anchor local music acts performance,GBP,,encoded_band,,,absent,,,,,,,,,,2025-09-01,2026-08-31,United Kingdom,English,Google Search,country,2026-09-13,1f37c7246e8d4a91232940e64709c69131d859f582eaeabc5ad939aae6aa125c
raw/gkp-volumes-01.csv,volumes,gkp-volumes-01,289,the anchor london,the anchor london,GBP,5000.0,encoded_band,1000,10000,returned,0,0,Low,4,0.12,1.2,,,,2025-09-01,2026-08-31,United Kingdom,English,Google Search,country,2026-09-13,1f37c7246e8d4a91232940e64709c69131d859f582eaeabc5ad939aae6aa125c
raw/gkp-volumes-01.csv,volumes,gkp-volumes-01,290,the anchor london menu,the anchor london menu,GBP,50.0,encoded_band,10,100,returned,0,0,Low,1,,,,,,2025-09-01,2026-08-31,United Kingdom,English,Google Search,country,2026-09-13,1f37c7246e8d4a91232940e64709c69131d859f582eaeabc5ad939aae6aa125c
raw/gkp-volumes-01.csv,volumes,gkp-volumes-01,291,the anchor londres,the anchor londres,GBP,5000.0,encoded_band,1000,10000,returned,0,0,Low,4,0.12,1.2,,,,2025-09-01,2026-08-31,United Kingdom,English,Google Search,country,2026-09-13,1f37c7246e8d4a91232940e64709c69131d859f582eaeabc5ad939aae6aa125c
raw/gkp-volumes-01.csv,volumes,gkp-volumes-01,292,the anchor menu,the anchor menu,GBP,500.0,encoded_band,100,1000,returned,0,-0.9,Low,2,0.37,0.94,,,,2025-09-01,2026-08-31,United Kingdom,English,Google Search,country,2026-09-13,1f37c7246e8d4a91232940e64709c69131d859f582eaeabc5ad939aae6aa125c
raw/gkp-volumes-01.csv,volumes,gkp-volumes-01,293,the anchor near me,the anchor near me,GBP,5000.0,encoded_band,1000,10000,returned,0,0,Low,16,,,,,,2025-09-01,2026-08-31,United Kingdom,English,Google Search,country,2026-09-13,1f37c7246e8d4a91232940e64709c69131d859f582eaeabc5ad939aae6aa125c
raw/gkp-volumes-01.csv,volumes,gkp-volumes-01,294,the anchor opening times,the anchor opening times,GBP,50.0,encoded_band,10,100,returned,0,0,Low,0,,,,,,2025-09-01,2026-08-31,United Kingdom,English,Google Search,country,2026-09-13,1f37c7246e8d4a91232940e64709c69131d859f582eaeabc5ad939aae6aa125c
raw/gkp-volumes-01.csv,volumes,gkp-volumes-01,295,the anchor oub,the anchor oub,GBP,,encoded_band,,,absent,,,,,,,,,,2025-09-01,2026-08-31,United Kingdom,English,Google Search,country,2026-09-13,1f37c7246e8d4a91232940e64709c69131d859f582eaeabc5ad939aae6aa125c
raw/gkp-volumes-01.csv,volumes,gkp-volumes-01,296,the anchor photos,the anchor photos,GBP,500.0,encoded_band,100,1000,returned,0,0,Low,0,,,,,,2025-09-01,2026-08-31,United Kingdom,English,Google Search,country,2026-09-13,1f37c7246e8d4a91232940e64709c69131d859f582eaeabc5ad939aae6aa125c
raw/gkp-volumes-01.csv,volumes,gkp-volumes-01,297,the anchor pub and restaurant,the anchor pub and restaurant,GBP,50.0,encoded_band,10,100,returned,0,0,Low,2,,,,,,2025-09-01,2026-08-31,United Kingdom,English,Google Search,country,2026-09-13,1f37c7246e8d4a91232940e64709c69131d859f582eaeabc5ad939aae6aa125c
raw/gkp-volumes-01.csv,volumes,gkp-volumes-01,298,the anchor pub heathrow,the anchor pub heathrow,GBP,50.0,encoded_band,10,100,returned,0,,Low,0,,,,,,2025-09-01,2026-08-31,United Kingdom,English,Google Search,country,2026-09-13,1f37c7246e8d4a91232940e64709c69131d859f582eaeabc5ad939aae6aa125c
raw/gkp-volumes-01.csv,volumes,gkp-volumes-01,299,the anchor pub in stanwell moor,the anchor pub in stanwell moor,GBP,50.0,encoded_band,10,100,returned,0,,Low,0,,,,,,2025-09-01,2026-08-31,United Kingdom,English,Google Search,country,2026-09-13,1f37c7246e8d4a91232940e64709c69131d859f582eaeabc5ad939aae6aa125c
raw/gkp-volumes-01.csv,volumes,gkp-volumes-01,300,the anchor pub location,the anchor pub location,GBP,,encoded_band,,,absent,,,,,,,,,,2025-09-01,2026-08-31,United Kingdom,English,Google Search,country,2026-09-13,1f37c7246e8d4a91232940e64709c69131d859f582eaeabc5ad939aae6aa125c
raw/gkp-volumes-01.csv,volumes,gkp-volumes-01,301,the anchor pub near me,the anchor pub near me,GBP,500.0,encoded_band,100,1000,returned,0,0,Low,6,,,,,,2025-09-01,2026-08-31,United Kingdom,English,Google Search,country,2026-09-13,1f37c7246e8d4a91232940e64709c69131d859f582eaeabc5ad939aae6aa125c
raw/gkp-volumes-01.csv,volumes,gkp-volumes-01,302,the anchor pub quiz,the anchor pub quiz,GBP,50.0,encoded_band,10,100,returned,0,0,Low,0,,,,,,2025-09-01,2026-08-31,United Kingdom,English,Google Search,country,2026-09-13,1f37c7246e8d4a91232940e64709c69131d859f582eaeabc5ad939aae6aa125c
raw/gkp-volumes-01.csv,volumes,gkp-volumes-01,303,the anchor pub stanwell moor,the anchor pub stanwell moor,GBP,500.0,encoded_band,100,1000,returned,0,0,Low,0,,,,,,2025-09-01,2026-08-31,United Kingdom,English,Google Search,country,2026-09-13,1f37c7246e8d4a91232940e64709c69131d859f582eaeabc5ad939aae6aa125c
raw/gkp-volumes-01.csv,volumes,gkp-volumes-01,304,the anchor pub surrey,the anchor pub surrey,GBP,500.0,encoded_band,100,1000,returned,0,0,Low,0,,,,,,2025-09-01,2026-08-31,United Kingdom,English,Google Search,country,2026-09-13,1f37c7246e8d4a91232940e64709c69131d859f582eaeabc5ad939aae6aa125c
raw/gkp-volumes-01.csv,volumes,gkp-volumes-01,305,the anchor restaurant,the anchor restaurant,GBP,50.0,encoded_band,10,100,returned,9,0,Low,2,,,,,,2025-09-01,2026-08-31,United Kingdom,English,Google Search,country,2026-09-13,1f37c7246e8d4a91232940e64709c69131d859f582eaeabc5ad939aae6aa125c
raw/gkp-volumes-01.csv,volumes,gkp-volumes-01,306,the anchor staines,the anchor staines,GBP,50.0,encoded_band,10,100,returned,0,9,Low,0,,,,,,2025-09-01,2026-08-31,United Kingdom,English,Google Search,country,2026-09-13,1f37c7246e8d4a91232940e64709c69131d859f582eaeabc5ad939aae6aa125c
raw/gkp-volumes-01.csv,volumes,gkp-volumes-01,307,the anchor staines menu,the anchor staines menu,GBP,50.0,encoded_band,10,100,returned,0,,Low,0,,,,,,2025-09-01,2026-08-31,United Kingdom,English,Google Search,country,2026-09-13,1f37c7246e8d4a91232940e64709c69131d859f582eaeabc5ad939aae6aa125c
raw/gkp-volumes-01.csv,volumes,gkp-volumes-01,308,the anchor staines photos,the anchor staines photos,GBP,50.0,encoded_band,10,100,returned,0,,Low,0,,,,,,2025-09-01,2026-08-31,United Kingdom,English,Google Search,country,2026-09-13,1f37c7246e8d4a91232940e64709c69131d859f582eaeabc5ad939aae6aa125c
raw/gkp-volumes-01.csv,volumes,gkp-volumes-01,309,the anchor staines reviews,the anchor staines reviews,GBP,50.0,encoded_band,10,100,returned,0,,Low,0,,,,,,2025-09-01,2026-08-31,United Kingdom,English,Google Search,country,2026-09-13,1f37c7246e8d4a91232940e64709c69131d859f582eaeabc5ad939aae6aa125c
raw/gkp-volumes-01.csv,volumes,gkp-volumes-01,310,the anchor stanwell,the anchor stanwell,GBP,50.0,encoded_band,10,100,returned,0,0,Low,0,,,,,,2025-09-01,2026-08-31,United Kingdom,English,Google Search,country,2026-09-13,1f37c7246e8d4a91232940e64709c69131d859f582eaeabc5ad939aae6aa125c
raw/gkp-volumes-01.csv,volumes,gkp-volumes-01,311,the anchor stanwell moor,the anchor stanwell moor,GBP,500.0,encoded_band,100,1000,returned,0,0,Low,0,,,,,,2025-09-01,2026-08-31,United Kingdom,English,Google Search,country,2026-09-13,1f37c7246e8d4a91232940e64709c69131d859f582eaeabc5ad939aae6aa125c
raw/gkp-volumes-01.csv,volumes,gkp-volumes-01,312,the anchor stanwell moor pub,the anchor stanwell moor pub,GBP,,encoded_band,,,absent,,,,,,,,,,2025-09-01,2026-08-31,United Kingdom,English,Google Search,country,2026-09-13,1f37c7246e8d4a91232940e64709c69131d859f582eaeabc5ad939aae6aa125c
raw/gkp-volumes-01.csv,volumes,gkp-volumes-01,313,the anchor surrey,the anchor surrey,GBP,500.0,encoded_band,100,1000,returned,0,0,Low,0,,,,,,2025-09-01,2026-08-31,United Kingdom,English,Google Search,country,2026-09-13,1f37c7246e8d4a91232940e64709c69131d859f582eaeabc5ad939aae6aa125c
raw/gkp-volumes-01.csv,volumes,gkp-volumes-01,314,the anchor tavern,the anchor tavern,GBP,50.0,encoded_band,10,100,returned,0,0,Low,3,,,,,,2025-09-01,2026-08-31,United Kingdom,English,Google Search,country,2026-09-13,1f37c7246e8d4a91232940e64709c69131d859f582eaeabc5ad939aae6aa125c
raw/gkp-volumes-01.csv,volumes,gkp-volumes-01,315,the anchor tring,the anchor tring,GBP,50.0,encoded_band,10,100,returned,0,0,Low,0,,,,,,2025-09-01,2026-08-31,United Kingdom,English,Google Search,country,2026-09-13,1f37c7246e8d4a91232940e64709c69131d859f582eaeabc5ad939aae6aa125c
raw/gkp-volumes-01.csv,volumes,gkp-volumes-01,316,the anchor upcoming events,the anchor upcoming events,GBP,50.0,encoded_band,10,100,returned,-1,0,,,,,,,,2025-09-01,2026-08-31,United Kingdom,English,Google Search,country,2026-09-13,1f37c7246e8d4a91232940e64709c69131d859f582eaeabc5ad939aae6aa125c
raw/gkp-volumes-01.csv,volumes,gkp-volumes-01,317,the anchor windsor,the anchor windsor,GBP,0.0,encoded_band,0,0,zero,0,0,,,,,,,,2025-09-01,2026-08-31,United Kingdom,English,Google Search,country,2026-09-13,1f37c7246e8d4a91232940e64709c69131d859f582eaeabc5ad939aae6aa125c
raw/gkp-volumes-01.csv,volumes,gkp-volumes-01,318,the anhor pub quiz,the anhor pub quiz,GBP,,encoded_band,,,absent,,,,,,,,,,2025-09-01,2026-08-31,United Kingdom,English,Google Search,country,2026-09-13,1f37c7246e8d4a91232940e64709c69131d859f582eaeabc5ad939aae6aa125c
raw/gkp-volumes-01.csv,volumes,gkp-volumes-01,319,the anker london,the anker london,GBP,5000.0,encoded_band,1000,10000,returned,0,0,Low,4,0.12,1.2,,,,2025-09-01,2026-08-31,United Kingdom,English,Google Search,country,2026-09-13,1f37c7246e8d4a91232940e64709c69131d859f582eaeabc5ad939aae6aa125c
raw/gkp-volumes-01.csv,volumes,gkp-volumes-01,320,the bingo spot game,the bingo spot game,GBP,,encoded_band,,,absent,,,,,,,,,,2025-09-01,2026-08-31,United Kingdom,English,Google Search,country,2026-09-13,1f37c7246e8d4a91232940e64709c69131d859f582eaeabc5ad939aae6aa125c
raw/gkp-volumes-01.csv,volumes,gkp-volumes-01,321,the bingo spot live,the bingo spot live,GBP,,encoded_band,,,absent,,,,,,,,,,2025-09-01,2026-08-31,United Kingdom,English,Google Search,country,2026-09-13,1f37c7246e8d4a91232940e64709c69131d859f582eaeabc5ad939aae6aa125c
raw/gkp-volumes-01.csv,volumes,gkp-volumes-01,322,the bingo spot live bingo,the bingo spot live bingo,GBP,,encoded_band,,,absent,,,,,,,,,,2025-09-01,2026-08-31,United Kingdom,English,Google Search,country,2026-09-13,1f37c7246e8d4a91232940e64709c69131d859f582eaeabc5ad939aae6aa125c
raw/gkp-volumes-01.csv,volumes,gkp-volumes-01,323,the rising sun stanwell,the rising sun stanwell,GBP,500.0,encoded_band,100,1000,returned,0,0,Low,0,,,,,,2025-09-01,2026-08-31,United Kingdom,English,Google Search,country,2026-09-13,1f37c7246e8d4a91232940e64709c69131d859f582eaeabc5ad939aae6aa125c
raw/gkp-volumes-01.csv,volumes,gkp-volumes-01,324,the station hither green pub quiz,the station hither green pub quiz,GBP,50.0,encoded_band,10,100,returned,0,0,Low,5,,,,,,2025-09-01,2026-08-31,United Kingdom,English,Google Search,country,2026-09-13,1f37c7246e8d4a91232940e64709c69131d859f582eaeabc5ad939aae6aa125c
raw/gkp-volumes-01.csv,volumes,gkp-volumes-01,325,themed bingo night,themed bingo night,GBP,,encoded_band,,,absent,,,,,,,,,,2025-09-01,2026-08-31,United Kingdom,English,Google Search,country,2026-09-13,1f37c7246e8d4a91232940e64709c69131d859f582eaeabc5ad939aae6aa125c
raw/gkp-volumes-01.csv,volumes,gkp-volumes-01,326,themed pub quizzes,themed pub quizzes,GBP,50.0,encoded_band,10,100,returned,0,0,Low,1,,,,,,2025-09-01,2026-08-31,United Kingdom,English,Google Search,country,2026-09-13,1f37c7246e8d4a91232940e64709c69131d859f582eaeabc5ad939aae6aa125c
raw/gkp-volumes-01.csv,volumes,gkp-volumes-01,327,themed quiz night,themed quiz night,GBP,50.0,encoded_band,10,100,returned,0,0,Low,3,,,,,,2025-09-01,2026-08-31,United Kingdom,English,Google Search,country,2026-09-13,1f37c7246e8d4a91232940e64709c69131d859f582eaeabc5ad939aae6aa125c
raw/gkp-volumes-01.csv,volumes,gkp-volumes-01,328,themed quiz night near me,themed quiz night near me,GBP,,encoded_band,,,absent,,,,,,,,,,2025-09-01,2026-08-31,United Kingdom,English,Google Search,country,2026-09-13,1f37c7246e8d4a91232940e64709c69131d859f582eaeabc5ad939aae6aa125c
raw/gkp-volumes-01.csv,volumes,gkp-volumes-01,329,things to do in staines for adults,things to do in staines for adults,GBP,50.0,encoded_band,10,100,returned,0,0,Low,11,,,,,,2025-09-01,2026-08-31,United Kingdom,English,Google Search,country,2026-09-13,1f37c7246e8d4a91232940e64709c69131d859f582eaeabc5ad939aae6aa125c
raw/gkp-volumes-01.csv,volumes,gkp-volumes-01,330,things to do in staines tonight,things to do in staines tonight,GBP,,encoded_band,,,absent,,,,,,,,,,2025-09-01,2026-08-31,United Kingdom,English,Google Search,country,2026-09-13,1f37c7246e8d4a91232940e64709c69131d859f582eaeabc5ad939aae6aa125c
raw/gkp-volumes-01.csv,volumes,gkp-volumes-01,331,things to do this weekend near my location,things to do this weekend near my location,GBP,0.0,encoded_band,0,0,zero,0,0,,,,,,,,2025-09-01,2026-08-31,United Kingdom,English,Google Search,country,2026-09-13,1f37c7246e8d4a91232940e64709c69131d859f582eaeabc5ad939aae6aa125c
raw/gkp-volumes-01.csv,volumes,gkp-volumes-01,332,thursday night bar trivia near me,thursday night bar trivia near me,GBP,0.0,encoded_band,0,0,zero,0,0,,,,,,,,2025-09-01,2026-08-31,United Kingdom,English,Google Search,country,2026-09-13,1f37c7246e8d4a91232940e64709c69131d859f582eaeabc5ad939aae6aa125c
raw/gkp-volumes-01.csv,volumes,gkp-volumes-01,333,thursday quiz night,thursday quiz night,GBP,500.0,encoded_band,100,1000,returned,0,0,Low,1,,,,,,2025-09-01,2026-08-31,United Kingdom,English,Google Search,country,2026-09-13,1f37c7246e8d4a91232940e64709c69131d859f582eaeabc5ad939aae6aa125c
raw/gkp-volumes-01.csv,volumes,gkp-volumes-01,334,tonight,tonight,GBP,5000.0,encoded_band,1000,10000,returned,0,0,Low,0,1.17,3.62,,,,2025-09-01,2026-08-31,United Kingdom,English,Google Search,country,2026-09-13,1f37c7246e8d4a91232940e64709c69131d859f582eaeabc5ad939aae6aa125c
raw/gkp-volumes-01.csv,volumes,gkp-volumes-01,335,trivia around me tonight,trivia around me tonight,GBP,,encoded_band,,,absent,,,,,,,,,,2025-09-01,2026-08-31,United Kingdom,English,Google Search,country,2026-09-13,1f37c7246e8d4a91232940e64709c69131d859f582eaeabc5ad939aae6aa125c
raw/gkp-volumes-01.csv,volumes,gkp-volumes-01,336,trivia bar night near me,trivia bar night near me,GBP,0.0,encoded_band,0,0,zero,0,0,,,,,,,,2025-09-01,2026-08-31,United Kingdom,English,Google Search,country,2026-09-13,1f37c7246e8d4a91232940e64709c69131d859f582eaeabc5ad939aae6aa125c
raw/gkp-volumes-01.csv,volumes,gkp-volumes-01,337,trivia booking,trivia booking,GBP,50.0,encoded_band,10,100,returned,0,0,High,97,0.11,0.62,,,,2025-09-01,2026-08-31,United Kingdom,English,Google Search,country,2026-09-13,1f37c7246e8d4a91232940e64709c69131d859f582eaeabc5ad939aae6aa125c
raw/gkp-volumes-01.csv,volumes,gkp-volumes-01,338,trivia near me,trivia near me,GBP,500.0,encoded_band,100,1000,returned,0,0,Low,6,,,,,,2025-09-01,2026-08-31,United Kingdom,English,Google Search,country,2026-09-13,1f37c7246e8d4a91232940e64709c69131d859f582eaeabc5ad939aae6aa125c
raw/gkp-volumes-01.csv,volumes,gkp-volumes-01,339,trivia near me friday,trivia near me friday,GBP,0.0,encoded_band,0,0,zero,0,0,,,,,,,,2025-09-01,2026-08-31,United Kingdom,English,Google Search,country,2026-09-13,1f37c7246e8d4a91232940e64709c69131d859f582eaeabc5ad939aae6aa125c
raw/gkp-volumes-01.csv,volumes,gkp-volumes-01,340,trivia near me sunday,trivia near me sunday,GBP,0.0,encoded_band,0,0,zero,0,0,,,,,,,,2025-09-01,2026-08-31,United Kingdom,English,Google Search,country,2026-09-13,1f37c7246e8d4a91232940e64709c69131d859f582eaeabc5ad939aae6aa125c
raw/gkp-volumes-01.csv,volumes,gkp-volumes-01,341,trivia near me tomorrow night,trivia near me tomorrow night,GBP,50.0,encoded_band,10,100,returned,0,-1,,,,,,,,2025-09-01,2026-08-31,United Kingdom,English,Google Search,country,2026-09-13,1f37c7246e8d4a91232940e64709c69131d859f582eaeabc5ad939aae6aa125c
raw/gkp-volumes-01.csv,volumes,gkp-volumes-01,342,trivia night,trivia night,GBP,500.0,encoded_band,100,1000,returned,0,0,Low,1,,,,,,2025-09-01,2026-08-31,United Kingdom,English,Google Search,country,2026-09-13,1f37c7246e8d4a91232940e64709c69131d859f582eaeabc5ad939aae6aa125c
raw/gkp-volumes-01.csv,volumes,gkp-volumes-01,343,trivia night in london,trivia night in london,GBP,,encoded_band,,,absent,,,,,,,,,,2025-09-01,2026-08-31,United Kingdom,English,Google Search,country,2026-09-13,1f37c7246e8d4a91232940e64709c69131d859f582eaeabc5ad939aae6aa125c
raw/gkp-volumes-01.csv,volumes,gkp-volumes-01,344,trivia night in surrey,trivia night in surrey,GBP,,encoded_band,,,absent,,,,,,,,,,2025-09-01,2026-08-31,United Kingdom,English,Google Search,country,2026-09-13,1f37c7246e8d4a91232940e64709c69131d859f582eaeabc5ad939aae6aa125c
raw/gkp-volumes-01.csv,volumes,gkp-volumes-01,345,trivia night near me this weekend,trivia night near me this weekend,GBP,0.0,encoded_band,0,0,zero,0,0,,,,,,,,2025-09-01,2026-08-31,United Kingdom,English,Google Search,country,2026-09-13,1f37c7246e8d4a91232940e64709c69131d859f582eaeabc5ad939aae6aa125c
raw/gkp-volumes-01.csv,volumes,gkp-volumes-01,346,trivia night on tuesday near me,trivia night on tuesday near me,GBP,0.0,encoded_band,0,0,zero,0,0,,,,,,,,2025-09-01,2026-08-31,United Kingdom,English,Google Search,country,2026-09-13,1f37c7246e8d4a91232940e64709c69131d859f582eaeabc5ad939aae6aa125c
raw/gkp-volumes-01.csv,volumes,gkp-volumes-01,347,trivia night on wednesday near me,trivia night on wednesday near me,GBP,0.0,encoded_band,0,0,zero,0,0,,,,,,,,2025-09-01,2026-08-31,United Kingdom,English,Google Search,country,2026-09-13,1f37c7246e8d4a91232940e64709c69131d859f582eaeabc5ad939aae6aa125c
raw/gkp-volumes-01.csv,volumes,gkp-volumes-01,348,trivia nite,trivia nite,GBP,500.0,encoded_band,100,1000,returned,0,0,Low,1,,,,,,2025-09-01,2026-08-31,United Kingdom,English,Google Search,country,2026-09-13,1f37c7246e8d4a91232940e64709c69131d859f582eaeabc5ad939aae6aa125c
raw/gkp-volumes-01.csv,volumes,gkp-volumes-01,349,trivia on sunday near me,trivia on sunday near me,GBP,0.0,encoded_band,0,0,zero,0,0,,,,,,,,2025-09-01,2026-08-31,United Kingdom,English,Google Search,country,2026-09-13,1f37c7246e8d4a91232940e64709c69131d859f582eaeabc5ad939aae6aa125c
raw/gkp-volumes-01.csv,volumes,gkp-volumes-01,350,trivia on thursday near me,trivia on thursday near me,GBP,0.0,encoded_band,0,0,zero,0,0,,,,,,,,2025-09-01,2026-08-31,United Kingdom,English,Google Search,country,2026-09-13,1f37c7246e8d4a91232940e64709c69131d859f582eaeabc5ad939aae6aa125c
raw/gkp-volumes-01.csv,volumes,gkp-volumes-01,351,trivia parties,trivia parties,GBP,50.0,encoded_band,10,100,returned,0,0,Low,22,,,,,,2025-09-01,2026-08-31,United Kingdom,English,Google Search,country,2026-09-13,1f37c7246e8d4a91232940e64709c69131d859f582eaeabc5ad939aae6aa125c
raw/gkp-volumes-01.csv,volumes,gkp-volumes-01,352,trivia sunday near me,trivia sunday near me,GBP,50.0,encoded_band,10,100,returned,,,Medium,43,,,,,,2025-09-01,2026-08-31,United Kingdom,English,Google Search,country,2026-09-13,1f37c7246e8d4a91232940e64709c69131d859f582eaeabc5ad939aae6aa125c
raw/gkp-volumes-01.csv,volumes,gkp-volumes-01,353,tuesday bar trivia near me,tuesday bar trivia near me,GBP,0.0,encoded_band,0,0,zero,0,0,,,,,,,,2025-09-01,2026-08-31,United Kingdom,English,Google Search,country,2026-09-13,1f37c7246e8d4a91232940e64709c69131d859f582eaeabc5ad939aae6aa125c
raw/gkp-volumes-01.csv,volumes,gkp-volumes-01,354,tuesday bingo in my area,tuesday bingo in my area,GBP,50.0,encoded_band,10,100,returned,,,Low,0,,,,,,2025-09-01,2026-08-31,United Kingdom,English,Google Search,country,2026-09-13,1f37c7246e8d4a91232940e64709c69131d859f582eaeabc5ad939aae6aa125c
raw/gkp-volumes-01.csv,volumes,gkp-volumes-01,355,tuesday night bar trivia near me,tuesday night bar trivia near me,GBP,0.0,encoded_band,0,0,zero,0,0,,,,,,,,2025-09-01,2026-08-31,United Kingdom,English,Google Search,country,2026-09-13,1f37c7246e8d4a91232940e64709c69131d859f582eaeabc5ad939aae6aa125c
raw/gkp-volumes-01.csv,volumes,gkp-volumes-01,356,tuesday pub quiz,tuesday pub quiz,GBP,500.0,encoded_band,100,1000,returned,0,0,Low,1,,,,,,2025-09-01,2026-08-31,United Kingdom,English,Google Search,country,2026-09-13,1f37c7246e8d4a91232940e64709c69131d859f582eaeabc5ad939aae6aa125c
raw/gkp-volumes-01.csv,volumes,gkp-volumes-01,357,tv themed quiz night,tv themed quiz night,GBP,,encoded_band,,,absent,,,,,,,,,,2025-09-01,2026-08-31,United Kingdom,English,Google Search,country,2026-09-13,1f37c7246e8d4a91232940e64709c69131d859f582eaeabc5ad939aae6aa125c
raw/gkp-volumes-01.csv,volumes,gkp-volumes-01,358,tw19 6aq,tw19 6aq,GBP,500.0,encoded_band,100,1000,returned,0,0,Low,4,,,,,,2025-09-01,2026-08-31,United Kingdom,English,Google Search,country,2026-09-13,1f37c7246e8d4a91232940e64709c69131d859f582eaeabc5ad939aae6aa125c
raw/gkp-volumes-01.csv,volumes,gkp-volumes-01,359,videoke nearby,videoke nearby,GBP,0.0,encoded_band,0,0,zero,0,0,,,,,,,,2025-09-01,2026-08-31,United Kingdom,English,Google Search,country,2026-09-13,1f37c7246e8d4a91232940e64709c69131d859f582eaeabc5ad939aae6aa125c
raw/gkp-volumes-01.csv,volumes,gkp-volumes-01,360,wednesday karaoke bars near me,wednesday karaoke bars near me,GBP,0.0,encoded_band,0,0,zero,0,0,,,,,,,,2025-09-01,2026-08-31,United Kingdom,English,Google Search,country,2026-09-13,1f37c7246e8d4a91232940e64709c69131d859f582eaeabc5ad939aae6aa125c
raw/gkp-volumes-01.csv,volumes,gkp-volumes-01,361,wednesday night bar trivia near me,wednesday night bar trivia near me,GBP,,encoded_band,,,absent,,,,,,,,,,2025-09-01,2026-08-31,United Kingdom,English,Google Search,country,2026-09-13,1f37c7246e8d4a91232940e64709c69131d859f582eaeabc5ad939aae6aa125c
raw/gkp-volumes-01.csv,volumes,gkp-volumes-01,362,wednesday night karaoke bars near me,wednesday night karaoke bars near me,GBP,0.0,encoded_band,0,0,zero,0,0,,,,,,,,2025-09-01,2026-08-31,United Kingdom,English,Google Search,country,2026-09-13,1f37c7246e8d4a91232940e64709c69131d859f582eaeabc5ad939aae6aa125c
raw/gkp-volumes-01.csv,volumes,gkp-volumes-01,363,wednesday night pub quiz,wednesday night pub quiz,GBP,50.0,encoded_band,10,100,returned,0,0,Low,0,,,,,,2025-09-01,2026-08-31,United Kingdom,English,Google Search,country,2026-09-13,1f37c7246e8d4a91232940e64709c69131d859f582eaeabc5ad939aae6aa125c
raw/gkp-volumes-01.csv,volumes,gkp-volumes-01,364,wells bingo,wells bingo,GBP,,encoded_band,,,absent,,,,,,,,,,2025-09-01,2026-08-31,United Kingdom,English,Google Search,country,2026-09-13,1f37c7246e8d4a91232940e64709c69131d859f582eaeabc5ad939aae6aa125c
raw/gkp-volumes-01.csv,volumes,gkp-volumes-01,365,what events are going on this weekend in my area,what events are going on this weekend in my area,GBP,0.0,encoded_band,0,0,zero,0,0,,,,,,,,2025-09-01,2026-08-31,United Kingdom,English,Google Search,country,2026-09-13,1f37c7246e8d4a91232940e64709c69131d859f582eaeabc5ad939aae6aa125c
raw/gkp-volumes-01.csv,volumes,gkp-volumes-01,366,what festivals are going on near me this weekend,what festivals are going on near me this weekend,GBP,50.0,encoded_band,10,100,returned,,,Low,0,,,,,,2025-09-01,2026-08-31,United Kingdom,English,Google Search,country,2026-09-13,1f37c7246e8d4a91232940e64709c69131d859f582eaeabc5ad939aae6aa125c
raw/gkp-volumes-01.csv,volumes,gkp-volumes-01,367,what is a snowball in bingo,what is a snowball in bingo,GBP,50.0,encoded_band,10,100,returned,0,0,Low,0,,,,,,2025-09-01,2026-08-31,United Kingdom,English,Google Search,country,2026-09-13,1f37c7246e8d4a91232940e64709c69131d859f582eaeabc5ad939aae6aa125c
raw/gkp-volumes-01.csv,volumes,gkp-volumes-01,368,what is the snowball,what is the snowball,GBP,50.0,encoded_band,10,100,returned,,0,Low,0,,,,,,2025-09-01,2026-08-31,United Kingdom,English,Google Search,country,2026-09-13,1f37c7246e8d4a91232940e64709c69131d859f582eaeabc5ad939aae6aa125c
raw/gkp-volumes-01.csv,volumes,gkp-volumes-01,369,what time do pub quizzes start,what time do pub quizzes start,GBP,,encoded_band,,,absent,,,,,,,,,,2025-09-01,2026-08-31,United Kingdom,English,Google Search,country,2026-09-13,1f37c7246e8d4a91232940e64709c69131d859f582eaeabc5ad939aae6aa125c
raw/gkp-volumes-01.csv,volumes,gkp-volumes-01,370,what time does bongo's bingo start,what time does bongo's bingo start,GBP,500.0,encoded_band,100,1000,returned,0,0,Low,0,,,,,,2025-09-01,2026-08-31,United Kingdom,English,Google Search,country,2026-09-13,1f37c7246e8d4a91232940e64709c69131d859f582eaeabc5ad939aae6aa125c
raw/gkp-volumes-01.csv,volumes,gkp-volumes-01,371,what time does the anchor close,what time does the anchor close,GBP,50.0,encoded_band,10,100,returned,0,0,Low,0,,,,,,2025-09-01,2026-08-31,United Kingdom,English,Google Search,country,2026-09-13,1f37c7246e8d4a91232940e64709c69131d859f582eaeabc5ad939aae6aa125c
raw/gkp-volumes-01.csv,volumes,gkp-volumes-01,372,what to do 4th of july weekend near me,what to do 4th of july weekend near me,GBP,,encoded_band,,,absent,,,,,,,,,,2025-09-01,2026-08-31,United Kingdom,English,Google Search,country,2026-09-13,1f37c7246e8d4a91232940e64709c69131d859f582eaeabc5ad939aae6aa125c
raw/gkp-volumes-01.csv,volumes,gkp-volumes-01,373,what to do for labor day near me,what to do for labor day near me,GBP,,encoded_band,,,absent,,,,,,,,,,2025-09-01,2026-08-31,United Kingdom,English,Google Search,country,2026-09-13,1f37c7246e8d4a91232940e64709c69131d859f582eaeabc5ad939aae6aa125c
raw/gkp-volumes-01.csv,volumes,gkp-volumes-01,374,what to do for labor day weekend near me,what to do for labor day weekend near me,GBP,,encoded_band,,,absent,,,,,,,,,,2025-09-01,2026-08-31,United Kingdom,English,Google Search,country,2026-09-13,1f37c7246e8d4a91232940e64709c69131d859f582eaeabc5ad939aae6aa125c
raw/gkp-volumes-01.csv,volumes,gkp-volumes-01,375,what to do for memorial day near me,what to do for memorial day near me,GBP,0.0,encoded_band,0,0,zero,0,0,,,,,,,,2025-09-01,2026-08-31,United Kingdom,English,Google Search,country,2026-09-13,1f37c7246e8d4a91232940e64709c69131d859f582eaeabc5ad939aae6aa125c
raw/gkp-volumes-01.csv,volumes,gkp-volumes-01,376,what to do for memorial day weekend near me,what to do for memorial day weekend near me,GBP,0.0,encoded_band,0,0,zero,0,0,,,,,,,,2025-09-01,2026-08-31,United Kingdom,English,Google Search,country,2026-09-13,1f37c7246e8d4a91232940e64709c69131d859f582eaeabc5ad939aae6aa125c
raw/gkp-volumes-01.csv,volumes,gkp-volumes-01,377,what to do fourth of july weekend near me,what to do fourth of july weekend near me,GBP,,encoded_band,,,absent,,,,,,,,,,2025-09-01,2026-08-31,United Kingdom,English,Google Search,country,2026-09-13,1f37c7246e8d4a91232940e64709c69131d859f582eaeabc5ad939aae6aa125c
raw/gkp-volumes-01.csv,volumes,gkp-volumes-01,378,what to do labor day near me,what to do labor day near me,GBP,0.0,encoded_band,0,0,zero,0,0,,,,,,,,2025-09-01,2026-08-31,United Kingdom,English,Google Search,country,2026-09-13,1f37c7246e8d4a91232940e64709c69131d859f582eaeabc5ad939aae6aa125c
raw/gkp-volumes-01.csv,volumes,gkp-volumes-01,379,what to do labor day weekend 2022 near me,what to do labor day weekend 2022 near me,GBP,,encoded_band,,,absent,,,,,,,,,,2025-09-01,2026-08-31,United Kingdom,English,Google Search,country,2026-09-13,1f37c7246e8d4a91232940e64709c69131d859f582eaeabc5ad939aae6aa125c
raw/gkp-volumes-01.csv,volumes,gkp-volumes-01,380,what to do memorial day near me,what to do memorial day near me,GBP,,encoded_band,,,absent,,,,,,,,,,2025-09-01,2026-08-31,United Kingdom,English,Google Search,country,2026-09-13,1f37c7246e8d4a91232940e64709c69131d859f582eaeabc5ad939aae6aa125c
raw/gkp-volumes-01.csv,volumes,gkp-volumes-01,381,what to do memorial day weekend 2021 near me,what to do memorial day weekend 2021 near me,GBP,0.0,encoded_band,0,0,zero,0,0,,,,,,,,2025-09-01,2026-08-31,United Kingdom,English,Google Search,country,2026-09-13,1f37c7246e8d4a91232940e64709c69131d859f582eaeabc5ad939aae6aa125c
raw/gkp-volumes-01.csv,volumes,gkp-volumes-01,382,what to do memorial day weekend 2022 near me,what to do memorial day weekend 2022 near me,GBP,,encoded_band,,,absent,,,,,,,,,,2025-09-01,2026-08-31,United Kingdom,English,Google Search,country,2026-09-13,1f37c7246e8d4a91232940e64709c69131d859f582eaeabc5ad939aae6aa125c
raw/gkp-volumes-01.csv,volumes,gkp-volumes-01,383,what to do memorial day weekend near me,what to do memorial day weekend near me,GBP,,encoded_band,,,absent,,,,,,,,,,2025-09-01,2026-08-31,United Kingdom,English,Google Search,country,2026-09-13,1f37c7246e8d4a91232940e64709c69131d859f582eaeabc5ad939aae6aa125c
raw/gkp-volumes-01.csv,volumes,gkp-volumes-01,384,what to do memorial weekend near me,what to do memorial weekend near me,GBP,,encoded_band,,,absent,,,,,,,,,,2025-09-01,2026-08-31,United Kingdom,English,Google Search,country,2026-09-13,1f37c7246e8d4a91232940e64709c69131d859f582eaeabc5ad939aae6aa125c
raw/gkp-volumes-01.csv,volumes,gkp-volumes-01,385,what to do near me labor day weekend,what to do near me labor day weekend,GBP,0.0,encoded_band,0,0,zero,0,0,,,,,,,,2025-09-01,2026-08-31,United Kingdom,English,Google Search,country,2026-09-13,1f37c7246e8d4a91232940e64709c69131d859f582eaeabc5ad939aae6aa125c
raw/gkp-volumes-01.csv,volumes,gkp-volumes-01,386,what to do near me this weekend 2022,what to do near me this weekend 2022,GBP,0.0,encoded_band,0,0,zero,0,0,,,,,,,,2025-09-01,2026-08-31,United Kingdom,English,Google Search,country,2026-09-13,1f37c7246e8d4a91232940e64709c69131d859f582eaeabc5ad939aae6aa125c
raw/gkp-volumes-01.csv,volumes,gkp-volumes-01,387,what to do on labor day near me,what to do on labor day near me,GBP,0.0,encoded_band,0,0,zero,0,0,,,,,,,,2025-09-01,2026-08-31,United Kingdom,English,Google Search,country,2026-09-13,1f37c7246e8d4a91232940e64709c69131d859f582eaeabc5ad939aae6aa125c
raw/gkp-volumes-01.csv,volumes,gkp-volumes-01,388,what to do on memorial day weekend near me,what to do on memorial day weekend near me,GBP,0.0,encoded_band,0,0,zero,0,0,,,,,,,,2025-09-01,2026-08-31,United Kingdom,English,Google Search,country,2026-09-13,1f37c7246e8d4a91232940e64709c69131d859f582eaeabc5ad939aae6aa125c
raw/gkp-volumes-01.csv,volumes,gkp-volumes-01,389,what to do thanksgiving weekend near me,what to do thanksgiving weekend near me,GBP,,encoded_band,,,absent,,,,,,,,,,2025-09-01,2026-08-31,United Kingdom,English,Google Search,country,2026-09-13,1f37c7246e8d4a91232940e64709c69131d859f582eaeabc5ad939aae6aa125c
raw/gkp-volumes-01.csv,volumes,gkp-volumes-01,390,what to do this memorial day weekend near me,what to do this memorial day weekend near me,GBP,0.0,encoded_band,0,0,zero,0,0,,,,,,,,2025-09-01,2026-08-31,United Kingdom,English,Google Search,country,2026-09-13,1f37c7246e8d4a91232940e64709c69131d859f582eaeabc5ad939aae6aa125c
raw/gkp-volumes-01.csv,volumes,gkp-volumes-01,391,what's going on for memorial day near me,what's going on for memorial day near me,GBP,0.0,encoded_band,0,0,zero,0,0,,,,,,,,2025-09-01,2026-08-31,United Kingdom,English,Google Search,country,2026-09-13,1f37c7246e8d4a91232940e64709c69131d859f582eaeabc5ad939aae6aa125c
raw/gkp-volumes-01.csv,volumes,gkp-volumes-01,392,what's going on for the fourth of july near me,what's going on for the fourth of july near me,GBP,,encoded_band,,,absent,,,,,,,,,,2025-09-01,2026-08-31,United Kingdom,English,Google Search,country,2026-09-13,1f37c7246e8d4a91232940e64709c69131d859f582eaeabc5ad939aae6aa125c
raw/gkp-volumes-01.csv,volumes,gkp-volumes-01,393,what's going on labor day weekend near me,what's going on labor day weekend near me,GBP,,encoded_band,,,absent,,,,,,,,,,2025-09-01,2026-08-31,United Kingdom,English,Google Search,country,2026-09-13,1f37c7246e8d4a91232940e64709c69131d859f582eaeabc5ad939aae6aa125c
raw/gkp-volumes-01.csv,volumes,gkp-volumes-01,394,what's happening memorial day weekend near me,what's happening memorial day weekend near me,GBP,0.0,encoded_band,0,0,zero,0,0,,,,,,,,2025-09-01,2026-08-31,United Kingdom,English,Google Search,country,2026-09-13,1f37c7246e8d4a91232940e64709c69131d859f582eaeabc5ad939aae6aa125c
raw/gkp-volumes-01.csv,volumes,gkp-volumes-01,395,what's on near me this weekend 2022,what's on near me this weekend 2022,GBP,0.0,encoded_band,0,0,zero,0,0,,,,,,,,2025-09-01,2026-08-31,United Kingdom,English,Google Search,country,2026-09-13,1f37c7246e8d4a91232940e64709c69131d859f582eaeabc5ad939aae6aa125c
raw/gkp-volumes-01.csv,volumes,gkp-volumes-01,396,whats happening memorial weekend near me,whats happening memorial weekend near me,GBP,,encoded_band,,,absent,,,,,,,,,,2025-09-01,2026-08-31,United Kingdom,English,Google Search,country,2026-09-13,1f37c7246e8d4a91232940e64709c69131d859f582eaeabc5ad939aae6aa125c
raw/gkp-volumes-01.csv,volumes,gkp-volumes-01,397,whats on august bank holiday 2022 near me,whats on august bank holiday 2022 near me,GBP,0.0,encoded_band,0,0,zero,0,0,,,,,,,,2025-09-01,2026-08-31,United Kingdom,English,Google Search,country,2026-09-13,1f37c7246e8d4a91232940e64709c69131d859f582eaeabc5ad939aae6aa125c
raw/gkp-volumes-01.csv,volumes,gkp-volumes-01,398,whats on in staines,whats on in staines,GBP,50.0,encoded_band,10,100,returned,0,0,Medium,59,,,,,,2025-09-01,2026-08-31,United Kingdom,English,Google Search,country,2026-09-13,1f37c7246e8d4a91232940e64709c69131d859f582eaeabc5ad939aae6aa125c
raw/gkp-volumes-01.csv,volumes,gkp-volumes-01,399,whats on in staines this week,whats on in staines this week,GBP,,encoded_band,,,absent,,,,,,,,,,2025-09-01,2026-08-31,United Kingdom,English,Google Search,country,2026-09-13,1f37c7246e8d4a91232940e64709c69131d859f582eaeabc5ad939aae6aa125c
raw/gkp-volumes-01.csv,volumes,gkp-volumes-01,400,whats on staines,whats on staines,GBP,50.0,encoded_band,10,100,returned,0,0,Low,1,,,,,,2025-09-01,2026-08-31,United Kingdom,English,Google Search,country,2026-09-13,1f37c7246e8d4a91232940e64709c69131d859f582eaeabc5ad939aae6aa125c
raw/gkp-volumes-01.csv,volumes,gkp-volumes-01,401,whats up this weekend near me,whats up this weekend near me,GBP,0.0,encoded_band,0,0,zero,0,0,,,,,,,,2025-09-01,2026-08-31,United Kingdom,English,Google Search,country,2026-09-13,1f37c7246e8d4a91232940e64709c69131d859f582eaeabc5ad939aae6aa125c
raw/gkp-volumes-01.csv,volumes,gkp-volumes-01,402,where can i play bingo countdown online,where can i play bingo countdown online,GBP,,encoded_band,,,absent,,,,,,,,,,2025-09-01,2026-08-31,United Kingdom,English,Google Search,country,2026-09-13,1f37c7246e8d4a91232940e64709c69131d859f582eaeabc5ad939aae6aa125c
raw/gkp-volumes-01.csv,volumes,gkp-volumes-01,403,where can i play bingo near me,where can i play bingo near me,GBP,500.0,encoded_band,100,1000,returned,9,0,Low,22,1.9,7.46,,,,2025-09-01,2026-08-31,United Kingdom,English,Google Search,country,2026-09-13,1f37c7246e8d4a91232940e64709c69131d859f582eaeabc5ad939aae6aa125c
raw/gkp-volumes-01.csv,volumes,gkp-volumes-01,404,where is the anchor pub,where is the anchor pub,GBP,,encoded_band,,,absent,,,,,,,,,,2025-09-01,2026-08-31,United Kingdom,English,Google Search,country,2026-09-13,1f37c7246e8d4a91232940e64709c69131d859f582eaeabc5ad939aae6aa125c
raw/gkp-volumes-01.csv,volumes,gkp-volumes-01,405,where to meet new friends,where to meet new friends,GBP,50.0,encoded_band,10,100,returned,-0.9,0,Low,15,0.62,2.46,,,,2025-09-01,2026-08-31,United Kingdom,English,Google Search,country,2026-09-13,1f37c7246e8d4a91232940e64709c69131d859f582eaeabc5ad939aae6aa125c
raw/gkp-volumes-01.csv,volumes,gkp-volumes-01,406,where to meet people,where to meet people,GBP,500.0,encoded_band,100,1000,returned,0,0,Low,5,0.79,3.23,,,,2025-09-01,2026-08-31,United Kingdom,English,Google Search,country,2026-09-13,1f37c7246e8d4a91232940e64709c69131d859f582eaeabc5ad939aae6aa125c
