keyword_id,canonical_text,submitted_text,intent,brand_flag,eligibility,avoid_reason,avoid_scope,lifecycle,sources,primary_cluster_id,secondary_cluster_ids,first_seen_run,last_seen_run,notes
kw_000001,best pub quiz near me,best pub quiz near me,local,false,eligible,,,candidate,volumes|gsc,cl_0001,,2026-09-11-01-legacy,2026-09-11-01-legacy,
kw_000002,bingo ashford middlesex,bingo ashford middlesex,,false,eligible,,,candidate,volumes,,,2026-09-11-01-legacy,2026-09-11-01-legacy,
kw_000003,bingo near feltham,bingo near feltham,,false,eligible,,,candidate,volumes,,,2026-09-11-01-legacy,2026-09-11-01-legacy,
kw_000004,bingo night near me,bingo night near me,local,false,eligible,,,candidate,volumes|discover,cl_0004,,2026-09-11-01-legacy,2026-09-11-01-legacy,
kw_000005,bingo night staines,bingo night staines,local,false,eligible,,,candidate,volumes,cl_0004,,2026-09-11-01-legacy,2026-09-11-01-legacy,
kw_000006,bingo night surrey,bingo night surrey,local,false,eligible,,,candidate,volumes,cl_0004,,2026-09-11-01-legacy,2026-09-11-01-legacy,
kw_000007,bingo staines,bingo staines,,false,eligible,,,candidate,volumes,,,2026-09-11-01-legacy,2026-09-11-01-legacy,
kw_000008,cash bingo near me,cash bingo near me,local,false,eligible,,,candidate,volumes|gsc,cl_0004,,2026-09-11-01-legacy,2026-09-11-01-legacy,
kw_000009,cash prize bingo,cash prize bingo,local,false,eligible,,,candidate,volumes,cl_0004,,2026-09-11-01-legacy,2026-09-11-01-legacy,
kw_000010,drag bingo near me,drag bingo near me,,false,eligible,,,candidate,volumes,,cl_0003|cl_0004,2026-09-11-01-legacy,2026-09-11-01-legacy,
kw_000011,family friendly pub quiz,family friendly pub quiz,local,false,eligible,,,candidate,volumes,cl_0001,,2026-09-11-01-legacy,2026-09-11-01-legacy,
kw_000012,free karaoke near me,free karaoke near me,,false,eligible,,,candidate,volumes,,,2026-09-11-01-legacy,2026-09-11-01-legacy,
kw_000013,karaoke ashford middlesex,karaoke ashford middlesex,,false,eligible,,,candidate,volumes,,,2026-09-11-01-legacy,2026-09-11-01-legacy,
kw_000014,karaoke bar near me,karaoke bar near me,,false,eligible,,,candidate,volumes|discover,,,2026-09-11-01-legacy,2026-09-11-01-legacy,
kw_000015,karaoke egham,karaoke egham,,false,eligible,,,candidate,volumes,,,2026-09-11-01-legacy,2026-09-11-01-legacy,
kw_000016,karaoke feltham,karaoke feltham,,false,eligible,,,candidate,volumes,,,2026-09-11-01-legacy,2026-09-11-01-legacy,
kw_000017,karaoke near me,karaoke near me,,false,eligible,,,candidate,volumes|discover,,,2026-09-11-01-legacy,2026-09-11-01-legacy,
kw_000018,karaoke night near me,karaoke night near me,,false,eligible,,,candidate,volumes,,,2026-09-11-01-legacy,2026-09-11-01-legacy,
kw_000019,karaoke pub near me,karaoke pub near me,,false,eligible,,,candidate,volumes,,,2026-09-11-01-legacy,2026-09-11-01-legacy,
kw_000020,karaoke staines,karaoke staines,,false,eligible,,,candidate,volumes,,,2026-09-11-01-legacy,2026-09-11-01-legacy,
kw_000021,karaoke surrey,karaoke surrey,,false,eligible,,,candidate,volumes,,,2026-09-11-01-legacy,2026-09-11-01-legacy,
kw_000022,live entertainment near me,live entertainment near me,local,false,eligible,,,candidate,volumes,cl_0005,,2026-09-11-01-legacy,2026-09-11-01-legacy,
kw_000023,local pub quiz,local pub quiz,local,false,eligible,,,candidate,volumes|gsc,cl_0001,,2026-09-11-01-legacy,2026-09-11-01-legacy,
kw_000024,midweek quiz night,midweek quiz night,local,false,eligible,,,candidate,volumes,cl_0001,,2026-09-11-01-legacy,2026-09-11-01-legacy,
kw_000025,music bingo feltham,music bingo feltham,local,false,eligible,,,candidate,volumes,cl_0003,,2026-09-11-01-legacy,2026-09-11-01-legacy,
kw_000026,music bingo near me,music bingo near me,,false,eligible,,,candidate,volumes|gsc,,cl_0003|cl_0004,2026-09-11-01-legacy,2026-09-11-01-legacy,
kw_000027,music bingo night,music bingo night,,false,eligible,,,candidate,volumes,,cl_0003|cl_0004,2026-09-11-01-legacy,2026-09-11-01-legacy,
kw_000028,music bingo staines,music bingo staines,local,false,eligible,,,candidate,volumes,cl_0003,,2026-09-11-01-legacy,2026-09-11-01-legacy,
kw_000029,music bingo surrey,music bingo surrey,local,false,eligible,,,candidate,volumes,cl_0003,,2026-09-11-01-legacy,2026-09-11-01-legacy,
kw_000030,music quiz night near me,music quiz night near me,local,false,eligible,,,candidate,volumes,cl_0001,,2026-09-11-01-legacy,2026-09-11-01-legacy,
kw_000031,musical bingo near me,musical bingo near me,,false,eligible,,,candidate,volumes|gsc,,cl_0003|cl_0004,2026-09-11-01-legacy,2026-09-11-01-legacy,
kw_000032,name that tune bingo,name that tune bingo,,false,eligible,,,candidate,volumes,,,2026-09-11-01-legacy,2026-09-11-01-legacy,
kw_000033,nights out in staines,nights out in staines,local,false,eligible,,,candidate,volumes,cl_0005,,2026-09-11-01-legacy,2026-09-11-01-legacy,
kw_000034,pub bingo near me,pub bingo near me,local,false,eligible,,,candidate,volumes|gsc,cl_0004,,2026-09-11-01-legacy,2026-09-11-01-legacy,
kw_000035,pub bingo surrey,pub bingo surrey,local,false,eligible,,,candidate,volumes,cl_0004,,2026-09-11-01-legacy,2026-09-11-01-legacy,
kw_000036,pub events near me,pub events near me,local,false,eligible,,,candidate,volumes|discover|gsc,cl_0005,,2026-09-11-01-legacy,2026-09-11-01-legacy,
kw_000037,pub games night near me,pub games night near me,,false,avoid,Nikki's Games Night is discontinued as a public format (docs/SSOT.md section 10).,all,candidate,volumes,,,2026-09-11-01-legacy,2026-09-11-01-legacy,
kw_000038,pub quiz ashford middlesex,pub quiz ashford middlesex,local,false,eligible,,,candidate,volumes,cl_0001,,2026-09-11-01-legacy,2026-09-11-01-legacy,
kw_000039,pub quiz egham,pub quiz egham,local,false,eligible,,,candidate,volumes,cl_0001,,2026-09-11-01-legacy,2026-09-11-01-legacy,
kw_000040,pub quiz feltham,pub quiz feltham,local,false,eligible,,,candidate,volumes,cl_0001,,2026-09-11-01-legacy,2026-09-11-01-legacy,
kw_000041,pub quiz near me,pub quiz near me,local,false,eligible,,,candidate,volumes|discover|gsc,cl_0001,,2026-09-11-01-legacy,2026-09-11-01-legacy,
kw_000042,pub quiz staines,pub quiz staines,local,false,eligible,,,candidate,volumes|gsc,cl_0001,,2026-09-11-01-legacy,2026-09-11-01-legacy,
kw_000043,pub quiz surrey,pub quiz surrey,local,false,eligible,,,candidate,volumes|gsc,cl_0001,,2026-09-11-01-legacy,2026-09-11-01-legacy,
kw_000044,pub quiz tonight near me,pub quiz tonight near me,local,false,eligible,,,candidate,volumes|gsc,cl_0001,,2026-09-11-01-legacy,2026-09-11-01-legacy,
kw_000045,pub with events near me,pub with events near me,local,false,eligible,,,candidate,volumes,cl_0005,,2026-09-11-01-legacy,2026-09-11-01-legacy,
kw_000046,quiz night near me,quiz night near me,local,false,eligible,,,candidate,volumes|discover|gsc,cl_0001,,2026-09-11-01-legacy,2026-09-11-01-legacy,
kw_000047,quiz night near staines,quiz night near staines,local,false,eligible,,,candidate,volumes,cl_0001,,2026-09-11-01-legacy,2026-09-11-01-legacy,
kw_000048,quiz night staines,quiz night staines,local,false,eligible,,,candidate,volumes,cl_0001,,2026-09-11-01-legacy,2026-09-11-01-legacy,
kw_000049,quiz night stanwell moor,quiz night stanwell moor,local,false,eligible,,,candidate,volumes,cl_0001,,2026-09-11-01-legacy,2026-09-11-01-legacy,
kw_000050,rock and roll bingo near me,rock and roll bingo near me,,false,eligible,,,candidate,volumes,,cl_0003|cl_0004,2026-09-11-01-legacy,2026-09-11-01-legacy,
kw_000051,snowball bingo,snowball bingo,local,false,eligible,,,candidate,volumes,cl_0004,,2026-09-11-01-legacy,2026-09-11-01-legacy,
kw_000052,song bingo,song bingo,local,false,eligible,,,candidate,volumes,cl_0003,,2026-09-11-01-legacy,2026-09-11-01-legacy,
kw_000053,stanwell moor pub events,stanwell moor pub events,local,false,eligible,,,candidate,volumes,cl_0005,,2026-09-11-01-legacy,2026-09-11-01-legacy,
kw_000054,themed bingo night,themed bingo night,local,false,eligible,,,candidate,volumes,cl_0004,,2026-09-11-01-legacy,2026-09-11-01-legacy,
kw_000055,things to do in ashford middlesex,things to do in ashford middlesex,local,false,eligible,,,candidate,volumes,cl_0005,,2026-09-11-01-legacy,2026-09-11-01-legacy,
kw_000056,things to do in staines tonight,things to do in staines tonight,local,false,eligible,,,candidate,volumes,cl_0005,,2026-09-11-01-legacy,2026-09-11-01-legacy,
kw_000057,traditional bingo near me,traditional bingo near me,local,false,eligible,,,candidate,volumes,cl_0004,,2026-09-11-01-legacy,2026-09-11-01-legacy,
kw_000058,trivia night near me,trivia night near me,local,false,eligible,,,candidate,volumes|discover|gsc,cl_0001,,2026-09-11-01-legacy,2026-09-11-01-legacy,
kw_000059,wednesday pub quiz,wednesday pub quiz,local,false,eligible,,,candidate,volumes,cl_0001,,2026-09-11-01-legacy,2026-09-11-01-legacy,
kw_000060,whats on in staines this week,whats on in staines this week,local,false,eligible,,,candidate,volumes,cl_0005,,2026-09-11-01-legacy,2026-09-11-01-legacy,
kw_000061,whats on near me tonight,whats on near me tonight,local,false,eligible,,,candidate,discover,cl_0005,,2026-09-11-01-legacy,2026-09-11-01-legacy,
kw_000062,things to do in staines,things to do in staines,local,false,eligible,,,candidate,discover,cl_0005,,2026-09-11-01-legacy,2026-09-11-01-legacy,
kw_000063,things to do near heathrow,things to do near heathrow,local,false,eligible,,,candidate,discover,cl_0005,,2026-09-11-01-legacy,2026-09-11-01-legacy,
kw_000064,pub entertainment near me,pub entertainment near me,local,false,eligible,,,candidate,discover,cl_0005,,2026-09-11-01-legacy,2026-09-11-01-legacy,
kw_000065,whats on this weekend near me,whats on this weekend near me,local,false,eligible,,,candidate,discover,cl_0005,,2026-09-11-01-legacy,2026-09-11-01-legacy,
kw_000066,things to do near me this weekend,things to do near me this weekend,local,false,eligible,,,candidate,discover,cl_0005,,2026-09-11-01-legacy,2026-09-11-01-legacy,
kw_000067,what to do today near me,what to do today near me,,false,eligible,,,candidate,discover,,,2026-09-11-01-legacy,2026-09-11-01-legacy,
kw_000068,events near me this weekend,events near me this weekend,local,false,eligible,,,candidate,discover,cl_0005,,2026-09-11-01-legacy,2026-09-11-01-legacy,
kw_000069,events near me today,events near me today,local,false,eligible,,,candidate,discover,cl_0005,,2026-09-11-01-legacy,2026-09-11-01-legacy,
kw_000070,what to do this weekend near me,what to do this weekend near me,,false,eligible,,,candidate,discover,,,2026-09-11-01-legacy,2026-09-11-01-legacy,
kw_000071,what going on this weekend near me,what going on this weekend near me,,false,eligible,,,candidate,discover,,,2026-09-11-01-legacy,2026-09-11-01-legacy,
kw_000072,what's on near me today,what's on near me today,local,false,eligible,,,candidate,discover,cl_0005,,2026-09-11-01-legacy,2026-09-11-01-legacy,
kw_000073,what to do tonight near me,what to do tonight near me,,false,eligible,,,candidate,discover,,,2026-09-11-01-legacy,2026-09-11-01-legacy,
kw_000074,local events this weekend,local events this weekend,,false,eligible,,,candidate,discover,,,2026-09-11-01-legacy,2026-09-11-01-legacy,
kw_000075,what's happening this weekend near me,what's happening this weekend near me,,false,eligible,,,candidate,discover,,,2026-09-11-01-legacy,2026-09-11-01-legacy,
kw_000076,fun things to do this weekend near me,fun things to do this weekend near me,local,false,eligible,,,candidate,discover,cl_0005,,2026-09-11-01-legacy,2026-09-11-01-legacy,
kw_000077,what's going on this weekend near me,what's going on this weekend near me,,false,eligible,,,candidate,discover,,,2026-09-11-01-legacy,2026-09-11-01-legacy,
kw_000078,karaoke rooms near me,karaoke rooms near me,,false,eligible,,,candidate,discover,,,2026-09-11-01-legacy,2026-09-11-01-legacy,
kw_000079,pubs with function rooms near me,pubs with function rooms near me,,false,eligible,,,candidate,discover,,,2026-09-11-01-legacy,2026-09-11-01-legacy,
kw_000080,what's happening near me today,what's happening near me today,,false,eligible,,,candidate,discover,,,2026-09-11-01-legacy,2026-09-11-01-legacy,
kw_000081,local events this weekend near me,local events this weekend near me,,false,eligible,,,candidate,discover,,,2026-09-11-01-legacy,2026-09-11-01-legacy,
kw_000082,ktv near me,ktv near me,,false,eligible,,,candidate,discover,,,2026-09-11-01-legacy,2026-09-11-01-legacy,
kw_000083,what's going on today near me,what's going on today near me,,false,eligible,,,candidate,discover,,,2026-09-11-01-legacy,2026-09-11-01-legacy,
kw_000084,karaoke near me tonight,karaoke near me tonight,,false,eligible,,,candidate,discover,,,2026-09-11-01-legacy,2026-09-11-01-legacy,
kw_000085,pubs with live music near me,pubs with live music near me,,false,avoid,"Live music is discontinued in full, owner-confirmed 11 August 2026 (docs/SSOT.md section 10).",all,candidate,discover,,,2026-09-11-01-legacy,2026-09-11-01-legacy,
kw_000086,what is on this weekend near me,what is on this weekend near me,,false,eligible,,,candidate,discover,,,2026-09-11-01-legacy,2026-09-11-01-legacy,
kw_000087,things to do around me this weekend,things to do around me this weekend,local,false,eligible,,,candidate,discover,cl_0005,,2026-09-11-01-legacy,2026-09-11-01-legacy,
kw_000088,family things to do this weekend near me,family things to do this weekend near me,local,false,eligible,,,candidate,discover,cl_0005,,2026-09-11-01-legacy,2026-09-11-01-legacy,
kw_000089,what is happening this weekend near me,what is happening this weekend near me,,false,eligible,,,candidate,discover,,,2026-09-11-01-legacy,2026-09-11-01-legacy,
kw_000090,pubs doing christmas dinner near me,pubs doing christmas dinner near me,,false,eligible,,,candidate,discover,,,2026-09-11-01-legacy,2026-09-11-01-legacy,
kw_000091,what is there to do this weekend near me,what is there to do this weekend near me,,false,eligible,,,candidate,discover,,,2026-09-11-01-legacy,2026-09-11-01-legacy,
kw_000092,private karaoke rooms near me,private karaoke rooms near me,,false,eligible,,,candidate,discover,,,2026-09-11-01-legacy,2026-09-11-01-legacy,
kw_000093,pubs with private function rooms near me,pubs with private function rooms near me,,false,eligible,,,candidate,discover,,,2026-09-11-01-legacy,2026-09-11-01-legacy,
kw_000094,karaoke places near me,karaoke places near me,,false,eligible,,,candidate,discover,,,2026-09-11-01-legacy,2026-09-11-01-legacy,
kw_000095,events happening today near me,events happening today near me,,false,eligible,,,candidate,discover,,,2026-09-11-01-legacy,2026-09-11-01-legacy,
kw_000096,what's on near me tomorrow,what's on near me tomorrow,local,false,eligible,,,candidate,discover,cl_0005,,2026-09-11-01-legacy,2026-09-11-01-legacy,
kw_000097,what to do near me tomorrow,what to do near me tomorrow,,false,eligible,,,candidate,discover,,,2026-09-11-01-legacy,2026-09-11-01-legacy,
kw_000098,pubs with live music near me this weekend,pubs with live music near me this weekend,,false,avoid,"Live music is discontinued in full, owner-confirmed 11 August 2026 (docs/SSOT.md section 10).",all,candidate,discover,,,2026-09-11-01-legacy,2026-09-11-01-legacy,
kw_000099,private karaoke near me,private karaoke near me,,false,eligible,,,candidate,discover,,,2026-09-11-01-legacy,2026-09-11-01-legacy,
kw_000100,pubs with live music near me tonight,pubs with live music near me tonight,,false,avoid,"Live music is discontinued in full, owner-confirmed 11 August 2026 (docs/SSOT.md section 10).",all,candidate,discover,,,2026-09-11-01-legacy,2026-09-11-01-legacy,
kw_000101,what on today near me,what on today near me,,false,eligible,,,candidate,discover,,,2026-09-11-01-legacy,2026-09-11-01-legacy,
kw_000102,fun events this weekend near me,fun events this weekend near me,,false,eligible,,,candidate,discover,,,2026-09-11-01-legacy,2026-09-11-01-legacy,
kw_000103,what is happening near me today,what is happening near me today,,false,eligible,,,candidate,discover,,,2026-09-11-01-legacy,2026-09-11-01-legacy,
kw_000104,bar trivia near me,bar trivia near me,local,false,eligible,,,candidate,discover,cl_0001,,2026-09-11-01-legacy,2026-09-11-01-legacy,
kw_000105,what to do today near me events,what to do today near me events,,false,eligible,,,candidate,discover,,,2026-09-11-01-legacy,2026-09-11-01-legacy,
kw_000106,things to do in my area this weekend,things to do in my area this weekend,local,false,eligible,,,candidate,discover,cl_0005,,2026-09-11-01-legacy,2026-09-11-01-legacy,
kw_000107,what is happening near me this weekend,what is happening near me this weekend,,false,eligible,,,candidate,discover,,,2026-09-11-01-legacy,2026-09-11-01-legacy,
kw_000108,events happening near me this weekend,events happening near me this weekend,,false,eligible,,,candidate,discover,,,2026-09-11-01-legacy,2026-09-11-01-legacy,
kw_000109,karaoke birthday party near me,karaoke birthday party near me,,false,eligible,,,candidate,discover,,,2026-09-11-01-legacy,2026-09-11-01-legacy,
kw_000110,what to do today in my area,what to do today in my area,,false,eligible,,,candidate,discover,,,2026-09-11-01-legacy,2026-09-11-01-legacy,
kw_000111,events around me today,events around me today,,false,eligible,,,candidate,discover,,,2026-09-11-01-legacy,2026-09-11-01-legacy,
kw_000112,karaoke near me private room,karaoke near me private room,,false,eligible,,,candidate,discover,,,2026-09-11-01-legacy,2026-09-11-01-legacy,
kw_000113,what to do this friday near me,what to do this friday near me,,false,eligible,,,candidate,discover,,,2026-09-11-01-legacy,2026-09-11-01-legacy,
kw_000114,what is there to do near me this weekend,what is there to do near me this weekend,,false,eligible,,,candidate,discover,,,2026-09-11-01-legacy,2026-09-11-01-legacy,
kw_000115,things to do near me today events,things to do near me today events,local,false,eligible,,,candidate,discover,cl_0005,,2026-09-11-01-legacy,2026-09-11-01-legacy,
kw_000116,fun events today near me,fun events today near me,,false,eligible,,,candidate,discover,,,2026-09-11-01-legacy,2026-09-11-01-legacy,
kw_000117,what is there to do tonight near me,what is there to do tonight near me,,false,eligible,,,candidate,discover,,,2026-09-11-01-legacy,2026-09-11-01-legacy,
kw_000118,what's happening around me this weekend,what's happening around me this weekend,,false,eligible,,,candidate,discover,,,2026-09-11-01-legacy,2026-09-11-01-legacy,
kw_000119,what on this weekend near me,what on this weekend near me,,false,eligible,,,candidate,discover,,,2026-09-11-01-legacy,2026-09-11-01-legacy,
kw_000120,what to do friday night near me,what to do friday night near me,,false,eligible,,,candidate,discover,,,2026-09-11-01-legacy,2026-09-11-01-legacy,
kw_000121,what to do next weekend near me,what to do next weekend near me,,false,eligible,,,candidate,discover,,,2026-09-11-01-legacy,2026-09-11-01-legacy,
kw_000122,what to do saturday near me,what to do saturday near me,,false,eligible,,,candidate,discover,,,2026-09-11-01-legacy,2026-09-11-01-legacy,
kw_000123,local pub bands near me,local pub bands near me,,false,eligible,,,candidate,discover,,,2026-09-11-01-legacy,2026-09-11-01-legacy,
kw_000124,what to do on memorial day near me,what to do on memorial day near me,,false,eligible,,,candidate,discover,,,2026-09-11-01-legacy,2026-09-11-01-legacy,
kw_000125,what's going on tonight near me,what's going on tonight near me,,false,eligible,,,candidate,discover,,,2026-09-11-01-legacy,2026-09-11-01-legacy,
kw_000126,what is happening around me,what is happening around me,,false,eligible,,,candidate,discover,,,2026-09-11-01-legacy,2026-09-11-01-legacy,
kw_000127,events around me this weekend,events around me this weekend,,false,eligible,,,candidate,discover,,,2026-09-11-01-legacy,2026-09-11-01-legacy,
kw_000128,anything happening today near me,anything happening today near me,,false,eligible,,,candidate,discover,,,2026-09-11-01-legacy,2026-09-11-01-legacy,
kw_000129,what to do this saturday near me,what to do this saturday near me,,false,eligible,,,candidate,discover,,,2026-09-11-01-legacy,2026-09-11-01-legacy,
kw_000130,what's going on around me today,what's going on around me today,,false,eligible,,,candidate,discover,,,2026-09-11-01-legacy,2026-09-11-01-legacy,
kw_000131,korean karaoke near me,korean karaoke near me,,false,eligible,,,candidate,discover,,,2026-09-11-01-legacy,2026-09-11-01-legacy,
kw_000132,what can i do this weekend near me,what can i do this weekend near me,,false,eligible,,,candidate,discover,,,2026-09-11-01-legacy,2026-09-11-01-legacy,
kw_000133,what can i do tomorrow near me,what can i do tomorrow near me,,false,eligible,,,candidate,discover,,,2026-09-11-01-legacy,2026-09-11-01-legacy,
kw_000134,christmas events this weekend near me,christmas events this weekend near me,,false,eligible,,,candidate,discover,,,2026-09-11-01-legacy,2026-09-11-01-legacy,
kw_000135,local pub quiz nights near me,local pub quiz nights near me,local,false,eligible,,,candidate,discover|gsc,cl_0001,,2026-09-11-01-legacy,2026-09-11-01-legacy,
kw_000136,what to do on the weekend near me,what to do on the weekend near me,,false,eligible,,,candidate,discover,,,2026-09-11-01-legacy,2026-09-11-01-legacy,
kw_000137,what events are happening this weekend near me,what events are happening this weekend near me,,false,eligible,,,candidate,discover,,,2026-09-11-01-legacy,2026-09-11-01-legacy,
kw_000138,local things to do this weekend,local things to do this weekend,local,false,eligible,,,candidate,discover,cl_0005,,2026-09-11-01-legacy,2026-09-11-01-legacy,
kw_000139,what to do around me this weekend,what to do around me this weekend,,false,eligible,,,candidate,discover,,,2026-09-11-01-legacy,2026-09-11-01-legacy,
kw_000140,live band karaoke near me,live band karaoke near me,,false,eligible,,,candidate,discover,,,2026-09-11-01-legacy,2026-09-11-01-legacy,
kw_000141,what's happening tonight near me,what's happening tonight near me,,false,eligible,,,candidate,discover,,,2026-09-11-01-legacy,2026-09-11-01-legacy,
kw_000142,events and things to do near me this weekend,events and things to do near me this weekend,local,false,eligible,,,candidate,discover,cl_0005,,2026-09-11-01-legacy,2026-09-11-01-legacy,
kw_000143,things do this weekend near me,things do this weekend near me,,false,eligible,,,candidate,discover,,,2026-09-11-01-legacy,2026-09-11-01-legacy,
kw_000144,what do this weekend near me,what do this weekend near me,,false,eligible,,,candidate,discover,,,2026-09-11-01-legacy,2026-09-11-01-legacy,
kw_000145,what to do this afternoon near me,what to do this afternoon near me,,false,eligible,,,candidate,discover,,,2026-09-11-01-legacy,2026-09-11-01-legacy,
kw_000146,special events today near me,special events today near me,,false,eligible,,,candidate,discover,,,2026-09-11-01-legacy,2026-09-11-01-legacy,
kw_000147,what should i do tonight near me,what should i do tonight near me,,false,eligible,,,candidate,discover,,,2026-09-11-01-legacy,2026-09-11-01-legacy,
kw_000148,what to do this sunday near me,what to do this sunday near me,,false,eligible,,,candidate,discover,,,2026-09-11-01-legacy,2026-09-11-01-legacy,
kw_000149,area events this weekend near me,area events this weekend near me,,false,eligible,,,candidate,discover,,,2026-09-11-01-legacy,2026-09-11-01-legacy,
kw_000150,live irish music near me,live irish music near me,,false,eligible,,,candidate,discover,,,2026-09-11-01-legacy,2026-09-11-01-legacy,
kw_000151,what to today near me,what to today near me,,false,eligible,,,candidate,discover,,,2026-09-11-01-legacy,2026-09-11-01-legacy,
kw_000152,pub venue hire near me,pub venue hire near me,,false,eligible,,,candidate,discover,,,2026-09-11-01-legacy,2026-09-11-01-legacy,
kw_000153,what to this weekend near me,what to this weekend near me,,false,eligible,,,candidate,discover,,,2026-09-11-01-legacy,2026-09-11-01-legacy,
kw_000154,pub trivia near me,pub trivia near me,local,false,eligible,,,candidate,discover|gsc,cl_0001,,2026-09-11-01-legacy,2026-09-11-01-legacy,
kw_000155,what to do this evening near me,what to do this evening near me,,false,eligible,,,candidate,discover,,,2026-09-11-01-legacy,2026-09-11-01-legacy,
kw_000156,family karaoke near me,family karaoke near me,,false,eligible,,,candidate,discover,,,2026-09-11-01-legacy,2026-09-11-01-legacy,
kw_000157,karaoke party near me,karaoke party near me,,false,eligible,,,candidate,discover,,,2026-09-11-01-legacy,2026-09-11-01-legacy,
kw_000158,what's on next weekend near me,what's on next weekend near me,local,false,eligible,,,candidate,discover,cl_0005,,2026-09-11-01-legacy,2026-09-11-01-legacy,
kw_000159,what events are happening near me,what events are happening near me,,false,eligible,,,candidate,discover,,,2026-09-11-01-legacy,2026-09-11-01-legacy,
kw_000160,what can i do near me today,what can i do near me today,,false,eligible,,,candidate,discover,,,2026-09-11-01-legacy,2026-09-11-01-legacy,
kw_000161,events to do near me today,events to do near me today,,false,eligible,,,candidate,discover,,,2026-09-11-01-legacy,2026-09-11-01-legacy,
kw_000162,any events today near me,any events today near me,,false,eligible,,,candidate,discover,,,2026-09-11-01-legacy,2026-09-11-01-legacy,
kw_000163,what to do memorial day weekend near me,what to do memorial day weekend near me,,false,eligible,,,candidate,discover,,,2026-09-11-01-legacy,2026-09-11-01-legacy,
kw_000164,events in my area today,events in my area today,,false,eligible,,,candidate,discover,,,2026-09-11-01-legacy,2026-09-11-01-legacy,
kw_000165,what events are happening today near me,what events are happening today near me,,false,eligible,,,candidate,discover,,,2026-09-11-01-legacy,2026-09-11-01-legacy,
kw_000166,what to do on labor day near me,what to do on labor day near me,,false,eligible,,,candidate,discover,,,2026-09-11-01-legacy,2026-09-11-01-legacy,
kw_000167,what's happening around me today,what's happening around me today,,false,eligible,,,candidate,discover,,,2026-09-11-01-legacy,2026-09-11-01-legacy,
kw_000168,what to do on saturday night near me,what to do on saturday night near me,,false,eligible,,,candidate,discover,,,2026-09-11-01-legacy,2026-09-11-01-legacy,
kw_000169,what's happening tomorrow near me,what's happening tomorrow near me,,false,eligible,,,candidate,discover,,,2026-09-11-01-legacy,2026-09-11-01-legacy,
kw_000170,whats to do near me today,whats to do near me today,,false,eligible,,,candidate,discover,,,2026-09-11-01-legacy,2026-09-11-01-legacy,
kw_000171,pub quiz nights near me,pub quiz nights near me,local,false,eligible,,,candidate,discover|gsc,cl_0001,,2026-09-11-01-legacy,2026-09-11-01-legacy,
kw_000172,things to do on weekends near me,things to do on weekends near me,local,false,eligible,,,candidate,discover,cl_0005,,2026-09-11-01-legacy,2026-09-11-01-legacy,
kw_000173,events in my area this weekend,events in my area this weekend,,false,eligible,,,candidate,discover,,,2026-09-11-01-legacy,2026-09-11-01-legacy,
kw_000174,what's happening in my area right now,what's happening in my area right now,,false,eligible,,,candidate,discover,,,2026-09-11-01-legacy,2026-09-11-01-legacy,
kw_000175,karaoke places for under 18 near me,karaoke places for under 18 near me,,false,eligible,,,candidate,discover,,,2026-09-11-01-legacy,2026-09-11-01-legacy,
kw_000176,things to do nearby this weekend,things to do nearby this weekend,local,false,eligible,,,candidate,discover,cl_0005,,2026-09-11-01-legacy,2026-09-11-01-legacy,
kw_000177,pub gigs near me,pub gigs near me,,false,eligible,,,candidate,discover,,,2026-09-11-01-legacy,2026-09-11-01-legacy,
kw_000178,midnight bingo near me,midnight bingo near me,local,false,eligible,,,candidate,discover,cl_0004,,2026-09-11-01-legacy,2026-09-11-01-legacy,
kw_000179,what's going on in my area this weekend,what's going on in my area this weekend,,false,eligible,,,candidate,discover,,,2026-09-11-01-legacy,2026-09-11-01-legacy,
kw_000180,pubs for hire near me,pubs for hire near me,,false,eligible,,,candidate,discover,,,2026-09-11-01-legacy,2026-09-11-01-legacy,
kw_000181,events going on near me today,events going on near me today,,false,eligible,,,candidate,discover,,,2026-09-11-01-legacy,2026-09-11-01-legacy,
kw_000182,things to do the weekend near me,things to do the weekend near me,local,false,eligible,,,candidate,discover,cl_0005,,2026-09-11-01-legacy,2026-09-11-01-legacy,
kw_000183,what to do for memorial day weekend near me,what to do for memorial day weekend near me,,false,eligible,,,candidate,discover,,,2026-09-11-01-legacy,2026-09-11-01-legacy,
kw_000184,things to do near me weekend,things to do near me weekend,local,false,eligible,,,candidate,discover,cl_0005,,2026-09-11-01-legacy,2026-09-11-01-legacy,
kw_000185,karaoke near me for birthday party,karaoke near me for birthday party,,false,eligible,,,candidate,discover,,,2026-09-11-01-legacy,2026-09-11-01-legacy,
kw_000186,what's there to do this weekend near me,what's there to do this weekend near me,,false,eligible,,,candidate,discover,,,2026-09-11-01-legacy,2026-09-11-01-legacy,
kw_000187,best karaoke near me,best karaoke near me,,false,eligible,,,candidate,discover,,,2026-09-11-01-legacy,2026-09-11-01-legacy,
kw_000188,what can we do tomorrow near me,what can we do tomorrow near me,,false,eligible,,,candidate,discover,,,2026-09-11-01-legacy,2026-09-11-01-legacy,
kw_000189,what to do saturday night near me,what to do saturday night near me,,false,eligible,,,candidate,discover,,,2026-09-11-01-legacy,2026-09-11-01-legacy,
kw_000190,cheap karaoke near me,cheap karaoke near me,,false,eligible,,,candidate,discover,,,2026-09-11-01-legacy,2026-09-11-01-legacy,
kw_000191,ktv bar near me,ktv bar near me,,false,eligible,,,candidate,discover,,,2026-09-11-01-legacy,2026-09-11-01-legacy,
kw_000192,what's happening this weekend around me,what's happening this weekend around me,,false,eligible,,,candidate,discover,,,2026-09-11-01-legacy,2026-09-11-01-legacy,
kw_000193,what to do on memorial day weekend near me,what to do on memorial day weekend near me,,false,eligible,,,candidate,discover,,,2026-09-11-01-legacy,2026-09-11-01-legacy,
kw_000194,pub quiz wednesday near me,pub quiz wednesday near me,local,false,eligible,,,candidate,discover|gsc,cl_0001,,2026-09-11-01-legacy,2026-09-11-01-legacy,
kw_000195,what can i do tonight near me,what can i do tonight near me,,false,eligible,,,candidate,discover,,,2026-09-11-01-legacy,2026-09-11-01-legacy,
kw_000196,late night bingo near me,late night bingo near me,local,false,eligible,,,candidate,discover,cl_0004,,2026-09-11-01-legacy,2026-09-11-01-legacy,
kw_000197,karaoke booth near me,karaoke booth near me,,false,eligible,,,candidate,discover,,,2026-09-11-01-legacy,2026-09-11-01-legacy,
kw_000198,what is going on this weekend around me,what is going on this weekend around me,,false,eligible,,,candidate,discover,,,2026-09-11-01-legacy,2026-09-11-01-legacy,
kw_000199,night pub near me,night pub near me,,false,eligible,,,candidate,discover,,,2026-09-11-01-legacy,2026-09-11-01-legacy,
kw_000200,things to do in weekend near me,things to do in weekend near me,local,false,eligible,,,candidate,discover,cl_0005,,2026-09-11-01-legacy,2026-09-11-01-legacy,
kw_000201,what is there to do tomorrow near me,what is there to do tomorrow near me,,false,eligible,,,candidate,discover,,,2026-09-11-01-legacy,2026-09-11-01-legacy,
kw_000202,area events today near me,area events today near me,,false,eligible,,,candidate,discover,,,2026-09-11-01-legacy,2026-09-11-01-legacy,
kw_000203,things to do weekend near me,things to do weekend near me,local,false,eligible,,,candidate,discover,cl_0005,,2026-09-11-01-legacy,2026-09-11-01-legacy,
kw_000204,local family events this weekend,local family events this weekend,,false,eligible,,,candidate,discover,,,2026-09-11-01-legacy,2026-09-11-01-legacy,
kw_000205,what's going on tomorrow near me,what's going on tomorrow near me,,false,eligible,,,candidate,discover,,,2026-09-11-01-legacy,2026-09-11-01-legacy,
kw_000206,what events are going on near me,what events are going on near me,,false,eligible,,,candidate,discover,,,2026-09-11-01-legacy,2026-09-11-01-legacy,
kw_000207,bank holiday things to do near me,bank holiday things to do near me,local,false,eligible,,,candidate,discover,cl_0005,,2026-09-11-01-legacy,2026-09-11-01-legacy,
kw_000208,what's to do this weekend near me,what's to do this weekend near me,,false,eligible,,,candidate,discover,,,2026-09-11-01-legacy,2026-09-11-01-legacy,
kw_000209,what's happening near me right now,what's happening near me right now,,false,eligible,,,candidate,discover,,,2026-09-11-01-legacy,2026-09-11-01-legacy,
kw_000210,what to do tonight around me,what to do tonight around me,,false,eligible,,,candidate,discover,,,2026-09-11-01-legacy,2026-09-11-01-legacy,
kw_000211,what's going on around me this weekend,what's going on around me this weekend,,false,eligible,,,candidate,discover,,,2026-09-11-01-legacy,2026-09-11-01-legacy,
kw_000212,pub quiz near me thursday,pub quiz near me thursday,local,false,eligible,,,candidate,discover|gsc,cl_0001,,2026-09-11-01-legacy,2026-09-11-01-legacy,
kw_000213,things to do this weekend with family near me,things to do this weekend with family near me,local,false,eligible,,,candidate,discover,cl_0005,,2026-09-11-01-legacy,2026-09-11-01-legacy,
kw_000214,things to do at the weekend near me,things to do at the weekend near me,local,false,eligible,,,candidate,discover,cl_0005,,2026-09-11-01-legacy,2026-09-11-01-legacy,
kw_000215,what to do on a saturday night near me,what to do on a saturday night near me,,false,eligible,,,candidate,discover,,,2026-09-11-01-legacy,2026-09-11-01-legacy,
kw_000216,what's happening in near me this weekend,what's happening in near me this weekend,,false,eligible,,,candidate,discover,,,2026-09-11-01-legacy,2026-09-11-01-legacy,
kw_000217,pubs with private dining rooms near me,pubs with private dining rooms near me,,false,eligible,,,candidate,discover,,,2026-09-11-01-legacy,2026-09-11-01-legacy,
kw_000218,events nearby this weekend,events nearby this weekend,,false,eligible,,,candidate,discover,,,2026-09-11-01-legacy,2026-09-11-01-legacy,
kw_000219,what's happening in my area today,what's happening in my area today,,false,eligible,,,candidate,discover,,,2026-09-11-01-legacy,2026-09-11-01-legacy,
kw_000220,pub music near me,pub music near me,,false,eligible,,,candidate,discover,,,2026-09-11-01-legacy,2026-09-11-01-legacy,
kw_000221,things to do with family near me this weekend,things to do with family near me this weekend,local,false,eligible,,,candidate,discover,cl_0005,,2026-09-11-01-legacy,2026-09-11-01-legacy,
kw_000222,karaoke nearby,karaoke nearby,,false,eligible,,,candidate,discover,,,2026-09-11-01-legacy,2026-09-11-01-legacy,
kw_000223,karaoke lounge near me,karaoke lounge near me,,false,eligible,,,candidate,discover,,,2026-09-11-01-legacy,2026-09-11-01-legacy,
kw_000224,any events this weekend near me,any events this weekend near me,,false,eligible,,,candidate,discover,,,2026-09-11-01-legacy,2026-09-11-01-legacy,
kw_000225,events going on near me this weekend,events going on near me this weekend,,false,eligible,,,candidate,discover,,,2026-09-11-01-legacy,2026-09-11-01-legacy,
kw_000226,things to do near me on the weekend,things to do near me on the weekend,local,false,eligible,,,candidate,discover,cl_0005,,2026-09-11-01-legacy,2026-09-11-01-legacy,
kw_000227,family friendly events today near me,family friendly events today near me,,false,eligible,,,candidate,discover,,,2026-09-11-01-legacy,2026-09-11-01-legacy,
kw_000228,what's up this weekend near me,what's up this weekend near me,,false,eligible,,,candidate,discover,,,2026-09-11-01-legacy,2026-09-11-01-legacy,
kw_000229,what to do near me today events,what to do near me today events,,false,eligible,,,candidate,discover,,,2026-09-11-01-legacy,2026-09-11-01-legacy,
kw_000230,pub function room hire near me,pub function room hire near me,,false,eligible,,,candidate,discover,,,2026-09-11-01-legacy,2026-09-11-01-legacy,
kw_000231,karaoke near me under 21,karaoke near me under 21,,false,eligible,,,candidate,discover,,,2026-09-11-01-legacy,2026-09-11-01-legacy,
kw_000232,local trivia nights near me,local trivia nights near me,local,false,eligible,,,candidate,discover,cl_0001,,2026-09-11-01-legacy,2026-09-11-01-legacy,
kw_000233,karaoke restaurants near me,karaoke restaurants near me,,false,eligible,,,candidate,discover,,,2026-09-11-01-legacy,2026-09-11-01-legacy,
kw_000234,best things to do this weekend near me,best things to do this weekend near me,local,false,eligible,,,candidate,discover,cl_0005,,2026-09-11-01-legacy,2026-09-11-01-legacy,
kw_000235,what to do labor day weekend near me,what to do labor day weekend near me,,false,eligible,,,candidate,discover,,,2026-09-11-01-legacy,2026-09-11-01-legacy,
kw_000236,friday night bingo near me,friday night bingo near me,local,false,eligible,,,candidate,discover,cl_0004,,2026-09-11-01-legacy,2026-09-11-01-legacy,
kw_000237,what is going on tonight near me,what is going on tonight near me,,false,eligible,,,candidate,discover,,,2026-09-11-01-legacy,2026-09-11-01-legacy,
kw_000238,what to do in my area this weekend,what to do in my area this weekend,,false,eligible,,,candidate,discover,,,2026-09-11-01-legacy,2026-09-11-01-legacy,
kw_000239,things near me to do this weekend,things near me to do this weekend,,false,eligible,,,candidate,discover,,,2026-09-11-01-legacy,2026-09-11-01-legacy,
kw_000240,what can we do this weekend near me,what can we do this weekend near me,,false,eligible,,,candidate,discover,,,2026-09-11-01-legacy,2026-09-11-01-legacy,
kw_000241,what do near me today,what do near me today,,false,eligible,,,candidate,discover,,,2026-09-11-01-legacy,2026-09-11-01-legacy,
kw_000242,what's there to do today around me,what's there to do today around me,,false,eligible,,,candidate,discover,,,2026-09-11-01-legacy,2026-09-11-01-legacy,
kw_000243,local events today near me,local events today near me,,false,eligible,,,candidate,discover,,,2026-09-11-01-legacy,2026-09-11-01-legacy,
kw_000244,what's on around me today,what's on around me today,local,false,eligible,,,candidate,discover,cl_0005,,2026-09-11-01-legacy,2026-09-11-01-legacy,
kw_000245,karaoke pubs near me,karaoke pubs near me,,false,eligible,,,candidate,discover,,,2026-09-11-01-legacy,2026-09-11-01-legacy,
kw_000246,karaoke for minors near me,karaoke for minors near me,,false,eligible,,,candidate,discover,,,2026-09-11-01-legacy,2026-09-11-01-legacy,
kw_000247,pubs for private hire near me,pubs for private hire near me,,false,eligible,,,candidate,discover,,,2026-09-11-01-legacy,2026-09-11-01-legacy,
kw_000248,what to do near me this weekend 2022,what to do near me this weekend 2022,,false,eligible,,,candidate,discover,,,2026-09-11-01-legacy,2026-09-11-01-legacy,
kw_000249,bar trivia near me tonight,bar trivia near me tonight,local,false,eligible,,,candidate,discover,cl_0001,,2026-09-11-01-legacy,2026-09-11-01-legacy,
kw_000250,nearest karaoke bar,nearest karaoke bar,,false,eligible,,,candidate,discover,,,2026-09-11-01-legacy,2026-09-11-01-legacy,
kw_000251,special events this weekend near me,special events this weekend near me,,false,eligible,,,candidate,discover,,,2026-09-11-01-legacy,2026-09-11-01-legacy,
kw_000252,pub quiz near me wednesday,pub quiz near me wednesday,local,false,eligible,,,candidate,discover|gsc,cl_0001,,2026-09-11-01-legacy,2026-09-11-01-legacy,
kw_000253,pub poker nights near me,pub poker nights near me,,false,eligible,,,candidate,discover,,,2026-09-11-01-legacy,2026-09-11-01-legacy,
kw_000254,what events are on today near me,what events are on today near me,,false,eligible,,,candidate,discover,,,2026-09-11-01-legacy,2026-09-11-01-legacy,
kw_000255,karaoke near me for minors,karaoke near me for minors,,false,eligible,,,candidate,discover,,,2026-09-11-01-legacy,2026-09-11-01-legacy,
kw_000256,what is on near me this weekend,what is on near me this weekend,,false,eligible,,,candidate,discover,,,2026-09-11-01-legacy,2026-09-11-01-legacy,
kw_000257,any events going on near me,any events going on near me,,false,eligible,,,candidate,discover,,,2026-09-11-01-legacy,2026-09-11-01-legacy,
kw_000258,what to do in weekend near me,what to do in weekend near me,,false,eligible,,,candidate,discover,,,2026-09-11-01-legacy,2026-09-11-01-legacy,
kw_000259,bars with karaoke near me,bars with karaoke near me,,false,eligible,,,candidate,discover,,,2026-09-11-01-legacy,2026-09-11-01-legacy,
kw_000260,local events today in my area,local events today in my area,,false,eligible,,,candidate,discover,,,2026-09-11-01-legacy,2026-09-11-01-legacy,
kw_000261,things to do this weekend near me family,things to do this weekend near me family,local,false,eligible,,,candidate,discover,cl_0005,,2026-09-11-01-legacy,2026-09-11-01-legacy,
kw_000262,karaoke band near me,karaoke band near me,,false,eligible,,,candidate,discover,,,2026-09-11-01-legacy,2026-09-11-01-legacy,
kw_000263,karaoke room rental near me,karaoke room rental near me,,false,eligible,,,candidate,discover,,,2026-09-11-01-legacy,2026-09-11-01-legacy,
kw_000264,what is there to do this weekend in my area,what is there to do this weekend in my area,,false,eligible,,,candidate,discover,,,2026-09-11-01-legacy,2026-09-11-01-legacy,
kw_000265,what to do next week near me,what to do next week near me,,false,eligible,,,candidate,discover,,,2026-09-11-01-legacy,2026-09-11-01-legacy,
kw_000266,what events are going on this weekend near me,what events are going on this weekend near me,,false,eligible,,,candidate,discover,,,2026-09-11-01-legacy,2026-09-11-01-legacy,
kw_000267,what events are going on near me this weekend,what events are going on near me this weekend,,false,eligible,,,candidate,discover,,,2026-09-11-01-legacy,2026-09-11-01-legacy,
kw_000268,events nearby today,events nearby today,,false,eligible,,,candidate,discover,,,2026-09-11-01-legacy,2026-09-11-01-legacy,
kw_000269,things to do outside near me this weekend,things to do outside near me this weekend,local,false,eligible,,,candidate,discover,cl_0005,,2026-09-11-01-legacy,2026-09-11-01-legacy,
kw_000270,what events are going on today near me,what events are going on today near me,,false,eligible,,,candidate,discover,,,2026-09-11-01-legacy,2026-09-11-01-legacy,
kw_000271,events near by me today,events near by me today,,false,eligible,,,candidate,discover,,,2026-09-11-01-legacy,2026-09-11-01-legacy,
kw_000272,what's going this weekend near me,what's going this weekend near me,,false,eligible,,,candidate,discover,,,2026-09-11-01-legacy,2026-09-11-01-legacy,
kw_000273,karaoke near me under 18,karaoke near me under 18,,false,eligible,,,candidate,discover,,,2026-09-11-01-legacy,2026-09-11-01-legacy,
kw_000274,what's happening this weekend in my area,what's happening this weekend in my area,,false,eligible,,,candidate,discover,,,2026-09-11-01-legacy,2026-09-11-01-legacy,
kw_000275,what's on this week near me,what's on this week near me,local,false,eligible,,,candidate,discover,cl_0005,,2026-09-11-01-legacy,2026-09-11-01-legacy,
kw_000276,what to do on labor day weekend near me,what to do on labor day weekend near me,,false,eligible,,,candidate,discover,,,2026-09-11-01-legacy,2026-09-11-01-legacy,
kw_000277,what should i do tomorrow near me,what should i do tomorrow near me,,false,eligible,,,candidate,discover,,,2026-09-11-01-legacy,2026-09-11-01-legacy,
kw_000278,events for the weekend near me,events for the weekend near me,,false,eligible,,,candidate,discover,,,2026-09-11-01-legacy,2026-09-11-01-legacy,
kw_000279,videoke bar near me,videoke bar near me,,false,eligible,,,candidate,discover,,,2026-09-11-01-legacy,2026-09-11-01-legacy,
kw_000280,what is there to do tonight in my area,what is there to do tonight in my area,,false,eligible,,,candidate,discover,,,2026-09-11-01-legacy,2026-09-11-01-legacy,
kw_000281,midnight bingo near me tonight,midnight bingo near me tonight,local,false,eligible,,,candidate,discover,cl_0004,,2026-09-11-01-legacy,2026-09-11-01-legacy,
kw_000282,what's happening next weekend near me,what's happening next weekend near me,,false,eligible,,,candidate,discover,,,2026-09-11-01-legacy,2026-09-11-01-legacy,
kw_000283,karaoke spots near me,karaoke spots near me,,false,eligible,,,candidate,discover,,,2026-09-11-01-legacy,2026-09-11-01-legacy,
kw_000284,what should i do this weekend near me,what should i do this weekend near me,,false,eligible,,,candidate,discover,,,2026-09-11-01-legacy,2026-09-11-01-legacy,
kw_000285,things do near me this weekend,things do near me this weekend,,false,eligible,,,candidate,discover,,,2026-09-11-01-legacy,2026-09-11-01-legacy,
kw_000286,karaoke venues near me,karaoke venues near me,,false,eligible,,,candidate,discover,,,2026-09-11-01-legacy,2026-09-11-01-legacy,
kw_000287,karaoke places near me under 18,karaoke places near me under 18,,false,eligible,,,candidate,discover,,,2026-09-11-01-legacy,2026-09-11-01-legacy,
kw_000288,karaoke near me open now,karaoke near me open now,,false,eligible,,,candidate,discover,,,2026-09-11-01-legacy,2026-09-11-01-legacy,
kw_000289,what is on tomorrow near me,what is on tomorrow near me,,false,eligible,,,candidate,discover,,,2026-09-11-01-legacy,2026-09-11-01-legacy,
kw_000290,pubs with live music near me tomorrow,pubs with live music near me tomorrow,,false,avoid,"Live music is discontinued in full, owner-confirmed 11 August 2026 (docs/SSOT.md section 10).",all,candidate,discover,,,2026-09-11-01-legacy,2026-09-11-01-legacy,
kw_000291,what to do near me next weekend,what to do near me next weekend,,false,eligible,,,candidate,discover,,,2026-09-11-01-legacy,2026-09-11-01-legacy,
kw_000292,what's going on this weekend in my area,what's going on this weekend in my area,,false,eligible,,,candidate,discover,,,2026-09-11-01-legacy,2026-09-11-01-legacy,
kw_000293,what's happening near me now,what's happening near me now,,false,eligible,,,candidate,discover,,,2026-09-11-01-legacy,2026-09-11-01-legacy,
kw_000294,best karaoke places near me,best karaoke places near me,,false,eligible,,,candidate,discover,,,2026-09-11-01-legacy,2026-09-11-01-legacy,
kw_000295,cool things to do this weekend near me,cool things to do this weekend near me,local,false,eligible,,,candidate,discover,cl_0005,,2026-09-11-01-legacy,2026-09-11-01-legacy,
kw_000296,pubs for party hire near me,pubs for party hire near me,,false,eligible,,,candidate,discover,,,2026-09-11-01-legacy,2026-09-11-01-legacy,
kw_000297,events and festivals near me today,events and festivals near me today,,false,eligible,,,candidate,discover,,,2026-09-11-01-legacy,2026-09-11-01-legacy,
kw_000298,karaoke near me with private rooms,karaoke near me with private rooms,,false,eligible,,,candidate,discover,,,2026-09-11-01-legacy,2026-09-11-01-legacy,
kw_000299,events and festivals near me this weekend,events and festivals near me this weekend,,false,eligible,,,candidate,discover,,,2026-09-11-01-legacy,2026-09-11-01-legacy,
kw_000300,fun family things to do this weekend near me,fun family things to do this weekend near me,local,false,eligible,,,candidate,discover,cl_0005,,2026-09-11-01-legacy,2026-09-11-01-legacy,
kw_000301,community events today near me,community events today near me,,false,eligible,,,candidate,discover,,,2026-09-11-01-legacy,2026-09-11-01-legacy,
kw_000302,things to do near me for the weekend,things to do near me for the weekend,local,false,eligible,,,candidate,discover,cl_0005,,2026-09-11-01-legacy,2026-09-11-01-legacy,
kw_000303,party pubs near me,party pubs near me,,false,eligible,,,candidate,discover,,,2026-09-11-01-legacy,2026-09-11-01-legacy,
kw_000304,events happening around me this weekend,events happening around me this weekend,,false,eligible,,,candidate,discover,,,2026-09-11-01-legacy,2026-09-11-01-legacy,
kw_000305,18 and older karaoke near me,18 and older karaoke near me,,false,eligible,,,candidate,discover,,,2026-09-11-01-legacy,2026-09-11-01-legacy,
kw_000306,18 karaoke bars near me,18 karaoke bars near me,,false,eligible,,,candidate,discover,,,2026-09-11-01-legacy,2026-09-11-01-legacy,
kw_000307,18 karaoke near me,18 karaoke near me,,false,eligible,,,candidate,discover,,,2026-09-11-01-legacy,2026-09-11-01-legacy,
kw_000308,18 plus karaoke near me,18 plus karaoke near me,,false,eligible,,,candidate,discover,,,2026-09-11-01-legacy,2026-09-11-01-legacy,
kw_000309,24 hour karaoke near me,24 hour karaoke near me,,false,eligible,,,candidate,discover,,,2026-09-11-01-legacy,2026-09-11-01-legacy,
kw_000310,24 hours ktv near me,24 hours ktv near me,,false,eligible,,,candidate,discover,,,2026-09-11-01-legacy,2026-09-11-01-legacy,
kw_000311,affordable karaoke near me,affordable karaoke near me,,false,eligible,,,candidate,discover,,,2026-09-11-01-legacy,2026-09-11-01-legacy,
kw_000312,afternoon karaoke near me,afternoon karaoke near me,,false,eligible,,,candidate,discover,,,2026-09-11-01-legacy,2026-09-11-01-legacy,
kw_000313,all age karaoke near me,all age karaoke near me,,false,eligible,,,candidate,discover,,,2026-09-11-01-legacy,2026-09-11-01-legacy,
kw_000314,all day karaoke near me,all day karaoke near me,,false,eligible,,,candidate,discover,,,2026-09-11-01-legacy,2026-09-11-01-legacy,
kw_000315,all night bingo near me,all night bingo near me,local,false,eligible,,,candidate,discover,cl_0004,,2026-09-11-01-legacy,2026-09-11-01-legacy,
kw_000316,all night pubs near me,all night pubs near me,,false,eligible,,,candidate,discover,,,2026-09-11-01-legacy,2026-09-11-01-legacy,
kw_000317,american karaoke near me,american karaoke near me,,false,eligible,,,candidate,discover,,,2026-09-11-01-legacy,2026-09-11-01-legacy,
kw_000318,any bingo tonight near me,any bingo tonight near me,,false,eligible,,,candidate,discover,,,2026-09-11-01-legacy,2026-09-11-01-legacy,
kw_000319,any events happening today near me,any events happening today near me,,false,eligible,,,candidate,discover,,,2026-09-11-01-legacy,2026-09-11-01-legacy,
kw_000320,any events on today near me,any events on today near me,,false,eligible,,,candidate,discover,,,2026-09-11-01-legacy,2026-09-11-01-legacy,
kw_000321,any karaoke bars near me,any karaoke bars near me,,false,eligible,,,candidate,discover,,,2026-09-11-01-legacy,2026-09-11-01-legacy,
kw_000322,any karaoke near me,any karaoke near me,,false,eligible,,,candidate,discover,,,2026-09-11-01-legacy,2026-09-11-01-legacy,
kw_000323,any karaoke tonight near me,any karaoke tonight near me,,false,eligible,,,candidate,discover,,,2026-09-11-01-legacy,2026-09-11-01-legacy,
kw_000324,any ktv open now,any ktv open now,,false,eligible,,,candidate,discover,,,2026-09-11-01-legacy,2026-09-11-01-legacy,
kw_000325,anything happening near me today,anything happening near me today,,false,eligible,,,candidate,discover,,,2026-09-11-01-legacy,2026-09-11-01-legacy,
kw_000326,are there any events today near me,are there any events today near me,,false,eligible,,,candidate,discover,,,2026-09-11-01-legacy,2026-09-11-01-legacy,
kw_000327,asian karaoke bar near me,asian karaoke bar near me,,false,eligible,,,candidate,discover,,,2026-09-11-01-legacy,2026-09-11-01-legacy,
kw_000328,asian karaoke near me,asian karaoke near me,,false,eligible,,,candidate,discover,,,2026-09-11-01-legacy,2026-09-11-01-legacy,
kw_000329,asian style karaoke near me,asian style karaoke near me,,false,eligible,,,candidate,discover,,,2026-09-11-01-legacy,2026-09-11-01-legacy,
kw_000330,attractions near staines,attractions near staines,,false,eligible,,,candidate,discover,,,2026-09-11-01-legacy,2026-09-11-01-legacy,
kw_000331,august bank holiday things to do near me,august bank holiday things to do near me,local,false,eligible,,,candidate,discover,cl_0005,,2026-09-11-01-legacy,2026-09-11-01-legacy,
kw_000332,august bank holiday what's on near me,august bank holiday what's on near me,local,false,eligible,,,candidate,discover,cl_0005,,2026-09-11-01-legacy,2026-09-11-01-legacy,
kw_000333,august bank holiday whats on near me,august bank holiday whats on near me,local,false,eligible,,,candidate,discover,cl_0005,,2026-09-11-01-legacy,2026-09-11-01-legacy,
kw_000334,axe throwing pub near me,axe throwing pub near me,,false,eligible,,,candidate,discover,,,2026-09-11-01-legacy,2026-09-11-01-legacy,
kw_000335,ban ban karaoke near me,ban ban karaoke near me,,false,eligible,,,candidate,discover,,,2026-09-11-01-legacy,2026-09-11-01-legacy,
kw_000336,bank holiday weekend things to do near me,bank holiday weekend things to do near me,local,false,eligible,,,candidate,discover,cl_0005,,2026-09-11-01-legacy,2026-09-11-01-legacy,
kw_000337,bar and karaoke near me,bar and karaoke near me,,false,eligible,,,candidate,discover,,,2026-09-11-01-legacy,2026-09-11-01-legacy,
kw_000338,bar karaoke near me,bar karaoke near me,,false,eligible,,,candidate,discover,,,2026-09-11-01-legacy,2026-09-11-01-legacy,
kw_000339,bar near me karaoke,bar near me karaoke,,false,eligible,,,candidate,discover,,,2026-09-11-01-legacy,2026-09-11-01-legacy,
kw_000340,bar near me with karaoke,bar near me with karaoke,,false,eligible,,,candidate,discover,,,2026-09-11-01-legacy,2026-09-11-01-legacy,
kw_000341,bar trivia friday night near me,bar trivia friday night near me,local,false,eligible,,,candidate,discover,cl_0001,,2026-09-11-01-legacy,2026-09-11-01-legacy,
kw_000342,bar trivia games near me,bar trivia games near me,local,false,eligible,,,candidate,discover,cl_0001,,2026-09-11-01-legacy,2026-09-11-01-legacy,
kw_000343,bar trivia near me friday,bar trivia near me friday,local,false,eligible,,,candidate,discover,cl_0001,,2026-09-11-01-legacy,2026-09-11-01-legacy,
kw_000344,bar trivia near me saturday,bar trivia near me saturday,local,false,eligible,,,candidate,discover,cl_0001,,2026-09-11-01-legacy,2026-09-11-01-legacy,
kw_000345,bar trivia near me thursday,bar trivia near me thursday,local,false,eligible,,,candidate,discover,cl_0001,,2026-09-11-01-legacy,2026-09-11-01-legacy,
kw_000346,bar trivia near me today,bar trivia near me today,local,false,eligible,,,candidate,discover,cl_0001,,2026-09-11-01-legacy,2026-09-11-01-legacy,
kw_000347,bar trivia near me wednesday,bar trivia near me wednesday,local,false,eligible,,,candidate,discover,cl_0001,,2026-09-11-01-legacy,2026-09-11-01-legacy,
kw_000348,bar trivia night near me,bar trivia night near me,local,false,eligible,,,candidate,discover,cl_0001,,2026-09-11-01-legacy,2026-09-11-01-legacy,
kw_000349,bar trivia thursday near me,bar trivia thursday near me,local,false,eligible,,,candidate,discover,cl_0001,,2026-09-11-01-legacy,2026-09-11-01-legacy,
kw_000350,bar trivia tonight near me,bar trivia tonight near me,local,false,eligible,,,candidate,discover,cl_0001,,2026-09-11-01-legacy,2026-09-11-01-legacy,
kw_000351,bar trivia tuesday near me,bar trivia tuesday near me,local,false,eligible,,,candidate,discover,cl_0001,,2026-09-11-01-legacy,2026-09-11-01-legacy,
kw_000352,bar trivia wednesday near me,bar trivia wednesday near me,local,false,eligible,,,candidate,discover,cl_0001,,2026-09-11-01-legacy,2026-09-11-01-legacy,
kw_000353,bars near me with karaoke tonight,bars near me with karaoke tonight,,false,eligible,,,candidate,discover,,,2026-09-11-01-legacy,2026-09-11-01-legacy,
kw_000354,bars that do karaoke near me,bars that do karaoke near me,,false,eligible,,,candidate,discover,,,2026-09-11-01-legacy,2026-09-11-01-legacy,
kw_000355,bars that do trivia near me,bars that do trivia near me,local,false,eligible,,,candidate,discover,cl_0001,,2026-09-11-01-legacy,2026-09-11-01-legacy,
kw_000356,bars that do trivia night near me,bars that do trivia night near me,local,false,eligible,,,candidate,discover,cl_0001,,2026-09-11-01-legacy,2026-09-11-01-legacy,
kw_000357,bars with karaoke near me tonight,bars with karaoke near me tonight,,false,eligible,,,candidate,discover,,,2026-09-11-01-legacy,2026-09-11-01-legacy,
kw_000358,bars with karaoke night near me,bars with karaoke night near me,,false,eligible,,,candidate,discover,,,2026-09-11-01-legacy,2026-09-11-01-legacy,
kw_000359,beer crawls near me,beer crawls near me,,false,eligible,,,candidate,discover,,,2026-09-11-01-legacy,2026-09-11-01-legacy,
kw_000360,best karaoke bar near me,best karaoke bar near me,,false,eligible,,,candidate,discover,,,2026-09-11-01-legacy,2026-09-11-01-legacy,
kw_000361,best karaoke bars with private rooms near me,best karaoke bars with private rooms near me,,false,eligible,,,candidate,discover,,,2026-09-11-01-legacy,2026-09-11-01-legacy,
kw_000362,best karaoke near me tonight,best karaoke near me tonight,,false,eligible,,,candidate,discover,,,2026-09-11-01-legacy,2026-09-11-01-legacy,
kw_000363,best karaoke nights near me,best karaoke nights near me,,false,eligible,,,candidate,discover,,,2026-09-11-01-legacy,2026-09-11-01-legacy,
kw_000364,best karaoke restaurants near me,best karaoke restaurants near me,,false,eligible,,,candidate,discover,,,2026-09-11-01-legacy,2026-09-11-01-legacy,
kw_000365,best karaoke rooms near me,best karaoke rooms near me,,false,eligible,,,candidate,discover,,,2026-09-11-01-legacy,2026-09-11-01-legacy,
kw_000366,best karaoke spots near me,best karaoke spots near me,,false,eligible,,,candidate,discover,,,2026-09-11-01-legacy,2026-09-11-01-legacy,
kw_000367,best korean karaoke near me,best korean karaoke near me,,false,eligible,,,candidate,discover,,,2026-09-11-01-legacy,2026-09-11-01-legacy,
kw_000368,best ktv near me,best ktv near me,,false,eligible,,,candidate,discover,,,2026-09-11-01-legacy,2026-09-11-01-legacy,
kw_000369,best place for karaoke near me,best place for karaoke near me,,false,eligible,,,candidate,discover,,,2026-09-11-01-legacy,2026-09-11-01-legacy,
kw_000370,best private karaoke near me,best private karaoke near me,,false,eligible,,,candidate,discover,,,2026-09-11-01-legacy,2026-09-11-01-legacy,
kw_000371,best trivia near me,best trivia near me,local,false,eligible,,,candidate,discover,cl_0001,,2026-09-11-01-legacy,2026-09-11-01-legacy,
kw_000372,best trivia night near me,best trivia night near me,local,false,eligible,,,candidate,discover,cl_0001,,2026-09-11-01-legacy,2026-09-11-01-legacy,
kw_000373,big echo karaoke near me,big echo karaoke near me,,false,eligible,,,candidate,discover,,,2026-09-11-01-legacy,2026-09-11-01-legacy,
kw_000374,bingo fridays near me,bingo fridays near me,,false,eligible,,,candidate,discover,,,2026-09-11-01-legacy,2026-09-11-01-legacy,
kw_000375,bingo games near me tonight,bingo games near me tonight,,false,eligible,,,candidate,discover,,,2026-09-11-01-legacy,2026-09-11-01-legacy,
kw_000376,bingo games tonight near me,bingo games tonight near me,,false,eligible,,,candidate,discover,,,2026-09-11-01-legacy,2026-09-11-01-legacy,
kw_000377,bingo monday near me,bingo monday near me,,false,eligible,,,candidate,discover,,,2026-09-11-01-legacy,2026-09-11-01-legacy,
kw_000378,bingo monday night near me,bingo monday night near me,,false,eligible,,,candidate,discover,,,2026-09-11-01-legacy,2026-09-11-01-legacy,
kw_000379,bingo near me friday night,bingo near me friday night,local,false,eligible,,,candidate,discover,cl_0004,,2026-09-11-01-legacy,2026-09-11-01-legacy,
kw_000380,bingo near me monday,bingo near me monday,local,false,eligible,,,candidate,discover,cl_0004,,2026-09-11-01-legacy,2026-09-11-01-legacy,
kw_000381,bingo near me monday night,bingo near me monday night,local,false,eligible,,,candidate,discover,cl_0004,,2026-09-11-01-legacy,2026-09-11-01-legacy,
kw_000382,bingo near me on friday night,bingo near me on friday night,local,false,eligible,,,candidate,discover,cl_0004,,2026-09-11-01-legacy,2026-09-11-01-legacy,
kw_000383,bingo near me on monday,bingo near me on monday,local,false,eligible,,,candidate,discover,cl_0004,,2026-09-11-01-legacy,2026-09-11-01-legacy,
kw_000384,bingo near me on saturday night,bingo near me on saturday night,local,false,eligible,,,candidate,discover,cl_0004,,2026-09-11-01-legacy,2026-09-11-01-legacy,
kw_000385,bingo near me on saturdays,bingo near me on saturdays,local,false,eligible,,,candidate,discover,cl_0004,,2026-09-11-01-legacy,2026-09-11-01-legacy,
kw_000386,bingo near me on sunday night,bingo near me on sunday night,local,false,eligible,,,candidate,discover,cl_0004,,2026-09-11-01-legacy,2026-09-11-01-legacy,
kw_000387,bingo near me on thursday,bingo near me on thursday,local,false,eligible,,,candidate,discover,cl_0004,,2026-09-11-01-legacy,2026-09-11-01-legacy,
kw_000388,bingo near me on thursday night,bingo near me on thursday night,local,false,eligible,,,candidate,discover,cl_0004,,2026-09-11-01-legacy,2026-09-11-01-legacy,
kw_000389,bingo near me on tuesday,bingo near me on tuesday,local,false,eligible,,,candidate,discover,cl_0004,,2026-09-11-01-legacy,2026-09-11-01-legacy,
kw_000390,bingo near me on wednesday,bingo near me on wednesday,local,false,eligible,,,candidate,discover,cl_0004,,2026-09-11-01-legacy,2026-09-11-01-legacy,
kw_000391,bingo near me open tonight,bingo near me open tonight,local,false,eligible,,,candidate,discover,cl_0004,,2026-09-11-01-legacy,2026-09-11-01-legacy,
kw_000392,bingo near me saturday,bingo near me saturday,local,false,eligible,,,candidate,discover,cl_0004,,2026-09-11-01-legacy,2026-09-11-01-legacy,
kw_000393,bingo near me saturday night,bingo near me saturday night,local,false,eligible,,,candidate,discover,cl_0004,,2026-09-11-01-legacy,2026-09-11-01-legacy,
kw_000394,bingo near me sunday night,bingo near me sunday night,local,false,eligible,,,candidate,discover,cl_0004,,2026-09-11-01-legacy,2026-09-11-01-legacy,
kw_000395,bingo near me thursday,bingo near me thursday,local,false,eligible,,,candidate,discover,cl_0004,,2026-09-11-01-legacy,2026-09-11-01-legacy,
kw_000396,bingo near me thursday night,bingo near me thursday night,local,false,eligible,,,candidate,discover,cl_0004,,2026-09-11-01-legacy,2026-09-11-01-legacy,
kw_000397,bingo near me tonite,bingo near me tonite,local,false,eligible,,,candidate,discover,cl_0004,,2026-09-11-01-legacy,2026-09-11-01-legacy,
kw_000398,bingo near me tuesday,bingo near me tuesday,local,false,eligible,,,candidate,discover,cl_0004,,2026-09-11-01-legacy,2026-09-11-01-legacy,
kw_000399,bingo near me tuesday night,bingo near me tuesday night,local,false,eligible,,,candidate,discover,cl_0004,,2026-09-11-01-legacy,2026-09-11-01-legacy,
kw_000400,bingo near me wednesday,bingo near me wednesday,local,false,eligible,,,candidate,discover,cl_0004,,2026-09-11-01-legacy,2026-09-11-01-legacy,
kw_000401,bingo near me wednesday night,bingo near me wednesday night,local,false,eligible,,,candidate,discover,cl_0004,,2026-09-11-01-legacy,2026-09-11-01-legacy,
kw_000402,bingo nights in my area,bingo nights in my area,local,false,eligible,,,candidate,discover,cl_0004,,2026-09-11-01-legacy,2026-09-11-01-legacy,
kw_000403,bingo on fridays near me,bingo on fridays near me,,false,eligible,,,candidate,discover,,,2026-09-11-01-legacy,2026-09-11-01-legacy,
kw_000404,bingo on monday near me,bingo on monday near me,,false,eligible,,,candidate,discover,,,2026-09-11-01-legacy,2026-09-11-01-legacy,
kw_000405,bingo on monday nights near me,bingo on monday nights near me,,false,eligible,,,candidate,discover,,,2026-09-11-01-legacy,2026-09-11-01-legacy,
kw_000406,bingo on saturday night near me,bingo on saturday night near me,,false,eligible,,,candidate,discover,,,2026-09-11-01-legacy,2026-09-11-01-legacy,
kw_000407,bingo on sunday night near me,bingo on sunday night near me,,false,eligible,,,candidate,discover,,,2026-09-11-01-legacy,2026-09-11-01-legacy,
kw_000408,bingo on thursday night near me,bingo on thursday night near me,,false,eligible,,,candidate,discover,,,2026-09-11-01-legacy,2026-09-11-01-legacy,
kw_000409,bingo on tonight near me,bingo on tonight near me,,false,eligible,,,candidate,discover,,,2026-09-11-01-legacy,2026-09-11-01-legacy,
kw_000410,bingo on tuesday night near me,bingo on tuesday night near me,,false,eligible,,,candidate,discover,,,2026-09-11-01-legacy,2026-09-11-01-legacy,
kw_000411,bingo on wednesday nights near me,bingo on wednesday nights near me,,false,eligible,,,candidate,discover,,,2026-09-11-01-legacy,2026-09-11-01-legacy,
kw_000412,bingo open tonight near me,bingo open tonight near me,,false,eligible,,,candidate,discover,,,2026-09-11-01-legacy,2026-09-11-01-legacy,
kw_000413,bingo sunday night near me,bingo sunday night near me,,false,eligible,,,candidate,discover,,,2026-09-11-01-legacy,2026-09-11-01-legacy,
kw_000414,bingo thursday near me,bingo thursday near me,,false,eligible,,,candidate,discover,,,2026-09-11-01-legacy,2026-09-11-01-legacy,
kw_000415,bingo tonight around me,bingo tonight around me,,false,eligible,,,candidate,discover,,,2026-09-11-01-legacy,2026-09-11-01-legacy,
kw_000416,bingo tonight in my area,bingo tonight in my area,,false,eligible,,,candidate,discover,,,2026-09-11-01-legacy,2026-09-11-01-legacy,
kw_000417,bingo tuesday near me,bingo tuesday near me,,false,eligible,,,candidate,discover,,,2026-09-11-01-legacy,2026-09-11-01-legacy,
kw_000418,bingo tuesday night near me,bingo tuesday night near me,,false,eligible,,,candidate,discover,,,2026-09-11-01-legacy,2026-09-11-01-legacy,
kw_000419,bingo wednesday near me,bingo wednesday near me,,false,eligible,,,candidate,discover,,,2026-09-11-01-legacy,2026-09-11-01-legacy,
kw_000420,bingo wednesdays near me,bingo wednesdays near me,,false,eligible,,,candidate,discover,,,2026-09-11-01-legacy,2026-09-11-01-legacy,
kw_000421,birthday party pub near me,birthday party pub near me,,false,eligible,,,candidate,discover,,,2026-09-11-01-legacy,2026-09-11-01-legacy,
kw_000422,black karaoke bars near me,black karaoke bars near me,,false,eligible,,,candidate,discover,,,2026-09-11-01-legacy,2026-09-11-01-legacy,
kw_000423,black karaoke near me,black karaoke near me,,false,eligible,,,candidate,discover,,,2026-09-11-01-legacy,2026-09-11-01-legacy,
kw_000424,black owned karaoke near me,black owned karaoke near me,,false,eligible,,,candidate,discover,,,2026-09-11-01-legacy,2026-09-11-01-legacy,
kw_000425,bollywood karaoke near me,bollywood karaoke near me,,false,eligible,,,candidate,discover,,,2026-09-11-01-legacy,2026-09-11-01-legacy,
kw_000426,bollywood night pub near me,bollywood night pub near me,,false,eligible,,,candidate,discover,,,2026-09-11-01-legacy,2026-09-11-01-legacy,
kw_000427,bongo's bingo near me,bongo's bingo near me,local,false,eligible,,,candidate,discover,cl_0004,,2026-09-11-01-legacy,2026-09-11-01-legacy,
kw_000428,booth karaoke near me,booth karaoke near me,,false,eligible,,,candidate,discover,,,2026-09-11-01-legacy,2026-09-11-01-legacy,
kw_000429,broadway karaoke near me,broadway karaoke near me,,false,eligible,,,candidate,discover,,,2026-09-11-01-legacy,2026-09-11-01-legacy,
kw_000430,burns night pubs near me,burns night pubs near me,,false,eligible,,,candidate,discover,,,2026-09-11-01-legacy,2026-09-11-01-legacy,
kw_000431,cheap karaoke places near me,cheap karaoke places near me,,false,eligible,,,candidate,discover,,,2026-09-11-01-legacy,2026-09-11-01-legacy,
kw_000432,chinese karaoke near me,chinese karaoke near me,,false,eligible,,,candidate,discover,,,2026-09-11-01-legacy,2026-09-11-01-legacy,
kw_000433,chinese ktv near me,chinese ktv near me,,false,eligible,,,candidate,discover,,,2026-09-11-01-legacy,2026-09-11-01-legacy,
kw_000434,christmas day lunch pubs near me,christmas day lunch pubs near me,,false,eligible,,,candidate,discover,,,2026-09-11-01-legacy,2026-09-11-01-legacy,
kw_000435,christmas day pubs near me,christmas day pubs near me,,false,eligible,,,candidate,discover,,,2026-09-11-01-legacy,2026-09-11-01-legacy,
kw_000436,christmas dinner pub near me,christmas dinner pub near me,,false,eligible,,,candidate,discover,,,2026-09-11-01-legacy,2026-09-11-01-legacy,
kw_000437,christmas karaoke near me,christmas karaoke near me,,false,eligible,,,candidate,discover,,,2026-09-11-01-legacy,2026-09-11-01-legacy,
kw_000438,christmas lunch pub near me,christmas lunch pub near me,,false,eligible,,,candidate,discover,,,2026-09-11-01-legacy,2026-09-11-01-legacy,
kw_000439,christmas party pubs near me,christmas party pubs near me,,false,eligible,,,candidate,discover,,,2026-09-11-01-legacy,2026-09-11-01-legacy,
kw_000440,christmas pub dinner near me,christmas pub dinner near me,,false,eligible,,,candidate,discover,,,2026-09-11-01-legacy,2026-09-11-01-legacy,
kw_000441,christmas pub lunch near me,christmas pub lunch near me,,false,eligible,,,candidate,discover,,,2026-09-11-01-legacy,2026-09-11-01-legacy,
kw_000442,christmas pub meal near me,christmas pub meal near me,,false,eligible,,,candidate,discover,,,2026-09-11-01-legacy,2026-09-11-01-legacy,
kw_000443,christmas quiz night near me,christmas quiz night near me,local,false,eligible,,,candidate,discover,cl_0001,,2026-09-11-01-legacy,2026-09-11-01-legacy,
kw_000444,closest karaoke bar,closest karaoke bar,,false,eligible,,,candidate,discover,,,2026-09-11-01-legacy,2026-09-11-01-legacy,
kw_000445,closest karaoke bar near me,closest karaoke bar near me,,false,eligible,,,candidate,discover,,,2026-09-11-01-legacy,2026-09-11-01-legacy,
kw_000446,closest karaoke bar to me,closest karaoke bar to me,,false,eligible,,,candidate,discover,,,2026-09-11-01-legacy,2026-09-11-01-legacy,
kw_000447,closest karaoke bar to my location,closest karaoke bar to my location,,false,eligible,,,candidate,discover,,,2026-09-11-01-legacy,2026-09-11-01-legacy,
kw_000448,clubs with karaoke near me,clubs with karaoke near me,,false,eligible,,,candidate,discover,,,2026-09-11-01-legacy,2026-09-11-01-legacy,
kw_000449,coin karaoke near me,coin karaoke near me,,false,eligible,,,candidate,discover,,,2026-09-11-01-legacy,2026-09-11-01-legacy,
kw_000450,community bingo near me tonight,community bingo near me tonight,local,false,eligible,,,candidate,discover,cl_0004,,2026-09-11-01-legacy,2026-09-11-01-legacy,
kw_000451,community events this weekend near me,community events this weekend near me,,false,eligible,,,candidate,discover,,,2026-09-11-01-legacy,2026-09-11-01-legacy,
kw_000452,country karaoke bar near me,country karaoke bar near me,,false,eligible,,,candidate,discover,,,2026-09-11-01-legacy,2026-09-11-01-legacy,
kw_000453,country karaoke near me,country karaoke near me,,false,eligible,,,candidate,discover,,,2026-09-11-01-legacy,2026-09-11-01-legacy,
kw_000454,day karaoke near me,day karaoke near me,,false,eligible,,,candidate,discover,,,2026-09-11-01-legacy,2026-09-11-01-legacy,
kw_000455,day pubs near me,day pubs near me,,false,eligible,,,candidate,discover,,,2026-09-11-01-legacy,2026-09-11-01-legacy,
kw_000456,days out near staines,days out near staines,,false,eligible,,,candidate,discover,,,2026-09-11-01-legacy,2026-09-11-01-legacy,
kw_000457,daytime karaoke near me,daytime karaoke near me,,false,eligible,,,candidate,discover,,,2026-09-11-01-legacy,2026-09-11-01-legacy,
kw_000458,dinner and karaoke near me,dinner and karaoke near me,,false,eligible,,,candidate,discover,,,2026-09-11-01-legacy,2026-09-11-01-legacy,
kw_000459,dirty bingo near me,dirty bingo near me,local,false,eligible,,,candidate,discover,cl_0004,,2026-09-11-01-legacy,2026-09-11-01-legacy,
kw_000460,disco bingo near me,disco bingo near me,local,false,eligible,,,candidate,discover,cl_0004,,2026-09-11-01-legacy,2026-09-11-01-legacy,
kw_000461,dj night pub near me,dj night pub near me,,false,eligible,,,candidate,discover,,,2026-09-11-01-legacy,2026-09-11-01-legacy,
kw_000462,dog friendly beer gardens near me,dog friendly beer gardens near me,,false,eligible,,,candidate,discover,,,2026-09-11-01-legacy,2026-09-11-01-legacy,
kw_000463,drag karaoke near me,drag karaoke near me,,false,eligible,,,candidate,discover,,,2026-09-11-01-legacy,2026-09-11-01-legacy,
kw_000464,drag queen bingo near me 2022,drag queen bingo near me 2022,local,false,eligible,,,candidate,discover,cl_0004,,2026-09-11-01-legacy,2026-09-11-01-legacy,
kw_000465,drag queen karaoke near me,drag queen karaoke near me,,false,eligible,,,candidate,discover,,,2026-09-11-01-legacy,2026-09-11-01-legacy,
kw_000466,english karaoke near me,english karaoke near me,,false,eligible,,,candidate,discover,,,2026-09-11-01-legacy,2026-09-11-01-legacy,
kw_000467,entertainment in pubs near me,entertainment in pubs near me,local,false,eligible,,,candidate,discover,cl_0005,,2026-09-11-01-legacy,2026-09-11-01-legacy,
kw_000468,entertainment pubs near me,entertainment pubs near me,local,false,eligible,,,candidate,discover,cl_0005,,2026-09-11-01-legacy,2026-09-11-01-legacy,
kw_000469,evening bingo near me,evening bingo near me,local,false,eligible,,,candidate,discover,cl_0004,,2026-09-11-01-legacy,2026-09-11-01-legacy,
kw_000470,events and things to do near me today,events and things to do near me today,local,false,eligible,,,candidate,discover,cl_0005,,2026-09-11-01-legacy,2026-09-11-01-legacy,
kw_000471,events around the area today,events around the area today,,false,eligible,,,candidate,discover,,,2026-09-11-01-legacy,2026-09-11-01-legacy,
kw_000472,events festivals near me this weekend,events festivals near me this weekend,,false,eligible,,,candidate,discover,,,2026-09-11-01-legacy,2026-09-11-01-legacy,
kw_000473,events festivals near me today,events festivals near me today,,false,eligible,,,candidate,discover,,,2026-09-11-01-legacy,2026-09-11-01-legacy,
kw_000474,events for families near me this weekend,events for families near me this weekend,,false,eligible,,,candidate,discover,,,2026-09-11-01-legacy,2026-09-11-01-legacy,
kw_000475,events going on around me this weekend,events going on around me this weekend,,false,eligible,,,candidate,discover,,,2026-09-11-01-legacy,2026-09-11-01-legacy,
kw_000476,events going on around me today,events going on around me today,,false,eligible,,,candidate,discover,,,2026-09-11-01-legacy,2026-09-11-01-legacy,
kw_000477,events going on in my area this weekend,events going on in my area this weekend,,false,eligible,,,candidate,discover,,,2026-09-11-01-legacy,2026-09-11-01-legacy,
kw_000478,events going on in my area today,events going on in my area today,,false,eligible,,,candidate,discover,,,2026-09-11-01-legacy,2026-09-11-01-legacy,
kw_000479,events going on near me next weekend,events going on near me next weekend,,false,eligible,,,candidate,discover,,,2026-09-11-01-legacy,2026-09-11-01-legacy,
kw_000480,events happening around me today,events happening around me today,,false,eligible,,,candidate,discover,,,2026-09-11-01-legacy,2026-09-11-01-legacy,
kw_000481,events happening in my area this weekend,events happening in my area this weekend,,false,eligible,,,candidate,discover,,,2026-09-11-01-legacy,2026-09-11-01-legacy,
kw_000482,events happening in my area today,events happening in my area today,,false,eligible,,,candidate,discover,,,2026-09-11-01-legacy,2026-09-11-01-legacy,
kw_000483,events happening near me on saturday,events happening near me on saturday,,false,eligible,,,candidate,discover,,,2026-09-11-01-legacy,2026-09-11-01-legacy,
kw_000484,events happening near me saturday,events happening near me saturday,,false,eligible,,,candidate,discover,,,2026-09-11-01-legacy,2026-09-11-01-legacy,
kw_000485,events happening this weekend around me,events happening this weekend around me,,false,eligible,,,candidate,discover,,,2026-09-11-01-legacy,2026-09-11-01-legacy,
kw_000486,events in my area for today,events in my area for today,,false,eligible,,,candidate,discover,,,2026-09-11-01-legacy,2026-09-11-01-legacy,
kw_000487,events in my area next weekend,events in my area next weekend,,false,eligible,,,candidate,discover,,,2026-09-11-01-legacy,2026-09-11-01-legacy,
kw_000488,events in our area this weekend,events in our area this weekend,,false,eligible,,,candidate,discover,,,2026-09-11-01-legacy,2026-09-11-01-legacy,
kw_000489,events in our area today,events in our area today,,false,eligible,,,candidate,discover,,,2026-09-11-01-legacy,2026-09-11-01-legacy,
kw_000490,events in pubs near me,events in pubs near me,,false,eligible,,,candidate,discover,,,2026-09-11-01-legacy,2026-09-11-01-legacy,
kw_000491,events in this weekend near me,events in this weekend near me,,false,eligible,,,candidate,discover,,,2026-09-11-01-legacy,2026-09-11-01-legacy,
kw_000492,events in today near me,events in today near me,,false,eligible,,,candidate,discover,,,2026-09-11-01-legacy,2026-09-11-01-legacy,
kw_000493,events near here this weekend,events near here this weekend,,false,eligible,,,candidate,discover,,,2026-09-11-01-legacy,2026-09-11-01-legacy,
kw_000494,events near here today,events near here today,,false,eligible,,,candidate,discover,,,2026-09-11-01-legacy,2026-09-11-01-legacy,
kw_000495,events near me for the weekend,events near me for the weekend,local,false,eligible,,,candidate,discover,cl_0005,,2026-09-11-01-legacy,2026-09-11-01-legacy,
kw_000496,events near me going on today,events near me going on today,local,false,eligible,,,candidate,discover,cl_0005,,2026-09-11-01-legacy,2026-09-11-01-legacy,
kw_000497,events near me happening today,events near me happening today,local,false,eligible,,,candidate,discover,cl_0005,,2026-09-11-01-legacy,2026-09-11-01-legacy,
kw_000498,events near me may bank holiday,events near me may bank holiday,local,false,eligible,,,candidate,discover,cl_0005,,2026-09-11-01-legacy,2026-09-11-01-legacy,
kw_000499,events near me now today,events near me now today,local,false,eligible,,,candidate,discover,cl_0005,,2026-09-11-01-legacy,2026-09-11-01-legacy,
kw_000500,events near my location this weekend,events near my location this weekend,,false,eligible,,,candidate,discover,,,2026-09-11-01-legacy,2026-09-11-01-legacy,
kw_000501,events on near me this weekend,events on near me this weekend,,false,eligible,,,candidate,discover,,,2026-09-11-01-legacy,2026-09-11-01-legacy,
kw_000502,events on weekend near me,events on weekend near me,,false,eligible,,,candidate,discover,,,2026-09-11-01-legacy,2026-09-11-01-legacy,
kw_000503,events or festivals near me this weekend,events or festivals near me this weekend,,false,eligible,,,candidate,discover,,,2026-09-11-01-legacy,2026-09-11-01-legacy,
kw_000504,events or festivals near me today,events or festivals near me today,,false,eligible,,,candidate,discover,,,2026-09-11-01-legacy,2026-09-11-01-legacy,
kw_000505,events the weekend near me,events the weekend near me,,false,eligible,,,candidate,discover,,,2026-09-11-01-legacy,2026-09-11-01-legacy,
kw_000506,events this weekend in my area,events this weekend in my area,,false,eligible,,,candidate,discover,,,2026-09-11-01-legacy,2026-09-11-01-legacy,
kw_000507,events this weekend near me 2021,events this weekend near me 2021,,false,eligible,,,candidate,discover,,,2026-09-11-01-legacy,2026-09-11-01-legacy,
kw_000508,events this weekend near me 2022,events this weekend near me 2022,,false,eligible,,,candidate,discover,,,2026-09-11-01-legacy,2026-09-11-01-legacy,
kw_000509,events this weekend near me now,events this weekend near me now,,false,eligible,,,candidate,discover,,,2026-09-11-01-legacy,2026-09-11-01-legacy,
kw_000510,events this weekend near my location,events this weekend near my location,,false,eligible,,,candidate,discover,,,2026-09-11-01-legacy,2026-09-11-01-legacy,
kw_000511,events this weekend within 100 miles of me,events this weekend within 100 miles of me,,false,eligible,,,candidate,discover,,,2026-09-11-01-legacy,2026-09-11-01-legacy,
kw_000512,events to do near me this weekend,events to do near me this weekend,,false,eligible,,,candidate,discover,,,2026-09-11-01-legacy,2026-09-11-01-legacy,
kw_000513,events today near me now,events today near me now,,false,eligible,,,candidate,discover,,,2026-09-11-01-legacy,2026-09-11-01-legacy,
kw_000514,events today near me today,events today near me today,,false,eligible,,,candidate,discover,,,2026-09-11-01-legacy,2026-09-11-01-legacy,
kw_000515,events today near my location,events today near my location,,false,eligible,,,candidate,discover,,,2026-09-11-01-legacy,2026-09-11-01-legacy,
kw_000516,events within 100 miles of me this weekend,events within 100 miles of me this weekend,,false,eligible,,,candidate,discover,,,2026-09-11-01-legacy,2026-09-11-01-legacy,
kw_000517,family fun events today near me,family fun events today near me,,false,eligible,,,candidate,discover,,,2026-09-11-01-legacy,2026-09-11-01-legacy,
kw_000518,family ktv near me,family ktv near me,,false,eligible,,,candidate,discover,,,2026-09-11-01-legacy,2026-09-11-01-legacy,
kw_000519,family trivia night near me,family trivia night near me,local,false,eligible,,,candidate,discover,cl_0001,,2026-09-11-01-legacy,2026-09-11-01-legacy,
kw_000520,festivals and events this weekend near me,festivals and events this weekend near me,,false,eligible,,,candidate,discover,,,2026-09-11-01-legacy,2026-09-11-01-legacy,
kw_000521,festivals and events today near me,festivals and events today near me,,false,eligible,,,candidate,discover,,,2026-09-11-01-legacy,2026-09-11-01-legacy,
kw_000522,find a pub quiz near me,find a pub quiz near me,local,false,eligible,,,candidate,discover,cl_0001,,2026-09-11-01-legacy,2026-09-11-01-legacy,
kw_000523,find karaoke near me,find karaoke near me,,false,eligible,,,candidate,discover,,,2026-09-11-01-legacy,2026-09-11-01-legacy,
kw_000524,find pub quiz near me,find pub quiz near me,local,false,eligible,,,candidate,discover,cl_0001,,2026-09-11-01-legacy,2026-09-11-01-legacy,
kw_000525,find trivia near me,find trivia near me,local,false,eligible,,,candidate,discover,cl_0001,,2026-09-11-01-legacy,2026-09-11-01-legacy,
kw_000526,food and karaoke near me,food and karaoke near me,,false,eligible,,,candidate,discover,,,2026-09-11-01-legacy,2026-09-11-01-legacy,
kw_000527,free bingo tonight near me,free bingo tonight near me,,false,eligible,,,candidate,discover,,,2026-09-11-01-legacy,2026-09-11-01-legacy,
kw_000528,free things to do in staines,free things to do in staines,local,false,eligible,,,candidate,discover,cl_0005,,2026-09-11-01-legacy,2026-09-11-01-legacy,
kw_000529,friday karaoke near me,friday karaoke near me,,false,eligible,,,candidate,discover,,,2026-09-11-01-legacy,2026-09-11-01-legacy,
kw_000530,friday night bar trivia near me,friday night bar trivia near me,local,false,eligible,,,candidate,discover,cl_0001,,2026-09-11-01-legacy,2026-09-11-01-legacy,
kw_000531,friday night bingo in my area,friday night bingo in my area,,false,eligible,,,candidate,discover,,,2026-09-11-01-legacy,2026-09-11-01-legacy,
kw_000532,friday night karaoke bars near me,friday night karaoke bars near me,,false,eligible,,,candidate,discover,,,2026-09-11-01-legacy,2026-09-11-01-legacy,
kw_000533,friday night karaoke near me,friday night karaoke near me,,false,eligible,,,candidate,discover,,,2026-09-11-01-legacy,2026-09-11-01-legacy,
kw_000534,friday night pub quiz near me,friday night pub quiz near me,local,false,eligible,,,candidate,discover|gsc,cl_0001,,2026-09-11-01-legacy,2026-09-11-01-legacy,
kw_000535,friday night pubs near me,friday night pubs near me,,false,eligible,,,candidate,discover,,,2026-09-11-01-legacy,2026-09-11-01-legacy,
kw_000536,friday night trivia near me,friday night trivia near me,local,false,eligible,,,candidate,discover,cl_0001,,2026-09-11-01-legacy,2026-09-11-01-legacy,
kw_000537,friday pub quiz near me,friday pub quiz near me,local,false,eligible,,,candidate,discover,cl_0001,,2026-09-11-01-legacy,2026-09-11-01-legacy,
kw_000538,friday trivia near me,friday trivia near me,local,false,eligible,,,candidate,discover,cl_0001,,2026-09-11-01-legacy,2026-09-11-01-legacy,
kw_000539,friday trivia night near me,friday trivia night near me,local,false,eligible,,,candidate,discover,cl_0001,,2026-09-11-01-legacy,2026-09-11-01-legacy,
kw_000540,friends trivia near me,friends trivia near me,local,false,eligible,,,candidate,discover,cl_0001,,2026-09-11-01-legacy,2026-09-11-01-legacy,
kw_000541,friends trivia night near me,friends trivia night near me,local,false,eligible,,,candidate,discover,cl_0001,,2026-09-11-01-legacy,2026-09-11-01-legacy,
kw_000542,fun family events this weekend near me,fun family events this weekend near me,,false,eligible,,,candidate,discover,,,2026-09-11-01-legacy,2026-09-11-01-legacy,
kw_000543,fun karaoke bars near me,fun karaoke bars near me,,false,eligible,,,candidate,discover,,,2026-09-11-01-legacy,2026-09-11-01-legacy,
kw_000544,fun karaoke places near me,fun karaoke places near me,,false,eligible,,,candidate,discover,,,2026-09-11-01-legacy,2026-09-11-01-legacy,
kw_000545,fun things to do for the weekend near me,fun things to do for the weekend near me,local,false,eligible,,,candidate,discover,cl_0005,,2026-09-11-01-legacy,2026-09-11-01-legacy,
kw_000546,fun things to do in staines,fun things to do in staines,local,false,eligible,,,candidate,discover,cl_0005,,2026-09-11-01-legacy,2026-09-11-01-legacy,
kw_000547,fun things to do on a weekend near me,fun things to do on a weekend near me,local,false,eligible,,,candidate,discover,cl_0005,,2026-09-11-01-legacy,2026-09-11-01-legacy,
kw_000548,fun things to do this weekend around me,fun things to do this weekend around me,local,false,eligible,,,candidate,discover,cl_0005,,2026-09-11-01-legacy,2026-09-11-01-legacy,
kw_000549,fun things to do this weekend in my area,fun things to do this weekend in my area,local,false,eligible,,,candidate,discover,cl_0005,,2026-09-11-01-legacy,2026-09-11-01-legacy,
kw_000550,gay bar karaoke near me,gay bar karaoke near me,,false,eligible,,,candidate,discover,,,2026-09-11-01-legacy,2026-09-11-01-legacy,
kw_000551,gay karaoke bar near me,gay karaoke bar near me,,false,eligible,,,candidate,discover,,,2026-09-11-01-legacy,2026-09-11-01-legacy,
kw_000552,gay karaoke near me,gay karaoke near me,,false,eligible,,,candidate,discover,,,2026-09-11-01-legacy,2026-09-11-01-legacy,
kw_000553,good karaoke bars near me,good karaoke bars near me,,false,eligible,,,candidate,discover,,,2026-09-11-01-legacy,2026-09-11-01-legacy,
kw_000554,good karaoke near me,good karaoke near me,,false,eligible,,,candidate,discover,,,2026-09-11-01-legacy,2026-09-11-01-legacy,
kw_000555,good karaoke places near me,good karaoke places near me,,false,eligible,,,candidate,discover,,,2026-09-11-01-legacy,2026-09-11-01-legacy,
kw_000556,group karaoke near me,group karaoke near me,,false,eligible,,,candidate,discover,,,2026-09-11-01-legacy,2026-09-11-01-legacy,
kw_000557,halal karaoke near me,halal karaoke near me,,false,eligible,,,candidate,discover,,,2026-09-11-01-legacy,2026-09-11-01-legacy,
kw_000558,halloween pub crawls near me,halloween pub crawls near me,,false,eligible,,,candidate,discover,,,2026-09-11-01-legacy,2026-09-11-01-legacy,
kw_000559,halloween pub events near me,halloween pub events near me,local,false,eligible,,,candidate,discover,cl_0005,,2026-09-11-01-legacy,2026-09-11-01-legacy,
kw_000560,halloween pub near me,halloween pub near me,,false,eligible,,,candidate,discover,,,2026-09-11-01-legacy,2026-09-11-01-legacy,
kw_000561,happy hour karaoke near me,happy hour karaoke near me,,false,eligible,,,candidate,discover,,,2026-09-11-01-legacy,2026-09-11-01-legacy,
kw_000562,happy hour trivia near me,happy hour trivia near me,local,false,eligible,,,candidate,discover,cl_0001,,2026-09-11-01-legacy,2026-09-11-01-legacy,
kw_000563,hispanic karaoke near me,hispanic karaoke near me,,false,eligible,,,candidate,discover,,,2026-09-11-01-legacy,2026-09-11-01-legacy,
kw_000564,indian karaoke bar near me,indian karaoke bar near me,,false,eligible,,,candidate,discover,,,2026-09-11-01-legacy,2026-09-11-01-legacy,
kw_000565,individual karaoke rooms near me,individual karaoke rooms near me,,false,eligible,,,candidate,discover,,,2026-09-11-01-legacy,2026-09-11-01-legacy,
kw_000566,indoor karaoke near me,indoor karaoke near me,,false,eligible,,,candidate,discover,,,2026-09-11-01-legacy,2026-09-11-01-legacy,
kw_000567,irish events near me,irish events near me,local,false,eligible,,,candidate,discover,cl_0005,,2026-09-11-01-legacy,2026-09-11-01-legacy,
kw_000568,irish live music near me,irish live music near me,,false,avoid,"Live music is discontinued in full, owner-confirmed 11 August 2026 (docs/SSOT.md section 10).",all,candidate,discover,,,2026-09-11-01-legacy,2026-09-11-01-legacy,
kw_000569,irish music live near me,irish music live near me,,false,eligible,,,candidate,discover,,,2026-09-11-01-legacy,2026-09-11-01-legacy,
kw_000570,irish night near me,irish night near me,,false,eligible,,,candidate,discover,,,2026-09-11-01-legacy,2026-09-11-01-legacy,
kw_000571,irish pub live music near me,irish pub live music near me,,false,avoid,"Live music is discontinued in full, owner-confirmed 11 August 2026 (docs/SSOT.md section 10).",all,candidate,discover,,,2026-09-11-01-legacy,2026-09-11-01-legacy,
kw_000572,irish pub near me live music,irish pub near me live music,,false,avoid,"Live music is discontinued in full, owner-confirmed 11 August 2026 (docs/SSOT.md section 10).",all,candidate,discover,,,2026-09-11-01-legacy,2026-09-11-01-legacy,
kw_000573,irish pub near me with live music,irish pub near me with live music,,false,avoid,"Live music is discontinued in full, owner-confirmed 11 August 2026 (docs/SSOT.md section 10).",all,candidate,discover,,,2026-09-11-01-legacy,2026-09-11-01-legacy,
kw_000574,irish pub with live music near me,irish pub with live music near me,,false,avoid,"Live music is discontinued in full, owner-confirmed 11 August 2026 (docs/SSOT.md section 10).",all,candidate,discover,,,2026-09-11-01-legacy,2026-09-11-01-legacy,
kw_000575,is there any events today near me,is there any events today near me,,false,eligible,,,candidate,discover,,,2026-09-11-01-legacy,2026-09-11-01-legacy,
kw_000576,is there anything happening today near me,is there anything happening today near me,,false,eligible,,,candidate,discover,,,2026-09-11-01-legacy,2026-09-11-01-legacy,
kw_000577,japanese karaoke bar near me,japanese karaoke bar near me,,false,eligible,,,candidate,discover,,,2026-09-11-01-legacy,2026-09-11-01-legacy,
kw_000578,japanese karaoke near me,japanese karaoke near me,,false,eligible,,,candidate,discover,,,2026-09-11-01-legacy,2026-09-11-01-legacy,
kw_000579,japanese style karaoke near me,japanese style karaoke near me,,false,eligible,,,candidate,discover,,,2026-09-11-01-legacy,2026-09-11-01-legacy,
kw_000580,joy joy karaoke near me,joy joy karaoke near me,,false,eligible,,,candidate,discover,,,2026-09-11-01-legacy,2026-09-11-01-legacy,
kw_000581,july 10 events near me,july 10 events near me,local,false,eligible,,,candidate,discover,cl_0005,,2026-09-11-01-legacy,2026-09-11-01-legacy,
kw_000582,karaoke 18 near me,karaoke 18 near me,,false,eligible,,,candidate,discover,,,2026-09-11-01-legacy,2026-09-11-01-legacy,
kw_000583,karaoke 24 hours near me,karaoke 24 hours near me,,false,eligible,,,candidate,discover,,,2026-09-11-01-legacy,2026-09-11-01-legacy,
kw_000584,karaoke all ages near me,karaoke all ages near me,,false,eligible,,,candidate,discover,,,2026-09-11-01-legacy,2026-09-11-01-legacy,
kw_000585,karaoke and bar near me,karaoke and bar near me,,false,eligible,,,candidate,discover,,,2026-09-11-01-legacy,2026-09-11-01-legacy,
kw_000586,karaoke and dinner near me,karaoke and dinner near me,,false,eligible,,,candidate,discover,,,2026-09-11-01-legacy,2026-09-11-01-legacy,
kw_000587,karaoke and food near me,karaoke and food near me,,false,eligible,,,candidate,discover,,,2026-09-11-01-legacy,2026-09-11-01-legacy,
kw_000588,karaoke and sushi near me,karaoke and sushi near me,,false,eligible,,,candidate,discover,,,2026-09-11-01-legacy,2026-09-11-01-legacy,
kw_000589,karaoke around me,karaoke around me,,false,eligible,,,candidate,discover,,,2026-09-11-01-legacy,2026-09-11-01-legacy,
kw_000590,karaoke around me tonight,karaoke around me tonight,,false,eligible,,,candidate,discover,,,2026-09-11-01-legacy,2026-09-11-01-legacy,
kw_000591,karaoke asian near me,karaoke asian near me,,false,eligible,,,candidate,discover,,,2026-09-11-01-legacy,2026-09-11-01-legacy,
kw_000592,karaoke bar around me,karaoke bar around me,,false,eligible,,,candidate,discover,,,2026-09-11-01-legacy,2026-09-11-01-legacy,
kw_000593,karaoke bar near here,karaoke bar near here,,false,eligible,,,candidate,discover,,,2026-09-11-01-legacy,2026-09-11-01-legacy,
kw_000594,karaoke bar near me 18,karaoke bar near me 18,,false,eligible,,,candidate,discover,,,2026-09-11-01-legacy,2026-09-11-01-legacy,
kw_000595,karaoke bar near me friday nights,karaoke bar near me friday nights,,false,eligible,,,candidate,discover,,,2026-09-11-01-legacy,2026-09-11-01-legacy,
kw_000596,karaoke bar near me now,karaoke bar near me now,,false,eligible,,,candidate,discover,,,2026-09-11-01-legacy,2026-09-11-01-legacy,
kw_000597,karaoke bar near me open now,karaoke bar near me open now,,false,eligible,,,candidate,discover,,,2026-09-11-01-legacy,2026-09-11-01-legacy,
kw_000598,karaoke bar near me private rooms,karaoke bar near me private rooms,,false,eligible,,,candidate,discover,,,2026-09-11-01-legacy,2026-09-11-01-legacy,
kw_000599,karaoke bar near me saturday night,karaoke bar near me saturday night,,false,eligible,,,candidate,discover,,,2026-09-11-01-legacy,2026-09-11-01-legacy,
kw_000600,karaoke bar near me sunday night,karaoke bar near me sunday night,,false,eligible,,,candidate,discover,,,2026-09-11-01-legacy,2026-09-11-01-legacy,
kw_000601,karaoke bar near me under 21,karaoke bar near me under 21,,false,eligible,,,candidate,discover,,,2026-09-11-01-legacy,2026-09-11-01-legacy,
kw_000602,karaoke bar near me wednesday,karaoke bar near me wednesday,,false,eligible,,,candidate,discover,,,2026-09-11-01-legacy,2026-09-11-01-legacy,
kw_000603,karaoke bar near me with private rooms,karaoke bar near me with private rooms,,false,eligible,,,candidate,discover,,,2026-09-11-01-legacy,2026-09-11-01-legacy,
kw_000604,karaoke bar near my location,karaoke bar near my location,,false,eligible,,,candidate,discover,,,2026-09-11-01-legacy,2026-09-11-01-legacy,
kw_000605,karaoke bar near us,karaoke bar near us,,false,eligible,,,candidate,discover,,,2026-09-11-01-legacy,2026-09-11-01-legacy,
kw_000606,karaoke bar open near me,karaoke bar open near me,,false,eligible,,,candidate,discover,,,2026-09-11-01-legacy,2026-09-11-01-legacy,
kw_000607,karaoke bar private rooms near me,karaoke bar private rooms near me,,false,eligible,,,candidate,discover,,,2026-09-11-01-legacy,2026-09-11-01-legacy,
kw_000608,karaoke bar tonight near me,karaoke bar tonight near me,,false,eligible,,,candidate,discover,,,2026-09-11-01-legacy,2026-09-11-01-legacy,
kw_000609,karaoke bar under 18 near me,karaoke bar under 18 near me,,false,eligible,,,candidate,discover,,,2026-09-11-01-legacy,2026-09-11-01-legacy,
kw_000610,karaoke bar with private room near me,karaoke bar with private room near me,,false,eligible,,,candidate,discover,,,2026-09-11-01-legacy,2026-09-11-01-legacy,
kw_000611,karaoke bars in my area,karaoke bars in my area,,false,eligible,,,candidate,discover,,,2026-09-11-01-legacy,2026-09-11-01-legacy,
kw_000612,karaoke bars near me monday,karaoke bars near me monday,,false,eligible,,,candidate,discover,,,2026-09-11-01-legacy,2026-09-11-01-legacy,
kw_000613,karaoke bars near me open tonight,karaoke bars near me open tonight,,false,eligible,,,candidate,discover,,,2026-09-11-01-legacy,2026-09-11-01-legacy,
kw_000614,karaoke bars near me saturday,karaoke bars near me saturday,,false,eligible,,,candidate,discover,,,2026-09-11-01-legacy,2026-09-11-01-legacy,
kw_000615,karaoke bars near me sunday,karaoke bars near me sunday,,false,eligible,,,candidate,discover,,,2026-09-11-01-legacy,2026-09-11-01-legacy,
kw_000616,karaoke bars near me thursday night,karaoke bars near me thursday night,,false,eligible,,,candidate,discover,,,2026-09-11-01-legacy,2026-09-11-01-legacy,
kw_000617,karaoke bars nearby,karaoke bars nearby,,false,eligible,,,candidate,discover,,,2026-09-11-01-legacy,2026-09-11-01-legacy,
kw_000618,karaoke bars saturday night near me,karaoke bars saturday night near me,,false,eligible,,,candidate,discover,,,2026-09-11-01-legacy,2026-09-11-01-legacy,
kw_000619,karaoke best near me,karaoke best near me,,false,eligible,,,candidate,discover,,,2026-09-11-01-legacy,2026-09-11-01-legacy,
kw_000620,karaoke cheap near me,karaoke cheap near me,,false,eligible,,,candidate,discover,,,2026-09-11-01-legacy,2026-09-11-01-legacy,
kw_000621,karaoke closest to me,karaoke closest to me,,false,eligible,,,candidate,discover,,,2026-09-11-01-legacy,2026-09-11-01-legacy,
kw_000622,karaoke clubs near me,karaoke clubs near me,,false,eligible,,,candidate,discover,,,2026-09-11-01-legacy,2026-09-11-01-legacy,
kw_000623,karaoke dinner near me,karaoke dinner near me,,false,eligible,,,candidate,discover,,,2026-09-11-01-legacy,2026-09-11-01-legacy,
kw_000624,karaoke en español near me,karaoke en español near me,,false,eligible,,,candidate,discover,,,2026-09-11-01-legacy,2026-09-11-01-legacy,
kw_000625,karaoke every night near me,karaoke every night near me,,false,eligible,,,candidate,discover,,,2026-09-11-01-legacy,2026-09-11-01-legacy,
kw_000626,karaoke family near me,karaoke family near me,,false,eligible,,,candidate,discover,,,2026-09-11-01-legacy,2026-09-11-01-legacy,
kw_000627,karaoke food places near me,karaoke food places near me,,false,eligible,,,candidate,discover,,,2026-09-11-01-legacy,2026-09-11-01-legacy,
kw_000628,karaoke for all ages near me,karaoke for all ages near me,,false,eligible,,,candidate,discover,,,2026-09-11-01-legacy,2026-09-11-01-legacy,
kw_000629,karaoke for family near me,karaoke for family near me,,false,eligible,,,candidate,discover,,,2026-09-11-01-legacy,2026-09-11-01-legacy,
kw_000630,karaoke for teens near me,karaoke for teens near me,,false,eligible,,,candidate,discover,,,2026-09-11-01-legacy,2026-09-11-01-legacy,
kw_000631,karaoke friday near me,karaoke friday near me,,false,eligible,,,candidate,discover,,,2026-09-11-01-legacy,2026-09-11-01-legacy,
kw_000632,karaoke gay bar near me,karaoke gay bar near me,,false,eligible,,,candidate,discover,,,2026-09-11-01-legacy,2026-09-11-01-legacy,
kw_000633,karaoke happy hour near me,karaoke happy hour near me,,false,eligible,,,candidate,discover,,,2026-09-11-01-legacy,2026-09-11-01-legacy,
kw_000634,karaoke house near me,karaoke house near me,,false,eligible,,,candidate,discover,,,2026-09-11-01-legacy,2026-09-11-01-legacy,
kw_000635,karaoke in mall near me,karaoke in mall near me,,false,eligible,,,candidate,discover,,,2026-09-11-01-legacy,2026-09-11-01-legacy,
kw_000636,karaoke in my area,karaoke in my area,,false,eligible,,,candidate,discover,,,2026-09-11-01-legacy,2026-09-11-01-legacy,
kw_000637,karaoke in my area tonight,karaoke in my area tonight,,false,eligible,,,candidate,discover,,,2026-09-11-01-legacy,2026-09-11-01-legacy,
kw_000638,karaoke karaoke bar near me,karaoke karaoke bar near me,,false,eligible,,,candidate,discover,,,2026-09-11-01-legacy,2026-09-11-01-legacy,
kw_000639,karaoke karaoke near me,karaoke karaoke near me,,false,eligible,,,candidate,discover,,,2026-09-11-01-legacy,2026-09-11-01-legacy,
kw_000640,karaoke keluarga near me,karaoke keluarga near me,,false,eligible,,,candidate,discover,,,2026-09-11-01-legacy,2026-09-11-01-legacy,
kw_000641,karaoke korean near me,karaoke korean near me,,false,eligible,,,candidate,discover,,,2026-09-11-01-legacy,2026-09-11-01-legacy,
kw_000642,karaoke ktv near me,karaoke ktv near me,,false,eligible,,,candidate,discover,,,2026-09-11-01-legacy,2026-09-11-01-legacy,
kw_000643,karaoke latino near me,karaoke latino near me,,false,eligible,,,candidate,discover,,,2026-09-11-01-legacy,2026-09-11-01-legacy,
kw_000644,karaoke locations near me,karaoke locations near me,,false,eligible,,,candidate,discover,,,2026-09-11-01-legacy,2026-09-11-01-legacy,
kw_000645,karaoke mall near me,karaoke mall near me,,false,eligible,,,candidate,discover,,,2026-09-11-01-legacy,2026-09-11-01-legacy,
kw_000646,karaoke mexicano near me,karaoke mexicano near me,,false,eligible,,,candidate,discover,,,2026-09-11-01-legacy,2026-09-11-01-legacy,
kw_000647,karaoke monday near me,karaoke monday near me,,false,eligible,,,candidate,discover,,,2026-09-11-01-legacy,2026-09-11-01-legacy,
kw_000648,karaoke monday night near me,karaoke monday night near me,,false,eligible,,,candidate,discover,,,2026-09-11-01-legacy,2026-09-11-01-legacy,
kw_000649,karaoke music near me,karaoke music near me,,false,eligible,,,candidate,discover,,,2026-09-11-01-legacy,2026-09-11-01-legacy,
kw_000650,karaoke near by me,karaoke near by me,,false,eligible,,,candidate,discover,,,2026-09-11-01-legacy,2026-09-11-01-legacy,
kw_000651,karaoke near here,karaoke near here,,false,eligible,,,candidate,discover,,,2026-09-11-01-legacy,2026-09-11-01-legacy,
kw_000652,karaoke near home,karaoke near home,,false,eligible,,,candidate,discover,,,2026-09-11-01-legacy,2026-09-11-01-legacy,
kw_000653,karaoke near me 18,karaoke near me 18,,false,eligible,,,candidate,discover,,,2026-09-11-01-legacy,2026-09-11-01-legacy,
kw_000654,karaoke near me 18 plus,karaoke near me 18 plus,,false,eligible,,,candidate,discover,,,2026-09-11-01-legacy,2026-09-11-01-legacy,
kw_000655,karaoke near me 2022,karaoke near me 2022,,false,eligible,,,candidate,discover,,,2026-09-11-01-legacy,2026-09-11-01-legacy,
kw_000656,karaoke near me 24 hours,karaoke near me 24 hours,,false,eligible,,,candidate,discover,,,2026-09-11-01-legacy,2026-09-11-01-legacy,
kw_000657,karaoke near me all ages,karaoke near me all ages,,false,eligible,,,candidate,discover,,,2026-09-11-01-legacy,2026-09-11-01-legacy,
kw_000658,karaoke near me bar,karaoke near me bar,,false,eligible,,,candidate,discover,,,2026-09-11-01-legacy,2026-09-11-01-legacy,
kw_000659,karaoke near me cheap,karaoke near me cheap,,false,eligible,,,candidate,discover,,,2026-09-11-01-legacy,2026-09-11-01-legacy,
kw_000660,karaoke near me chinatown,karaoke near me chinatown,,false,eligible,,,candidate,discover,,,2026-09-11-01-legacy,2026-09-11-01-legacy,
kw_000661,karaoke near me for all ages,karaoke near me for all ages,,false,eligible,,,candidate,discover,,,2026-09-11-01-legacy,2026-09-11-01-legacy,
kw_000662,karaoke near me for teens,karaoke near me for teens,,false,eligible,,,candidate,discover,,,2026-09-11-01-legacy,2026-09-11-01-legacy,
kw_000663,karaoke near me for under 18,karaoke near me for under 18,,false,eligible,,,candidate,discover,,,2026-09-11-01-legacy,2026-09-11-01-legacy,
kw_000664,karaoke near me for under 21,karaoke near me for under 21,,false,eligible,,,candidate,discover,,,2026-09-11-01-legacy,2026-09-11-01-legacy,
kw_000665,karaoke near me korean,karaoke near me korean,,false,eligible,,,candidate,discover,,,2026-09-11-01-legacy,2026-09-11-01-legacy,
kw_000666,karaoke near me latino,karaoke near me latino,,false,eligible,,,candidate,discover,,,2026-09-11-01-legacy,2026-09-11-01-legacy,
kw_000667,karaoke near me monday night,karaoke near me monday night,,false,eligible,,,candidate,discover,,,2026-09-11-01-legacy,2026-09-11-01-legacy,
kw_000668,karaoke near me now,karaoke near me now,,false,eligible,,,candidate,discover,,,2026-09-11-01-legacy,2026-09-11-01-legacy,
kw_000669,karaoke near me on friday,karaoke near me on friday,,false,eligible,,,candidate,discover,,,2026-09-11-01-legacy,2026-09-11-01-legacy,
kw_000670,karaoke near me on friday night,karaoke near me on friday night,,false,eligible,,,candidate,discover,,,2026-09-11-01-legacy,2026-09-11-01-legacy,
kw_000671,karaoke near me on monday,karaoke near me on monday,,false,eligible,,,candidate,discover,,,2026-09-11-01-legacy,2026-09-11-01-legacy,
kw_000672,karaoke near me on monday night,karaoke near me on monday night,,false,eligible,,,candidate,discover,,,2026-09-11-01-legacy,2026-09-11-01-legacy,
kw_000673,karaoke near me on saturday,karaoke near me on saturday,,false,eligible,,,candidate,discover,,,2026-09-11-01-legacy,2026-09-11-01-legacy,
kw_000674,karaoke near me on saturday night,karaoke near me on saturday night,,false,eligible,,,candidate,discover,,,2026-09-11-01-legacy,2026-09-11-01-legacy,
kw_000675,karaoke near me on sunday,karaoke near me on sunday,,false,eligible,,,candidate,discover,,,2026-09-11-01-legacy,2026-09-11-01-legacy,
kw_000676,karaoke near me on thursday,karaoke near me on thursday,,false,eligible,,,candidate,discover,,,2026-09-11-01-legacy,2026-09-11-01-legacy,
kw_000677,karaoke near me on tuesday,karaoke near me on tuesday,,false,eligible,,,candidate,discover,,,2026-09-11-01-legacy,2026-09-11-01-legacy,
kw_000678,karaoke near me on wednesday,karaoke near me on wednesday,,false,eligible,,,candidate,discover,,,2026-09-11-01-legacy,2026-09-11-01-legacy,
kw_000679,karaoke near me open,karaoke near me open,,false,eligible,,,candidate,discover,,,2026-09-11-01-legacy,2026-09-11-01-legacy,
kw_000680,karaoke near me price,karaoke near me price,,false,eligible,,,candidate,discover,,,2026-09-11-01-legacy,2026-09-11-01-legacy,
kw_000681,karaoke near me private,karaoke near me private,,false,eligible,,,candidate,discover,,,2026-09-11-01-legacy,2026-09-11-01-legacy,
kw_000682,karaoke near me private room under 21,karaoke near me private room under 21,,false,eligible,,,candidate,discover,,,2026-09-11-01-legacy,2026-09-11-01-legacy,
kw_000683,karaoke near me right now,karaoke near me right now,,false,eligible,,,candidate,discover,,,2026-09-11-01-legacy,2026-09-11-01-legacy,
kw_000684,karaoke near me rooms,karaoke near me rooms,,false,eligible,,,candidate,discover,,,2026-09-11-01-legacy,2026-09-11-01-legacy,
kw_000685,karaoke near me saturday night,karaoke near me saturday night,,false,eligible,,,candidate,discover,,,2026-09-11-01-legacy,2026-09-11-01-legacy,
kw_000686,karaoke near me sunday,karaoke near me sunday,,false,eligible,,,candidate,discover,,,2026-09-11-01-legacy,2026-09-11-01-legacy,
kw_000687,karaoke near me sunday night,karaoke near me sunday night,,false,eligible,,,candidate,discover,,,2026-09-11-01-legacy,2026-09-11-01-legacy,
kw_000688,karaoke near me this weekend,karaoke near me this weekend,,false,eligible,,,candidate,discover,,,2026-09-11-01-legacy,2026-09-11-01-legacy,
kw_000689,karaoke near me thursday,karaoke near me thursday,,false,eligible,,,candidate,discover,,,2026-09-11-01-legacy,2026-09-11-01-legacy,
kw_000690,karaoke near me thursday night,karaoke near me thursday night,,false,eligible,,,candidate,discover,,,2026-09-11-01-legacy,2026-09-11-01-legacy,
kw_000691,karaoke near me today,karaoke near me today,,false,eligible,,,candidate,discover,,,2026-09-11-01-legacy,2026-09-11-01-legacy,
kw_000692,karaoke near me tomorrow,karaoke near me tomorrow,,false,eligible,,,candidate,discover,,,2026-09-11-01-legacy,2026-09-11-01-legacy,
kw_000693,karaoke near me tonight 2022,karaoke near me tonight 2022,,false,eligible,,,candidate,discover,,,2026-09-11-01-legacy,2026-09-11-01-legacy,
kw_000694,karaoke near me tonight friday,karaoke near me tonight friday,,false,eligible,,,candidate,discover,,,2026-09-11-01-legacy,2026-09-11-01-legacy,
kw_000695,karaoke near me tonight monday,karaoke near me tonight monday,,false,eligible,,,candidate,discover,,,2026-09-11-01-legacy,2026-09-11-01-legacy,
kw_000696,karaoke near me tonight saturday,karaoke near me tonight saturday,,false,eligible,,,candidate,discover,,,2026-09-11-01-legacy,2026-09-11-01-legacy,
kw_000697,karaoke near me tonight sunday,karaoke near me tonight sunday,,false,eligible,,,candidate,discover,,,2026-09-11-01-legacy,2026-09-11-01-legacy,
kw_000698,karaoke near me tonight thursday,karaoke near me tonight thursday,,false,eligible,,,candidate,discover,,,2026-09-11-01-legacy,2026-09-11-01-legacy,
kw_000699,karaoke near me tonight tuesday,karaoke near me tonight tuesday,,false,eligible,,,candidate,discover,,,2026-09-11-01-legacy,2026-09-11-01-legacy,
kw_000700,karaoke near me tonight wednesday,karaoke near me tonight wednesday,,false,eligible,,,candidate,discover,,,2026-09-11-01-legacy,2026-09-11-01-legacy,
kw_000701,karaoke near me tuesday,karaoke near me tuesday,,false,eligible,,,candidate,discover,,,2026-09-11-01-legacy,2026-09-11-01-legacy,
kw_000702,karaoke near me tuesday night,karaoke near me tuesday night,,false,eligible,,,candidate,discover,,,2026-09-11-01-legacy,2026-09-11-01-legacy,
kw_000703,karaoke near me wednesday,karaoke near me wednesday,,false,eligible,,,candidate,discover,,,2026-09-11-01-legacy,2026-09-11-01-legacy,
kw_000704,karaoke near me wednesday night,karaoke near me wednesday night,,false,eligible,,,candidate,discover,,,2026-09-11-01-legacy,2026-09-11-01-legacy,
kw_000705,karaoke near my location,karaoke near my location,,false,eligible,,,candidate,discover,,,2026-09-11-01-legacy,2026-09-11-01-legacy,
kw_000706,karaoke near to me,karaoke near to me,,false,eligible,,,candidate,discover,,,2026-09-11-01-legacy,2026-09-11-01-legacy,
kw_000707,karaoke near us,karaoke near us,,false,eligible,,,candidate,discover,,,2026-09-11-01-legacy,2026-09-11-01-legacy,
kw_000708,karaoke nearest,karaoke nearest,,false,eligible,,,candidate,discover,,,2026-09-11-01-legacy,2026-09-11-01-legacy,
kw_000709,karaoke night clubs near me,karaoke night clubs near me,,false,eligible,,,candidate,discover,,,2026-09-11-01-legacy,2026-09-11-01-legacy,
kw_000710,karaoke night near me tonight,karaoke night near me tonight,,false,eligible,,,candidate,discover,,,2026-09-11-01-legacy,2026-09-11-01-legacy,
kw_000711,karaoke night today near me,karaoke night today near me,,false,eligible,,,candidate,discover,,,2026-09-11-01-legacy,2026-09-11-01-legacy,
kw_000712,karaoke night tonight near me,karaoke night tonight near me,,false,eligible,,,candidate,discover,,,2026-09-11-01-legacy,2026-09-11-01-legacy,
kw_000713,karaoke now near me,karaoke now near me,,false,eligible,,,candidate,discover,,,2026-09-11-01-legacy,2026-09-11-01-legacy,
kw_000714,karaoke on sunday night near me,karaoke on sunday night near me,,false,eligible,,,candidate,discover,,,2026-09-11-01-legacy,2026-09-11-01-legacy,
kw_000715,karaoke on thursday night near me,karaoke on thursday night near me,,false,eligible,,,candidate,discover,,,2026-09-11-01-legacy,2026-09-11-01-legacy,
kw_000716,karaoke on tuesday night near me,karaoke on tuesday night near me,,false,eligible,,,candidate,discover,,,2026-09-11-01-legacy,2026-09-11-01-legacy,
kw_000717,karaoke on wednesday night near me,karaoke on wednesday night near me,,false,eligible,,,candidate,discover,,,2026-09-11-01-legacy,2026-09-11-01-legacy,
kw_000718,karaoke open near me,karaoke open near me,,false,eligible,,,candidate,discover,,,2026-09-11-01-legacy,2026-09-11-01-legacy,
kw_000719,karaoke open now near me,karaoke open now near me,,false,eligible,,,candidate,discover,,,2026-09-11-01-legacy,2026-09-11-01-legacy,
kw_000720,karaoke party places near me,karaoke party places near me,,false,eligible,,,candidate,discover,,,2026-09-11-01-legacy,2026-09-11-01-legacy,
kw_000721,karaoke party room near me,karaoke party room near me,,false,eligible,,,candidate,discover,,,2026-09-11-01-legacy,2026-09-11-01-legacy,
kw_000722,karaoke party rooms near me,karaoke party rooms near me,,false,eligible,,,candidate,discover,,,2026-09-11-01-legacy,2026-09-11-01-legacy,
kw_000723,karaoke place nearby,karaoke place nearby,,false,eligible,,,candidate,discover,,,2026-09-11-01-legacy,2026-09-11-01-legacy,
kw_000724,karaoke places around me,karaoke places around me,,false,eligible,,,candidate,discover,,,2026-09-11-01-legacy,2026-09-11-01-legacy,
kw_000725,karaoke places for all ages near me,karaoke places for all ages near me,,false,eligible,,,candidate,discover,,,2026-09-11-01-legacy,2026-09-11-01-legacy,
kw_000726,karaoke places near me for minors,karaoke places near me for minors,,false,eligible,,,candidate,discover,,,2026-09-11-01-legacy,2026-09-11-01-legacy,
kw_000727,karaoke places near me on saturday,karaoke places near me on saturday,,false,eligible,,,candidate,discover,,,2026-09-11-01-legacy,2026-09-11-01-legacy,
kw_000728,karaoke places near me private rooms,karaoke places near me private rooms,,false,eligible,,,candidate,discover,,,2026-09-11-01-legacy,2026-09-11-01-legacy,
kw_000729,karaoke places near me under 21,karaoke places near me under 21,,false,eligible,,,candidate,discover,,,2026-09-11-01-legacy,2026-09-11-01-legacy,
kw_000730,karaoke places open near me,karaoke places open near me,,false,eligible,,,candidate,discover,,,2026-09-11-01-legacy,2026-09-11-01-legacy,
kw_000731,karaoke places open now,karaoke places open now,,false,eligible,,,candidate,discover,,,2026-09-11-01-legacy,2026-09-11-01-legacy,
kw_000732,karaoke places with private rooms near me,karaoke places with private rooms near me,,false,eligible,,,candidate,discover,,,2026-09-11-01-legacy,2026-09-11-01-legacy,
kw_000733,karaoke price near me,karaoke price near me,,false,eligible,,,candidate,discover,,,2026-09-11-01-legacy,2026-09-11-01-legacy,
kw_000734,karaoke private near me,karaoke private near me,,false,eligible,,,candidate,discover,,,2026-09-11-01-legacy,2026-09-11-01-legacy,
kw_000735,karaoke rental rooms near me,karaoke rental rooms near me,,false,eligible,,,candidate,discover,,,2026-09-11-01-legacy,2026-09-11-01-legacy,
kw_000736,karaoke right now near me,karaoke right now near me,,false,eligible,,,candidate,discover,,,2026-09-11-01-legacy,2026-09-11-01-legacy,
kw_000737,karaoke room bar near me,karaoke room bar near me,,false,eligible,,,candidate,discover,,,2026-09-11-01-legacy,2026-09-11-01-legacy,
kw_000738,karaoke rooms near me for minors,karaoke rooms near me for minors,,false,eligible,,,candidate,discover,,,2026-09-11-01-legacy,2026-09-11-01-legacy,
kw_000739,karaoke rooms near me private,karaoke rooms near me private,,false,eligible,,,candidate,discover,,,2026-09-11-01-legacy,2026-09-11-01-legacy,
kw_000740,karaoke rooms near me under 18,karaoke rooms near me under 18,,false,eligible,,,candidate,discover,,,2026-09-11-01-legacy,2026-09-11-01-legacy,
kw_000741,karaoke singing near me,karaoke singing near me,,false,eligible,,,candidate,discover,,,2026-09-11-01-legacy,2026-09-11-01-legacy,
kw_000742,karaoke singing places near me,karaoke singing places near me,,false,eligible,,,candidate,discover,,,2026-09-11-01-legacy,2026-09-11-01-legacy,
kw_000743,karaoke studio near me,karaoke studio near me,,false,eligible,,,candidate,discover,,,2026-09-11-01-legacy,2026-09-11-01-legacy,
kw_000744,karaoke suites near me,karaoke suites near me,,false,eligible,,,candidate,discover,,,2026-09-11-01-legacy,2026-09-11-01-legacy,
kw_000745,karaoke sunday night near me,karaoke sunday night near me,,false,eligible,,,candidate,discover,,,2026-09-11-01-legacy,2026-09-11-01-legacy,
kw_000746,karaoke sushi bar near me,karaoke sushi bar near me,,false,eligible,,,candidate,discover,,,2026-09-11-01-legacy,2026-09-11-01-legacy,
kw_000747,karaoke this weekend near me,karaoke this weekend near me,,false,eligible,,,candidate,discover,,,2026-09-11-01-legacy,2026-09-11-01-legacy,
kw_000748,karaoke tomorrow near me,karaoke tomorrow near me,,false,eligible,,,candidate,discover,,,2026-09-11-01-legacy,2026-09-11-01-legacy,
kw_000749,karaoke tonight around me,karaoke tonight around me,,false,eligible,,,candidate,discover,,,2026-09-11-01-legacy,2026-09-11-01-legacy,
kw_000750,karaoke tonight in my area,karaoke tonight in my area,,false,eligible,,,candidate,discover,,,2026-09-11-01-legacy,2026-09-11-01-legacy,
kw_000751,karaoke tonight near me now,karaoke tonight near me now,,false,eligible,,,candidate,discover,,,2026-09-11-01-legacy,2026-09-11-01-legacy,
kw_000752,karaoke tonight near me tonight,karaoke tonight near me tonight,,false,eligible,,,candidate,discover,,,2026-09-11-01-legacy,2026-09-11-01-legacy,
kw_000753,karaoke tonight near my location,karaoke tonight near my location,,false,eligible,,,candidate,discover,,,2026-09-11-01-legacy,2026-09-11-01-legacy,
kw_000754,karaoke tonight nearby,karaoke tonight nearby,,false,eligible,,,candidate,discover,,,2026-09-11-01-legacy,2026-09-11-01-legacy,
kw_000755,karaoke under 18 near me,karaoke under 18 near me,,false,eligible,,,candidate,discover,,,2026-09-11-01-legacy,2026-09-11-01-legacy,
kw_000756,karaoke vip room near me,karaoke vip room near me,,false,eligible,,,candidate,discover,,,2026-09-11-01-legacy,2026-09-11-01-legacy,
kw_000757,karaoke with alcohol near me,karaoke with alcohol near me,,false,eligible,,,candidate,discover,,,2026-09-11-01-legacy,2026-09-11-01-legacy,
kw_000758,karaoke with food near me,karaoke with food near me,,false,eligible,,,candidate,discover,,,2026-09-11-01-legacy,2026-09-11-01-legacy,
kw_000759,kbox karaoke near me,kbox karaoke near me,,false,eligible,,,candidate,discover,,,2026-09-11-01-legacy,2026-09-11-01-legacy,
kw_000760,kbox near me,kbox near me,,false,eligible,,,candidate,discover,,,2026-09-11-01-legacy,2026-09-11-01-legacy,
kw_000761,kedai karaoke near me,kedai karaoke near me,,false,eligible,,,candidate,discover,,,2026-09-11-01-legacy,2026-09-11-01-legacy,
kw_000762,korean bbq with karaoke near me,korean bbq with karaoke near me,,false,eligible,,,candidate,discover,,,2026-09-11-01-legacy,2026-09-11-01-legacy,
kw_000763,korean karaoke bar near me,korean karaoke bar near me,,false,eligible,,,candidate,discover,,,2026-09-11-01-legacy,2026-09-11-01-legacy,
kw_000764,korean karaoke rooms near me,korean karaoke rooms near me,,false,eligible,,,candidate,discover,,,2026-09-11-01-legacy,2026-09-11-01-legacy,
kw_000765,korean ktv near me,korean ktv near me,,false,eligible,,,candidate,discover,,,2026-09-11-01-legacy,2026-09-11-01-legacy,
kw_000766,korean style karaoke near me,korean style karaoke near me,,false,eligible,,,candidate,discover,,,2026-09-11-01-legacy,2026-09-11-01-legacy,
kw_000767,ktv around me,ktv around me,,false,eligible,,,candidate,discover,,,2026-09-11-01-legacy,2026-09-11-01-legacy,
kw_000768,ktv bar near me open now,ktv bar near me open now,,false,eligible,,,candidate,discover,,,2026-09-11-01-legacy,2026-09-11-01-legacy,
kw_000769,ktv karaoke near me,ktv karaoke near me,,false,eligible,,,candidate,discover,,,2026-09-11-01-legacy,2026-09-11-01-legacy,
kw_000770,ktv lounge near me,ktv lounge near me,,false,eligible,,,candidate,discover,,,2026-09-11-01-legacy,2026-09-11-01-legacy,
kw_000771,ktv near me open now,ktv near me open now,,false,eligible,,,candidate,discover,,,2026-09-11-01-legacy,2026-09-11-01-legacy,
kw_000772,ktv near us,ktv near us,,false,eligible,,,candidate,discover,,,2026-09-11-01-legacy,2026-09-11-01-legacy,
kw_000773,ktv nearby,ktv nearby,,false,eligible,,,candidate,discover,,,2026-09-11-01-legacy,2026-09-11-01-legacy,
kw_000774,ktv open near me,ktv open near me,,false,eligible,,,candidate,discover,,,2026-09-11-01-legacy,2026-09-11-01-legacy,
kw_000775,ktv places near me,ktv places near me,,false,eligible,,,candidate,discover,,,2026-09-11-01-legacy,2026-09-11-01-legacy,
kw_000776,ktv pub near me,ktv pub near me,,false,eligible,,,candidate,discover,,,2026-09-11-01-legacy,2026-09-11-01-legacy,
kw_000777,ktv resto bar near me,ktv resto bar near me,,false,eligible,,,candidate,discover,,,2026-09-11-01-legacy,2026-09-11-01-legacy,
kw_000778,ktv room near me,ktv room near me,,false,eligible,,,candidate,discover,,,2026-09-11-01-legacy,2026-09-11-01-legacy,
kw_000779,late bingo near me,late bingo near me,local,false,eligible,,,candidate,discover,cl_0004,,2026-09-11-01-legacy,2026-09-11-01-legacy,
kw_000780,late night karaoke near me,late night karaoke near me,,false,eligible,,,candidate,discover,,,2026-09-11-01-legacy,2026-09-11-01-legacy,
kw_000781,latin karaoke bar near me,latin karaoke bar near me,,false,eligible,,,candidate,discover,,,2026-09-11-01-legacy,2026-09-11-01-legacy,
kw_000782,latin karaoke near me,latin karaoke near me,,false,eligible,,,candidate,discover,,,2026-09-11-01-legacy,2026-09-11-01-legacy,
kw_000783,live band pub near me,live band pub near me,,false,eligible,,,candidate,discover,,,2026-09-11-01-legacy,2026-09-11-01-legacy,
kw_000784,live bands in pubs near me,live bands in pubs near me,,false,eligible,,,candidate,discover,,,2026-09-11-01-legacy,2026-09-11-01-legacy,
kw_000785,live events today near me,live events today near me,,false,eligible,,,candidate,discover,,,2026-09-11-01-legacy,2026-09-11-01-legacy,
kw_000786,live irish music near me today,live irish music near me today,,false,eligible,,,candidate,discover,,,2026-09-11-01-legacy,2026-09-11-01-legacy,
kw_000787,live irish music near me tonight,live irish music near me tonight,,false,eligible,,,candidate,discover,,,2026-09-11-01-legacy,2026-09-11-01-legacy,
kw_000788,live irish music tonight near me,live irish music tonight near me,,false,eligible,,,candidate,discover,,,2026-09-11-01-legacy,2026-09-11-01-legacy,
kw_000789,live karaoke band near me,live karaoke band near me,,false,eligible,,,candidate,discover,,,2026-09-11-01-legacy,2026-09-11-01-legacy,
kw_000790,live karaoke near me,live karaoke near me,,false,eligible,,,candidate,discover,,,2026-09-11-01-legacy,2026-09-11-01-legacy,
kw_000791,live music at pubs near me,live music at pubs near me,,false,avoid,"Live music is discontinued in full, owner-confirmed 11 August 2026 (docs/SSOT.md section 10).",all,candidate,discover,,,2026-09-11-01-legacy,2026-09-11-01-legacy,
kw_000792,live music irish pub near me,live music irish pub near me,,false,avoid,"Live music is discontinued in full, owner-confirmed 11 August 2026 (docs/SSOT.md section 10).",all,candidate,discover,,,2026-09-11-01-legacy,2026-09-11-01-legacy,
kw_000793,live music karaoke near me,live music karaoke near me,,false,avoid,"Live music is discontinued in full, owner-confirmed 11 August 2026 (docs/SSOT.md section 10).",all,candidate,discover,,,2026-09-11-01-legacy,2026-09-11-01-legacy,
kw_000794,live music pubs near me tonight,live music pubs near me tonight,,false,avoid,"Live music is discontinued in full, owner-confirmed 11 August 2026 (docs/SSOT.md section 10).",all,candidate,discover,,,2026-09-11-01-legacy,2026-09-11-01-legacy,
kw_000795,live pub bands near me,live pub bands near me,,false,eligible,,,candidate,discover,,,2026-09-11-01-legacy,2026-09-11-01-legacy,
kw_000796,live pub music near me tonight,live pub music near me tonight,,false,eligible,,,candidate,discover,,,2026-09-11-01-legacy,2026-09-11-01-legacy,
kw_000797,live traditional irish music near me,live traditional irish music near me,,false,eligible,,,candidate,discover,,,2026-09-11-01-legacy,2026-09-11-01-legacy,
kw_000798,local area events this weekend,local area events this weekend,,false,eligible,,,candidate,discover,,,2026-09-11-01-legacy,2026-09-11-01-legacy,
kw_000799,local bingo nights near me,local bingo nights near me,local,false,eligible,,,candidate,discover,cl_0004,,2026-09-11-01-legacy,2026-09-11-01-legacy,
kw_000800,local christmas events this weekend,local christmas events this weekend,,false,eligible,,,candidate,discover,,,2026-09-11-01-legacy,2026-09-11-01-legacy,
kw_000801,local events for the weekend,local events for the weekend,,false,eligible,,,candidate,discover,,,2026-09-11-01-legacy,2026-09-11-01-legacy,
kw_000802,local events happening today near me,local events happening today near me,,false,eligible,,,candidate,discover,,,2026-09-11-01-legacy,2026-09-11-01-legacy,
kw_000803,local events this weekend near me today,local events this weekend near me today,,false,eligible,,,candidate,discover,,,2026-09-11-01-legacy,2026-09-11-01-legacy,
kw_000804,local family events this weekend near me,local family events this weekend near me,,false,eligible,,,candidate,discover,,,2026-09-11-01-legacy,2026-09-11-01-legacy,
kw_000805,local karaoke bars near me,local karaoke bars near me,,false,eligible,,,candidate,discover,,,2026-09-11-01-legacy,2026-09-11-01-legacy,
kw_000806,local karaoke near me,local karaoke near me,,false,eligible,,,candidate,discover,,,2026-09-11-01-legacy,2026-09-11-01-legacy,
kw_000807,local karaoke places,local karaoke places,,false,eligible,,,candidate,discover,,,2026-09-11-01-legacy,2026-09-11-01-legacy,
kw_000808,local pub quiz near me,local pub quiz near me,local,false,eligible,,,candidate,discover,cl_0001,,2026-09-11-01-legacy,2026-09-11-01-legacy,
kw_000809,local pubs with live music near me,local pubs with live music near me,,false,avoid,"Live music is discontinued in full, owner-confirmed 11 August 2026 (docs/SSOT.md section 10).",all,candidate,discover,,,2026-09-11-01-legacy,2026-09-11-01-legacy,
kw_000810,local quiz nights near me,local quiz nights near me,local,false,eligible,,,candidate,discover|gsc,cl_0001,,2026-09-11-01-legacy,2026-09-11-01-legacy,
kw_000811,local things to do this weekend near me,local things to do this weekend near me,local,false,eligible,,,candidate,discover,cl_0005,,2026-09-11-01-legacy,2026-09-11-01-legacy,
kw_000812,local trivia near me,local trivia near me,local,false,eligible,,,candidate,discover,cl_0001,,2026-09-11-01-legacy,2026-09-11-01-legacy,
kw_000813,manekineko karaoke near me,manekineko karaoke near me,,false,eligible,,,candidate,discover,,,2026-09-11-01-legacy,2026-09-11-01-legacy,
kw_000814,may bank holiday events near me,may bank holiday events near me,local,false,eligible,,,candidate,discover,cl_0005,,2026-09-11-01-legacy,2026-09-11-01-legacy,
kw_000815,mexican karaoke bar near me,mexican karaoke bar near me,,false,eligible,,,candidate,discover,,,2026-09-11-01-legacy,2026-09-11-01-legacy,
kw_000816,mexican karaoke near me,mexican karaoke near me,,false,eligible,,,candidate,discover,,,2026-09-11-01-legacy,2026-09-11-01-legacy,
kw_000817,mexican restaurants with karaoke near me,mexican restaurants with karaoke near me,,false,eligible,,,candidate,discover,,,2026-09-11-01-legacy,2026-09-11-01-legacy,
kw_000818,midnight bingo tonight near me,midnight bingo tonight near me,,false,eligible,,,candidate,discover,,,2026-09-11-01-legacy,2026-09-11-01-legacy,
kw_000819,monday night bar trivia near me,monday night bar trivia near me,local,false,eligible,,,candidate,discover,cl_0001,,2026-09-11-01-legacy,2026-09-11-01-legacy,
kw_000820,monday night bingo in my area,monday night bingo in my area,,false,eligible,,,candidate,discover,,,2026-09-11-01-legacy,2026-09-11-01-legacy,
kw_000821,monday night pub quiz near me,monday night pub quiz near me,local,false,eligible,,,candidate,discover|gsc,cl_0001,,2026-09-11-01-legacy,2026-09-11-01-legacy,
kw_000822,monday night quiz near me,monday night quiz near me,local,false,eligible,,,candidate,discover,cl_0001,,2026-09-11-01-legacy,2026-09-11-01-legacy,
kw_000823,monday night trivia near me,monday night trivia near me,local,false,eligible,,,candidate,discover,cl_0001,,2026-09-11-01-legacy,2026-09-11-01-legacy,
kw_000824,monday nite bingo near me,monday nite bingo near me,local,false,eligible,,,candidate,discover,cl_0004,,2026-09-11-01-legacy,2026-09-11-01-legacy,
kw_000825,monday pub quiz near me,monday pub quiz near me,local,false,eligible,,,candidate,discover|gsc,cl_0001,,2026-09-11-01-legacy,2026-09-11-01-legacy,
kw_000826,monday quiz night near me,monday quiz night near me,local,false,eligible,,,candidate,discover,cl_0001,,2026-09-11-01-legacy,2026-09-11-01-legacy,
kw_000827,mother's day pub lunch near me,mother's day pub lunch near me,,false,eligible,,,candidate,discover,,,2026-09-11-01-legacy,2026-09-11-01-legacy,
kw_000828,mothers day pub lunch near me,mothers day pub lunch near me,,false,eligible,,,candidate,discover,,,2026-09-11-01-legacy,2026-09-11-01-legacy,
kw_000829,music bingo near me thursday,music bingo near me thursday,,false,eligible,,,candidate,discover,,cl_0003|cl_0004,2026-09-11-01-legacy,2026-09-11-01-legacy,
kw_000830,music bingo near me tonight,music bingo near me tonight,,false,eligible,,,candidate,discover,,cl_0003|cl_0004,2026-09-11-01-legacy,2026-09-11-01-legacy,
kw_000831,music bingo tonight near me,music bingo tonight near me,local,false,eligible,,,candidate,discover,cl_0003,,2026-09-11-01-legacy,2026-09-11-01-legacy,
kw_000832,near me events this weekend,near me events this weekend,,false,eligible,,,candidate,discover,,,2026-09-11-01-legacy,2026-09-11-01-legacy,
kw_000833,near me karaoke,near me karaoke,,false,eligible,,,candidate,discover,,,2026-09-11-01-legacy,2026-09-11-01-legacy,
kw_000834,near me ktv,near me ktv,,false,eligible,,,candidate,discover,,,2026-09-11-01-legacy,2026-09-11-01-legacy,
kw_000835,near me night pub,near me night pub,,false,eligible,,,candidate,discover,,,2026-09-11-01-legacy,2026-09-11-01-legacy,
kw_000836,nearby karaoke bar,nearby karaoke bar,,false,eligible,,,candidate,discover,,,2026-09-11-01-legacy,2026-09-11-01-legacy,
kw_000837,nearby karaoke places,nearby karaoke places,,false,eligible,,,candidate,discover,,,2026-09-11-01-legacy,2026-09-11-01-legacy,
kw_000838,nearby karaoke rooms,nearby karaoke rooms,,false,eligible,,,candidate,discover,,,2026-09-11-01-legacy,2026-09-11-01-legacy,
kw_000839,nearby karaoke tonight,nearby karaoke tonight,,false,eligible,,,candidate,discover,,,2026-09-11-01-legacy,2026-09-11-01-legacy,
kw_000840,nearby ktv,nearby ktv,,false,eligible,,,candidate,discover,,,2026-09-11-01-legacy,2026-09-11-01-legacy,
kw_000841,nearby things to do this weekend,nearby things to do this weekend,local,false,eligible,,,candidate,discover,cl_0005,,2026-09-11-01-legacy,2026-09-11-01-legacy,
kw_000842,nearest karaoke bar near me,nearest karaoke bar near me,,false,eligible,,,candidate,discover,,,2026-09-11-01-legacy,2026-09-11-01-legacy,
kw_000843,nearest karaoke bar to my location,nearest karaoke bar to my location,,false,eligible,,,candidate,discover,,,2026-09-11-01-legacy,2026-09-11-01-legacy,
kw_000844,nearest karaoke near me,nearest karaoke near me,,false,eligible,,,candidate,discover,,,2026-09-11-01-legacy,2026-09-11-01-legacy,
kw_000845,nearest karaoke to me,nearest karaoke to me,,false,eligible,,,candidate,discover,,,2026-09-11-01-legacy,2026-09-11-01-legacy,
kw_000846,nearest ktv bar,nearest ktv bar,,false,eligible,,,candidate,discover,,,2026-09-11-01-legacy,2026-09-11-01-legacy,
kw_000847,nearest ktv bar near me,nearest ktv bar near me,,false,eligible,,,candidate,discover,,,2026-09-11-01-legacy,2026-09-11-01-legacy,
kw_000848,nearest ktv near me,nearest ktv near me,,false,eligible,,,candidate,discover,,,2026-09-11-01-legacy,2026-09-11-01-legacy,
kw_000849,nearest videoke bar,nearest videoke bar,,false,eligible,,,candidate,discover,,,2026-09-11-01-legacy,2026-09-11-01-legacy,
kw_000850,nearest videoke bar near me,nearest videoke bar near me,,false,eligible,,,candidate,discover,,,2026-09-11-01-legacy,2026-09-11-01-legacy,
kw_000851,new year pubs near me,new year pubs near me,,false,eligible,,,candidate,discover,,,2026-09-11-01-legacy,2026-09-11-01-legacy,
kw_000852,new year's eve pubs near me,new year's eve pubs near me,,false,eligible,,,candidate,discover,,,2026-09-11-01-legacy,2026-09-11-01-legacy,
kw_000853,new years eve bingo near me,new years eve bingo near me,local,false,eligible,,,candidate,discover,cl_0004,,2026-09-11-01-legacy,2026-09-11-01-legacy,
kw_000854,new years eve pub events near me,new years eve pub events near me,local,false,eligible,,,candidate,discover,cl_0005,,2026-09-11-01-legacy,2026-09-11-01-legacy,
kw_000855,new years eve pub near me,new years eve pub near me,,false,eligible,,,candidate,discover,,,2026-09-11-01-legacy,2026-09-11-01-legacy,
kw_000856,night bingo near me,night bingo near me,local,false,eligible,,,candidate,discover,cl_0004,,2026-09-11-01-legacy,2026-09-11-01-legacy,
kw_000857,night events today near me,night events today near me,,false,eligible,,,candidate,discover,,,2026-09-11-01-legacy,2026-09-11-01-legacy,
kw_000858,night time bingo near me,night time bingo near me,local,false,eligible,,,candidate,discover,cl_0004,,2026-09-11-01-legacy,2026-09-11-01-legacy,
kw_000859,noche de karaoke near me,noche de karaoke near me,,false,eligible,,,candidate,discover,,,2026-09-11-01-legacy,2026-09-11-01-legacy,
kw_000860,non smoking karaoke near me,non smoking karaoke near me,,false,eligible,,,candidate,discover,,,2026-09-11-01-legacy,2026-09-11-01-legacy,
kw_000861,nye pubs near me,nye pubs near me,,false,eligible,,,candidate,discover,,,2026-09-11-01-legacy,2026-09-11-01-legacy,
kw_000862,open air pubs near me,open air pubs near me,,false,eligible,,,candidate,discover,,,2026-09-11-01-legacy,2026-09-11-01-legacy,
kw_000863,open karaoke bar near me,open karaoke bar near me,,false,eligible,,,candidate,discover,,,2026-09-11-01-legacy,2026-09-11-01-legacy,
kw_000864,open karaoke near me,open karaoke near me,,false,eligible,,,candidate,discover,,,2026-09-11-01-legacy,2026-09-11-01-legacy,
kw_000865,open ktv near me,open ktv near me,,false,eligible,,,candidate,discover,,,2026-09-11-01-legacy,2026-09-11-01-legacy,
kw_000866,opinionation trivia near me,opinionation trivia near me,local,false,eligible,,,candidate,discover,cl_0001,,2026-09-11-01-legacy,2026-09-11-01-legacy,
kw_000867,outdoor karaoke near me,outdoor karaoke near me,,false,eligible,,,candidate,discover,,,2026-09-11-01-legacy,2026-09-11-01-legacy,
kw_000868,personal karaoke rooms near me,personal karaoke rooms near me,,false,eligible,,,candidate,discover,,,2026-09-11-01-legacy,2026-09-11-01-legacy,
kw_000869,places doing karaoke tonight near me,places doing karaoke tonight near me,,false,eligible,,,candidate,discover,,,2026-09-11-01-legacy,2026-09-11-01-legacy,
kw_000870,places that do karaoke near me,places that do karaoke near me,,false,eligible,,,candidate,discover,,,2026-09-11-01-legacy,2026-09-11-01-legacy,
kw_000871,places to go karaoke near me,places to go karaoke near me,,false,eligible,,,candidate,discover,,,2026-09-11-01-legacy,2026-09-11-01-legacy,
kw_000872,places to play bingo tonight near me,places to play bingo tonight near me,,false,eligible,,,candidate,discover,,,2026-09-11-01-legacy,2026-09-11-01-legacy,
kw_000873,places to sing karaoke near me,places to sing karaoke near me,,false,eligible,,,candidate,discover,,,2026-09-11-01-legacy,2026-09-11-01-legacy,
kw_000874,places to visit near staines,places to visit near staines,,false,eligible,,,candidate,discover,,,2026-09-11-01-legacy,2026-09-11-01-legacy,
kw_000875,places with karaoke tonight near me,places with karaoke tonight near me,,false,eligible,,,candidate,discover,,,2026-09-11-01-legacy,2026-09-11-01-legacy,
kw_000876,plug in karaoke near me,plug in karaoke near me,,false,eligible,,,candidate,discover,,,2026-09-11-01-legacy,2026-09-11-01-legacy,
kw_000877,private hire pubs near me,private hire pubs near me,,false,eligible,,,candidate,discover,,,2026-09-11-01-legacy,2026-09-11-01-legacy,
kw_000878,private karaoke bar near me,private karaoke bar near me,,false,eligible,,,candidate,discover,,,2026-09-11-01-legacy,2026-09-11-01-legacy,
kw_000879,private karaoke near me under 21,private karaoke near me under 21,,false,eligible,,,candidate,discover,,,2026-09-11-01-legacy,2026-09-11-01-legacy,
kw_000880,private karaoke places near me,private karaoke places near me,,false,eligible,,,candidate,discover,,,2026-09-11-01-legacy,2026-09-11-01-legacy,
kw_000881,private ktv bar near me,private ktv bar near me,,false,eligible,,,candidate,discover,,,2026-09-11-01-legacy,2026-09-11-01-legacy,
kw_000882,private ktv near me,private ktv near me,,false,eligible,,,candidate,discover,,,2026-09-11-01-legacy,2026-09-11-01-legacy,
kw_000883,private ktv rooms near me,private ktv rooms near me,,false,eligible,,,candidate,discover,,,2026-09-11-01-legacy,2026-09-11-01-legacy,
kw_000884,private room karaoke bar near me,private room karaoke bar near me,,false,eligible,,,candidate,discover,,,2026-09-11-01-legacy,2026-09-11-01-legacy,
kw_000885,private videoke bar near me,private videoke bar near me,,false,eligible,,,candidate,discover,,,2026-09-11-01-legacy,2026-09-11-01-legacy,
kw_000886,private videoke near me,private videoke near me,,false,eligible,,,candidate,discover,,,2026-09-11-01-legacy,2026-09-11-01-legacy,
kw_000887,pub and karaoke near me,pub and karaoke near me,,false,eligible,,,candidate,discover,,,2026-09-11-01-legacy,2026-09-11-01-legacy,
kw_000888,pub bands playing near me,pub bands playing near me,,false,eligible,,,candidate,discover,,,2026-09-11-01-legacy,2026-09-11-01-legacy,
kw_000889,pub bonfire near me,pub bonfire near me,,false,eligible,,,candidate,discover,,,2026-09-11-01-legacy,2026-09-11-01-legacy,
kw_000890,pub christmas dinner near me,pub christmas dinner near me,,false,eligible,,,candidate,discover,,,2026-09-11-01-legacy,2026-09-11-01-legacy,
kw_000891,pub entertainment near me tonight,pub entertainment near me tonight,local,false,eligible,,,candidate,discover,cl_0005,,2026-09-11-01-legacy,2026-09-11-01-legacy,
kw_000892,pub entertainment tonight near me,pub entertainment tonight near me,local,false,eligible,,,candidate,discover,cl_0005,,2026-09-11-01-legacy,2026-09-11-01-legacy,
kw_000893,pub events near me tonight,pub events near me tonight,local,false,eligible,,,candidate,discover,cl_0005,,2026-09-11-01-legacy,2026-09-11-01-legacy,
kw_000894,pub events today near me,pub events today near me,local,false,eligible,,,candidate,discover,cl_0005,,2026-09-11-01-legacy,2026-09-11-01-legacy,
kw_000895,pub food all day near me,pub food all day near me,,false,eligible,,,candidate,discover,,,2026-09-11-01-legacy,2026-09-11-01-legacy,
kw_000896,pub food beer garden near me,pub food beer garden near me,,false,eligible,,,candidate,discover,,,2026-09-11-01-legacy,2026-09-11-01-legacy,
kw_000897,pub food with beer garden near me,pub food with beer garden near me,,false,eligible,,,candidate,discover,,,2026-09-11-01-legacy,2026-09-11-01-legacy,
kw_000898,pub gig guide near me,pub gig guide near me,,false,eligible,,,candidate,discover,,,2026-09-11-01-legacy,2026-09-11-01-legacy,
kw_000899,pub gigs near me tonight,pub gigs near me tonight,,false,eligible,,,candidate,discover,,,2026-09-11-01-legacy,2026-09-11-01-legacy,
kw_000900,pub karaoke near me,pub karaoke near me,,false,eligible,,,candidate,discover,,,2026-09-11-01-legacy,2026-09-11-01-legacy,
kw_000901,pub live band near me,pub live band near me,,false,eligible,,,candidate,discover,,,2026-09-11-01-legacy,2026-09-11-01-legacy,
kw_000902,pub music near me tonight,pub music near me tonight,,false,eligible,,,candidate,discover,,,2026-09-11-01-legacy,2026-09-11-01-legacy,
kw_000903,pub near me beer garden,pub near me beer garden,,false,eligible,,,candidate,discover,,,2026-09-11-01-legacy,2026-09-11-01-legacy,
kw_000904,pub near me live music,pub near me live music,,false,avoid,"Live music is discontinued in full, owner-confirmed 11 August 2026 (docs/SSOT.md section 10).",all,candidate,discover,,,2026-09-11-01-legacy,2026-09-11-01-legacy,
kw_000905,pub nights near me,pub nights near me,,false,eligible,,,candidate,discover,,,2026-09-11-01-legacy,2026-09-11-01-legacy,
kw_000906,pub party hire near me,pub party hire near me,,false,eligible,,,candidate,discover,,,2026-09-11-01-legacy,2026-09-11-01-legacy,
kw_000907,pub party near me,pub party near me,,false,eligible,,,candidate,discover,,,2026-09-11-01-legacy,2026-09-11-01-legacy,
kw_000908,pub poker near me tonight,pub poker near me tonight,,false,eligible,,,candidate,discover,,,2026-09-11-01-legacy,2026-09-11-01-legacy,
kw_000909,pub poker tournaments near me,pub poker tournaments near me,,false,eligible,,,candidate,discover,,,2026-09-11-01-legacy,2026-09-11-01-legacy,
kw_000910,pub quiz friday near me,pub quiz friday near me,local,false,eligible,,,candidate,discover|gsc,cl_0001,,2026-09-11-01-legacy,2026-09-11-01-legacy,
kw_000911,pub quiz monday near me,pub quiz monday near me,local,false,eligible,,,candidate,discover,cl_0001,,2026-09-11-01-legacy,2026-09-11-01-legacy,
kw_000912,pub quiz monday night near me,pub quiz monday night near me,local,false,eligible,,,candidate,discover,cl_0001,,2026-09-11-01-legacy,2026-09-11-01-legacy,
kw_000913,pub quiz near me friday,pub quiz near me friday,local,false,eligible,,,candidate,discover,cl_0001,,2026-09-11-01-legacy,2026-09-11-01-legacy,
kw_000914,pub quiz near me monday,pub quiz near me monday,local,false,eligible,,,candidate,discover,cl_0001,,2026-09-11-01-legacy,2026-09-11-01-legacy,
kw_000915,pub quiz near me saturday,pub quiz near me saturday,local,false,eligible,,,candidate,discover,cl_0001,,2026-09-11-01-legacy,2026-09-11-01-legacy,
kw_000916,pub quiz near me sunday,pub quiz near me sunday,local,false,eligible,,,candidate,discover|gsc,cl_0001,,2026-09-11-01-legacy,2026-09-11-01-legacy,
kw_000917,pub quiz near me today,pub quiz near me today,local,false,eligible,,,candidate,discover,cl_0001,,2026-09-11-01-legacy,2026-09-11-01-legacy,
kw_000918,pub quiz near me tuesday,pub quiz near me tuesday,local,false,eligible,,,candidate,discover,cl_0001,,2026-09-11-01-legacy,2026-09-11-01-legacy,
kw_000919,pub quiz nearby,pub quiz nearby,local,false,eligible,,,candidate,discover,cl_0001,,2026-09-11-01-legacy,2026-09-11-01-legacy,
kw_000920,pub quiz on friday near me,pub quiz on friday near me,local,false,eligible,,,candidate,discover,cl_0001,,2026-09-11-01-legacy,2026-09-11-01-legacy,
kw_000921,pub quiz on saturday near me,pub quiz on saturday near me,local,false,eligible,,,candidate,discover,cl_0001,,2026-09-11-01-legacy,2026-09-11-01-legacy,
kw_000922,pub quiz on wednesday near me,pub quiz on wednesday near me,local,false,eligible,,,candidate,discover|gsc,cl_0001,,2026-09-11-01-legacy,2026-09-11-01-legacy,
kw_000923,pub quiz saturday near me,pub quiz saturday near me,local,false,eligible,,,candidate,discover,cl_0001,,2026-09-11-01-legacy,2026-09-11-01-legacy,
kw_000924,pub quiz sunday near me,pub quiz sunday near me,local,false,eligible,,,candidate,discover|gsc,cl_0001,,2026-09-11-01-legacy,2026-09-11-01-legacy,
kw_000925,pub quiz thursday near me,pub quiz thursday near me,local,false,eligible,,,candidate,discover,cl_0001,,2026-09-11-01-legacy,2026-09-11-01-legacy,
kw_000926,pub quiz thursday night near me,pub quiz thursday night near me,local,false,eligible,,,candidate,discover,cl_0001,,2026-09-11-01-legacy,2026-09-11-01-legacy,
kw_000927,pub quiz today near me,pub quiz today near me,local,false,eligible,,,candidate,discover|gsc,cl_0001,,2026-09-11-01-legacy,2026-09-11-01-legacy,
kw_000928,pub quiz tomorrow near me,pub quiz tomorrow near me,local,false,eligible,,,candidate,discover,cl_0001,,2026-09-11-01-legacy,2026-09-11-01-legacy,
kw_000929,pub quiz tuesday near me,pub quiz tuesday near me,local,false,eligible,,,candidate,discover,cl_0001,,2026-09-11-01-legacy,2026-09-11-01-legacy,
kw_000930,pub steak night near me,pub steak night near me,,false,eligible,,,candidate,discover,,,2026-09-11-01-legacy,2026-09-11-01-legacy,
kw_000931,pub trivia near me tonight,pub trivia near me tonight,local,false,eligible,,,candidate,discover,cl_0001,,2026-09-11-01-legacy,2026-09-11-01-legacy,
kw_000932,pub trivia night near me,pub trivia night near me,local,false,eligible,,,candidate,discover,cl_0001,,2026-09-11-01-legacy,2026-09-11-01-legacy,
kw_000933,pub trivia tonight near me,pub trivia tonight near me,local,false,eligible,,,candidate,discover,cl_0001,,2026-09-11-01-legacy,2026-09-11-01-legacy,
kw_000934,pub with live band near me,pub with live band near me,,false,eligible,,,candidate,discover,,,2026-09-11-01-legacy,2026-09-11-01-legacy,
kw_000935,pub with live music tonight near me,pub with live music tonight near me,,false,avoid,"Live music is discontinued in full, owner-confirmed 11 August 2026 (docs/SSOT.md section 10).",all,candidate,discover,,,2026-09-11-01-legacy,2026-09-11-01-legacy,
kw_000936,public events today near me,public events today near me,,false,eligible,,,candidate,discover,,,2026-09-11-01-legacy,2026-09-11-01-legacy,
kw_000937,public karaoke near me,public karaoke near me,,false,eligible,,,candidate,discover,,,2026-09-11-01-legacy,2026-09-11-01-legacy,
kw_000938,pubs and bars with live music near me,pubs and bars with live music near me,,false,avoid,"Live music is discontinued in full, owner-confirmed 11 August 2026 (docs/SSOT.md section 10).",all,candidate,discover,,,2026-09-11-01-legacy,2026-09-11-01-legacy,
kw_000939,pubs christmas day lunch near me,pubs christmas day lunch near me,,false,eligible,,,candidate,discover,,,2026-09-11-01-legacy,2026-09-11-01-legacy,
kw_000940,pubs doing christmas lunch near me,pubs doing christmas lunch near me,,false,eligible,,,candidate,discover,,,2026-09-11-01-legacy,2026-09-11-01-legacy,
kw_000941,pubs for christmas lunch near me,pubs for christmas lunch near me,,false,eligible,,,candidate,discover,,,2026-09-11-01-legacy,2026-09-11-01-legacy,
kw_000942,pubs for father's day near me,pubs for father's day near me,,false,eligible,,,candidate,discover,,,2026-09-11-01-legacy,2026-09-11-01-legacy,
kw_000943,pubs near me christmas dinner,pubs near me christmas dinner,,false,eligible,,,candidate,discover,,,2026-09-11-01-legacy,2026-09-11-01-legacy,
kw_000944,pubs near me doing christmas dinner,pubs near me doing christmas dinner,,false,eligible,,,candidate,discover,,,2026-09-11-01-legacy,2026-09-11-01-legacy,
kw_000945,pubs near me for christmas dinner,pubs near me for christmas dinner,,false,eligible,,,candidate,discover,,,2026-09-11-01-legacy,2026-09-11-01-legacy,
kw_000946,pubs near me for new year's eve,pubs near me for new year's eve,,false,eligible,,,candidate,discover,,,2026-09-11-01-legacy,2026-09-11-01-legacy,
kw_000947,pubs near me new year's eve,pubs near me new year's eve,,false,eligible,,,candidate,discover,,,2026-09-11-01-legacy,2026-09-11-01-legacy,
kw_000948,pubs near me new years eve,pubs near me new years eve,,false,eligible,,,candidate,discover,,,2026-09-11-01-legacy,2026-09-11-01-legacy,
kw_000949,pubs near me open boxing day,pubs near me open boxing day,,false,eligible,,,candidate,discover,,,2026-09-11-01-legacy,2026-09-11-01-legacy,
kw_000950,pubs near me open christmas day,pubs near me open christmas day,,false,eligible,,,candidate,discover,,,2026-09-11-01-legacy,2026-09-11-01-legacy,
kw_000951,pubs near me that do christmas dinner,pubs near me that do christmas dinner,,false,eligible,,,candidate,discover,,,2026-09-11-01-legacy,2026-09-11-01-legacy,
kw_000952,pubs near me with entertainment,pubs near me with entertainment,local,false,eligible,,,candidate,discover,cl_0005,,2026-09-11-01-legacy,2026-09-11-01-legacy,
kw_000953,pubs near me with entertainment tonight,pubs near me with entertainment tonight,local,false,eligible,,,candidate,discover,cl_0005,,2026-09-11-01-legacy,2026-09-11-01-legacy,
kw_000954,pubs near me with live music tonight,pubs near me with live music tonight,,false,avoid,"Live music is discontinued in full, owner-confirmed 11 August 2026 (docs/SSOT.md section 10).",all,candidate,discover,,,2026-09-11-01-legacy,2026-09-11-01-legacy,
kw_000955,pubs open christmas eve near me,pubs open christmas eve near me,,false,eligible,,,candidate,discover,,,2026-09-11-01-legacy,2026-09-11-01-legacy,
kw_000956,pubs open near me christmas day,pubs open near me christmas day,,false,eligible,,,candidate,discover,,,2026-09-11-01-legacy,2026-09-11-01-legacy,
kw_000957,pubs open near me new year's day,pubs open near me new year's day,,false,eligible,,,candidate,discover,,,2026-09-11-01-legacy,2026-09-11-01-legacy,
kw_000958,pubs open near me on christmas day,pubs open near me on christmas day,,false,eligible,,,candidate,discover,,,2026-09-11-01-legacy,2026-09-11-01-legacy,
kw_000959,pubs open near me xmas day,pubs open near me xmas day,,false,eligible,,,candidate,discover,,,2026-09-11-01-legacy,2026-09-11-01-legacy,
kw_000960,pubs open new year's day near me,pubs open new year's day near me,,false,eligible,,,candidate,discover,,,2026-09-11-01-legacy,2026-09-11-01-legacy,
kw_000961,pubs open new year's eve near me,pubs open new year's eve near me,,false,eligible,,,candidate,discover,,,2026-09-11-01-legacy,2026-09-11-01-legacy,
kw_000962,pubs open new years day near me,pubs open new years day near me,,false,eligible,,,candidate,discover,,,2026-09-11-01-legacy,2026-09-11-01-legacy,
kw_000963,pubs open tomorrow near me,pubs open tomorrow near me,,false,eligible,,,candidate,discover,,,2026-09-11-01-legacy,2026-09-11-01-legacy,
kw_000964,pubs playing live music near me,pubs playing live music near me,,false,avoid,"Live music is discontinued in full, owner-confirmed 11 August 2026 (docs/SSOT.md section 10).",all,candidate,discover,,,2026-09-11-01-legacy,2026-09-11-01-legacy,
kw_000965,pubs serving food christmas day near me,pubs serving food christmas day near me,,false,eligible,,,candidate,discover,,,2026-09-11-01-legacy,2026-09-11-01-legacy,
kw_000966,pubs that do christmas dinner near me,pubs that do christmas dinner near me,,false,eligible,,,candidate,discover,,,2026-09-11-01-legacy,2026-09-11-01-legacy,
kw_000967,pubs that have live music near me,pubs that have live music near me,,false,avoid,"Live music is discontinued in full, owner-confirmed 11 August 2026 (docs/SSOT.md section 10).",all,candidate,discover,,,2026-09-11-01-legacy,2026-09-11-01-legacy,
kw_000968,pubs that play music near me,pubs that play music near me,,false,eligible,,,candidate,discover,,,2026-09-11-01-legacy,2026-09-11-01-legacy,
kw_000969,pubs to hire for parties near me,pubs to hire for parties near me,,false,eligible,,,candidate,discover,,,2026-09-11-01-legacy,2026-09-11-01-legacy,
kw_000970,pubs with bands on tonight near me,pubs with bands on tonight near me,,false,eligible,,,candidate,discover,,,2026-09-11-01-legacy,2026-09-11-01-legacy,
kw_000971,pubs with bonfires near me,pubs with bonfires near me,,false,eligible,,,candidate,discover,,,2026-09-11-01-legacy,2026-09-11-01-legacy,
kw_000972,pubs with djs near me,pubs with djs near me,,false,eligible,,,candidate,discover,,,2026-09-11-01-legacy,2026-09-11-01-legacy,
kw_000973,pubs with entertainment near me tonight,pubs with entertainment near me tonight,local,false,eligible,,,candidate,discover,cl_0005,,2026-09-11-01-legacy,2026-09-11-01-legacy,
kw_000974,pubs with events near me,pubs with events near me,local,false,eligible,,,candidate,discover,cl_0005,,2026-09-11-01-legacy,2026-09-11-01-legacy,
kw_000975,pubs with function rooms to hire near me,pubs with function rooms to hire near me,,false,eligible,,,candidate,discover,,,2026-09-11-01-legacy,2026-09-11-01-legacy,
kw_000976,pubs with live entertainment near me,pubs with live entertainment near me,local,false,eligible,,,candidate,discover,cl_0005,,2026-09-11-01-legacy,2026-09-11-01-legacy,
kw_000977,pubs with live music near me today,pubs with live music near me today,,false,avoid,"Live music is discontinued in full, owner-confirmed 11 August 2026 (docs/SSOT.md section 10).",all,candidate,discover,,,2026-09-11-01-legacy,2026-09-11-01-legacy,
kw_000978,pubs with live music sunday near me,pubs with live music sunday near me,,false,avoid,"Live music is discontinued in full, owner-confirmed 11 August 2026 (docs/SSOT.md section 10).",all,candidate,discover,,,2026-09-11-01-legacy,2026-09-11-01-legacy,
kw_000979,pubs with party rooms near me,pubs with party rooms near me,,false,eligible,,,candidate,discover,,,2026-09-11-01-legacy,2026-09-11-01-legacy,
kw_000980,pubs with quiz machines near me,pubs with quiz machines near me,local,false,eligible,,,candidate,discover,cl_0001,,2026-09-11-01-legacy,2026-09-11-01-legacy,
kw_000981,pubs with quiz nights near me,pubs with quiz nights near me,local,false,eligible,,,candidate,discover|gsc,cl_0001,,2026-09-11-01-legacy,2026-09-11-01-legacy,
kw_000982,pubs with quizzes near me,pubs with quizzes near me,local,false,eligible,,,candidate,discover,cl_0001,,2026-09-11-01-legacy,2026-09-11-01-legacy,
kw_000983,pubs with small function rooms near me,pubs with small function rooms near me,,false,eligible,,,candidate,discover,,,2026-09-11-01-legacy,2026-09-11-01-legacy,
kw_000984,pubs with trivia near me,pubs with trivia near me,local,false,eligible,,,candidate,discover,cl_0001,,2026-09-11-01-legacy,2026-09-11-01-legacy,
kw_000985,pubs with venue hire near me,pubs with venue hire near me,,false,eligible,,,candidate,discover,,,2026-09-11-01-legacy,2026-09-11-01-legacy,
kw_000986,quiz near me,quiz near me,local,false,eligible,,,candidate,discover|gsc,cl_0001,,2026-09-11-01-legacy,2026-09-11-01-legacy,
kw_000987,quiz near me tonight,quiz near me tonight,local,false,eligible,,,candidate,discover|gsc,cl_0001,,2026-09-11-01-legacy,2026-09-11-01-legacy,
kw_000988,quiz night friday near me,quiz night friday near me,local,false,eligible,,,candidate,discover,cl_0001,,2026-09-11-01-legacy,2026-09-11-01-legacy,
kw_000989,quiz night monday near me,quiz night monday near me,local,false,eligible,,,candidate,discover,cl_0001,,2026-09-11-01-legacy,2026-09-11-01-legacy,
kw_000990,quiz night near me thursday,quiz night near me thursday,local,false,eligible,,,candidate,discover,cl_0001,,2026-09-11-01-legacy,2026-09-11-01-legacy,
kw_000991,quiz night near me tonight,quiz night near me tonight,local,false,eligible,,,candidate,discover|gsc,cl_0001,,2026-09-11-01-legacy,2026-09-11-01-legacy,
kw_000992,quiz night near me tuesday,quiz night near me tuesday,local,false,eligible,,,candidate,discover,cl_0001,,2026-09-11-01-legacy,2026-09-11-01-legacy,
kw_000993,quiz night pubs near me,quiz night pubs near me,local,false,eligible,,,candidate,discover,cl_0001,,2026-09-11-01-legacy,2026-09-11-01-legacy,
kw_000994,quiz night saturday near me,quiz night saturday near me,local,false,eligible,,,candidate,discover,cl_0001,,2026-09-11-01-legacy,2026-09-11-01-legacy,
kw_000995,quiz night thursday near me,quiz night thursday near me,local,false,eligible,,,candidate,discover,cl_0001,,2026-09-11-01-legacy,2026-09-11-01-legacy,
kw_000996,quiz night tonight near me,quiz night tonight near me,local,false,eligible,,,candidate,discover|gsc,cl_0001,,2026-09-11-01-legacy,2026-09-11-01-legacy,
kw_000997,quiz night tuesday near me,quiz night tuesday near me,local,false,eligible,,,candidate,discover,cl_0001,,2026-09-11-01-legacy,2026-09-11-01-legacy,
kw_000998,quiz night wednesday near me,quiz night wednesday near me,local,false,eligible,,,candidate,discover,cl_0001,,2026-09-11-01-legacy,2026-09-11-01-legacy,
kw_000999,quiz nights in pubs near me,quiz nights in pubs near me,local,false,eligible,,,candidate,discover,cl_0001,,2026-09-11-01-legacy,2026-09-11-01-legacy,
kw_001000,quiz pub near me,quiz pub near me,local,false,eligible,,,candidate,discover,cl_0001,,2026-09-11-01-legacy,2026-09-11-01-legacy,
kw_001001,quiz tonight near me,quiz tonight near me,local,false,eligible,,,candidate,discover,cl_0001,,2026-09-11-01-legacy,2026-09-11-01-legacy,
kw_001002,quiz wednesday near me,quiz wednesday near me,local,false,eligible,,,candidate,discover,cl_0001,,2026-09-11-01-legacy,2026-09-11-01-legacy,
kw_001003,r&b karaoke bar near me,r&b karaoke bar near me,,false,eligible,,,candidate,discover,,,2026-09-11-01-legacy,2026-09-11-01-legacy,
kw_001004,r&b karaoke near me,r&b karaoke near me,,false,eligible,,,candidate,discover,,,2026-09-11-01-legacy,2026-09-11-01-legacy,
kw_001005,restaurants that do karaoke near me,restaurants that do karaoke near me,,false,eligible,,,candidate,discover,,,2026-09-11-01-legacy,2026-09-11-01-legacy,
kw_001006,restaurants with karaoke tonight near me,restaurants with karaoke tonight near me,,false,eligible,,,candidate,discover,,,2026-09-11-01-legacy,2026-09-11-01-legacy,
kw_001007,room karaoke near me,room karaoke near me,,false,eligible,,,candidate,discover,,,2026-09-11-01-legacy,2026-09-11-01-legacy,
kw_001008,russian karaoke near me,russian karaoke near me,,false,eligible,,,candidate,discover,,,2026-09-11-01-legacy,2026-09-11-01-legacy,
kw_001009,saturday karaoke bars near me,saturday karaoke bars near me,,false,eligible,,,candidate,discover,,,2026-09-11-01-legacy,2026-09-11-01-legacy,
kw_001010,saturday night bar trivia near me,saturday night bar trivia near me,local,false,eligible,,,candidate,discover,cl_0001,,2026-09-11-01-legacy,2026-09-11-01-legacy,
kw_001011,saturday night bingo in my area,saturday night bingo in my area,,false,eligible,,,candidate,discover,,,2026-09-11-01-legacy,2026-09-11-01-legacy,
kw_001012,saturday night karaoke bars near me,saturday night karaoke bars near me,,false,eligible,,,candidate,discover,,,2026-09-11-01-legacy,2026-09-11-01-legacy,
kw_001013,saturday night pub quiz near me,saturday night pub quiz near me,local,false,eligible,,,candidate,discover,cl_0001,,2026-09-11-01-legacy,2026-09-11-01-legacy,
kw_001014,saturday night trivia near me,saturday night trivia near me,local,false,eligible,,,candidate,discover,cl_0001,,2026-09-11-01-legacy,2026-09-11-01-legacy,
kw_001015,saturday pub quiz near me,saturday pub quiz near me,local,false,eligible,,,candidate,discover|gsc,cl_0001,,2026-09-11-01-legacy,2026-09-11-01-legacy,
kw_001016,saturday quiz night near me,saturday quiz night near me,local,false,eligible,,,candidate,discover,cl_0001,,2026-09-11-01-legacy,2026-09-11-01-legacy,
kw_001017,saturday trivia night near me,saturday trivia night near me,local,false,eligible,,,candidate,discover,cl_0001,,2026-09-11-01-legacy,2026-09-11-01-legacy,
kw_001018,seafood karaoke near me,seafood karaoke near me,,false,eligible,,,candidate,discover,,,2026-09-11-01-legacy,2026-09-11-01-legacy,
kw_001019,sing along bar near me,sing along bar near me,,false,eligible,,,candidate,discover,,,2026-09-11-01-legacy,2026-09-11-01-legacy,
kw_001020,sing karaoke near me,sing karaoke near me,,false,eligible,,,candidate,discover,,,2026-09-11-01-legacy,2026-09-11-01-legacy,
kw_001021,singing bars near me,singing bars near me,,false,eligible,,,candidate,discover,,,2026-09-11-01-legacy,2026-09-11-01-legacy,
kw_001022,singing rooms near me,singing rooms near me,,false,eligible,,,candidate,discover,,,2026-09-11-01-legacy,2026-09-11-01-legacy,
kw_001023,single room karaoke near me,single room karaoke near me,,false,eligible,,,candidate,discover,,,2026-09-11-01-legacy,2026-09-11-01-legacy,
kw_001024,solo karaoke near me,solo karaoke near me,,false,eligible,,,candidate,discover,,,2026-09-11-01-legacy,2026-09-11-01-legacy,
kw_001025,soundproof karaoke room near me,soundproof karaoke room near me,,false,eligible,,,candidate,discover,,,2026-09-11-01-legacy,2026-09-11-01-legacy,
kw_001026,spanish karaoke bar near me,spanish karaoke bar near me,,false,eligible,,,candidate,discover,,,2026-09-11-01-legacy,2026-09-11-01-legacy,
kw_001027,spanish karaoke near me,spanish karaoke near me,,false,eligible,,,candidate,discover,,,2026-09-11-01-legacy,2026-09-11-01-legacy,
kw_001028,spanish karaoke near me tonight,spanish karaoke near me tonight,,false,eligible,,,candidate,discover,,,2026-09-11-01-legacy,2026-09-11-01-legacy,
kw_001029,staines attractions,staines attractions,,false,eligible,,,candidate,discover,,,2026-09-11-01-legacy,2026-09-11-01-legacy,
kw_001030,staines things to do,staines things to do,local,false,eligible,,,candidate,discover,cl_0005,,2026-09-11-01-legacy,2026-09-11-01-legacy,
kw_001031,staines upon thames things to do,staines upon thames things to do,local,false,eligible,,,candidate,discover,cl_0005,,2026-09-11-01-legacy,2026-09-11-01-legacy,
kw_001032,star wars trivia near me,star wars trivia near me,local,false,eligible,,,candidate,discover,cl_0001,,2026-09-11-01-legacy,2026-09-11-01-legacy,
kw_001033,sunday bar trivia near me,sunday bar trivia near me,local,false,eligible,,,candidate,discover,cl_0001,,2026-09-11-01-legacy,2026-09-11-01-legacy,
kw_001034,sunday karaoke bars near me,sunday karaoke bars near me,,false,eligible,,,candidate,discover,,,2026-09-11-01-legacy,2026-09-11-01-legacy,
kw_001035,sunday night bingo near me,sunday night bingo near me,local,false,eligible,,,candidate,discover,cl_0004,,2026-09-11-01-legacy,2026-09-11-01-legacy,
kw_001036,sunday night pub quiz near me,sunday night pub quiz near me,local,false,eligible,,,candidate,discover|gsc,cl_0001,,2026-09-11-01-legacy,2026-09-11-01-legacy,
kw_001037,sunday night quiz near me,sunday night quiz near me,local,false,eligible,,,candidate,discover|gsc,cl_0001,,2026-09-11-01-legacy,2026-09-11-01-legacy,
kw_001038,sunday night trivia near me,sunday night trivia near me,local,false,eligible,,,candidate,discover,cl_0001,,2026-09-11-01-legacy,2026-09-11-01-legacy,
kw_001039,sunday pub quiz near me,sunday pub quiz near me,local,false,eligible,,,candidate,discover|gsc,cl_0001,,2026-09-11-01-legacy,2026-09-11-01-legacy,
kw_001040,sunday quiz near me,sunday quiz near me,local,false,eligible,,,candidate,discover,cl_0001,,2026-09-11-01-legacy,2026-09-11-01-legacy,
kw_001041,sunday quiz night near me,sunday quiz night near me,local,false,eligible,,,candidate,discover|gsc,cl_0001,,2026-09-11-01-legacy,2026-09-11-01-legacy,
kw_001042,sunday trivia near me,sunday trivia near me,local,false,eligible,,,candidate,discover,cl_0001,,2026-09-11-01-legacy,2026-09-11-01-legacy,
kw_001043,sunday trivia night near me,sunday trivia night near me,local,false,eligible,,,candidate,discover,cl_0001,,2026-09-11-01-legacy,2026-09-11-01-legacy,
kw_001044,sushi and karaoke near me,sushi and karaoke near me,,false,eligible,,,candidate,discover,,,2026-09-11-01-legacy,2026-09-11-01-legacy,
kw_001045,sushi karaoke bar near me,sushi karaoke bar near me,,false,eligible,,,candidate,discover,,,2026-09-11-01-legacy,2026-09-11-01-legacy,
kw_001046,sushi karaoke near me,sushi karaoke near me,,false,eligible,,,candidate,discover,,,2026-09-11-01-legacy,2026-09-11-01-legacy,
kw_001047,table quiz near me,table quiz near me,local,false,eligible,,,candidate,discover,cl_0001,,2026-09-11-01-legacy,2026-09-11-01-legacy,
kw_001048,tamil karaoke near me,tamil karaoke near me,,false,eligible,,,candidate,discover,,,2026-09-11-01-legacy,2026-09-11-01-legacy,
kw_001049,tavern with live music near me,tavern with live music near me,,false,avoid,"Live music is discontinued in full, owner-confirmed 11 August 2026 (docs/SSOT.md section 10).",all,candidate,discover,,,2026-09-11-01-legacy,2026-09-11-01-legacy,
kw_001050,the best karaoke near me,the best karaoke near me,,false,eligible,,,candidate,discover,,,2026-09-11-01-legacy,2026-09-11-01-legacy,
kw_001051,the nearest karaoke,the nearest karaoke,,false,eligible,,,candidate,discover,,,2026-09-11-01-legacy,2026-09-11-01-legacy,
kw_001052,the nearest karaoke bar,the nearest karaoke bar,,false,eligible,,,candidate,discover,,,2026-09-11-01-legacy,2026-09-11-01-legacy,
kw_001053,things on bank holiday monday near me,things on bank holiday monday near me,,false,eligible,,,candidate,discover,,,2026-09-11-01-legacy,2026-09-11-01-legacy,
kw_001054,things on bank holiday weekend near me,things on bank holiday weekend near me,,false,eligible,,,candidate,discover,,,2026-09-11-01-legacy,2026-09-11-01-legacy,
kw_001055,things on near me bank holiday,things on near me bank holiday,,false,eligible,,,candidate,discover,,,2026-09-11-01-legacy,2026-09-11-01-legacy,
kw_001056,things on this bank holiday near me,things on this bank holiday near me,,false,eligible,,,candidate,discover,,,2026-09-11-01-legacy,2026-09-11-01-legacy,
kw_001057,things to do around here this weekend,things to do around here this weekend,local,false,eligible,,,candidate,discover,cl_0005,,2026-09-11-01-legacy,2026-09-11-01-legacy,
kw_001058,things to do around me next weekend,things to do around me next weekend,local,false,eligible,,,candidate,discover,cl_0005,,2026-09-11-01-legacy,2026-09-11-01-legacy,
kw_001059,things to do around staines,things to do around staines,local,false,eligible,,,candidate,discover,cl_0005,,2026-09-11-01-legacy,2026-09-11-01-legacy,
kw_001060,things to do at weekend near me,things to do at weekend near me,local,false,eligible,,,candidate,discover,cl_0005,,2026-09-11-01-legacy,2026-09-11-01-legacy,
kw_001061,things to do august bank holiday near me,things to do august bank holiday near me,local,false,eligible,,,candidate,discover,cl_0005,,2026-09-11-01-legacy,2026-09-11-01-legacy,
kw_001062,things to do for weekend near me,things to do for weekend near me,local,false,eligible,,,candidate,discover,cl_0005,,2026-09-11-01-legacy,2026-09-11-01-legacy,
kw_001063,things to do in staines at night,things to do in staines at night,local,false,eligible,,,candidate,discover,cl_0005,,2026-09-11-01-legacy,2026-09-11-01-legacy,
kw_001064,things to do in staines evening,things to do in staines evening,local,false,eligible,,,candidate,discover,cl_0005,,2026-09-11-01-legacy,2026-09-11-01-legacy,
kw_001065,things to do in staines today,things to do in staines today,local,false,eligible,,,candidate,discover,cl_0005,,2026-09-11-01-legacy,2026-09-11-01-legacy,
kw_001066,things to do in staines uk,things to do in staines uk,local,false,eligible,,,candidate,discover,cl_0005,,2026-09-11-01-legacy,2026-09-11-01-legacy,
kw_001067,things to do in staines upon thames,things to do in staines upon thames,local,false,eligible,,,candidate,discover,cl_0005,,2026-09-11-01-legacy,2026-09-11-01-legacy,
kw_001068,things to do in the weekend near me,things to do in the weekend near me,local,false,eligible,,,candidate,discover,cl_0005,,2026-09-11-01-legacy,2026-09-11-01-legacy,
kw_001069,things to do local this weekend,things to do local this weekend,local,false,eligible,,,candidate,discover,cl_0005,,2026-09-11-01-legacy,2026-09-11-01-legacy,
kw_001070,things to do may bank holiday near me,things to do may bank holiday near me,local,false,eligible,,,candidate,discover,cl_0005,,2026-09-11-01-legacy,2026-09-11-01-legacy,
kw_001071,things to do near here this weekend,things to do near here this weekend,local,false,eligible,,,candidate,discover,cl_0005,,2026-09-11-01-legacy,2026-09-11-01-legacy,
kw_001072,things to do near me at the weekend,things to do near me at the weekend,local,false,eligible,,,candidate,discover,cl_0005,,2026-09-11-01-legacy,2026-09-11-01-legacy,
kw_001073,things to do near me august bank holiday,things to do near me august bank holiday,local,false,eligible,,,candidate,discover,cl_0005,,2026-09-11-01-legacy,2026-09-11-01-legacy,
kw_001074,things to do near me bank holiday monday,things to do near me bank holiday monday,local,false,eligible,,,candidate,discover,cl_0005,,2026-09-11-01-legacy,2026-09-11-01-legacy,
kw_001075,things to do near me events today,things to do near me events today,local,false,eligible,,,candidate,discover,cl_0005,,2026-09-11-01-legacy,2026-09-11-01-legacy,
kw_001076,things to do near me for a weekend,things to do near me for a weekend,local,false,eligible,,,candidate,discover,cl_0005,,2026-09-11-01-legacy,2026-09-11-01-legacy,
kw_001077,things to do near me may bank holiday,things to do near me may bank holiday,local,false,eligible,,,candidate,discover,cl_0005,,2026-09-11-01-legacy,2026-09-11-01-legacy,
kw_001078,things to do near me on weekends,things to do near me on weekends,local,false,eligible,,,candidate,discover,cl_0005,,2026-09-11-01-legacy,2026-09-11-01-legacy,
kw_001079,things to do near me this bank holiday weekend,things to do near me this bank holiday weekend,local,false,eligible,,,candidate,discover,cl_0005,,2026-09-11-01-legacy,2026-09-11-01-legacy,
kw_001080,things to do near my location this weekend,things to do near my location this weekend,local,false,eligible,,,candidate,discover,cl_0005,,2026-09-11-01-legacy,2026-09-11-01-legacy,
kw_001081,things to do near near me this weekend,things to do near near me this weekend,local,false,eligible,,,candidate,discover,cl_0005,,2026-09-11-01-legacy,2026-09-11-01-legacy,
kw_001082,things to do near staines,things to do near staines,local,false,eligible,,,candidate,discover,cl_0005,,2026-09-11-01-legacy,2026-09-11-01-legacy,
kw_001083,things to do on a weekend near me,things to do on a weekend near me,local,false,eligible,,,candidate,discover,cl_0005,,2026-09-11-01-legacy,2026-09-11-01-legacy,
kw_001084,things to do on bank holiday weekend near me,things to do on bank holiday weekend near me,local,false,eligible,,,candidate,discover,cl_0005,,2026-09-11-01-legacy,2026-09-11-01-legacy,
kw_001085,things to do on this weekend near me,things to do on this weekend near me,local,false,eligible,,,candidate,discover,cl_0005,,2026-09-11-01-legacy,2026-09-11-01-legacy,
kw_001086,things to do this bank holiday weekend near me,things to do this bank holiday weekend near me,local,false,eligible,,,candidate,discover,cl_0005,,2026-09-11-01-legacy,2026-09-11-01-legacy,
kw_001087,things to do this thursday near me,things to do this thursday near me,local,false,eligible,,,candidate,discover,cl_0005,,2026-09-11-01-legacy,2026-09-11-01-legacy,
kw_001088,things to do this weekend near me this weekend,things to do this weekend near me this weekend,local,false,eligible,,,candidate,discover,cl_0005,,2026-09-11-01-legacy,2026-09-11-01-legacy,
kw_001089,things to do this weekend near my location,things to do this weekend near my location,local,false,eligible,,,candidate,discover,cl_0005,,2026-09-11-01-legacy,2026-09-11-01-legacy,
kw_001090,things to do this weekend near ne,things to do this weekend near ne,local,false,eligible,,,candidate,discover,cl_0005,,2026-09-11-01-legacy,2026-09-11-01-legacy,
kw_001091,things to do today near me this weekend,things to do today near me this weekend,local,false,eligible,,,candidate,discover,cl_0005,,2026-09-11-01-legacy,2026-09-11-01-legacy,
kw_001092,thursday bar trivia near me,thursday bar trivia near me,local,false,eligible,,,candidate,discover,cl_0001,,2026-09-11-01-legacy,2026-09-11-01-legacy,
kw_001093,thursday night bar trivia near me,thursday night bar trivia near me,local,false,eligible,,,candidate,discover,cl_0001,,2026-09-11-01-legacy,2026-09-11-01-legacy,
kw_001094,thursday night bingo in my area,thursday night bingo in my area,,false,eligible,,,candidate,discover,,,2026-09-11-01-legacy,2026-09-11-01-legacy,
kw_001095,thursday night karaoke bars near me,thursday night karaoke bars near me,,false,eligible,,,candidate,discover,,,2026-09-11-01-legacy,2026-09-11-01-legacy,
kw_001096,thursday night pub quiz near me,thursday night pub quiz near me,local,false,eligible,,,candidate,discover,cl_0001,,2026-09-11-01-legacy,2026-09-11-01-legacy,
kw_001097,thursday night quiz near me,thursday night quiz near me,local,false,eligible,,,candidate,discover,cl_0001,,2026-09-11-01-legacy,2026-09-11-01-legacy,
kw_001098,thursday night trivia near me,thursday night trivia near me,local,false,eligible,,,candidate,discover,cl_0001,,2026-09-11-01-legacy,2026-09-11-01-legacy,
kw_001099,thursday pub quiz near me,thursday pub quiz near me,local,false,eligible,,,candidate,discover,cl_0001,,2026-09-11-01-legacy,2026-09-11-01-legacy,
kw_001100,thursday quiz night near me,thursday quiz night near me,local,false,eligible,,,candidate,discover,cl_0001,,2026-09-11-01-legacy,2026-09-11-01-legacy,
kw_001101,thursday quiz nights near me,thursday quiz nights near me,local,false,eligible,,,candidate,discover,cl_0001,,2026-09-11-01-legacy,2026-09-11-01-legacy,
kw_001102,thursday trivia near me,thursday trivia near me,local,false,eligible,,,candidate,discover,cl_0001,,2026-09-11-01-legacy,2026-09-11-01-legacy,
kw_001103,top karaoke bars near me,top karaoke bars near me,,false,eligible,,,candidate,discover,,,2026-09-11-01-legacy,2026-09-11-01-legacy,
kw_001104,top things to do this weekend near me,top things to do this weekend near me,local,false,eligible,,,candidate,discover,cl_0005,,2026-09-11-01-legacy,2026-09-11-01-legacy,
kw_001105,trivia around me,trivia around me,local,false,eligible,,,candidate,discover,cl_0001,,2026-09-11-01-legacy,2026-09-11-01-legacy,
kw_001106,trivia around me tonight,trivia around me tonight,local,false,eligible,,,candidate,discover,cl_0001,,2026-09-11-01-legacy,2026-09-11-01-legacy,
kw_001107,trivia bar night near me,trivia bar night near me,local,false,eligible,,,candidate,discover,cl_0001,,2026-09-11-01-legacy,2026-09-11-01-legacy,
kw_001108,trivia friday near me,trivia friday near me,local,false,eligible,,,candidate,discover,cl_0001,,2026-09-11-01-legacy,2026-09-11-01-legacy,
kw_001109,trivia groups near me,trivia groups near me,local,false,eligible,,,candidate,discover,cl_0001,,2026-09-11-01-legacy,2026-09-11-01-legacy,
kw_001110,trivia leagues near me,trivia leagues near me,local,false,eligible,,,candidate,discover,cl_0001,,2026-09-11-01-legacy,2026-09-11-01-legacy,
kw_001111,trivia monday near me,trivia monday near me,local,false,eligible,,,candidate,discover,cl_0001,,2026-09-11-01-legacy,2026-09-11-01-legacy,
kw_001112,trivia near me friday,trivia near me friday,local,false,eligible,,,candidate,discover,cl_0001,,2026-09-11-01-legacy,2026-09-11-01-legacy,
kw_001113,trivia near me monday,trivia near me monday,local,false,eligible,,,candidate,discover,cl_0001,,2026-09-11-01-legacy,2026-09-11-01-legacy,
kw_001114,trivia near me monday night,trivia near me monday night,local,false,eligible,,,candidate,discover,cl_0001,,2026-09-11-01-legacy,2026-09-11-01-legacy,
kw_001115,trivia near me now,trivia near me now,local,false,eligible,,,candidate,discover,cl_0001,,2026-09-11-01-legacy,2026-09-11-01-legacy,
kw_001116,trivia near me on thursday,trivia near me on thursday,local,false,eligible,,,candidate,discover,cl_0001,,2026-09-11-01-legacy,2026-09-11-01-legacy,
kw_001117,trivia near me on wednesday,trivia near me on wednesday,local,false,eligible,,,candidate,discover,cl_0001,,2026-09-11-01-legacy,2026-09-11-01-legacy,
kw_001118,trivia near me sunday,trivia near me sunday,local,false,eligible,,,candidate,discover,cl_0001,,2026-09-11-01-legacy,2026-09-11-01-legacy,
kw_001119,trivia near me thursday,trivia near me thursday,local,false,eligible,,,candidate,discover,cl_0001,,2026-09-11-01-legacy,2026-09-11-01-legacy,
kw_001120,trivia near me thursday night,trivia near me thursday night,local,false,eligible,,,candidate,discover,cl_0001,,2026-09-11-01-legacy,2026-09-11-01-legacy,
kw_001121,trivia near me tuesday,trivia near me tuesday,local,false,eligible,,,candidate,discover,cl_0001,,2026-09-11-01-legacy,2026-09-11-01-legacy,
kw_001122,trivia near me tuesday night,trivia near me tuesday night,local,false,eligible,,,candidate,discover,cl_0001,,2026-09-11-01-legacy,2026-09-11-01-legacy,
kw_001123,trivia near me wednesday,trivia near me wednesday,local,false,eligible,,,candidate,discover,cl_0001,,2026-09-11-01-legacy,2026-09-11-01-legacy,
kw_001124,trivia near me wednesday night,trivia near me wednesday night,local,false,eligible,,,candidate,discover,cl_0001,,2026-09-11-01-legacy,2026-09-11-01-legacy,
kw_001125,trivia nearby,trivia nearby,local,false,eligible,,,candidate,discover,cl_0001,,2026-09-11-01-legacy,2026-09-11-01-legacy,
kw_001126,trivia night friday near me,trivia night friday near me,local,false,eligible,,,candidate,discover,cl_0001,,2026-09-11-01-legacy,2026-09-11-01-legacy,
kw_001127,trivia night monday near me,trivia night monday near me,local,false,eligible,,,candidate,discover,cl_0001,,2026-09-11-01-legacy,2026-09-11-01-legacy,
kw_001128,trivia night near me friday,trivia night near me friday,local,false,eligible,,,candidate,discover,cl_0001,,2026-09-11-01-legacy,2026-09-11-01-legacy,
kw_001129,trivia night near me this weekend,trivia night near me this weekend,local,false,eligible,,,candidate,discover,cl_0001,,2026-09-11-01-legacy,2026-09-11-01-legacy,
kw_001130,trivia night near me thursday,trivia night near me thursday,local,false,eligible,,,candidate,discover,cl_0001,,2026-09-11-01-legacy,2026-09-11-01-legacy,
kw_001131,trivia night near me today,trivia night near me today,local,false,eligible,,,candidate,discover,cl_0001,,2026-09-11-01-legacy,2026-09-11-01-legacy,
kw_001132,trivia night near me tonight,trivia night near me tonight,local,false,eligible,,,candidate,discover,cl_0001,,2026-09-11-01-legacy,2026-09-11-01-legacy,
kw_001133,trivia night near me tuesday,trivia night near me tuesday,local,false,eligible,,,candidate,discover,cl_0001,,2026-09-11-01-legacy,2026-09-11-01-legacy,
kw_001134,trivia night near me wednesday,trivia night near me wednesday,local,false,eligible,,,candidate,discover,cl_0001,,2026-09-11-01-legacy,2026-09-11-01-legacy,
kw_001135,trivia night nearby,trivia night nearby,local,false,eligible,,,candidate,discover,cl_0001,,2026-09-11-01-legacy,2026-09-11-01-legacy,
kw_001136,trivia night on thursday near me,trivia night on thursday near me,local,false,eligible,,,candidate,discover,cl_0001,,2026-09-11-01-legacy,2026-09-11-01-legacy,
kw_001137,trivia night on tuesday near me,trivia night on tuesday near me,local,false,eligible,,,candidate,discover,cl_0001,,2026-09-11-01-legacy,2026-09-11-01-legacy,
kw_001138,trivia night on wednesday near me,trivia night on wednesday near me,local,false,eligible,,,candidate,discover,cl_0001,,2026-09-11-01-legacy,2026-09-11-01-legacy,
kw_001139,trivia night sunday near me,trivia night sunday near me,local,false,eligible,,,candidate,discover,cl_0001,,2026-09-11-01-legacy,2026-09-11-01-legacy,
kw_001140,trivia night thursday near me,trivia night thursday near me,local,false,eligible,,,candidate,discover,cl_0001,,2026-09-11-01-legacy,2026-09-11-01-legacy,
kw_001141,trivia night tomorrow near me,trivia night tomorrow near me,local,false,eligible,,,candidate,discover,cl_0001,,2026-09-11-01-legacy,2026-09-11-01-legacy,
kw_001142,trivia night tonight near me,trivia night tonight near me,local,false,eligible,,,candidate,discover,cl_0001,,2026-09-11-01-legacy,2026-09-11-01-legacy,
kw_001143,trivia night tuesday near me,trivia night tuesday near me,local,false,eligible,,,candidate,discover,cl_0001,,2026-09-11-01-legacy,2026-09-11-01-legacy,
kw_001144,trivia night wednesday near me,trivia night wednesday near me,local,false,eligible,,,candidate,discover,cl_0001,,2026-09-11-01-legacy,2026-09-11-01-legacy,
kw_001145,trivia on saturdays near me,trivia on saturdays near me,local,false,eligible,,,candidate,discover,cl_0001,,2026-09-11-01-legacy,2026-09-11-01-legacy,
kw_001146,trivia on sunday near me,trivia on sunday near me,local,false,eligible,,,candidate,discover,cl_0001,,2026-09-11-01-legacy,2026-09-11-01-legacy,
kw_001147,trivia on thursday near me,trivia on thursday near me,local,false,eligible,,,candidate,discover,cl_0001,,2026-09-11-01-legacy,2026-09-11-01-legacy,
kw_001148,trivia on thursday nights near me,trivia on thursday nights near me,local,false,eligible,,,candidate,discover,cl_0001,,2026-09-11-01-legacy,2026-09-11-01-legacy,
kw_001149,trivia on wednesday near me,trivia on wednesday near me,local,false,eligible,,,candidate,discover,cl_0001,,2026-09-11-01-legacy,2026-09-11-01-legacy,
kw_001150,trivia pub near me,trivia pub near me,local,false,eligible,,,candidate,discover,cl_0001,,2026-09-11-01-legacy,2026-09-11-01-legacy,
kw_001151,trivia saturday near me,trivia saturday near me,local,false,eligible,,,candidate,discover,cl_0001,,2026-09-11-01-legacy,2026-09-11-01-legacy,
kw_001152,trivia sunday near me,trivia sunday near me,local,false,eligible,,,candidate,discover,cl_0001,,2026-09-11-01-legacy,2026-09-11-01-legacy,
kw_001153,trivia sunday night near me,trivia sunday night near me,local,false,eligible,,,candidate,discover,cl_0001,,2026-09-11-01-legacy,2026-09-11-01-legacy,
kw_001154,trivia today near me,trivia today near me,local,false,eligible,,,candidate,discover,cl_0001,,2026-09-11-01-legacy,2026-09-11-01-legacy,
kw_001155,trivia tomorrow near me,trivia tomorrow near me,local,false,eligible,,,candidate,discover,cl_0001,,2026-09-11-01-legacy,2026-09-11-01-legacy,
kw_001156,trivia tuesday near me,trivia tuesday near me,local,false,eligible,,,candidate,discover,cl_0001,,2026-09-11-01-legacy,2026-09-11-01-legacy,
kw_001157,trivia wednesday night near me,trivia wednesday night near me,local,false,eligible,,,candidate,discover,cl_0001,,2026-09-11-01-legacy,2026-09-11-01-legacy,
kw_001158,tuesday bar trivia near me,tuesday bar trivia near me,local,false,eligible,,,candidate,discover,cl_0001,,2026-09-11-01-legacy,2026-09-11-01-legacy,
kw_001159,tuesday bingo in my area,tuesday bingo in my area,,false,eligible,,,candidate,discover,,,2026-09-11-01-legacy,2026-09-11-01-legacy,
kw_001160,tuesday karaoke night near me,tuesday karaoke night near me,,false,eligible,,,candidate,discover,,,2026-09-11-01-legacy,2026-09-11-01-legacy,
kw_001161,tuesday night bar trivia near me,tuesday night bar trivia near me,local,false,eligible,,,candidate,discover,cl_0001,,2026-09-11-01-legacy,2026-09-11-01-legacy,
kw_001162,tuesday night bingo in my area,tuesday night bingo in my area,,false,eligible,,,candidate,discover,,,2026-09-11-01-legacy,2026-09-11-01-legacy,
kw_001163,tuesday night karaoke bars near me,tuesday night karaoke bars near me,,false,eligible,,,candidate,discover,,,2026-09-11-01-legacy,2026-09-11-01-legacy,
kw_001164,tuesday night pub quiz near me,tuesday night pub quiz near me,local,false,eligible,,,candidate,discover,cl_0001,,2026-09-11-01-legacy,2026-09-11-01-legacy,
kw_001165,tuesday night quiz near me,tuesday night quiz near me,local,false,eligible,,,candidate,discover,cl_0001,,2026-09-11-01-legacy,2026-09-11-01-legacy,
kw_001166,tuesday night trivia near me,tuesday night trivia near me,local,false,eligible,,,candidate,discover,cl_0001,,2026-09-11-01-legacy,2026-09-11-01-legacy,
kw_001167,tuesday pub quiz near me,tuesday pub quiz near me,local,false,eligible,,,candidate,discover,cl_0001,,2026-09-11-01-legacy,2026-09-11-01-legacy,
kw_001168,tuesday quiz night near me,tuesday quiz night near me,local,false,eligible,,,candidate,discover,cl_0001,,2026-09-11-01-legacy,2026-09-11-01-legacy,
kw_001169,under 18 karaoke near me,under 18 karaoke near me,,false,eligible,,,candidate,discover,,,2026-09-11-01-legacy,2026-09-11-01-legacy,
kw_001170,upcoming events this weekend near me,upcoming events this weekend near me,,false,eligible,,,candidate,discover,,,2026-09-11-01-legacy,2026-09-11-01-legacy,
kw_001171,upcoming trivia nights near me,upcoming trivia nights near me,local,false,eligible,,,candidate,discover,cl_0001,,2026-09-11-01-legacy,2026-09-11-01-legacy,
kw_001172,videoke house near me,videoke house near me,,false,eligible,,,candidate,discover,,,2026-09-11-01-legacy,2026-09-11-01-legacy,
kw_001173,videoke near me,videoke near me,,false,eligible,,,candidate,discover,,,2026-09-11-01-legacy,2026-09-11-01-legacy,
kw_001174,videoke nearby,videoke nearby,,false,eligible,,,candidate,discover,,,2026-09-11-01-legacy,2026-09-11-01-legacy,
kw_001175,videoke place near me,videoke place near me,,false,eligible,,,candidate,discover,,,2026-09-11-01-legacy,2026-09-11-01-legacy,
kw_001176,videoke room near me,videoke room near me,,false,eligible,,,candidate,discover,,,2026-09-11-01-legacy,2026-09-11-01-legacy,
kw_001177,wednesday karaoke bars near me,wednesday karaoke bars near me,,false,eligible,,,candidate,discover,,,2026-09-11-01-legacy,2026-09-11-01-legacy,
kw_001178,wednesday karaoke night near me,wednesday karaoke night near me,,false,eligible,,,candidate,discover,,,2026-09-11-01-legacy,2026-09-11-01-legacy,
kw_001179,wednesday night bar trivia near me,wednesday night bar trivia near me,local,false,eligible,,,candidate,discover,cl_0001,,2026-09-11-01-legacy,2026-09-11-01-legacy,
kw_001180,wednesday night bingo in my area,wednesday night bingo in my area,,false,eligible,,,candidate,discover,,,2026-09-11-01-legacy,2026-09-11-01-legacy,
kw_001181,wednesday night karaoke bars near me,wednesday night karaoke bars near me,,false,eligible,,,candidate,discover,,,2026-09-11-01-legacy,2026-09-11-01-legacy,
kw_001182,wednesday night pub quiz near me,wednesday night pub quiz near me,local,false,eligible,,,candidate,discover,cl_0001,,2026-09-11-01-legacy,2026-09-11-01-legacy,
kw_001183,wednesday night pub trivia near me,wednesday night pub trivia near me,local,false,eligible,,,candidate,discover,cl_0001,,2026-09-11-01-legacy,2026-09-11-01-legacy,
kw_001184,wednesday night quiz near me,wednesday night quiz near me,local,false,eligible,,,candidate,discover|gsc,cl_0001,,2026-09-11-01-legacy,2026-09-11-01-legacy,
kw_001185,wednesday pub quiz near me,wednesday pub quiz near me,local,false,eligible,,,candidate,discover|gsc,cl_0001,,2026-09-11-01-legacy,2026-09-11-01-legacy,
kw_001186,wednesday quiz night near me,wednesday quiz night near me,local,false,eligible,,,candidate,discover|gsc,cl_0001,,2026-09-11-01-legacy,2026-09-11-01-legacy,
kw_001187,wednesday trivia night near me,wednesday trivia night near me,local,false,eligible,,,candidate,discover,cl_0001,,2026-09-11-01-legacy,2026-09-11-01-legacy,
kw_001188,weekend events this weekend near me,weekend events this weekend near me,,false,eligible,,,candidate,discover,,,2026-09-11-01-legacy,2026-09-11-01-legacy,
kw_001189,weekend karaoke near me,weekend karaoke near me,,false,eligible,,,candidate,discover,,,2026-09-11-01-legacy,2026-09-11-01-legacy,
kw_001190,what can i do today for fun near me,what can i do today for fun near me,,false,eligible,,,candidate,discover,,,2026-09-11-01-legacy,2026-09-11-01-legacy,
kw_001191,what can i do tonight for fun near me,what can i do tonight for fun near me,,false,eligible,,,candidate,discover,,,2026-09-11-01-legacy,2026-09-11-01-legacy,
kw_001192,what can we do tonight near me,what can we do tonight near me,,false,eligible,,,candidate,discover,,,2026-09-11-01-legacy,2026-09-11-01-legacy,
kw_001193,what event is going on today near me,what event is going on today near me,,false,eligible,,,candidate,discover,,,2026-09-11-01-legacy,2026-09-11-01-legacy,
kw_001194,what event is happening near me today,what event is happening near me today,,false,eligible,,,candidate,discover,,,2026-09-11-01-legacy,2026-09-11-01-legacy,
kw_001195,what event is happening today near me,what event is happening today near me,,false,eligible,,,candidate,discover,,,2026-09-11-01-legacy,2026-09-11-01-legacy,
kw_001196,what event is today near me,what event is today near me,,false,eligible,,,candidate,discover,,,2026-09-11-01-legacy,2026-09-11-01-legacy,
kw_001197,what events are going on around me,what events are going on around me,,false,eligible,,,candidate,discover,,,2026-09-11-01-legacy,2026-09-11-01-legacy,
kw_001198,what events are going on around me this weekend,what events are going on around me this weekend,,false,eligible,,,candidate,discover,,,2026-09-11-01-legacy,2026-09-11-01-legacy,
kw_001199,what events are going on around me today,what events are going on around me today,,false,eligible,,,candidate,discover,,,2026-09-11-01-legacy,2026-09-11-01-legacy,
kw_001200,what events are going on in my area today,what events are going on in my area today,,false,eligible,,,candidate,discover,,,2026-09-11-01-legacy,2026-09-11-01-legacy,
kw_001201,what events are going on near me today,what events are going on near me today,,false,eligible,,,candidate,discover,,,2026-09-11-01-legacy,2026-09-11-01-legacy,
kw_001202,what events are going on near me tonight,what events are going on near me tonight,,false,eligible,,,candidate,discover,,,2026-09-11-01-legacy,2026-09-11-01-legacy,
kw_001203,what events are going on this weekend in my area,what events are going on this weekend in my area,,false,eligible,,,candidate,discover,,,2026-09-11-01-legacy,2026-09-11-01-legacy,
kw_001204,what events are going on today around me,what events are going on today around me,,false,eligible,,,candidate,discover,,,2026-09-11-01-legacy,2026-09-11-01-legacy,
kw_001205,what events are going on today in my area,what events are going on today in my area,,false,eligible,,,candidate,discover,,,2026-09-11-01-legacy,2026-09-11-01-legacy,
kw_001206,what events are going on tonight near me,what events are going on tonight near me,,false,eligible,,,candidate,discover,,,2026-09-11-01-legacy,2026-09-11-01-legacy,
kw_001207,what events are happening around me today,what events are happening around me today,,false,eligible,,,candidate,discover,,,2026-09-11-01-legacy,2026-09-11-01-legacy,
kw_001208,what events are happening in my area today,what events are happening in my area today,,false,eligible,,,candidate,discover,,,2026-09-11-01-legacy,2026-09-11-01-legacy,
kw_001209,what events are happening near me tonight,what events are happening near me tonight,,false,eligible,,,candidate,discover,,,2026-09-11-01-legacy,2026-09-11-01-legacy,
kw_001210,what events are happening today in my area,what events are happening today in my area,,false,eligible,,,candidate,discover,,,2026-09-11-01-legacy,2026-09-11-01-legacy,
kw_001211,what events are happening tonight near me,what events are happening tonight near me,,false,eligible,,,candidate,discover,,,2026-09-11-01-legacy,2026-09-11-01-legacy,
kw_001212,what events are in my area today,what events are in my area today,,false,eligible,,,candidate,discover,,,2026-09-11-01-legacy,2026-09-11-01-legacy,
kw_001213,what events are near me,what events are near me,,false,eligible,,,candidate,discover,,,2026-09-11-01-legacy,2026-09-11-01-legacy,
kw_001214,what events are near me this weekend,what events are near me this weekend,,false,eligible,,,candidate,discover,,,2026-09-11-01-legacy,2026-09-11-01-legacy,
kw_001215,what events are near me today,what events are near me today,,false,eligible,,,candidate,discover,,,2026-09-11-01-legacy,2026-09-11-01-legacy,
kw_001216,what events are near me tonight,what events are near me tonight,,false,eligible,,,candidate,discover,,,2026-09-11-01-legacy,2026-09-11-01-legacy,
kw_001217,what events are on near me this weekend,what events are on near me this weekend,,false,eligible,,,candidate,discover,,,2026-09-11-01-legacy,2026-09-11-01-legacy,
kw_001218,what events are on near me today,what events are on near me today,,false,eligible,,,candidate,discover,,,2026-09-11-01-legacy,2026-09-11-01-legacy,
kw_001219,what events are on this weekend near me,what events are on this weekend near me,,false,eligible,,,candidate,discover,,,2026-09-11-01-legacy,2026-09-11-01-legacy,
kw_001220,what events are on tonight near me,what events are on tonight near me,,false,eligible,,,candidate,discover,,,2026-09-11-01-legacy,2026-09-11-01-legacy,
kw_001221,what events are this weekend near me,what events are this weekend near me,,false,eligible,,,candidate,discover,,,2026-09-11-01-legacy,2026-09-11-01-legacy,
kw_001222,what events are today near me,what events are today near me,,false,eligible,,,candidate,discover,,,2026-09-11-01-legacy,2026-09-11-01-legacy,
kw_001223,what events going on near me today,what events going on near me today,,false,eligible,,,candidate,discover,,,2026-09-11-01-legacy,2026-09-11-01-legacy,
kw_001224,what events going on today near me,what events going on today near me,,false,eligible,,,candidate,discover,,,2026-09-11-01-legacy,2026-09-11-01-legacy,
kw_001225,what events happening near me today,what events happening near me today,,false,eligible,,,candidate,discover,,,2026-09-11-01-legacy,2026-09-11-01-legacy,
kw_001226,what events happening this weekend near me,what events happening this weekend near me,,false,eligible,,,candidate,discover,,,2026-09-11-01-legacy,2026-09-11-01-legacy,
kw_001227,what events happening today near me,what events happening today near me,,false,eligible,,,candidate,discover,,,2026-09-11-01-legacy,2026-09-11-01-legacy,
kw_001228,what events near me this weekend,what events near me this weekend,local,false,eligible,,,candidate,discover,cl_0005,,2026-09-11-01-legacy,2026-09-11-01-legacy,
kw_001229,what events near me today,what events near me today,local,false,eligible,,,candidate,discover,cl_0005,,2026-09-11-01-legacy,2026-09-11-01-legacy,
kw_001230,what events on today near me,what events on today near me,,false,eligible,,,candidate,discover,,,2026-09-11-01-legacy,2026-09-11-01-legacy,
kw_001231,what events this weekend near me,what events this weekend near me,,false,eligible,,,candidate,discover,,,2026-09-11-01-legacy,2026-09-11-01-legacy,
kw_001232,what events today near me,what events today near me,,false,eligible,,,candidate,discover,,,2026-09-11-01-legacy,2026-09-11-01-legacy,
kw_001233,what fairs are this weekend near me,what fairs are this weekend near me,,false,eligible,,,candidate,discover,,,2026-09-11-01-legacy,2026-09-11-01-legacy,
kw_001234,what festival is this weekend near me,what festival is this weekend near me,,false,eligible,,,candidate,discover,,,2026-09-11-01-legacy,2026-09-11-01-legacy,
kw_001235,what festivals are going on near me this weekend,what festivals are going on near me this weekend,,false,eligible,,,candidate,discover,,,2026-09-11-01-legacy,2026-09-11-01-legacy,
kw_001236,what festivals are going on near me today,what festivals are going on near me today,,false,eligible,,,candidate,discover,,,2026-09-11-01-legacy,2026-09-11-01-legacy,
kw_001237,what festivals are going on this weekend near me,what festivals are going on this weekend near me,,false,eligible,,,candidate,discover,,,2026-09-11-01-legacy,2026-09-11-01-legacy,
kw_001238,what festivals are near me this weekend,what festivals are near me this weekend,,false,eligible,,,candidate,discover,,,2026-09-11-01-legacy,2026-09-11-01-legacy,
kw_001239,what festivals are this weekend near me,what festivals are this weekend near me,,false,eligible,,,candidate,discover,,,2026-09-11-01-legacy,2026-09-11-01-legacy,
kw_001240,what free events are happening today near me,what free events are happening today near me,,false,eligible,,,candidate,discover,,,2026-09-11-01-legacy,2026-09-11-01-legacy,
kw_001241,what fun things to do near me this weekend,what fun things to do near me this weekend,local,false,eligible,,,candidate,discover,cl_0005,,2026-09-11-01-legacy,2026-09-11-01-legacy,
kw_001242,what fun things to do this weekend near me,what fun things to do this weekend near me,local,false,eligible,,,candidate,discover,cl_0005,,2026-09-11-01-legacy,2026-09-11-01-legacy,
kw_001243,what going on near me today,what going on near me today,,false,eligible,,,candidate,discover,,,2026-09-11-01-legacy,2026-09-11-01-legacy,
kw_001244,what going on next weekend near me,what going on next weekend near me,,false,eligible,,,candidate,discover,,,2026-09-11-01-legacy,2026-09-11-01-legacy,
kw_001245,what happening near me tonight,what happening near me tonight,,false,eligible,,,candidate,discover,,,2026-09-11-01-legacy,2026-09-11-01-legacy,
kw_001246,what is going in this weekend near me,what is going in this weekend near me,,false,eligible,,,candidate,discover,,,2026-09-11-01-legacy,2026-09-11-01-legacy,
kw_001247,what is going on around me this weekend,what is going on around me this weekend,,false,eligible,,,candidate,discover,,,2026-09-11-01-legacy,2026-09-11-01-legacy,
kw_001248,what is going on around me tonight,what is going on around me tonight,,false,eligible,,,candidate,discover,,,2026-09-11-01-legacy,2026-09-11-01-legacy,
kw_001249,what is going on in my area this weekend,what is going on in my area this weekend,,false,eligible,,,candidate,discover,,,2026-09-11-01-legacy,2026-09-11-01-legacy,
kw_001250,what is going on next weekend near me,what is going on next weekend near me,,false,eligible,,,candidate,discover,,,2026-09-11-01-legacy,2026-09-11-01-legacy,
kw_001251,what is going on this weekend in my area,what is going on this weekend in my area,,false,eligible,,,candidate,discover,,,2026-09-11-01-legacy,2026-09-11-01-legacy,
kw_001252,what is going on tomorrow near me,what is going on tomorrow near me,,false,eligible,,,candidate,discover,,,2026-09-11-01-legacy,2026-09-11-01-legacy,
kw_001253,what is going on tonight around me,what is going on tonight around me,,false,eligible,,,candidate,discover,,,2026-09-11-01-legacy,2026-09-11-01-legacy,
kw_001254,what is happening around me this weekend,what is happening around me this weekend,,false,eligible,,,candidate,discover,,,2026-09-11-01-legacy,2026-09-11-01-legacy,
kw_001255,what is happening in my area this weekend,what is happening in my area this weekend,,false,eligible,,,candidate,discover,,,2026-09-11-01-legacy,2026-09-11-01-legacy,
kw_001256,what is happening in my area today,what is happening in my area today,,false,eligible,,,candidate,discover,,,2026-09-11-01-legacy,2026-09-11-01-legacy,
kw_001257,what is happening this weekend around me,what is happening this weekend around me,,false,eligible,,,candidate,discover,,,2026-09-11-01-legacy,2026-09-11-01-legacy,
kw_001258,what is on near me tonight,what is on near me tonight,,false,eligible,,,candidate,discover,,,2026-09-11-01-legacy,2026-09-11-01-legacy,
kw_001259,what is on tonight near me,what is on tonight near me,,false,eligible,,,candidate,discover,,,2026-09-11-01-legacy,2026-09-11-01-legacy,
kw_001260,what is there to do around here tonight,what is there to do around here tonight,,false,eligible,,,candidate,discover,,,2026-09-11-01-legacy,2026-09-11-01-legacy,
kw_001261,what is there to do around me this weekend,what is there to do around me this weekend,,false,eligible,,,candidate,discover,,,2026-09-11-01-legacy,2026-09-11-01-legacy,
kw_001262,what is there to do around me today,what is there to do around me today,,false,eligible,,,candidate,discover,,,2026-09-11-01-legacy,2026-09-11-01-legacy,
kw_001263,what is there to do in my area today,what is there to do in my area today,,false,eligible,,,candidate,discover,,,2026-09-11-01-legacy,2026-09-11-01-legacy,
kw_001264,what is there to do on a sunday near me,what is there to do on a sunday near me,,false,eligible,,,candidate,discover,,,2026-09-11-01-legacy,2026-09-11-01-legacy,
kw_001265,what is there to do on sunday near me,what is there to do on sunday near me,,false,eligible,,,candidate,discover,,,2026-09-11-01-legacy,2026-09-11-01-legacy,
kw_001266,what is there to do tonight around me,what is there to do tonight around me,,false,eligible,,,candidate,discover,,,2026-09-11-01-legacy,2026-09-11-01-legacy,
kw_001267,what memorial day events near me,what memorial day events near me,local,false,eligible,,,candidate,discover,cl_0005,,2026-09-11-01-legacy,2026-09-11-01-legacy,
kw_001268,what on tomorrow near me,what on tomorrow near me,,false,eligible,,,candidate,discover,,,2026-09-11-01-legacy,2026-09-11-01-legacy,
kw_001269,what on tonight near me,what on tonight near me,,false,eligible,,,candidate,discover,,,2026-09-11-01-legacy,2026-09-11-01-legacy,
kw_001270,what should we do tonight near me,what should we do tonight near me,,false,eligible,,,candidate,discover,,,2026-09-11-01-legacy,2026-09-11-01-legacy,
kw_001271,what to do 4th of july weekend near me,what to do 4th of july weekend near me,,false,eligible,,,candidate,discover,,,2026-09-11-01-legacy,2026-09-11-01-legacy,
kw_001272,what to do around me now,what to do around me now,,false,eligible,,,candidate,discover,,,2026-09-11-01-legacy,2026-09-11-01-legacy,
kw_001273,what to do around me tomorrow,what to do around me tomorrow,,false,eligible,,,candidate,discover,,,2026-09-11-01-legacy,2026-09-11-01-legacy,
kw_001274,what to do at the weekend near me,what to do at the weekend near me,,false,eligible,,,candidate,discover,,,2026-09-11-01-legacy,2026-09-11-01-legacy,
kw_001275,what to do for july 4th near me,what to do for july 4th near me,,false,eligible,,,candidate,discover,,,2026-09-11-01-legacy,2026-09-11-01-legacy,
kw_001276,what to do for labor day near me,what to do for labor day near me,,false,eligible,,,candidate,discover,,,2026-09-11-01-legacy,2026-09-11-01-legacy,
kw_001277,what to do for labor day weekend near me,what to do for labor day weekend near me,,false,eligible,,,candidate,discover,,,2026-09-11-01-legacy,2026-09-11-01-legacy,
kw_001278,what to do for memorial day near me,what to do for memorial day near me,,false,eligible,,,candidate,discover,,,2026-09-11-01-legacy,2026-09-11-01-legacy,
kw_001279,what to do for the weekend near me,what to do for the weekend near me,,false,eligible,,,candidate,discover,,,2026-09-11-01-legacy,2026-09-11-01-legacy,
kw_001280,what to do fourth of july weekend near me,what to do fourth of july weekend near me,,false,eligible,,,candidate,discover,,,2026-09-11-01-legacy,2026-09-11-01-legacy,
kw_001281,what to do in near me this weekend,what to do in near me this weekend,,false,eligible,,,candidate,discover,,,2026-09-11-01-legacy,2026-09-11-01-legacy,
kw_001282,what to do july 4th weekend near me,what to do july 4th weekend near me,,false,eligible,,,candidate,discover,,,2026-09-11-01-legacy,2026-09-11-01-legacy,
kw_001283,what to do labor day near me,what to do labor day near me,,false,eligible,,,candidate,discover,,,2026-09-11-01-legacy,2026-09-11-01-legacy,
kw_001284,what to do labor day weekend 2022 near me,what to do labor day weekend 2022 near me,,false,eligible,,,candidate,discover,,,2026-09-11-01-legacy,2026-09-11-01-legacy,
kw_001285,what to do memorial day near me,what to do memorial day near me,,false,eligible,,,candidate,discover,,,2026-09-11-01-legacy,2026-09-11-01-legacy,
kw_001286,what to do memorial day weekend 2021 near me,what to do memorial day weekend 2021 near me,,false,eligible,,,candidate,discover,,,2026-09-11-01-legacy,2026-09-11-01-legacy,
kw_001287,what to do memorial day weekend 2022 near me,what to do memorial day weekend 2022 near me,,false,eligible,,,candidate,discover,,,2026-09-11-01-legacy,2026-09-11-01-legacy,
kw_001288,what to do memorial weekend near me,what to do memorial weekend near me,,false,eligible,,,candidate,discover,,,2026-09-11-01-legacy,2026-09-11-01-legacy,
kw_001289,what to do near me friday night,what to do near me friday night,,false,eligible,,,candidate,discover,,,2026-09-11-01-legacy,2026-09-11-01-legacy,
kw_001290,what to do near me labor day weekend,what to do near me labor day weekend,,false,eligible,,,candidate,discover,,,2026-09-11-01-legacy,2026-09-11-01-legacy,
kw_001291,what to do near me on saturday,what to do near me on saturday,,false,eligible,,,candidate,discover,,,2026-09-11-01-legacy,2026-09-11-01-legacy,
kw_001292,what to do on a saturday afternoon near me,what to do on a saturday afternoon near me,,false,eligible,,,candidate,discover,,,2026-09-11-01-legacy,2026-09-11-01-legacy,
kw_001293,what to do on sunday night near me,what to do on sunday night near me,,false,eligible,,,candidate,discover,,,2026-09-11-01-legacy,2026-09-11-01-legacy,
kw_001294,what to do on thursday near me,what to do on thursday near me,,false,eligible,,,candidate,discover,,,2026-09-11-01-legacy,2026-09-11-01-legacy,
kw_001295,what to do on weekend near me,what to do on weekend near me,,false,eligible,,,candidate,discover,,,2026-09-11-01-legacy,2026-09-11-01-legacy,
kw_001296,what to do outside near me today,what to do outside near me today,,false,eligible,,,candidate,discover,,,2026-09-11-01-legacy,2026-09-11-01-legacy,
kw_001297,what to do outside this weekend near me,what to do outside this weekend near me,,false,eligible,,,candidate,discover,,,2026-09-11-01-legacy,2026-09-11-01-legacy,
kw_001298,what to do thanksgiving weekend near me,what to do thanksgiving weekend near me,,false,eligible,,,candidate,discover,,,2026-09-11-01-legacy,2026-09-11-01-legacy,
kw_001299,what to do this friday night near me,what to do this friday night near me,,false,eligible,,,candidate,discover,,,2026-09-11-01-legacy,2026-09-11-01-legacy,
kw_001300,what to do this memorial day weekend near me,what to do this memorial day weekend near me,,false,eligible,,,candidate,discover,,,2026-09-11-01-legacy,2026-09-11-01-legacy,
kw_001301,what to do this saturday night near me,what to do this saturday night near me,,false,eligible,,,candidate,discover,,,2026-09-11-01-legacy,2026-09-11-01-legacy,
kw_001302,what to do to tonight near me,what to do to tonight near me,,false,eligible,,,candidate,discover,,,2026-09-11-01-legacy,2026-09-11-01-legacy,
kw_001303,what to do today near me this weekend,what to do today near me this weekend,,false,eligible,,,candidate,discover,,,2026-09-11-01-legacy,2026-09-11-01-legacy,
kw_001304,what to do tomorrow night near me,what to do tomorrow night near me,,false,eligible,,,candidate,discover,,,2026-09-11-01-legacy,2026-09-11-01-legacy,
kw_001305,what to do weekend near me,what to do weekend near me,,false,eligible,,,candidate,discover,,,2026-09-11-01-legacy,2026-09-11-01-legacy,
kw_001306,what to tonight near me,what to tonight near me,,false,eligible,,,candidate,discover,,,2026-09-11-01-legacy,2026-09-11-01-legacy,
kw_001307,what's fun this weekend near me,what's fun this weekend near me,,false,eligible,,,candidate,discover,,,2026-09-11-01-legacy,2026-09-11-01-legacy,
kw_001308,what's fun to do tonight near me,what's fun to do tonight near me,,false,eligible,,,candidate,discover,,,2026-09-11-01-legacy,2026-09-11-01-legacy,
kw_001309,what's fun tonight near me,what's fun tonight near me,,false,eligible,,,candidate,discover,,,2026-09-11-01-legacy,2026-09-11-01-legacy,
kw_001310,what's going around me today,what's going around me today,,false,eligible,,,candidate,discover,,,2026-09-11-01-legacy,2026-09-11-01-legacy,
kw_001311,what's going in this weekend near me,what's going in this weekend near me,,false,eligible,,,candidate,discover,,,2026-09-11-01-legacy,2026-09-11-01-legacy,
kw_001312,what's going in today near me,what's going in today near me,,false,eligible,,,candidate,discover,,,2026-09-11-01-legacy,2026-09-11-01-legacy,
kw_001313,what's going in tonight near me,what's going in tonight near me,,false,eligible,,,candidate,discover,,,2026-09-11-01-legacy,2026-09-11-01-legacy,
kw_001314,what's going on around here this weekend,what's going on around here this weekend,,false,eligible,,,candidate,discover,,,2026-09-11-01-legacy,2026-09-11-01-legacy,
kw_001315,what's going on around here today,what's going on around here today,,false,eligible,,,candidate,discover,,,2026-09-11-01-legacy,2026-09-11-01-legacy,
kw_001316,what's going on around me right now,what's going on around me right now,,false,eligible,,,candidate,discover,,,2026-09-11-01-legacy,2026-09-11-01-legacy,
kw_001317,what's going on around me tonight,what's going on around me tonight,,false,eligible,,,candidate,discover,,,2026-09-11-01-legacy,2026-09-11-01-legacy,
kw_001318,what's going on around my area today,what's going on around my area today,,false,eligible,,,candidate,discover,,,2026-09-11-01-legacy,2026-09-11-01-legacy,
kw_001319,what's going on for memorial day near me,what's going on for memorial day near me,,false,eligible,,,candidate,discover,,,2026-09-11-01-legacy,2026-09-11-01-legacy,
kw_001320,what's going on for the 4th of july near me,what's going on for the 4th of july near me,,false,eligible,,,candidate,discover,,,2026-09-11-01-legacy,2026-09-11-01-legacy,
kw_001321,what's going on for the fourth of july near me,what's going on for the fourth of july near me,,false,eligible,,,candidate,discover,,,2026-09-11-01-legacy,2026-09-11-01-legacy,
kw_001322,what's going on friday night near me,what's going on friday night near me,,false,eligible,,,candidate,discover,,,2026-09-11-01-legacy,2026-09-11-01-legacy,
kw_001323,what's going on in my area right now,what's going on in my area right now,,false,eligible,,,candidate,discover,,,2026-09-11-01-legacy,2026-09-11-01-legacy,
kw_001324,what's going on in my area tonight,what's going on in my area tonight,,false,eligible,,,candidate,discover,,,2026-09-11-01-legacy,2026-09-11-01-legacy,
kw_001325,what's going on in near me this weekend,what's going on in near me this weekend,,false,eligible,,,candidate,discover,,,2026-09-11-01-legacy,2026-09-11-01-legacy,
kw_001326,what's going on in the area this weekend,what's going on in the area this weekend,,false,eligible,,,candidate,discover,,,2026-09-11-01-legacy,2026-09-11-01-legacy,
kw_001327,what's going on in the area tonight,what's going on in the area tonight,,false,eligible,,,candidate,discover,,,2026-09-11-01-legacy,2026-09-11-01-legacy,
kw_001328,what's going on labor day weekend near me,what's going on labor day weekend near me,,false,eligible,,,candidate,discover,,,2026-09-11-01-legacy,2026-09-11-01-legacy,
kw_001329,what's going on near me next weekend,what's going on near me next weekend,,false,eligible,,,candidate,discover,,,2026-09-11-01-legacy,2026-09-11-01-legacy,
kw_001330,what's going on near me now,what's going on near me now,,false,eligible,,,candidate,discover,,,2026-09-11-01-legacy,2026-09-11-01-legacy,
kw_001331,what's going on near me on sunday,what's going on near me on sunday,,false,eligible,,,candidate,discover,,,2026-09-11-01-legacy,2026-09-11-01-legacy,
kw_001332,what's going on near me right now,what's going on near me right now,,false,eligible,,,candidate,discover,,,2026-09-11-01-legacy,2026-09-11-01-legacy,
kw_001333,what's going on next week near me,what's going on next week near me,,false,eligible,,,candidate,discover,,,2026-09-11-01-legacy,2026-09-11-01-legacy,
kw_001334,what's going on saturday near me,what's going on saturday near me,,false,eligible,,,candidate,discover,,,2026-09-11-01-legacy,2026-09-11-01-legacy,
kw_001335,what's going on the weekend near me,what's going on the weekend near me,,false,eligible,,,candidate,discover,,,2026-09-11-01-legacy,2026-09-11-01-legacy,
kw_001336,what's going on this saturday near me,what's going on this saturday near me,,false,eligible,,,candidate,discover,,,2026-09-11-01-legacy,2026-09-11-01-legacy,
kw_001337,what's going on tonight in my area,what's going on tonight in my area,,false,eligible,,,candidate,discover,,,2026-09-11-01-legacy,2026-09-11-01-legacy,
kw_001338,what's going tonight near me,what's going tonight near me,,false,eligible,,,candidate,discover,,,2026-09-11-01-legacy,2026-09-11-01-legacy,
kw_001339,what's happening around me tonight,what's happening around me tonight,,false,eligible,,,candidate,discover,,,2026-09-11-01-legacy,2026-09-11-01-legacy,
kw_001340,what's happening in my area this weekend,what's happening in my area this weekend,,false,eligible,,,candidate,discover,,,2026-09-11-01-legacy,2026-09-11-01-legacy,
kw_001341,what's happening in my area tonight,what's happening in my area tonight,,false,eligible,,,candidate,discover,,,2026-09-11-01-legacy,2026-09-11-01-legacy,
kw_001342,what's happening labor day weekend near me,what's happening labor day weekend near me,,false,eligible,,,candidate,discover,,,2026-09-11-01-legacy,2026-09-11-01-legacy,
kw_001343,what's happening memorial day weekend near me,what's happening memorial day weekend near me,,false,eligible,,,candidate,discover,,,2026-09-11-01-legacy,2026-09-11-01-legacy,
kw_001344,what's happening near me next weekend,what's happening near me next weekend,,false,eligible,,,candidate,discover,,,2026-09-11-01-legacy,2026-09-11-01-legacy,
kw_001345,what's happening near me on saturday,what's happening near me on saturday,,false,eligible,,,candidate,discover,,,2026-09-11-01-legacy,2026-09-11-01-legacy,
kw_001346,what's happening nearby today,what's happening nearby today,,false,eligible,,,candidate,discover,,,2026-09-11-01-legacy,2026-09-11-01-legacy,
kw_001347,what's happening on saturday near me,what's happening on saturday near me,,false,eligible,,,candidate,discover,,,2026-09-11-01-legacy,2026-09-11-01-legacy,
kw_001348,what's happening saturday near me,what's happening saturday near me,,false,eligible,,,candidate,discover,,,2026-09-11-01-legacy,2026-09-11-01-legacy,
kw_001349,what's happening this saturday near me,what's happening this saturday near me,,false,eligible,,,candidate,discover,,,2026-09-11-01-legacy,2026-09-11-01-legacy,
kw_001350,what's happening this week near me,what's happening this week near me,,false,eligible,,,candidate,discover,,,2026-09-11-01-legacy,2026-09-11-01-legacy,
kw_001351,what's happening today in my area,what's happening today in my area,,false,eligible,,,candidate,discover,,,2026-09-11-01-legacy,2026-09-11-01-legacy,
kw_001352,what's happening tonight around me,what's happening tonight around me,,false,eligible,,,candidate,discover,,,2026-09-11-01-legacy,2026-09-11-01-legacy,
kw_001353,what's in near me this weekend,what's in near me this weekend,,false,eligible,,,candidate,discover,,,2026-09-11-01-legacy,2026-09-11-01-legacy,
kw_001354,what's in this weekend near me,what's in this weekend near me,,false,eligible,,,candidate,discover,,,2026-09-11-01-legacy,2026-09-11-01-legacy,
kw_001355,what's near me to do today,what's near me to do today,,false,eligible,,,candidate,discover,,,2026-09-11-01-legacy,2026-09-11-01-legacy,
kw_001356,what's on around me this weekend,what's on around me this weekend,local,false,eligible,,,candidate,discover,cl_0005,,2026-09-11-01-legacy,2026-09-11-01-legacy,
kw_001357,what's on around me tonight,what's on around me tonight,local,false,eligible,,,candidate,discover,cl_0005,,2026-09-11-01-legacy,2026-09-11-01-legacy,
kw_001358,what's on at the weekend near me,what's on at the weekend near me,local,false,eligible,,,candidate,discover,cl_0005,,2026-09-11-01-legacy,2026-09-11-01-legacy,
kw_001359,what's on august bank holiday near me,what's on august bank holiday near me,local,false,eligible,,,candidate,discover,cl_0005,,2026-09-11-01-legacy,2026-09-11-01-legacy,
kw_001360,what's on in my area this weekend,what's on in my area this weekend,local,false,eligible,,,candidate,discover,cl_0005,,2026-09-11-01-legacy,2026-09-11-01-legacy,
kw_001361,what's on in near me today,what's on in near me today,local,false,eligible,,,candidate,discover,cl_0005,,2026-09-11-01-legacy,2026-09-11-01-legacy,
kw_001362,what's on near me at the weekend,what's on near me at the weekend,local,false,eligible,,,candidate,discover,cl_0005,,2026-09-11-01-legacy,2026-09-11-01-legacy,
kw_001363,what's on near me august bank holiday,what's on near me august bank holiday,local,false,eligible,,,candidate,discover,cl_0005,,2026-09-11-01-legacy,2026-09-11-01-legacy,
kw_001364,what's on near me next week,what's on near me next week,local,false,eligible,,,candidate,discover,cl_0005,,2026-09-11-01-legacy,2026-09-11-01-legacy,
kw_001365,what's on near me next weekend,what's on near me next weekend,local,false,eligible,,,candidate,discover,cl_0005,,2026-09-11-01-legacy,2026-09-11-01-legacy,
kw_001366,what's on near me this weekend 2022,what's on near me this weekend 2022,local,false,eligible,,,candidate,discover,cl_0005,,2026-09-11-01-legacy,2026-09-11-01-legacy,
kw_001367,what's on next week near me,what's on next week near me,local,false,eligible,,,candidate,discover,cl_0005,,2026-09-11-01-legacy,2026-09-11-01-legacy,
kw_001368,what's on now near me,what's on now near me,local,false,eligible,,,candidate,discover,cl_0005,,2026-09-11-01-legacy,2026-09-11-01-legacy,
kw_001369,what's on saturday night near me,what's on saturday night near me,local,false,eligible,,,candidate,discover,cl_0005,,2026-09-11-01-legacy,2026-09-11-01-legacy,
kw_001370,what's on the weekend near me,what's on the weekend near me,local,false,eligible,,,candidate,discover,cl_0005,,2026-09-11-01-legacy,2026-09-11-01-legacy,
kw_001371,what's on this weekend for families near me,what's on this weekend for families near me,local,false,eligible,,,candidate,discover,cl_0005,,2026-09-11-01-legacy,2026-09-11-01-legacy,
kw_001372,what's on this weekend near me family,what's on this weekend near me family,local,false,eligible,,,candidate,discover,cl_0005,,2026-09-11-01-legacy,2026-09-11-01-legacy,
kw_001373,what's on today near me today,what's on today near me today,local,false,eligible,,,candidate,discover,cl_0005,,2026-09-11-01-legacy,2026-09-11-01-legacy,
kw_001374,what's on weekend near me,what's on weekend near me,local,false,eligible,,,candidate,discover,cl_0005,,2026-09-11-01-legacy,2026-09-11-01-legacy,
kw_001375,what's there to do near me this weekend,what's there to do near me this weekend,,false,eligible,,,candidate,discover,,,2026-09-11-01-legacy,2026-09-11-01-legacy,
kw_001376,what's there to do near me tonight,what's there to do near me tonight,,false,eligible,,,candidate,discover,,,2026-09-11-01-legacy,2026-09-11-01-legacy,
kw_001377,what's there to do tomorrow near me,what's there to do tomorrow near me,,false,eligible,,,candidate,discover,,,2026-09-11-01-legacy,2026-09-11-01-legacy,
kw_001378,what's there to do tonight around me,what's there to do tonight around me,,false,eligible,,,candidate,discover,,,2026-09-11-01-legacy,2026-09-11-01-legacy,
kw_001379,what's to do tonight near me,what's to do tonight near me,,false,eligible,,,candidate,discover,,,2026-09-11-01-legacy,2026-09-11-01-legacy,
kw_001380,whats fun to do near me today,whats fun to do near me today,,false,eligible,,,candidate,discover,,,2026-09-11-01-legacy,2026-09-11-01-legacy,
kw_001381,whats going in near me this weekend,whats going in near me this weekend,,false,eligible,,,candidate,discover,,,2026-09-11-01-legacy,2026-09-11-01-legacy,
kw_001382,whats going in near me today,whats going in near me today,,false,eligible,,,candidate,discover,,,2026-09-11-01-legacy,2026-09-11-01-legacy,
kw_001383,whats going in today near me,whats going in today near me,,false,eligible,,,candidate,discover,,,2026-09-11-01-legacy,2026-09-11-01-legacy,
kw_001384,whats going near me this weekend,whats going near me this weekend,,false,eligible,,,candidate,discover,,,2026-09-11-01-legacy,2026-09-11-01-legacy,
kw_001385,whats going today near me,whats going today near me,,false,eligible,,,candidate,discover,,,2026-09-11-01-legacy,2026-09-11-01-legacy,
kw_001386,whats happening memorial weekend near me,whats happening memorial weekend near me,,false,eligible,,,candidate,discover,,,2026-09-11-01-legacy,2026-09-11-01-legacy,
kw_001387,whats in near me today,whats in near me today,,false,eligible,,,candidate,discover,,,2026-09-11-01-legacy,2026-09-11-01-legacy,
kw_001388,whats near me this weekend,whats near me this weekend,,false,eligible,,,candidate,discover,,,2026-09-11-01-legacy,2026-09-11-01-legacy,
kw_001389,whats on august bank holiday 2022 near me,whats on august bank holiday 2022 near me,local,false,eligible,,,candidate,discover,cl_0005,,2026-09-11-01-legacy,2026-09-11-01-legacy,
kw_001390,whats on bank holiday weekend near me,whats on bank holiday weekend near me,local,false,eligible,,,candidate,discover,cl_0005,,2026-09-11-01-legacy,2026-09-11-01-legacy,
kw_001391,whats on easter weekend near me,whats on easter weekend near me,local,false,eligible,,,candidate,discover,cl_0005,,2026-09-11-01-legacy,2026-09-11-01-legacy,
kw_001392,whats on near me today for adults,whats on near me today for adults,local,false,eligible,,,candidate,discover,cl_0005,,2026-09-11-01-legacy,2026-09-11-01-legacy,
kw_001393,whats on near me weekend,whats on near me weekend,local,false,eligible,,,candidate,discover,cl_0005,,2026-09-11-01-legacy,2026-09-11-01-legacy,
kw_001394,whats on nearby this weekend,whats on nearby this weekend,local,false,eligible,,,candidate,discover,cl_0005,,2026-09-11-01-legacy,2026-09-11-01-legacy,
kw_001395,whats on this evening near me,whats on this evening near me,local,false,eligible,,,candidate,discover,cl_0005,,2026-09-11-01-legacy,2026-09-11-01-legacy,
kw_001396,whats on this weekend near me for families,whats on this weekend near me for families,local,false,eligible,,,candidate,discover,cl_0005,,2026-09-11-01-legacy,2026-09-11-01-legacy,
kw_001397,whats there to do near me today,whats there to do near me today,,false,eligible,,,candidate,discover,,,2026-09-11-01-legacy,2026-09-11-01-legacy,
kw_001398,whats there to do near me tonight,whats there to do near me tonight,,false,eligible,,,candidate,discover,,,2026-09-11-01-legacy,2026-09-11-01-legacy,
kw_001399,whats there to do this weekend near me,whats there to do this weekend near me,,false,eligible,,,candidate,discover,,,2026-09-11-01-legacy,2026-09-11-01-legacy,
kw_001400,whats there to do today near me,whats there to do today near me,,false,eligible,,,candidate,discover,,,2026-09-11-01-legacy,2026-09-11-01-legacy,
kw_001401,whats there to do tonight near me,whats there to do tonight near me,,false,eligible,,,candidate,discover,,,2026-09-11-01-legacy,2026-09-11-01-legacy,
kw_001402,whats up this weekend near me,whats up this weekend near me,,false,eligible,,,candidate,discover,,,2026-09-11-01-legacy,2026-09-11-01-legacy,
kw_001403,xmas dinner pubs near me,xmas dinner pubs near me,,false,eligible,,,candidate,discover,,,2026-09-11-01-legacy,2026-09-11-01-legacy,
kw_001404,xmas pub lunch near me,xmas pub lunch near me,,false,eligible,,,candidate,discover,,,2026-09-11-01-legacy,2026-09-11-01-legacy,
kw_001405,night out near heathrow,night out near heathrow,local,false,eligible,,,candidate,discover,cl_0005,,2026-09-11-01-legacy,2026-09-11-01-legacy,
kw_001406,"""bingo plus"" -site:reddit.com -site:twitter.com -site:x.com -site:wykop.pl -site:tripadvisor.com -site:youtube.com -site:yelp.com -site:booking.com -site:facebook.com -site:instagram.com -site:tiktok.com","""bingo plus"" -site:reddit.com -site:twitter.com -site:x.com -site:wykop.pl 
-site:tripadvisor.com -site:youtube.com -site:yelp.com -site:booking.com 
-site:facebook.com -site:instagram.com -site:tiktok.com",,false,eligible,,,candidate,gsc,,,2026-09-11-01-legacy,2026-09-11-01-legacy,
kw_001407,5 gbp bingo,5 gbp bingo,,false,eligible,,,candidate,gsc,,,2026-09-11-01-legacy,2026-09-11-01-legacy,
kw_001408,achor bar,achor bar,,false,eligible,,,candidate,gsc,,,2026-09-11-01-legacy,2026-09-11-01-legacy,
kw_001409,achor pub,achor pub,,false,eligible,,,candidate,gsc,,,2026-09-11-01-legacy,2026-09-11-01-legacy,
kw_001410,activities,activities,,false,eligible,,,candidate,gsc,,,2026-09-11-01-legacy,2026-09-11-01-legacy,
kw_001411,activities near me for adults,activities near me for adults,,false,eligible,,,candidate,gsc,,,2026-09-11-01-legacy,2026-09-11-01-legacy,
kw_001412,adult meetings,adult meetings,,false,eligible,,,candidate,gsc,,,2026-09-11-01-legacy,2026-09-11-01-legacy,
kw_001413,ancher bar,ancher bar,,false,eligible,,,candidate,gsc,,,2026-09-11-01-legacy,2026-09-11-01-legacy,
kw_001414,ancher pub,ancher pub,,false,eligible,,,candidate,gsc,,,2026-09-11-01-legacy,2026-09-11-01-legacy,
kw_001415,anchor,anchor,,true,eligible,,,candidate,gsc,,,2026-09-11-01-legacy,2026-09-11-01-legacy,
kw_001416,anchor airport,anchor airport,,true,eligible,,,candidate,gsc,,,2026-09-11-01-legacy,2026-09-11-01-legacy,
kw_001417,anchor bar,anchor bar,,true,eligible,,,candidate,gsc,,,2026-09-11-01-legacy,2026-09-11-01-legacy,
kw_001418,anchor bar and grill,anchor bar and grill,,true,eligible,,,candidate,gsc,,,2026-09-11-01-legacy,2026-09-11-01-legacy,
kw_001419,anchor bar trivia night,anchor bar trivia night,local,true,eligible,,,candidate,gsc,cl_0001,,2026-09-11-01-legacy,2026-09-11-01-legacy,
kw_001420,anchor barre,anchor barre,,true,eligible,,,candidate,gsc,,,2026-09-11-01-legacy,2026-09-11-01-legacy,
kw_001421,anchor beer garden,anchor beer garden,,true,eligible,,,candidate,gsc,,,2026-09-11-01-legacy,2026-09-11-01-legacy,
kw_001422,anchor bingo,anchor bingo,,true,eligible,,,candidate,gsc,,,2026-09-11-01-legacy,2026-09-11-01-legacy,
kw_001423,anchor bowling club,anchor bowling club,,true,eligible,,,candidate,gsc,,,2026-09-11-01-legacy,2026-09-11-01-legacy,
kw_001424,anchor club,anchor club,,true,eligible,,,candidate,gsc,,,2026-09-11-01-legacy,2026-09-11-01-legacy,
kw_001425,anchor cowes,anchor cowes,,true,eligible,,,candidate,gsc,,,2026-09-11-01-legacy,2026-09-11-01-legacy,
kw_001426,anchor day,anchor day,,true,eligible,,,candidate,gsc,,,2026-09-11-01-legacy,2026-09-11-01-legacy,
kw_001427,anchor entertainment,anchor entertainment,local,true,eligible,,,candidate,gsc,cl_0005,,2026-09-11-01-legacy,2026-09-11-01-legacy,
kw_001428,anchor event,anchor event,,true,eligible,,,candidate,gsc,,,2026-09-11-01-legacy,2026-09-11-01-legacy,
kw_001429,anchor events,anchor events,,true,eligible,,,candidate,gsc,,,2026-09-11-01-legacy,2026-09-11-01-legacy,
kw_001430,anchor festival,anchor festival,,true,eligible,,,candidate,gsc,,,2026-09-11-01-legacy,2026-09-11-01-legacy,
kw_001431,anchor hall,anchor hall,,true,eligible,,,candidate,gsc,,,2026-09-11-01-legacy,2026-09-11-01-legacy,
kw_001432,anchor karaoke,anchor karaoke,,true,eligible,,,candidate,gsc,,,2026-09-11-01-legacy,2026-09-11-01-legacy,
kw_001433,anchor lane,anchor lane,,true,eligible,,,candidate,gsc,,,2026-09-11-01-legacy,2026-09-11-01-legacy,
kw_001434,anchor london,anchor london,,true,eligible,,,candidate,gsc,,,2026-09-11-01-legacy,2026-09-11-01-legacy,
kw_001435,anchor lounge seating,anchor lounge seating,,true,eligible,,,candidate,gsc,,,2026-09-11-01-legacy,2026-09-11-01-legacy,
kw_001436,anchor near me,anchor near me,,true,eligible,,,candidate,gsc,,,2026-09-11-01-legacy,2026-09-11-01-legacy,
kw_001437,anchor oub,anchor oub,,true,eligible,,,candidate,gsc,,,2026-09-11-01-legacy,2026-09-11-01-legacy,
kw_001438,anchor party,anchor party,,true,eligible,,,candidate,gsc,,,2026-09-11-01-legacy,2026-09-11-01-legacy,
kw_001439,anchor pib,anchor pib,,true,eligible,,,candidate,gsc,,,2026-09-11-01-legacy,2026-09-11-01-legacy,
kw_001440,anchor pizza,anchor pizza,,true,eligible,,,candidate,gsc,,,2026-09-11-01-legacy,2026-09-11-01-legacy,
kw_001441,anchor promotion,anchor promotion,,true,eligible,,,candidate,gsc,,,2026-09-11-01-legacy,2026-09-11-01-legacy,
kw_001442,anchor pub,anchor pub,,true,eligible,,,candidate,gsc,,,2026-09-11-01-legacy,2026-09-11-01-legacy,
kw_001443,anchor pub & grille,anchor pub & grille,,true,eligible,,,candidate,gsc,,,2026-09-11-01-legacy,2026-09-11-01-legacy,
kw_001444,anchor pub and grill,anchor pub and grill,,true,eligible,,,candidate,gsc,,,2026-09-11-01-legacy,2026-09-11-01-legacy,
kw_001445,anchor pub heathrow,anchor pub heathrow,,true,eligible,,,candidate,gsc,,,2026-09-11-01-legacy,2026-09-11-01-legacy,
kw_001446,anchor pub near me,anchor pub near me,,true,eligible,,,candidate,gsc,,,2026-09-11-01-legacy,2026-09-11-01-legacy,
kw_001447,anchor pub quiz,anchor pub quiz,local,true,eligible,,,candidate,gsc,cl_0001,,2026-09-11-01-legacy,2026-09-11-01-legacy,
kw_001448,anchor pub stanwell,anchor pub stanwell,,true,eligible,,,candidate,gsc,,,2026-09-11-01-legacy,2026-09-11-01-legacy,
kw_001449,anchor pub stanwell moor,anchor pub stanwell moor,,true,eligible,,,candidate,gsc,,,2026-09-11-01-legacy,2026-09-11-01-legacy,
kw_001450,anchor quiz,anchor quiz,local,true,eligible,,,candidate,gsc,cl_0001,,2026-09-11-01-legacy,2026-09-11-01-legacy,
kw_001451,anchor restaurant,anchor restaurant,,true,eligible,,,candidate,gsc,,,2026-09-11-01-legacy,2026-09-11-01-legacy,
kw_001452,anchor stanwell moor,anchor stanwell moor,,true,eligible,,,candidate,gsc,,,2026-09-11-01-legacy,2026-09-11-01-legacy,
kw_001453,anchor tavern,anchor tavern,,true,eligible,,,candidate,gsc,,,2026-09-11-01-legacy,2026-09-11-01-legacy,
kw_001454,anchor tavern london,anchor tavern london,,true,eligible,,,candidate,gsc,,,2026-09-11-01-legacy,2026-09-11-01-legacy,
kw_001455,anchoring events,anchoring events,,true,eligible,,,candidate,gsc,,,2026-09-11-01-legacy,2026-09-11-01-legacy,
kw_001456,anchoring for quiz,anchoring for quiz,local,true,eligible,,,candidate,gsc,cl_0001,,2026-09-11-01-legacy,2026-09-11-01-legacy,
kw_001457,anchors near me,anchors near me,,true,eligible,,,candidate,gsc,,,2026-09-11-01-legacy,2026-09-11-01-legacy,
kw_001458,anchors pub,anchors pub,,true,eligible,,,candidate,gsc,,,2026-09-11-01-legacy,2026-09-11-01-legacy,
kw_001459,ancor bar,ancor bar,,false,eligible,,,candidate,gsc,,,2026-09-11-01-legacy,2026-09-11-01-legacy,
kw_001460,ancor pub,ancor pub,,false,eligible,,,candidate,gsc,,,2026-09-11-01-legacy,2026-09-11-01-legacy,
kw_001461,anglers retreat staines,anglers retreat staines,,false,eligible,,,candidate,gsc,,,2026-09-11-01-legacy,2026-09-11-01-legacy,
kw_001462,anker bar,anker bar,,false,eligible,,,candidate,gsc,,,2026-09-11-01-legacy,2026-09-11-01-legacy,
kw_001463,anker pub,anker pub,,false,eligible,,,candidate,gsc,,,2026-09-11-01-legacy,2026-09-11-01-legacy,
kw_001464,anxhor pub,anxhor pub,,false,eligible,,,candidate,gsc,,,2026-09-11-01-legacy,2026-09-11-01-legacy,
kw_001465,attractions near me,attractions near me,,false,eligible,,,candidate,gsc,,,2026-09-11-01-legacy,2026-09-11-01-legacy,
kw_001466,bar bingo near me,bar bingo near me,local,false,eligible,,,candidate,gsc,cl_0004,,2026-09-11-01-legacy,2026-09-11-01-legacy,
kw_001467,best fish and chips near heathrow airport,best fish and chips near heathrow airport,,false,eligible,,,candidate,gsc,,,2026-09-11-01-legacy,2026-09-11-01-legacy,
kw_001468,best local pub quiz nights near me,best local pub quiz nights near me,local,false,eligible,,,candidate,gsc,cl_0001,,2026-09-11-01-legacy,2026-09-11-01-legacy,
kw_001469,best pub quizzes in london,best pub quizzes in london,local,false,eligible,,,candidate,gsc,cl_0001,,2026-09-11-01-legacy,2026-09-11-01-legacy,
kw_001470,best pubs near me,best pubs near me,,false,eligible,,,candidate,gsc,,,2026-09-11-01-legacy,2026-09-11-01-legacy,
kw_001471,bingo anchor,bingo anchor,,true,eligible,,,candidate,gsc,,,2026-09-11-01-legacy,2026-09-11-01-legacy,
kw_001472,bingo books,bingo books,,false,eligible,,,candidate,gsc,,,2026-09-11-01-legacy,2026-09-11-01-legacy,
kw_001473,bingo boston,bingo boston,,false,eligible,,,candidate,gsc,,,2026-09-11-01-legacy,2026-09-11-01-legacy,
kw_001474,bingo cash,bingo cash,,false,eligible,,,candidate,gsc,,,2026-09-11-01-legacy,2026-09-11-01-legacy,
kw_001475,bingo countdown,bingo countdown,,false,eligible,,,candidate,gsc,,,2026-09-11-01-legacy,2026-09-11-01-legacy,
kw_001476,bingo events near me,bingo events near me,,false,eligible,,,candidate,gsc,,cl_0004|cl_0005,2026-09-11-01-legacy,2026-09-11-01-legacy,
kw_001477,bingo in pubs,bingo in pubs,local,false,eligible,,,candidate,gsc,cl_0004,,2026-09-11-01-legacy,2026-09-11-01-legacy,
kw_001478,bingo near me,bingo near me,local,false,eligible,,,candidate,gsc,cl_0004,,2026-09-11-01-legacy,2026-09-11-01-legacy,
kw_001479,bingo night prize money amount,bingo night prize money amount,local,false,eligible,,,candidate,gsc,cl_0004,,2026-09-11-01-legacy,2026-09-11-01-legacy,
kw_001480,bingo online for cash,bingo online for cash,,false,eligible,,,candidate,gsc,,,2026-09-11-01-legacy,2026-09-11-01-legacy,
kw_001481,bongo's bingo times,bongo's bingo times,,false,eligible,,,candidate,gsc,,,2026-09-11-01-legacy,2026-09-11-01-legacy,
kw_001482,card bingo,card bingo,,false,eligible,,,candidate,gsc,,,2026-09-11-01-legacy,2026-09-11-01-legacy,
kw_001483,cash bingo promotions,cash bingo promotions,local,false,eligible,,,candidate,gsc,cl_0004,,2026-09-11-01-legacy,2026-09-11-01-legacy,
kw_001484,celebrate space at heathrow,celebrate space at heathrow,,false,eligible,,,candidate,gsc,,,2026-09-11-01-legacy,2026-09-11-01-legacy,
kw_001485,charity quiz night near me,charity quiz night near me,,false,eligible,,,candidate,gsc,,cl_0001|cl_0002,2026-09-11-01-legacy,2026-09-11-01-legacy,
kw_001486,christmas party pub heathrow,christmas party pub heathrow,,false,eligible,,,candidate,gsc,,,2026-09-11-01-legacy,2026-09-11-01-legacy,
kw_001487,christmas quiz themes,christmas quiz themes,local,false,eligible,,,candidate,gsc,cl_0001,,2026-09-11-01-legacy,2026-09-11-01-legacy,
kw_001488,closer bingo,closer bingo,,false,eligible,,,candidate,gsc,,,2026-09-11-01-legacy,2026-09-11-01-legacy,
kw_001489,closest bingo,closest bingo,,false,eligible,,,candidate,gsc,,,2026-09-11-01-legacy,2026-09-11-01-legacy,
kw_001490,corporate events near heathrow terminal 5,corporate events near heathrow terminal 5,,false,eligible,,,candidate,gsc,,,2026-09-11-01-legacy,2026-09-11-01-legacy,
kw_001491,corporate quiz night,corporate quiz night,local,false,eligible,,,candidate,gsc,cl_0001,,2026-09-11-01-legacy,2026-09-11-01-legacy,
kw_001492,corporate quiz nights,corporate quiz nights,local,false,eligible,,,candidate,gsc,cl_0001,,2026-09-11-01-legacy,2026-09-11-01-legacy,
kw_001493,corporate trivia night,corporate trivia night,local,false,eligible,,,candidate,gsc,cl_0001,,2026-09-11-01-legacy,2026-09-11-01-legacy,
kw_001494,crown and anchor pub quiz,crown and anchor pub quiz,local,true,eligible,,,candidate,gsc,cl_0001,,2026-09-11-01-legacy,2026-09-11-01-legacy,
kw_001495,do i pay to enter,do i pay to enter,,false,eligible,,,candidate,gsc,,,2026-09-11-01-legacy,2026-09-11-01-legacy,
kw_001496,do we need to book?,do we need to book?,,false,eligible,,,candidate,gsc,,,2026-09-11-01-legacy,2026-09-11-01-legacy,
kw_001497,dog-friendly pubs in staines,dog-friendly pubs in staines,,false,eligible,,,candidate,gsc,,,2026-09-11-01-legacy,2026-09-11-01-legacy,
kw_001498,drag king shows london,drag king shows london,,false,eligible,,,candidate,gsc,,,2026-09-11-01-legacy,2026-09-11-01-legacy,
kw_001499,drag quiz night,drag quiz night,local,false,eligible,,,candidate,gsc,cl_0001,,2026-09-11-01-legacy,2026-09-11-01-legacy,
kw_001500,english pub quiz,english pub quiz,local,false,eligible,,,candidate,gsc,cl_0001,,2026-09-11-01-legacy,2026-09-11-01-legacy,
kw_001501,entry fees,entry fees,,false,eligible,,,candidate,gsc,,,2026-09-11-01-legacy,2026-09-11-01-legacy,
kw_001502,events at pubs near me,events at pubs near me,,false,eligible,,,candidate,gsc,,,2026-09-11-01-legacy,2026-09-11-01-legacy,
kw_001503,family bingo calls,family bingo calls,,false,eligible,,,candidate,gsc,,,2026-09-11-01-legacy,2026-09-11-01-legacy,
kw_001504,for friday,for friday,,false,eligible,,,candidate,gsc,,,2026-09-11-01-legacy,2026-09-11-01-legacy,
kw_001505,friday night quiz near me,friday night quiz near me,local,false,eligible,,,candidate,gsc,cl_0001,,2026-09-11-01-legacy,2026-09-11-01-legacy,
kw_001506,friday pub quiz,friday pub quiz,local,false,eligible,,,candidate,gsc,cl_0001,,2026-09-11-01-legacy,2026-09-11-01-legacy,
kw_001507,fun places near me,fun places near me,,false,eligible,,,candidate,gsc,,,2026-09-11-01-legacy,2026-09-11-01-legacy,
kw_001508,harry potter quiz near me,harry potter quiz near me,local,false,eligible,,,candidate,gsc,cl_0001,,2026-09-11-01-legacy,2026-09-11-01-legacy,
kw_001509,heathrow airport pub,heathrow airport pub,,false,eligible,,,candidate,gsc,,,2026-09-11-01-legacy,2026-09-11-01-legacy,
kw_001510,heathrow park to test,heathrow park to test,,false,eligible,,,candidate,gsc,,,2026-09-11-01-legacy,2026-09-11-01-legacy,
kw_001511,heathrow plane spotting pub,heathrow plane spotting pub,,false,eligible,,,candidate,gsc,,,2026-09-11-01-legacy,2026-09-11-01-legacy,
kw_001512,heathrow pub,heathrow pub,,false,eligible,,,candidate,gsc,,,2026-09-11-01-legacy,2026-09-11-01-legacy,
kw_001513,heathrow pubs,heathrow pubs,,false,eligible,,,candidate,gsc,,,2026-09-11-01-legacy,2026-09-11-01-legacy,
kw_001514,hope and anchor pub quiz,hope and anchor pub quiz,local,true,eligible,,,candidate,gsc,cl_0001,,2026-09-11-01-legacy,2026-09-11-01-legacy,
kw_001515,how long does a pub quiz last,how long does a pub quiz last,local,false,eligible,,,candidate,gsc,cl_0001,,2026-09-11-01-legacy,2026-09-11-01-legacy,
kw_001516,how to organise a bingo night,how to organise a bingo night,local,false,eligible,,,candidate,gsc,cl_0004,,2026-09-11-01-legacy,2026-09-11-01-legacy,
kw_001517,how to run a bingo night fundraiser,how to run a bingo night fundraiser,local,false,avoid,"Operator intent (running your own quiz or bingo), not attendance.",all,candidate,gsc,cl_0004,,2026-09-11-01-legacy,2026-09-11-01-legacy,
kw_001518,how to run a bingo night in a pub,how to run a bingo night in a pub,local,false,avoid,"Operator intent (running your own quiz or bingo), not attendance.",all,candidate,gsc,cl_0004,,2026-09-11-01-legacy,2026-09-11-01-legacy,
kw_001519,in surrey,in surrey,,false,eligible,,,candidate,gsc,,,2026-09-11-01-legacy,2026-09-11-01-legacy,
kw_001520,is it a party place?,is it a party place?,,false,eligible,,,candidate,gsc,,,2026-09-11-01-legacy,2026-09-11-01-legacy,
kw_001521,jackpot bingo near me,jackpot bingo near me,local,false,eligible,,,candidate,gsc,cl_0004,,2026-09-11-01-legacy,2026-09-11-01-legacy,
kw_001522,legion bingo near me,legion bingo near me,local,false,eligible,,,candidate,gsc,cl_0004,,2026-09-11-01-legacy,2026-09-11-01-legacy,
kw_001523,local pub quizzes near me,local pub quizzes near me,local,false,eligible,,,candidate,gsc,cl_0001,,2026-09-11-01-legacy,2026-09-11-01-legacy,
kw_001524,local quiz nights,local quiz nights,local,false,eligible,,,candidate,gsc,cl_0001,,2026-09-11-01-legacy,2026-09-11-01-legacy,
kw_001525,local quizzes near me,local quizzes near me,local,false,eligible,,,candidate,gsc,cl_0001,,2026-09-11-01-legacy,2026-09-11-01-legacy,
kw_001526,london irish pubs,london irish pubs,,false,eligible,,,candidate,gsc,,,2026-09-11-01-legacy,2026-09-11-01-legacy,
kw_001527,london pub quizzes,london pub quizzes,local,false,eligible,,,candidate,gsc,cl_0001,,2026-09-11-01-legacy,2026-09-11-01-legacy,
kw_001528,london pub trivia,london pub trivia,local,false,eligible,,,candidate,gsc,cl_0001,,2026-09-11-01-legacy,2026-09-11-01-legacy,
kw_001529,mobile home stanwell moor,mobile home stanwell moor,,false,eligible,,,candidate,gsc,,,2026-09-11-01-legacy,2026-09-11-01-legacy,
kw_001530,moor anchor,moor anchor,,true,eligible,,,candidate,gsc,,,2026-09-11-01-legacy,2026-09-11-01-legacy,
kw_001531,music bingo for pubs,music bingo for pubs,local,false,eligible,,,candidate,gsc,cl_0003,,2026-09-11-01-legacy,2026-09-11-01-legacy,
kw_001532,music bingo nights,music bingo nights,,false,eligible,,,candidate,gsc,,cl_0003|cl_0004,2026-09-11-01-legacy,2026-09-11-01-legacy,
kw_001533,near me pub,near me pub,,false,eligible,,,candidate,gsc,,,2026-09-11-01-legacy,2026-09-11-01-legacy,
kw_001534,nearest quiz,nearest quiz,local,false,eligible,,,candidate,gsc,cl_0001,,2026-09-11-01-legacy,2026-09-11-01-legacy,
kw_001535,nightlife stanmore,nightlife stanmore,,false,eligible,,,candidate,gsc,,,2026-09-11-01-legacy,2026-09-11-01-legacy,
kw_001536,party quiz questions,party quiz questions,local,false,avoid,"Question-writing intent from people running their own quiz, not people coming to one.",cl_0001,candidate,gsc,cl_0001,,2026-09-11-01-legacy,2026-09-11-01-legacy,
kw_001537,pib quiz near me,pib quiz near me,local,false,eligible,,,candidate,gsc,cl_0001,,2026-09-11-01-legacy,2026-09-11-01-legacy,
kw_001538,plant bingo london,plant bingo london,,false,eligible,,,candidate,gsc,,,2026-09-11-01-legacy,2026-09-11-01-legacy,
kw_001539,play bingo with jackpots,play bingo with jackpots,,false,eligible,,,candidate,gsc,,,2026-09-11-01-legacy,2026-09-11-01-legacy,
kw_001540,postcode bingo,postcode bingo,,false,eligible,,,candidate,gsc,,,2026-09-11-01-legacy,2026-09-11-01-legacy,
kw_001541,prize bingo near me,prize bingo near me,local,false,eligible,,,candidate,gsc,cl_0004,,2026-09-11-01-legacy,2026-09-11-01-legacy,
kw_001542,prizes for quiz nights,prizes for quiz nights,local,false,eligible,,,candidate,gsc,cl_0001,,2026-09-11-01-legacy,2026-09-11-01-legacy,
kw_001543,prizesland bingo,prizesland bingo,,false,eligible,,,candidate,gsc,,,2026-09-11-01-legacy,2026-09-11-01-legacy,
kw_001544,pub anchor,pub anchor,,true,eligible,,,candidate,gsc,,,2026-09-11-01-legacy,2026-09-11-01-legacy,
kw_001545,pub anchor karaoke,pub anchor karaoke,,true,eligible,,,candidate,gsc,,,2026-09-11-01-legacy,2026-09-11-01-legacy,
kw_001546,pub bingo rules,pub bingo rules,local,false,eligible,,,candidate,gsc,cl_0004,,2026-09-11-01-legacy,2026-09-11-01-legacy,
kw_001547,pub events,pub events,local,false,eligible,,,candidate,gsc,cl_0005,,2026-09-11-01-legacy,2026-09-11-01-legacy,
kw_001548,pub events near me today,pub events near me today,local,false,eligible,,,candidate,gsc,cl_0005,,2026-09-11-01-legacy,2026-09-11-01-legacy,
kw_001549,pub heathrow,pub heathrow,,false,eligible,,,candidate,gsc,,,2026-09-11-01-legacy,2026-09-11-01-legacy,
kw_001550,pub near,pub near,,false,eligible,,,candidate,gsc,,,2026-09-11-01-legacy,2026-09-11-01-legacy,
kw_001551,pub near heathrow,pub near heathrow,,false,eligible,,,candidate,gsc,,,2026-09-11-01-legacy,2026-09-11-01-legacy,
kw_001552,pub near heathrow airport,pub near heathrow airport,,false,eligible,,,candidate,gsc,,,2026-09-11-01-legacy,2026-09-11-01-legacy,
kw_001553,pub near me,pub near me,,false,eligible,,,candidate,gsc,,,2026-09-11-01-legacy,2026-09-11-01-legacy,
kw_001554,pub near me with parking,pub near me with parking,,false,eligible,,,candidate,gsc,,,2026-09-11-01-legacy,2026-09-11-01-legacy,
kw_001555,pub quiz,pub quiz,local,false,eligible,,,candidate,gsc,cl_0001,,2026-09-11-01-legacy,2026-09-11-01-legacy,
kw_001556,pub quiz ashford,pub quiz ashford,local,false,eligible,,,candidate,gsc,cl_0001,,2026-09-11-01-legacy,2026-09-11-01-legacy,
kw_001557,pub quiz bingo,pub quiz bingo,local,false,eligible,,,candidate,gsc,cl_0001,,2026-09-11-01-legacy,2026-09-11-01-legacy,
kw_001558,pub quiz fitzrovia,pub quiz fitzrovia,local,false,eligible,,,candidate,gsc,cl_0001,,2026-09-11-01-legacy,2026-09-11-01-legacy,
kw_001559,pub quiz friday,pub quiz friday,local,false,eligible,,,candidate,gsc,cl_0001,,2026-09-11-01-legacy,2026-09-11-01-legacy,
kw_001560,pub quiz friday night,pub quiz friday night,local,false,eligible,,,candidate,gsc,cl_0001,,2026-09-11-01-legacy,2026-09-11-01-legacy,
kw_001561,pub quiz harrow,pub quiz harrow,local,false,eligible,,,candidate,gsc,cl_0001,,2026-09-11-01-legacy,2026-09-11-01-legacy,
kw_001562,pub quiz locations,pub quiz locations,local,false,eligible,,,candidate,gsc,cl_0001,,2026-09-11-01-legacy,2026-09-11-01-legacy,
kw_001563,pub quiz near me monday night,pub quiz near me monday night,local,false,eligible,,,candidate,gsc,cl_0001,,2026-09-11-01-legacy,2026-09-11-01-legacy,
kw_001564,pub quiz near me tomorrow,pub quiz near me tomorrow,local,false,eligible,,,candidate,gsc,cl_0001,,2026-09-11-01-legacy,2026-09-11-01-legacy,
kw_001565,pub quiz near.me,pub quiz near.me,local,false,eligible,,,candidate,gsc,cl_0001,,2026-09-11-01-legacy,2026-09-11-01-legacy,
kw_001566,pub quiz nesr me,pub quiz nesr me,local,false,eligible,,,candidate,gsc,cl_0001,,2026-09-11-01-legacy,2026-09-11-01-legacy,
kw_001567,pub quiz night,pub quiz night,local,false,eligible,,,candidate,gsc,cl_0001,,2026-09-11-01-legacy,2026-09-11-01-legacy,
kw_001568,pub quiz night near me,pub quiz night near me,local,false,eligible,,,candidate,gsc,cl_0001,,2026-09-11-01-legacy,2026-09-11-01-legacy,
kw_001569,pub quiz on a wednesday near me,pub quiz on a wednesday near me,local,false,eligible,,,candidate,gsc,cl_0001,,2026-09-11-01-legacy,2026-09-11-01-legacy,
kw_001570,pub quiz on thursday near me,pub quiz on thursday near me,local,false,eligible,,,candidate,gsc,cl_0001,,2026-09-11-01-legacy,2026-09-11-01-legacy,
kw_001571,pub quiz sunday,pub quiz sunday,local,false,eligible,,,candidate,gsc,cl_0001,,2026-09-11-01-legacy,2026-09-11-01-legacy,
kw_001572,pub quiz tonight,pub quiz tonight,local,false,eligible,,,candidate,gsc,cl_0001,,2026-09-11-01-legacy,2026-09-11-01-legacy,
kw_001573,pub quiz wednesday,pub quiz wednesday,local,false,eligible,,,candidate,gsc,cl_0001,,2026-09-11-01-legacy,2026-09-11-01-legacy,
kw_001574,pub quizes near me,pub quizes near me,local,false,eligible,,,candidate,gsc,cl_0001,,2026-09-11-01-legacy,2026-09-11-01-legacy,
kw_001575,pub quizz near me,pub quizz near me,local,false,eligible,,,candidate,gsc,cl_0001,,2026-09-11-01-legacy,2026-09-11-01-legacy,
kw_001576,pub quizzes near me,pub quizzes near me,local,false,eligible,,,candidate,gsc,cl_0001,,2026-09-11-01-legacy,2026-09-11-01-legacy,
kw_001577,pub quizzes near me tonight,pub quizzes near me tonight,local,false,eligible,,,candidate,gsc,cl_0001,,2026-09-11-01-legacy,2026-09-11-01-legacy,
kw_001578,pub the anchor,pub the anchor,,true,eligible,,,candidate,gsc,,,2026-09-11-01-legacy,2026-09-11-01-legacy,
kw_001579,pub trivia night,pub trivia night,local,false,eligible,,,candidate,gsc,cl_0001,,2026-09-11-01-legacy,2026-09-11-01-legacy,
kw_001580,pub wuiz near me,pub wuiz near me,,false,eligible,,,candidate,gsc,,,2026-09-11-01-legacy,2026-09-11-01-legacy,
kw_001581,pubquiz near me,pubquiz near me,local,false,eligible,,,candidate,gsc,cl_0001,,2026-09-11-01-legacy,2026-09-11-01-legacy,
kw_001582,pubs,pubs,,false,eligible,,,candidate,gsc,,,2026-09-11-01-legacy,2026-09-11-01-legacy,
kw_001583,pubs in heathrow,pubs in heathrow,,false,eligible,,,candidate,gsc,,,2026-09-11-01-legacy,2026-09-11-01-legacy,
kw_001584,pubs in stanwell,pubs in stanwell,,false,eligible,,,candidate,gsc,,,2026-09-11-01-legacy,2026-09-11-01-legacy,
kw_001585,pubs near heathrow,pubs near heathrow,,false,eligible,,,candidate,gsc,,,2026-09-11-01-legacy,2026-09-11-01-legacy,
kw_001586,pubs near heathrow airport,pubs near heathrow airport,,false,eligible,,,candidate,gsc,,,2026-09-11-01-legacy,2026-09-11-01-legacy,
kw_001587,pubs near heathrow terminal 5,pubs near heathrow terminal 5,,false,eligible,,,candidate,gsc,,,2026-09-11-01-legacy,2026-09-11-01-legacy,
kw_001588,pubs near me,pubs near me,,false,eligible,,,candidate,gsc,,,2026-09-11-01-legacy,2026-09-11-01-legacy,
kw_001589,pubs with bingo near me,pubs with bingo near me,local,false,eligible,,,candidate,gsc,cl_0004,,2026-09-11-01-legacy,2026-09-11-01-legacy,
kw_001590,pun quiz calendar,pun quiz calendar,local,false,eligible,,,candidate,gsc,cl_0001,,2026-09-11-01-legacy,2026-09-11-01-legacy,
kw_001591,punk rock bingo ship and anchor,punk rock bingo ship and anchor,,true,eligible,,,candidate,gsc,,,2026-09-11-01-legacy,2026-09-11-01-legacy,
kw_001592,quiz,quiz,local,false,eligible,,,candidate,gsc,cl_0001,,2026-09-11-01-legacy,2026-09-11-01-legacy,
kw_001593,quiz night,quiz night,local,false,eligible,,,candidate,gsc,cl_0001,,2026-09-11-01-legacy,2026-09-11-01-legacy,
kw_001594,quiz night near me wednesday,quiz night near me wednesday,local,false,eligible,,,candidate,gsc,cl_0001,,2026-09-11-01-legacy,2026-09-11-01-legacy,
kw_001595,quiz night schedule,quiz night schedule,local,false,eligible,,,candidate,gsc,cl_0001,,2026-09-11-01-legacy,2026-09-11-01-legacy,
kw_001596,quiz night tonight,quiz night tonight,local,false,eligible,,,candidate,gsc,cl_0001,,2026-09-11-01-legacy,2026-09-11-01-legacy,
kw_001597,quiz nights,quiz nights,local,false,eligible,,,candidate,gsc,cl_0001,,2026-09-11-01-legacy,2026-09-11-01-legacy,
kw_001598,quiz nights near me,quiz nights near me,local,false,eligible,,,candidate,gsc,cl_0001,,2026-09-11-01-legacy,2026-09-11-01-legacy,
kw_001599,quiz nights near me tonight,quiz nights near me tonight,local,false,eligible,,,candidate,gsc,cl_0001,,2026-09-11-01-legacy,2026-09-11-01-legacy,
kw_001600,quizzes near me,quizzes near me,local,false,eligible,,,candidate,gsc,cl_0001,,2026-09-11-01-legacy,2026-09-11-01-legacy,
kw_001601,quizzes near me tonight,quizzes near me tonight,local,false,eligible,,,candidate,gsc,cl_0001,,2026-09-11-01-legacy,2026-09-11-01-legacy,
kw_001602,r bar specials,r bar specials,,false,eligible,,,candidate,gsc,,,2026-09-11-01-legacy,2026-09-11-01-legacy,
kw_001603,restaurant anchor,restaurant anchor,,true,eligible,,,candidate,gsc,,,2026-09-11-01-legacy,2026-09-11-01-legacy,
kw_001604,saturday night pub quiz,saturday night pub quiz,local,false,eligible,,,candidate,gsc,cl_0001,,2026-09-11-01-legacy,2026-09-11-01-legacy,
kw_001605,singalong bingo,singalong bingo,local,false,eligible,,,candidate,gsc,cl_0003,,2026-09-11-01-legacy,2026-09-11-01-legacy,
kw_001606,sirens anchor pub,sirens anchor pub,,true,eligible,,,candidate,gsc,,,2026-09-11-01-legacy,2026-09-11-01-legacy,
kw_001607,site:.pub,site:.pub,,false,eligible,,,candidate,gsc,,,2026-09-11-01-legacy,2026-09-11-01-legacy,
kw_001608,site:the-anchor.pub,site:the-anchor.pub,,true,eligible,,,candidate,gsc,,,2026-09-11-01-legacy,2026-09-11-01-legacy,
kw_001609,site:www.the-anchor.pub,site:www.the-anchor.pub,,true,eligible,,,candidate,gsc,,,2026-09-11-01-legacy,2026-09-11-01-legacy,
kw_001610,skip hire wraysbury,skip hire wraysbury,,false,eligible,,,candidate,gsc,,,2026-09-11-01-legacy,2026-09-11-01-legacy,
kw_001611,snowball jackpot bingo,snowball jackpot bingo,local,false,eligible,,,candidate,gsc,cl_0004,,2026-09-11-01-legacy,2026-09-11-01-legacy,
kw_001612,social clubs near me,social clubs near me,,false,eligible,,,candidate,gsc,,,2026-09-11-01-legacy,2026-09-11-01-legacy,
kw_001613,social events near me,social events near me,local,false,eligible,,,candidate,gsc,cl_0005,,2026-09-11-01-legacy,2026-09-11-01-legacy,
kw_001614,staines and ashford news,staines and ashford news,,false,eligible,,,candidate,gsc,,,2026-09-11-01-legacy,2026-09-11-01-legacy,
kw_001615,staines day 2026,staines day 2026,,false,eligible,,,candidate,gsc,,,2026-09-11-01-legacy,2026-09-11-01-legacy,
kw_001616,staines vue,staines vue,,false,eligible,,,candidate,gsc,,,2026-09-11-01-legacy,2026-09-11-01-legacy,
kw_001617,stanmore pub,stanmore pub,,false,eligible,,,candidate,gsc,,,2026-09-11-01-legacy,2026-09-11-01-legacy,
kw_001618,stanwell moor,stanwell moor,,false,eligible,,,candidate,gsc,,,2026-09-11-01-legacy,2026-09-11-01-legacy,
kw_001619,stanwell park pub,stanwell park pub,,false,eligible,,,candidate,gsc,,,2026-09-11-01-legacy,2026-09-11-01-legacy,
kw_001620,stanwell pub,stanwell pub,,false,eligible,,,candidate,gsc,,,2026-09-11-01-legacy,2026-09-11-01-legacy,
kw_001621,stanwell pubs,stanwell pubs,,false,eligible,,,candidate,gsc,,,2026-09-11-01-legacy,2026-09-11-01-legacy,
kw_001622,sticky bingo,sticky bingo,,false,eligible,,,candidate,gsc,,,2026-09-11-01-legacy,2026-09-11-01-legacy,
kw_001623,sumer,sumer,,false,eligible,,,candidate,gsc,,,2026-09-11-01-legacy,2026-09-11-01-legacy,
kw_001624,sunday pub quiz,sunday pub quiz,local,false,eligible,,,candidate,gsc,cl_0001,,2026-09-11-01-legacy,2026-09-11-01-legacy,
kw_001625,the achor,the achor,,false,eligible,,,candidate,gsc,,,2026-09-11-01-legacy,2026-09-11-01-legacy,
kw_001626,the achor inn,the achor inn,,false,eligible,,,candidate,gsc,,,2026-09-11-01-legacy,2026-09-11-01-legacy,
kw_001627,the ancer,the ancer,,false,eligible,,,candidate,gsc,,,2026-09-11-01-legacy,2026-09-11-01-legacy,
kw_001628,the anchir,the anchir,,false,eligible,,,candidate,gsc,,,2026-09-11-01-legacy,2026-09-11-01-legacy,
kw_001629,the anchor,the anchor,,true,eligible,,,candidate,gsc,,,2026-09-11-01-legacy,2026-09-11-01-legacy,
kw_001630,the anchor ballroom,the anchor ballroom,,true,eligible,,,candidate,gsc,,,2026-09-11-01-legacy,2026-09-11-01-legacy,
kw_001631,the anchor bar,the anchor bar,,true,eligible,,,candidate,gsc,,,2026-09-11-01-legacy,2026-09-11-01-legacy,
kw_001632,the anchor bar and grill,the anchor bar and grill,,true,eligible,,,candidate,gsc,,,2026-09-11-01-legacy,2026-09-11-01-legacy,
kw_001633,the anchor beer garden heathrow,the anchor beer garden heathrow,,true,eligible,,,candidate,gsc,,,2026-09-11-01-legacy,2026-09-11-01-legacy,
kw_001634,the anchor beer garden stanwell moor,the anchor beer garden stanwell moor,,true,eligible,,,candidate,gsc,,,2026-09-11-01-legacy,2026-09-11-01-legacy,
kw_001635,the anchor borough,the anchor borough,,true,eligible,,,candidate,gsc,,,2026-09-11-01-legacy,2026-09-11-01-legacy,
kw_001636,the anchor cambridge,the anchor cambridge,,true,eligible,,,candidate,gsc,,,2026-09-11-01-legacy,2026-09-11-01-legacy,
kw_001637,the anchor cowes,the anchor cowes,,true,eligible,,,candidate,gsc,,,2026-09-11-01-legacy,2026-09-11-01-legacy,
kw_001638,the anchor events,the anchor events,,true,eligible,,,candidate,gsc,,,2026-09-11-01-legacy,2026-09-11-01-legacy,
kw_001639,the anchor goldhawk road,the anchor goldhawk road,,true,eligible,,,candidate,gsc,,,2026-09-11-01-legacy,2026-09-11-01-legacy,
kw_001640,the anchor heathrow,the anchor heathrow,,true,eligible,,,candidate,gsc,,,2026-09-11-01-legacy,2026-09-11-01-legacy,
kw_001641,the anchor in,the anchor in,,true,eligible,,,candidate,gsc,,,2026-09-11-01-legacy,2026-09-11-01-legacy,
kw_001642,the anchor inn,the anchor inn,,true,eligible,,,candidate,gsc,,,2026-09-11-01-legacy,2026-09-11-01-legacy,
kw_001643,the anchor inn near me,the anchor inn near me,,true,eligible,,,candidate,gsc,,,2026-09-11-01-legacy,2026-09-11-01-legacy,
kw_001644,the anchor isle of wight,the anchor isle of wight,,true,eligible,,,candidate,gsc,,,2026-09-11-01-legacy,2026-09-11-01-legacy,
kw_001645,the anchor latest,the anchor latest,,true,eligible,,,candidate,gsc,,,2026-09-11-01-legacy,2026-09-11-01-legacy,
kw_001646,the anchor local music acts performance,the anchor local music acts performance,,true,eligible,,,candidate,gsc,,,2026-09-11-01-legacy,2026-09-11-01-legacy,
kw_001647,the anchor london,the anchor london,,true,eligible,,,candidate,gsc,,,2026-09-11-01-legacy,2026-09-11-01-legacy,
kw_001648,the anchor london menu,the anchor london menu,,true,eligible,,,candidate,gsc,,,2026-09-11-01-legacy,2026-09-11-01-legacy,
kw_001649,the anchor londres,the anchor londres,,true,eligible,,,candidate,gsc,,,2026-09-11-01-legacy,2026-09-11-01-legacy,
kw_001650,the anchor menu,the anchor menu,,true,eligible,,,candidate,gsc,,,2026-09-11-01-legacy,2026-09-11-01-legacy,
kw_001651,the anchor near me,the anchor near me,,true,eligible,,,candidate,gsc,,,2026-09-11-01-legacy,2026-09-11-01-legacy,
kw_001652,the anchor opening times,the anchor opening times,,true,eligible,,,candidate,gsc,,,2026-09-11-01-legacy,2026-09-11-01-legacy,
kw_001653,the anchor oub,the anchor oub,,true,eligible,,,candidate,gsc,,,2026-09-11-01-legacy,2026-09-11-01-legacy,
kw_001654,the anchor photos,the anchor photos,,true,eligible,,,candidate,gsc,,,2026-09-11-01-legacy,2026-09-11-01-legacy,
kw_001655,the anchor pib,the anchor pib,,true,eligible,,,candidate,gsc,,,2026-09-11-01-legacy,2026-09-11-01-legacy,
kw_001656,the anchor pub,the anchor pub,,true,eligible,,,candidate,gsc,,,2026-09-11-01-legacy,2026-09-11-01-legacy,
kw_001657,the anchor pub and restaurant,the anchor pub and restaurant,,true,eligible,,,candidate,gsc,,,2026-09-11-01-legacy,2026-09-11-01-legacy,
kw_001658,the anchor pub heathrow,the anchor pub heathrow,,true,eligible,,,candidate,gsc,,,2026-09-11-01-legacy,2026-09-11-01-legacy,
kw_001659,the anchor pub in stanwell moor,the anchor pub in stanwell moor,,true,eligible,,,candidate,gsc,,,2026-09-11-01-legacy,2026-09-11-01-legacy,
kw_001660,the anchor pub location,the anchor pub location,,true,eligible,,,candidate,gsc,,,2026-09-11-01-legacy,2026-09-11-01-legacy,
kw_001661,the anchor pub near me,the anchor pub near me,,true,eligible,,,candidate,gsc,,,2026-09-11-01-legacy,2026-09-11-01-legacy,
kw_001662,the anchor pub quiz,the anchor pub quiz,local,true,eligible,,,candidate,gsc,cl_0001,,2026-09-11-01-legacy,2026-09-11-01-legacy,
kw_001663,the anchor pub stanwell moor,the anchor pub stanwell moor,,true,eligible,,,candidate,gsc,,,2026-09-11-01-legacy,2026-09-11-01-legacy,
kw_001664,the anchor pub surrey,the anchor pub surrey,,true,eligible,,,candidate,gsc,,,2026-09-11-01-legacy,2026-09-11-01-legacy,
kw_001665,the anchor restaurant,the anchor restaurant,,true,eligible,,,candidate,gsc,,,2026-09-11-01-legacy,2026-09-11-01-legacy,
kw_001666,the anchor staines,the anchor staines,,true,eligible,,,candidate,gsc,,,2026-09-11-01-legacy,2026-09-11-01-legacy,
kw_001667,the anchor staines menu,the anchor staines menu,,true,eligible,,,candidate,gsc,,,2026-09-11-01-legacy,2026-09-11-01-legacy,
kw_001668,the anchor staines photos,the anchor staines photos,,true,eligible,,,candidate,gsc,,,2026-09-11-01-legacy,2026-09-11-01-legacy,
kw_001669,the anchor staines reviews,the anchor staines reviews,,true,eligible,,,candidate,gsc,,,2026-09-11-01-legacy,2026-09-11-01-legacy,
kw_001670,the anchor stanwell,the anchor stanwell,,true,eligible,,,candidate,gsc,,,2026-09-11-01-legacy,2026-09-11-01-legacy,
kw_001671,the anchor stanwell moor,the anchor stanwell moor,,true,eligible,,,candidate,gsc,,,2026-09-11-01-legacy,2026-09-11-01-legacy,
kw_001672,the anchor stanwell moor pub,the anchor stanwell moor pub,,true,eligible,,,candidate,gsc,,,2026-09-11-01-legacy,2026-09-11-01-legacy,
kw_001673,the anchor surrey,the anchor surrey,,true,eligible,,,candidate,gsc,,,2026-09-11-01-legacy,2026-09-11-01-legacy,
kw_001674,the anchor tavern,the anchor tavern,,true,eligible,,,candidate,gsc,,,2026-09-11-01-legacy,2026-09-11-01-legacy,
kw_001675,the anchor tring,the anchor tring,,true,eligible,,,candidate,gsc,,,2026-09-11-01-legacy,2026-09-11-01-legacy,
kw_001676,the anchor upcoming events,the anchor upcoming events,,true,eligible,,,candidate,gsc,,,2026-09-11-01-legacy,2026-09-11-01-legacy,
kw_001677,the anchor windsor,the anchor windsor,,true,eligible,,,candidate,gsc,,,2026-09-11-01-legacy,2026-09-11-01-legacy,
kw_001678,"the anchor, horton rd, stanwell moor, staines tw19 6aq, united kingdom","the anchor, horton rd, stanwell moor, staines tw19 6aq, united kingdom",,true,eligible,,,candidate,gsc,,,2026-09-11-01-legacy,2026-09-11-01-legacy,
kw_001679,"the anchor, stanwell moor","the anchor, stanwell moor",,true,eligible,,,candidate,gsc,,,2026-09-11-01-legacy,2026-09-11-01-legacy,
kw_001680,the anchor.pub,the anchor.pub,,true,eligible,,,candidate,gsc,,,2026-09-11-01-legacy,2026-09-11-01-legacy,
kw_001681,the anchors,the anchors,,true,eligible,,,candidate,gsc,,,2026-09-11-01-legacy,2026-09-11-01-legacy,
kw_001682,the anchour,the anchour,,false,eligible,,,candidate,gsc,,,2026-09-11-01-legacy,2026-09-11-01-legacy,
kw_001683,the ancjor,the ancjor,,false,eligible,,,candidate,gsc,,,2026-09-11-01-legacy,2026-09-11-01-legacy,
kw_001684,the ancor,the ancor,,false,eligible,,,candidate,gsc,,,2026-09-11-01-legacy,2026-09-11-01-legacy,
kw_001685,the ancor pub,the ancor pub,,false,eligible,,,candidate,gsc,,,2026-09-11-01-legacy,2026-09-11-01-legacy,
kw_001686,the anhor pub quiz,the anhor pub quiz,local,false,eligible,,,candidate,gsc,cl_0001,,2026-09-11-01-legacy,2026-09-11-01-legacy,
kw_001687,the anker london,the anker london,,false,eligible,,,candidate,gsc,,,2026-09-11-01-legacy,2026-09-11-01-legacy,
kw_001688,the anker pub,the anker pub,,false,eligible,,,candidate,gsc,,,2026-09-11-01-legacy,2026-09-11-01-legacy,
kw_001689,the anxhor,the anxhor,,false,eligible,,,candidate,gsc,,,2026-09-11-01-legacy,2026-09-11-01-legacy,
kw_001690,the bingo spot game,the bingo spot game,,false,eligible,,,candidate,gsc,,,2026-09-11-01-legacy,2026-09-11-01-legacy,
kw_001691,the bingo spot live,the bingo spot live,,false,eligible,,,candidate,gsc,,,2026-09-11-01-legacy,2026-09-11-01-legacy,
kw_001692,the bingo spot live bingo,the bingo spot live bingo,,false,eligible,,,candidate,gsc,,,2026-09-11-01-legacy,2026-09-11-01-legacy,
kw_001693,the rising sun stanwell,the rising sun stanwell,,false,eligible,,,candidate,gsc,,,2026-09-11-01-legacy,2026-09-11-01-legacy,
kw_001694,the snchor,the snchor,,false,eligible,,,candidate,gsc,,,2026-09-11-01-legacy,2026-09-11-01-legacy,
kw_001695,the station hither green pub quiz,the station hither green pub quiz,local,false,eligible,,,candidate,gsc,cl_0001,,2026-09-11-01-legacy,2026-09-11-01-legacy,
kw_001696,the.anchor,the.anchor,,true,eligible,,,candidate,gsc,,,2026-09-11-01-legacy,2026-09-11-01-legacy,
kw_001697,theanchor,theanchor,,true,eligible,,,candidate,gsc,,,2026-09-11-01-legacy,2026-09-11-01-legacy,
kw_001698,themed pub quizzes,themed pub quizzes,local,false,eligible,,,candidate,gsc,cl_0001,,2026-09-11-01-legacy,2026-09-11-01-legacy,
kw_001699,things to do in staines for adults,things to do in staines for adults,local,false,eligible,,,candidate,gsc,cl_0005,,2026-09-11-01-legacy,2026-09-11-01-legacy,
kw_001700,thursday quiz night,thursday quiz night,local,false,eligible,,,candidate,gsc,cl_0001,,2026-09-11-01-legacy,2026-09-11-01-legacy,
kw_001701,thw anchor,thw anchor,,true,eligible,,,candidate,gsc,,,2026-09-11-01-legacy,2026-09-11-01-legacy,
kw_001702,tonight,tonight,,false,eligible,,,candidate,gsc,,,2026-09-11-01-legacy,2026-09-11-01-legacy,
kw_001703,trivia booking,trivia booking,local,false,eligible,,,candidate,gsc,cl_0001,,2026-09-11-01-legacy,2026-09-11-01-legacy,
kw_001704,trivia near me,trivia near me,local,false,eligible,,,candidate,gsc,cl_0001,,2026-09-11-01-legacy,2026-09-11-01-legacy,
kw_001705,trivia near me tomorrow night,trivia near me tomorrow night,local,false,eligible,,,candidate,gsc,cl_0001,,2026-09-11-01-legacy,2026-09-11-01-legacy,
kw_001706,trivia near mw,trivia near mw,local,false,eligible,,,candidate,gsc,cl_0001,,2026-09-11-01-legacy,2026-09-11-01-legacy,
kw_001707,trivia night,trivia night,local,false,eligible,,,candidate,gsc,cl_0001,,2026-09-11-01-legacy,2026-09-11-01-legacy,
kw_001708,trivia night in london,trivia night in london,local,false,eligible,,,candidate,gsc,cl_0001,,2026-09-11-01-legacy,2026-09-11-01-legacy,
kw_001709,trivia night in surrey,trivia night in surrey,local,false,eligible,,,candidate,gsc,cl_0001,,2026-09-11-01-legacy,2026-09-11-01-legacy,
kw_001710,trivia nights,trivia nights,local,false,eligible,,,candidate,gsc,cl_0001,,2026-09-11-01-legacy,2026-09-11-01-legacy,
kw_001711,trivia nite,trivia nite,local,false,eligible,,,candidate,gsc,cl_0001,,2026-09-11-01-legacy,2026-09-11-01-legacy,
kw_001712,trivia parties,trivia parties,local,false,eligible,,,candidate,gsc,cl_0001,,2026-09-11-01-legacy,2026-09-11-01-legacy,
kw_001713,tuesday pub quiz,tuesday pub quiz,local,false,eligible,,,candidate,gsc,cl_0001,,2026-09-11-01-legacy,2026-09-11-01-legacy,
kw_001714,tw19 6aq,tw19 6aq,,false,eligible,,,candidate,gsc,,,2026-09-11-01-legacy,2026-09-11-01-legacy,
kw_001715,wednesday night pub quiz,wednesday night pub quiz,local,false,eligible,,,candidate,gsc,cl_0001,,2026-09-11-01-legacy,2026-09-11-01-legacy,
kw_001716,wells bingo,wells bingo,,false,eligible,,,candidate,gsc,,,2026-09-11-01-legacy,2026-09-11-01-legacy,
kw_001717,what is a snowball in bingo,what is a snowball in bingo,local,false,eligible,,,candidate,gsc,cl_0004,,2026-09-11-01-legacy,2026-09-11-01-legacy,
kw_001718,what is the snowball,what is the snowball,local,false,eligible,,,candidate,gsc,cl_0004,,2026-09-11-01-legacy,2026-09-11-01-legacy,
kw_001719,what time do pub quizzes start,what time do pub quizzes start,local,false,eligible,,,candidate,gsc,cl_0001,,2026-09-11-01-legacy,2026-09-11-01-legacy,
kw_001720,what time does bongo's bingo start,what time does bongo's bingo start,,false,eligible,,,candidate,gsc,,,2026-09-11-01-legacy,2026-09-11-01-legacy,
kw_001721,what time does the anchor close,what time does the anchor close,,true,eligible,,,candidate,gsc,,,2026-09-11-01-legacy,2026-09-11-01-legacy,
kw_001722,whats on in staines,whats on in staines,local,false,eligible,,,candidate,gsc,cl_0005,,2026-09-11-01-legacy,2026-09-11-01-legacy,
kw_001723,whats on staines,whats on staines,local,false,eligible,,,candidate,gsc,cl_0005,,2026-09-11-01-legacy,2026-09-11-01-legacy,
kw_001724,where can i play bingo countdown online,where can i play bingo countdown online,,false,eligible,,,candidate,gsc,,,2026-09-11-01-legacy,2026-09-11-01-legacy,
kw_001725,where can i play bingo near me,where can i play bingo near me,local,false,eligible,,,candidate,gsc,cl_0004,,2026-09-11-01-legacy,2026-09-11-01-legacy,
kw_001726,where is the anchor pub,where is the anchor pub,,true,eligible,,,candidate,gsc,,,2026-09-11-01-legacy,2026-09-11-01-legacy,
kw_001727,where to find live music pubs in heathrow,where to find live music pubs in heathrow,,false,avoid,"Live music is discontinued in full, owner-confirmed 11 August 2026 (docs/SSOT.md section 10).",all,candidate,gsc,,,2026-09-11-01-legacy,2026-09-11-01-legacy,
kw_001728,where to find live music pubs in heathrow airport,where to find live music pubs in heathrow airport,,false,avoid,"Live music is discontinued in full, owner-confirmed 11 August 2026 (docs/SSOT.md section 10).",all,candidate,gsc,,,2026-09-11-01-legacy,2026-09-11-01-legacy,
kw_001729,where to find live music pubs in staines,where to find live music pubs in staines,,false,avoid,"Live music is discontinued in full, owner-confirmed 11 August 2026 (docs/SSOT.md section 10).",all,candidate,gsc,,,2026-09-11-01-legacy,2026-09-11-01-legacy,
kw_001730,where to meet new friends,where to meet new friends,,false,eligible,,,candidate,gsc,,,2026-09-11-01-legacy,2026-09-11-01-legacy,
kw_001731,where to meet people,where to meet people,,false,eligible,,,candidate,gsc,,,2026-09-11-01-legacy,2026-09-11-01-legacy,
kw_001732,which bingo site has the best snowball jackpot games?,which bingo site has the best snowball jackpot games?,local,false,eligible,,,candidate,gsc,cl_0004,,2026-09-11-01-legacy,2026-09-11-01-legacy,
kw_001733,yes,yes,,false,eligible,,,candidate,gsc,,,2026-09-11-01-legacy,2026-09-11-01-legacy,
